{
"type": "FeatureCollection",
"name": "Iniciativa Verde_DaSerra",
"crs": { "type": "name", "properties": { "name": "urn:ogc:def:crs:OGC:1.3:CRS84" } },
"features": [
{"type":"Feature","properties":{"Área (ha)":107.23688129309328,"Nome do Projeto":"Viveiro Da Serra","Propriedade":"-","Tipo":"Recuperação Ambiental","Ano de Implantação":"2022","Metodologia de Restauração":null,"Monitoramento":null,"Município":"Joanópolis","UGRHI":"05 -  Piracicaba, Capivari e Jundiaí","Região Hidrográfica":"Paraná","Status do Projeto":null,"Fotos do Projeto":null},"geometry":{"type":"MultiPolygon","coordinates":[[[[-46.320097256371319,-23.232427194703082,0.0],[-46.320263247458868,-23.23247837127353,0.0],[-46.320319024173713,-23.23210273640743,0.0],[-46.320020984278933,-23.23177069701228,0.0],[-46.319500571854768,-23.231838863478249,0.0],[-46.319416701111678,-23.23184984916028,0.0],[-46.319190543990182,-23.232023470164719,0.0],[-46.31898555072285,-23.232180843008109,0.0],[-46.319332925660191,-23.232533976572139,0.0],[-46.31983061849548,-23.23213312468177,0.0],[-46.319777780152627,-23.232018867919141,0.0],[-46.319852760325979,-23.23201823819149,0.0],[-46.320097256371319,-23.232427194703082,0.0]]],[[[-46.333908263999952,-23.204405511999941,0.0],[-46.333937610999939,-23.204216431999949,0.0],[-46.333833463999937,-23.20418295199994,0.0],[-46.333709274999933,-23.204182466999931,0.0],[-46.333595238999969,-23.20417049199996,0.0],[-46.333517543999953,-23.204227527999929,0.0],[-46.333580951999977,-23.20433511799996,0.0],[-46.333711772999948,-23.204383102999952,0.0],[-46.333908263999952,-23.204405511999941,0.0]]],[[[-46.251332787072641,-22.956293537240889,0.0],[-46.25091619061233,-22.95609398750004,0.0],[-46.250757214941203,-22.956101645046239,0.0],[-46.250473836260227,-22.956116687088372,0.0],[-46.249969368433419,-22.956152682556439,0.0],[-46.249476141245978,-22.955906821087549,0.0],[-46.249307790625487,-22.955839118794231,0.0],[-46.249487205757539,-22.955605755752661,0.0],[-46.248753560618489,-22.955534688083951,0.0],[-46.2488755168796,-22.956014012243511,0.0],[-46.249375540400678,-22.956247014485601,0.0],[-46.249813746328989,-22.956525328752129,0.0],[-46.249994702086461,-22.956651978479378,0.0],[-46.250514296067173,-22.956756746947612,0.0],[-46.250869118515723,-22.956990889053561,0.0],[-46.25101544395342,-22.957111406886909,0.0],[-46.251258102820451,-22.957179934293219,0.0],[-46.251242015566348,-22.956519328526689,0.0],[-46.251332787072641,-22.956293537240889,0.0]]],[[[-46.251064284183897,-22.95506278374959,0.0],[-46.251709191197449,-22.954638548763398,0.0],[-46.251832505549977,-22.954223255793039,0.0],[-46.251748574039787,-22.954072492883771,0.0],[-46.251659378563772,-22.954071131998411,0.0],[-46.251571873692022,-22.95425352164925,0.0],[-46.251144548078827,-22.95441720405201,0.0],[-46.251106305670277,-22.954298489856271,0.0],[-46.250970482157982,-22.954318144004599,0.0],[-46.250886055470779,-22.954488440226068,0.0],[-46.250439568362673,-22.95453087149307,0.0],[-46.250282521943788,-22.954863052551431,0.0],[-46.250719606337753,-22.95501970129899,0.0],[-46.251064284183897,-22.95506278374959,0.0]]],[[[-46.2492320641473,-22.95299417377251,0.0],[-46.249224898697143,-22.952900766327659,0.0],[-46.249167275273813,-22.952807756249179,0.0],[-46.249028676690934,-22.952826372140741,0.0],[-46.248922740420753,-22.9529674020961,0.0],[-46.248810335812607,-22.953090958432441,0.0],[-46.24881151544902,-22.95321946198651,0.0],[-46.248807574003543,-22.953250127729032,0.0],[-46.24877619192339,-22.95349429023911,0.0],[-46.248757884648931,-22.953513384658141,0.0],[-46.248603278545652,-22.953674637957761,0.0],[-46.248606577401517,-22.953675505860691,0.0],[-46.24885931265792,-22.953616307166211,0.0],[-46.24896653652705,-22.953615462919348,0.0],[-46.249009093612678,-22.953511511421699,0.0],[-46.249052907810217,-22.953404489088911,0.0],[-46.249092979326448,-22.95325049739488,0.0],[-46.249113835242952,-22.953170349614819,0.0],[-46.2492320641473,-22.95299417377251,0.0]]],[[[-46.247807198321347,-22.95238034901918,0.0],[-46.247773947822893,-22.952193682736709,0.0],[-46.247678696648528,-22.952124334022731,0.0],[-46.24755987716847,-22.95223625696627,0.0],[-46.247497394082757,-22.952301004819901,0.0],[-46.247466500657843,-22.952371345720781,0.0],[-46.247451270263262,-22.952476546364839,0.0],[-46.247454439993462,-22.952583820282509,0.0],[-46.247448569038312,-22.952658773192901,0.0],[-46.247421228640853,-22.952776409576671,0.0],[-46.247452613609788,-22.952920555484841,0.0],[-46.247406785424907,-22.953108542213439,0.0],[-46.247345924355933,-22.95322980154112,0.0],[-46.24734889121757,-22.95332541999279,0.0],[-46.247350573539713,-22.953379639142309,0.0],[-46.247442803555913,-22.953670818820981,0.0],[-46.247558696067813,-22.95346366061095,0.0],[-46.247621192283702,-22.953345406853131,0.0],[-46.247717707392169,-22.953162782976641,0.0],[-46.247757828951897,-22.953008604902369,0.0],[-46.24774352508382,-22.952879149019228,0.0],[-46.247753540456841,-22.952719577804761,0.0],[-46.247852849095892,-22.952543551759419,0.0],[-46.247807198321347,-22.95238034901918,0.0]]],[[[-46.266430164377113,-22.94749301764806,0.0],[-46.266396401652543,-22.947507151363439,0.0],[-46.266341301253782,-22.947530217411622,0.0],[-46.266306397751471,-22.94754482865088,0.0],[-46.266204609948282,-22.947587438811091,0.0],[-46.265991694386351,-22.947676568708101,0.0],[-46.265867659940803,-22.94772849135002,0.0],[-46.265828351946801,-22.947744946225999,0.0],[-46.265790310411226,-22.947760870931919,0.0],[-46.265755391091183,-22.947775488624671,0.0],[-46.265778306927203,-22.947819192911592,0.0],[-46.265760596316703,-22.947910174470401,0.0],[-46.265814664150682,-22.9479263876703,0.0],[-46.265824398074692,-22.9479293065578,0.0],[-46.26590475282039,-22.94796965553509,0.0],[-46.265907496763433,-22.947976280767811,0.0],[-46.265925902506609,-22.94802072129605,0.0],[-46.265931411942589,-22.94803402378119,0.0],[-46.265979811486467,-22.94810729182489,0.0],[-46.266020350051008,-22.94819044314989,0.0],[-46.266023823136003,-22.948278800538091,0.0],[-46.266000719677677,-22.94836000458389,0.0],[-46.266011779712777,-22.948409019158589,0.0],[-46.265989543448683,-22.948455216405691,0.0],[-46.266024776261673,-22.9485279017415,0.0],[-46.266076381225602,-22.94851407470988,0.0],[-46.2661932762215,-22.94850645889429,0.0],[-46.266212006363077,-22.948559639978299,0.0],[-46.266209949527394,-22.948623490074681,0.0],[-46.26612861798499,-22.948742126811201,0.0],[-46.266165069318603,-22.948817325582301,0.0],[-46.2662485001213,-22.948777856295191,0.0],[-46.266330080051013,-22.948760983294289,0.0],[-46.266355856442907,-22.94880955850709,0.0],[-46.266334285654487,-22.94888028749558,0.0],[-46.266330012170279,-22.948990802969099,0.0],[-46.266396305384092,-22.94899272892561,0.0],[-46.266504508914593,-22.948940307166499,0.0],[-46.266581222539202,-22.94892250872649,0.0],[-46.266634353065101,-22.94893436023758,0.0],[-46.266660234751491,-22.9489606360493,0.0],[-46.266824923383339,-22.948869570780261,0.0],[-46.267027869828212,-22.948757350298301,0.0],[-46.267146548444487,-22.948691726027139,0.0],[-46.267764866352003,-22.948349819880001,0.0],[-46.267764866352188,-22.948308965986701,0.0],[-46.267778277397198,-22.948227458241881,0.0],[-46.267794370651387,-22.948158300116809,0.0],[-46.267778277397078,-22.9480817321516,0.0],[-46.267790879813603,-22.948053743524099,0.0],[-46.267776267149401,-22.9479972255183,0.0],[-46.2677177351474,-22.947911992516591,0.0],[-46.267575650139889,-22.947796320512499,0.0],[-46.267445240131103,-22.9477419965087,0.0],[-46.267434483132192,-22.947692292508389,0.0],[-46.26751226714137,-22.947599760510599,0.0],[-46.267653274156167,-22.947503009514609,0.0],[-46.267766188167187,-22.9474468505177,0.0],[-46.267822257521189,-22.94741054924781,0.0],[-46.267949092183201,-22.94741033052329,0.0],[-46.268039115188998,-22.9474484405259,0.0],[-46.268036461554601,-22.94761840653749,0.0],[-46.267912272199673,-22.94773264814339,0.0],[-46.267916308997883,-22.947759678337491,0.0],[-46.267968714237092,-22.94775817027168,0.0],[-46.268124282360297,-22.947819918781789,0.0],[-46.268272593349778,-22.947902727978381,0.0],[-46.2682725731338,-22.947723392615,0.0],[-46.268367576682792,-22.9475714089996,0.0],[-46.268982674136389,-22.947244374683009,0.0],[-46.269439527350997,-22.9469697251198,0.0],[-46.269870112458577,-22.946701433889491,0.0],[-46.270054645695787,-22.94655646086829,0.0],[-46.27002567564459,-22.946386517730591,0.0],[-46.270043756516984,-22.94628488132718,0.0],[-46.269989465355678,-22.946189917125199,0.0],[-46.269868242216482,-22.946199926777378,0.0],[-46.269652944896599,-22.946291586703389,0.0],[-46.26953173736748,-22.946428222116509,0.0],[-46.269263957499497,-22.946406589316592,0.0],[-46.2679115738867,-22.946625556743498,0.0],[-46.26762758894359,-22.946991746625869,0.0],[-46.267107677313639,-22.947209395807288,0.0],[-46.267055003876827,-22.947231446212101,0.0],[-46.266430164377113,-22.94749301764806,0.0]]],[[[-46.267722346819809,-22.945628649038088,0.0],[-46.267782062980579,-22.94571361667029,0.0],[-46.267736834052393,-22.945748609570401,0.0],[-46.268111368175617,-22.94582688387159,0.0],[-46.268115177465972,-22.94582836045641,0.0],[-46.268211514625563,-22.945865703324749,0.0],[-46.268220434548468,-22.945869160922161,0.0],[-46.268226876715318,-22.945871658075539,0.0],[-46.26825016762799,-22.945880686243139,0.0],[-46.268261159747532,-22.945884947074841,0.0],[-46.268352014987592,-22.945920164891088,0.0],[-46.268491035084459,-22.945960401278821,0.0],[-46.268766357323983,-22.946040086995801,0.0],[-46.268963583576323,-22.946150032767989,0.0],[-46.269129332431561,-22.94615772538371,0.0],[-46.269142705496598,-22.946158346037109,0.0],[-46.269446676230501,-22.946216631022889,0.0],[-46.269701769818177,-22.9460533240673,0.0],[-46.269329022098887,-22.945805107153291,0.0],[-46.269294638373999,-22.945745129755998,0.0],[-46.268612508582677,-22.945520268528199,0.0],[-46.268121031096413,-22.945549478949669,0.0],[-46.267854419157977,-22.945565324095298,0.0],[-46.267722346819809,-22.945628649038088,0.0]]],[[[-46.222840864396112,-22.933162681746769,0.0],[-46.222856490999867,-22.933163392999941,0.0],[-46.222864862980941,-22.933163827198939,0.0],[-46.222993370999937,-22.93317049199991,0.0],[-46.22312745523206,-22.93315899171229,0.0],[-46.223183110294848,-22.933154218192399,0.0],[-46.223323953999937,-22.933159843999899,0.0],[-46.223380806999941,-22.933151569999961,0.0],[-46.223474149999923,-22.933163470999911,0.0],[-46.223509013113429,-22.93316029645333,0.0],[-46.223580598999867,-22.933153777999959,0.0],[-46.223728407999907,-22.933044849999909,0.0],[-46.223771199744171,-22.933029987415811,0.0],[-46.22379501072372,-22.93302171729357,0.0],[-46.22385747951428,-22.93300002036824,0.0],[-46.223890254611433,-22.932988636770052,0.0],[-46.223887404360383,-22.932985870664389,0.0],[-46.223830124710311,-22.93293028199454,0.0],[-46.223827600479133,-22.932927832280811,0.0],[-46.223618781417663,-22.93278062887423,0.0],[-46.223601653495273,-22.932768554812721,0.0],[-46.223393082618657,-22.932621525699609,0.0],[-46.223001480102504,-22.932478253028609,0.0],[-46.222679615020709,-22.932740096071281,0.0],[-46.222661155500049,-22.93275796844825,0.0],[-46.222471712667392,-22.932941385270379,0.0],[-46.222470402717583,-22.932942653549411,0.0],[-46.222456745227937,-22.932945039049539,0.0],[-46.2222058333303,-22.932988864624249,0.0],[-46.222259538999921,-22.933106856999899,0.0],[-46.222321029999918,-22.933209732999941,0.0],[-46.222387320999943,-22.933181593999912,0.0],[-46.222521451999917,-22.933180487999952,0.0],[-46.222673634809027,-22.933159089396689,0.0],[-46.222695228999939,-22.933156052999902,0.0],[-46.222721388901903,-22.933157243705029,0.0],[-46.222816969296893,-22.933161594145659,0.0],[-46.222840864396112,-22.933162681746769,0.0]]],[[[-46.26560324627453,-22.925371759264621,0.0],[-46.265602521990232,-22.92537463659281,0.0],[-46.265602369597289,-22.925375378644301,0.0],[-46.26557041473766,-22.925538393495088,0.0],[-46.265534072120211,-22.925642357134009,0.0],[-46.265533362555672,-22.925644580131792,0.0],[-46.265532739805401,-22.925646997154839,0.0],[-46.265504703310981,-22.925770809075711,0.0],[-46.265448970630899,-22.925922478790142,0.0],[-46.265405512823143,-22.92599340876038,0.0],[-46.26532437754711,-22.926115416165281,0.0],[-46.265228008795212,-22.926202597476351,0.0],[-46.265227599600607,-22.926202972055201,0.0],[-46.265225788702118,-22.926204742604881,0.0],[-46.265143992746907,-22.926289171038281,0.0],[-46.265038708523377,-22.926333522582549,0.0],[-46.265037328881519,-22.926334128091639,0.0],[-46.265035711356617,-22.926334902069261,0.0],[-46.26489463402617,-22.926405529102791,0.0],[-46.264725832763538,-22.926462891406491,0.0],[-46.264621216027763,-22.926470651200841,0.0],[-46.264578640664539,-22.926460834998061,0.0],[-46.264587219313,-22.926648796871429,0.0],[-46.264587452172208,-22.926653898904831,0.0],[-46.264591423656469,-22.926740915543011,0.0],[-46.264685525787463,-22.926773895936162,0.0],[-46.264779627965083,-22.92680687627271,0.0],[-46.264873730189258,-22.926839856552391,0.0],[-46.264933458696298,-22.92683757924398,0.0],[-46.264954121359658,-22.92684028200048,0.0],[-46.264978034363637,-22.9268434099106,0.0],[-46.265042459973351,-22.926851837002019,0.0],[-46.265073703054647,-22.926857715994991,0.0],[-46.265132434038946,-22.926868767352929,0.0],[-46.265217152403373,-22.926905907887651,0.0],[-46.265301753728536,-22.926930444088899,0.0],[-46.265380724692477,-22.926934856769591,0.0],[-46.265445947534651,-22.926924252732071,0.0],[-46.265494747557483,-22.926903695401489,0.0],[-46.265535101952032,-22.926852952855,0.0],[-46.265538405360012,-22.926845108142999,0.0],[-46.265561731615847,-22.926789714487299,0.0],[-46.265596073455271,-22.92666766488642,0.0],[-46.265606521838833,-22.926630531684719,0.0],[-46.265640543029789,-22.926484039938821,0.0],[-46.265676817206007,-22.926287109349399,0.0],[-46.265721841393884,-22.926153135088541,0.0],[-46.265793705733117,-22.925978610128979,0.0],[-46.265874062358378,-22.925839312042921,0.0],[-46.265989212577821,-22.925636710390819,0.0],[-46.266075068058989,-22.925464283847791,0.0],[-46.266137006440843,-22.92533766911567,0.0],[-46.266141539275083,-22.925329087874371,0.0],[-46.266000448703387,-22.92528535122716,0.0],[-46.265962015496328,-22.92524453441801,0.0],[-46.265963904739223,-22.9251996576115,0.0],[-46.266028537380329,-22.925081647206952,0.0],[-46.26596314608426,-22.925081257049911,0.0],[-46.265890115319003,-22.925081008140712,0.0],[-46.265791569159482,-22.925081793825019,0.0],[-46.265693022999073,-22.925082579448151,0.0],[-46.265685283997684,-22.925134016498781,0.0],[-46.265657902436637,-22.925247104352039,0.0],[-46.265605217368417,-22.925366343091142,0.0],[-46.265604172171862,-22.925368931975271,0.0],[-46.26560324627453,-22.925371759264621,0.0]]],[[[-46.319658237739901,-22.91772775277559,0.0],[-46.31979608655918,-22.9177593697957,0.0],[-46.319934534811487,-22.917852866566299,0.0],[-46.320006711012297,-22.918001518358391,0.0],[-46.32010199714081,-22.918276327113499,0.0],[-46.320301294326804,-22.918120574817159,0.0],[-46.321462840657503,-22.917417356481089,0.0],[-46.320915081855183,-22.917251347272,0.0],[-46.320725656534293,-22.917169196158191,0.0],[-46.320553395425677,-22.917236153780099,0.0],[-46.320463582240599,-22.917295145140091,0.0],[-46.320393910043997,-22.91740493298936,0.0],[-46.320343743994201,-22.91749999749619,0.0],[-46.320281366279303,-22.9175514800888,0.0],[-46.32026157788399,-22.917537083459791,0.0],[-46.320280872553703,-22.917500520198381,0.0],[-46.320123517635203,-22.917483626883008,0.0],[-46.319844948665789,-22.9175296257098,0.0],[-46.319656792503103,-22.917578513061379,0.0],[-46.319488424524693,-22.91764179692699,0.0],[-46.319658237739901,-22.91772775277559,0.0]]],[[[-46.320068612917282,-22.917435204619299,0.0],[-46.320117001192678,-22.917429003941891,0.0],[-46.320117438896553,-22.917428773036779,0.0],[-46.3201740012044,-22.917421322370089,0.0],[-46.320252625727591,-22.917424309035699,0.0],[-46.320322862321113,-22.917372761118081,0.0],[-46.320349663197703,-22.91729973258969,0.0],[-46.320269103346519,-22.91722675355269,0.0],[-46.320179059721312,-22.917111506422309,0.0],[-46.320103180592213,-22.917006918513909,0.0],[-46.319542114899193,-22.917098948179991,0.0],[-46.319483913205303,-22.91717587777249,0.0],[-46.319413676371589,-22.917227425330299,0.0],[-46.319332955000789,-22.917413750557699,0.0],[-46.319389902725973,-22.91749416424928,0.0],[-46.319419039426393,-22.91752308317059,0.0],[-46.319515578856119,-22.917584491033079,0.0],[-46.319570225991413,-22.91757719985149,0.0],[-46.319612304449826,-22.91756177603391,0.0],[-46.319737612209828,-22.917478120324301,0.0],[-46.319791587397987,-22.917465885193302,0.0],[-46.319846579055678,-22.917444844565111,0.0],[-46.320068612917282,-22.917435204619299,0.0]]],[[[-46.222767756798532,-22.916276796088841,0.0],[-46.22269492890004,-22.9162709363247,0.0],[-46.222611561264401,-22.91624910652363,0.0],[-46.222544796334738,-22.916265115509709,0.0],[-46.222542400203167,-22.916265690056829,0.0],[-46.222420028712591,-22.91641636401879,0.0],[-46.221692340877397,-22.917312345280219,0.0],[-46.221370287021678,-22.917725731623399,0.0],[-46.221541627368907,-22.917880704098419,0.0],[-46.221703259345617,-22.918026895117791,0.0],[-46.221852440186183,-22.91816182403781,0.0],[-46.222402050895127,-22.917618276271991,0.0],[-46.222601971980268,-22.917497958912652,0.0],[-46.222889964971387,-22.91753747453151,0.0],[-46.223067443509969,-22.917619573717609,0.0],[-46.223138218612434,-22.917782750212769,0.0],[-46.223261319081573,-22.9179840463534,0.0],[-46.223467529485262,-22.918178281671391,0.0],[-46.22373972539387,-22.91838805937244,0.0],[-46.223903228981897,-22.918457424341199,0.0],[-46.2241004630825,-22.918423801915608,0.0],[-46.224424932672648,-22.918280050633982,0.0],[-46.224524330300802,-22.918157295671591,0.0],[-46.224218720805453,-22.91808581662767,0.0],[-46.224071015815603,-22.917846188219439,0.0],[-46.223687348568667,-22.91795829264613,0.0],[-46.223596098025787,-22.917830586675759,0.0],[-46.223500820852138,-22.917541948749179,0.0],[-46.223499912557678,-22.917539197105139,0.0],[-46.223456390277683,-22.917276101827628,0.0],[-46.223419296056093,-22.917051863676939,0.0],[-46.223455742602248,-22.91686538974837,0.0],[-46.224134622804321,-22.916439618825031,0.0],[-46.224124282493527,-22.91633202436741,0.0],[-46.224115508912632,-22.916240732098181,0.0],[-46.223891085994772,-22.916063054971652,0.0],[-46.223742046588541,-22.91594505903036,0.0],[-46.22346337908931,-22.916171921866169,0.0],[-46.22335208772553,-22.916127835970791,0.0],[-46.223285787013729,-22.916076983014712,0.0],[-46.223201929639451,-22.91600058342679,0.0],[-46.223142962859377,-22.91599461710798,0.0],[-46.223063435073783,-22.916014490927228,0.0],[-46.222984339345459,-22.91608251479558,0.0],[-46.222957337491742,-22.916162978410259,0.0],[-46.222881764482992,-22.916237395560699,0.0],[-46.222767756798532,-22.916276796088841,0.0]]],[[[-46.231777762278639,-22.917927393312141,0.0],[-46.231964077001443,-22.91780067817081,0.0],[-46.232092462590757,-22.917429505911318,0.0],[-46.231392335779987,-22.91721933882069,0.0],[-46.231294593268721,-22.917093992615339,0.0],[-46.23105319564781,-22.917108067606229,0.0],[-46.230749110963593,-22.916988388240242,0.0],[-46.230621790659292,-22.916505297967021,0.0],[-46.230718062805252,-22.91646794110429,0.0],[-46.230844538446483,-22.916857476764189,0.0],[-46.231100137652163,-22.916957192449111,0.0],[-46.23138272572578,-22.91664177548472,0.0],[-46.231355644463143,-22.916560628008089,0.0],[-46.231010508863328,-22.916345993381011,0.0],[-46.231006768688047,-22.916343667414381,0.0],[-46.231032122825901,-22.916233638325259,0.0],[-46.230964934833708,-22.9160877156658,0.0],[-46.230754239341749,-22.916097484302739,0.0],[-46.230726951004208,-22.916098418228671,0.0],[-46.230616087543439,-22.916102212411541,0.0],[-46.23029329230917,-22.916113259290679,0.0],[-46.2299908341434,-22.915200330263161,0.0],[-46.229842695180551,-22.915143190243999,0.0],[-46.229669566487253,-22.915076410969409,0.0],[-46.229453224945111,-22.91499296325199,0.0],[-46.229423405325512,-22.915094890958368,0.0],[-46.22956528735704,-22.915732448982219,0.0],[-46.229861077181233,-22.91639322227277,0.0],[-46.23012589750995,-22.916541682666828,0.0],[-46.230361318869058,-22.917324958576689,0.0],[-46.23033995113498,-22.917390210084399,0.0],[-46.230775602048958,-22.917976675974931,0.0],[-46.230978841036922,-22.9181134083994,0.0],[-46.230962893395663,-22.918292518381399,0.0],[-46.231086799359652,-22.918397322576201,0.0],[-46.231777762278639,-22.917927393312141,0.0]]],[[[-46.323004961013787,-22.91651969329309,0.0],[-46.323199006461692,-22.9164058258478,0.0],[-46.322700828828999,-22.91621174047819,0.0],[-46.322585238727477,-22.916262886469301,0.0],[-46.322354475595702,-22.916408189028701,0.0],[-46.322402923739688,-22.916615688035911,0.0],[-46.322459527492192,-22.916825197411779,0.0],[-46.323004961013787,-22.91651969329309,0.0]]],[[[-46.224472979885903,-22.91574984679589,0.0],[-46.224552787825623,-22.915708557991529,0.0],[-46.22464600560258,-22.915672470986859,0.0],[-46.224689417452787,-22.915617315453211,0.0],[-46.224768074087017,-22.915514452782681,0.0],[-46.224839138939871,-22.915495908826909,0.0],[-46.224898044230933,-22.915465391530109,0.0],[-46.225001108148163,-22.91546282822523,0.0],[-46.225067919133473,-22.915462312902079,0.0],[-46.225151449109099,-22.9154103846239,0.0],[-46.22520621859374,-22.91534453087159,0.0],[-46.225255277275338,-22.915280489570119,0.0],[-46.225310269224927,-22.915239391841389,0.0],[-46.225416944027472,-22.91521381105537,0.0],[-46.225474226372533,-22.91521513749576,0.0],[-46.225529981446449,-22.915258917594389,0.0],[-46.225541800453023,-22.915299499877559,0.0],[-46.225513580620387,-22.9153456963463,0.0],[-46.225504640411593,-22.915412964995081,0.0],[-46.225491946025699,-22.915487336259421,0.0],[-46.225450077745172,-22.9155018066091,0.0],[-46.225396787938386,-22.91551990189506,0.0],[-46.225353265124546,-22.915562679581669,0.0],[-46.225344413594769,-22.915601085377901,0.0],[-46.225268096508152,-22.915644683616321,0.0],[-46.225168977411442,-22.91566136396748,0.0],[-46.225096439666977,-22.915661923510619,0.0],[-46.225090903743663,-22.915683187160781,0.0],[-46.225127347473013,-22.915702358581481,0.0],[-46.225131451371489,-22.915734158346929,0.0],[-46.225103104151039,-22.915766208432341,0.0],[-46.225059263271092,-22.91577362024945,0.0],[-46.225022708271268,-22.9157420707852,0.0],[-46.224957456382661,-22.91570366899607,0.0],[-46.224905932279192,-22.91570583479152,0.0],[-46.22486037322151,-22.915734480754299,0.0],[-46.224755177731893,-22.915712302637459,0.0],[-46.224694156843171,-22.91571984683582,0.0],[-46.224631370059662,-22.915743320340329,0.0],[-46.224553312134297,-22.915766911564969,0.0],[-46.224517265653823,-22.915791947263031,0.0],[-46.224523341856489,-22.91583080549275,0.0],[-46.224531187442437,-22.91583364264282,0.0],[-46.224538835415522,-22.915855443812529,0.0],[-46.224579224012409,-22.91588873224477,0.0],[-46.224570060878257,-22.915931244797331,0.0],[-46.224505492184349,-22.91596887929548,0.0],[-46.224461381117749,-22.915946230019689,0.0],[-46.22443844263428,-22.915942870040851,0.0],[-46.224367607096127,-22.915920426768668,0.0],[-46.224290711322269,-22.915860893513319,0.0],[-46.224216264556318,-22.915861467373919,0.0],[-46.224191989008617,-22.915921780523561,0.0],[-46.22416785639065,-22.915998008282749,0.0],[-46.224143580799897,-22.91605832142595,0.0],[-46.224115312688227,-22.916099212798319,0.0],[-46.224031289549259,-22.916096323561209,0.0],[-46.223992587573917,-22.91603826421024,0.0],[-46.2239862256517,-22.915967576727319,0.0],[-46.224025772437187,-22.91590714591257,0.0],[-46.224046373209617,-22.915862776822649,0.0],[-46.224032518642836,-22.915808062802,0.0],[-46.223986515703487,-22.915765296138201,0.0],[-46.223887566636478,-22.916035536718649,0.0],[-46.224104542271988,-22.91617533755857,0.0],[-46.224206444419117,-22.916255899099799,0.0],[-46.224372216614412,-22.916221021378661,0.0],[-46.224718507497357,-22.916092794100329,0.0],[-46.224807621645432,-22.916024907215281,0.0],[-46.225186598591691,-22.916347371991019,0.0],[-46.225576745825002,-22.916213499294649,0.0],[-46.22551367436288,-22.915780725023652,0.0],[-46.225522026257231,-22.915648029665949,0.0],[-46.225668470503066,-22.915374564126111,0.0],[-46.225525495867032,-22.91518467889091,0.0],[-46.225336087393117,-22.91513839315207,0.0],[-46.225235186963523,-22.915169234574321,0.0],[-46.224973652659003,-22.91538169301143,0.0],[-46.224668966418527,-22.91504097062997,0.0],[-46.224403870416907,-22.91506954068679,0.0],[-46.224282115065577,-22.915116457995911,0.0],[-46.224208145202077,-22.915170080548901,0.0],[-46.224166673931798,-22.91522875782427,0.0],[-46.22412924274574,-22.915312161731681,0.0],[-46.224128341689813,-22.915316979966121,0.0],[-46.224122028307711,-22.9153507396327,0.0],[-46.224146915059663,-22.915366846322179,0.0],[-46.224179540810603,-22.915386047396101,0.0],[-46.224191438849061,-22.915435471248191,0.0],[-46.224197800838553,-22.91550615872395,0.0],[-46.224225144714957,-22.915574916057121,0.0],[-46.224293516459021,-22.915605376881601,0.0],[-46.224298127209082,-22.915623869042431,0.0],[-46.224329590759098,-22.915726194438729,0.0],[-46.22433207151893,-22.915789838172412,0.0],[-46.224353101084183,-22.91579321288345,0.0],[-46.224406422924872,-22.91577865451805,0.0],[-46.224472979885903,-22.91574984679589,0.0]]],[[[-46.229423254562967,-22.91430091560952,0.0],[-46.229421064184002,-22.914300258039571,0.0],[-46.229199638382553,-22.914233783982411,0.0],[-46.229190933560673,-22.914284790635321,0.0],[-46.229139827452862,-22.914338955385031,0.0],[-46.229191714758933,-22.914371412819118,0.0],[-46.229259912856932,-22.91442465426061,0.0],[-46.229295866608382,-22.914478145236451,0.0],[-46.22934474509497,-22.914534523345321,0.0],[-46.229399318111042,-22.914507216316949,0.0],[-46.229414470367871,-22.914399560547999,0.0],[-46.229422124683033,-22.914316461614021,0.0],[-46.229445798668721,-22.914297753925439,0.0],[-46.229490806043422,-22.91428246963314,0.0],[-46.229532993152318,-22.914312014861711,0.0],[-46.229540115662161,-22.914386639226102,0.0],[-46.229531277658538,-22.914479310223719,0.0],[-46.229586632067992,-22.91453862530274,0.0],[-46.22967114125084,-22.914612650542399,0.0],[-46.229736249958627,-22.914680851583999,0.0],[-46.229769006470008,-22.914737354376491,0.0],[-46.22978263194004,-22.914817902728849,0.0],[-46.229763824277363,-22.914877791947159,0.0],[-46.229715969596548,-22.91493491888286,0.0],[-46.229648444781198,-22.91495635193737,0.0],[-46.229593278799079,-22.91491794568978,0.0],[-46.229560414524947,-22.914849494976089,0.0],[-46.229530559164971,-22.91475712352176,0.0],[-46.229520481641821,-22.914712393835561,0.0],[-46.22949468607991,-22.91471259352226,0.0],[-46.229433098295353,-22.914677224104029,0.0],[-46.22940343166421,-22.914605761419079,0.0],[-46.229380698909956,-22.914588014298499,0.0],[-46.229354930312027,-22.914591200933071,0.0],[-46.229329646655742,-22.91464815305207,0.0],[-46.229262229670617,-22.91468153382613,0.0],[-46.229236218597578,-22.914657837697231,0.0],[-46.229229419500498,-22.914619056975621,0.0],[-46.229209534067877,-22.914559467270319,0.0],[-46.229148188857693,-22.914550980481,0.0],[-46.22910852954081,-22.914547052117449,0.0],[-46.229109429545552,-22.91449695682466,0.0],[-46.229099514908363,-22.91447454055011,0.0],[-46.229065138213898,-22.91443206987103,0.0],[-46.229014110657687,-22.91442796612769,0.0],[-46.228965409654982,-22.914412597865692,0.0],[-46.228935665843927,-22.91434534900803,0.0],[-46.228930201558377,-22.914277912285179,0.0],[-46.228942077670553,-22.914248579493751,0.0],[-46.229026396654717,-22.91418177496174,0.0],[-46.229015844415898,-22.91417860705921,0.0],[-46.228998167571227,-22.914165575964891,0.0],[-46.22881133172227,-22.914027843208139,0.0],[-46.22876981381156,-22.914004830135571,0.0],[-46.228678456937992,-22.91395419162524,0.0],[-46.228513984165787,-22.91395247667209,0.0],[-46.228284780558219,-22.913924377509119,0.0],[-46.228038512970521,-22.913791858596291,0.0],[-46.228009583500437,-22.913825610820361,0.0],[-46.227904486377348,-22.91394822822221,0.0],[-46.228214198559577,-22.91432221841476,0.0],[-46.228746237658306,-22.914676565004079,0.0],[-46.229085343112231,-22.914733684818689,0.0],[-46.229645813201508,-22.915022090265431,0.0],[-46.229838714325673,-22.914957865921561,0.0],[-46.229889523870924,-22.914870844273558,0.0],[-46.229751401960009,-22.914573195795949,0.0],[-46.229591976128873,-22.91441610955285,0.0],[-46.229584449391247,-22.914296680621192,0.0],[-46.229515658453913,-22.914177725947191,0.0],[-46.229438514558623,-22.91420520772385,0.0],[-46.229423254562967,-22.91430091560952,0.0]]],[[[-46.22225659662908,-22.912432039699901,0.0],[-46.222230572429147,-22.912514362729461,0.0],[-46.222183068048771,-22.91258514043799,0.0],[-46.222089771984898,-22.912635146800412,0.0],[-46.221963078010333,-22.912633774443709,0.0],[-46.221893046475152,-22.912616249186769,0.0],[-46.22173629949863,-22.91270461282172,0.0],[-46.221769325083542,-22.912845185883711,0.0],[-46.221854767664041,-22.912758350877141,0.0],[-46.22201534476757,-22.912700364358699,0.0],[-46.222164822644523,-22.912669787740111,0.0],[-46.222420727297177,-22.912615271101789,0.0],[-46.222604029776861,-22.912561312899701,0.0],[-46.222818661784963,-22.912458769690488,0.0],[-46.223085079994128,-22.91231168763245,0.0],[-46.223163865845763,-22.912241718383839,0.0],[-46.223175767725436,-22.912233034952461,0.0],[-46.223089609912392,-22.9122472253319,0.0],[-46.222955926600989,-22.91231397267148,0.0],[-46.222827267953249,-22.91237598707588,0.0],[-46.222693226501477,-22.912402836727349,0.0],[-46.22265488788009,-22.912365578678191,0.0],[-46.222599130861468,-22.912363660777469,0.0],[-46.222548735436888,-22.912394560606831,0.0],[-46.222500641912092,-22.912399624905959,0.0],[-46.222452506288057,-22.912399995369391,0.0],[-46.222397198864563,-22.91236524378176,0.0],[-46.222373296655647,-22.912386529393611,0.0],[-46.222257983196407,-22.912431556586188,0.0],[-46.22225659662908,-22.912432039699901,0.0]]],[[[-46.237154438493121,-22.911868416636921,0.0],[-46.237078561912298,-22.911826269176132,0.0],[-46.23690357453269,-22.91181516957414,0.0],[-46.236869795929287,-22.9118192881316,0.0],[-46.236820381928062,-22.911825313068501,0.0],[-46.236728881123717,-22.911836469511979,0.0],[-46.23650350007032,-22.91190552064689,0.0],[-46.23644588204521,-22.911981800230912,0.0],[-46.236426950270342,-22.912006863683128,0.0],[-46.236365250696593,-22.912088546614321,0.0],[-46.236916327929443,-22.912627613211281,0.0],[-46.237075400206152,-22.91266376133991,0.0],[-46.23708220599319,-22.912820733488779,0.0],[-46.237214216241497,-22.912839644995319,0.0],[-46.237289185294877,-22.91279918162925,0.0],[-46.237357664934933,-22.912636638114989,0.0],[-46.23741768863659,-22.912431788584151,0.0],[-46.237386850058819,-22.912294943377059,0.0],[-46.237331368290768,-22.912110933332269,0.0],[-46.237265396641362,-22.91195691452193,0.0],[-46.237262636764967,-22.911954552952771,0.0],[-46.237175913005473,-22.911880345156561,0.0],[-46.237154438493121,-22.911868416636921,0.0]]],[[[-46.224323357122181,-22.912247498724231,0.0],[-46.22443110479459,-22.912370680019698,0.0],[-46.224550690680921,-22.91229619180255,0.0],[-46.224468560589301,-22.912246379453808,0.0],[-46.224454098186612,-22.912151905643078,0.0],[-46.224323357122181,-22.912247498724231,0.0]]],[[[-46.224302598094297,-22.91220982460975,0.0],[-46.224415835112062,-22.91210111318949,0.0],[-46.224355112167267,-22.9121013456949,0.0],[-46.224250861450003,-22.912059901935582,0.0],[-46.224166498977077,-22.91197605754164,0.0],[-46.224110046631409,-22.911896692157779,0.0],[-46.224061384348623,-22.91183839036642,0.0],[-46.224000244564607,-22.91180130835297,0.0],[-46.223919048008163,-22.911787851575621,0.0],[-46.223817731430017,-22.911790979276429,0.0],[-46.223683753989299,-22.911824870461679,0.0],[-46.223590501160047,-22.91187957148361,0.0],[-46.2235553880219,-22.911951054705721,0.0],[-46.223596684192707,-22.911927304257109,0.0],[-46.223682577828463,-22.911890910348529,0.0],[-46.223818573669838,-22.911875149347079,0.0],[-46.223911764243233,-22.911893348390532,0.0],[-46.224002969124442,-22.911943091116619,0.0],[-46.224149229263219,-22.912059670166961,0.0],[-46.224302598094297,-22.91220982460975,0.0]]],[[[-46.236274682480392,-22.91189234691938,0.0],[-46.23629537641979,-22.911799067255561,0.0],[-46.236297946502461,-22.9117874823846,0.0],[-46.236208893676313,-22.911461662727369,0.0],[-46.236045166554661,-22.911208705530761,0.0],[-46.235873638603188,-22.911282321618209,0.0],[-46.235741991492468,-22.911303285532579,0.0],[-46.235647625398187,-22.9112815874477,0.0],[-46.23553182677432,-22.911270025869591,0.0],[-46.235418876640132,-22.911275889302399,0.0],[-46.23540757818126,-22.911273655427649,0.0],[-46.235297584378444,-22.911251907957009,0.0],[-46.235203444209077,-22.911255132491689,0.0],[-46.235162149577313,-22.911265261343431,0.0],[-46.235088006926283,-22.911283447210089,0.0],[-46.234980234264391,-22.911266837893759,0.0],[-46.234864119607437,-22.91122038377765,0.0],[-46.234783182927927,-22.911196088306831,0.0],[-46.234759353429588,-22.91123864544269,0.0],[-46.234750776846013,-22.911281914832919,0.0],[-46.23474648855241,-22.91130354952789,0.0],[-46.234733882861057,-22.911349012633561,0.0],[-46.234691774212138,-22.911500879539691,0.0],[-46.235096278076043,-22.911602418349609,0.0],[-46.235465421306827,-22.911958462478129,0.0],[-46.235919869186027,-22.9119300025291,0.0],[-46.23606910550847,-22.912068419248801,0.0],[-46.236203624485988,-22.912067372398091,0.0],[-46.236259928209378,-22.91192868872746,0.0],[-46.236274682480392,-22.91189234691938,0.0]]],[[[-46.231015392200533,-22.911203805585242,0.0],[-46.230989201659952,-22.911189923289651,0.0],[-46.23090257816613,-22.911218765083021,0.0],[-46.230848043326247,-22.911193029318589,0.0],[-46.230786756507449,-22.911141187504981,0.0],[-46.230722970816331,-22.911053145777441,0.0],[-46.230674806590628,-22.91101126314657,0.0],[-46.2306075853216,-22.91102385701311,0.0],[-46.230529940215312,-22.911084823935909,0.0],[-46.230368943894383,-22.911055888320341,0.0],[-46.230284092788537,-22.911040448073841,0.0],[-46.230224552704478,-22.911028864883281,0.0],[-46.230214463466197,-22.91102690207596,0.0],[-46.230185883204634,-22.910988891981109,0.0],[-46.230161755786227,-22.910962920481481,0.0],[-46.230116217604063,-22.910971321858039,0.0],[-46.230088218365687,-22.910997697032339,0.0],[-46.230005666346173,-22.910996324097109,0.0],[-46.22994702386228,-22.91099677817202,0.0],[-46.229909973743958,-22.910982979777131,0.0],[-46.229799120103358,-22.911215238856741,0.0],[-46.229860987486923,-22.911331466357481,0.0],[-46.22996087899736,-22.911328680738599,0.0],[-46.230013604891617,-22.91139467443508,0.0],[-46.230013360756743,-22.911395178967929,0.0],[-46.22996669339809,-22.911491622363869,0.0],[-46.230255116092557,-22.911680545954699,0.0],[-46.230509961262889,-22.911759059182842,0.0],[-46.23098100302682,-22.911725226778469,0.0],[-46.23132823412169,-22.911450891180731,0.0],[-46.231579325932231,-22.91135437212581,0.0],[-46.23152809871101,-22.911213916695239,0.0],[-46.231649382285028,-22.911174744925681,0.0],[-46.231727182030284,-22.911371335304469,0.0],[-46.232127111478249,-22.911400428531529,0.0],[-46.23243036567095,-22.911307527894579,0.0],[-46.232557459502779,-22.911670746245871,0.0],[-46.232714738371598,-22.911528673204309,0.0],[-46.23279929885318,-22.91151191951672,0.0],[-46.232944055150647,-22.911426284466831,0.0],[-46.233000331876987,-22.91116426434029,0.0],[-46.232990697766702,-22.91105970579849,0.0],[-46.232876846911743,-22.91095998051086,0.0],[-46.23272451992991,-22.910928967830841,0.0],[-46.232598656532893,-22.910942017607692,0.0],[-46.232367794165519,-22.910873382551959,0.0],[-46.232096192546543,-22.910863416362059,0.0],[-46.231340938879093,-22.91093366239782,0.0],[-46.23113212355436,-22.91090107386497,0.0],[-46.231172944818439,-22.911091914607461,0.0],[-46.231178312466042,-22.911136913544851,0.0],[-46.231184694972868,-22.91119042036749,0.0],[-46.231150670704231,-22.911271171287648,0.0],[-46.231100933968492,-22.91129570293106,0.0],[-46.23106703906781,-22.911275756333101,0.0],[-46.231063810982533,-22.911273856656681,0.0],[-46.231015392200533,-22.911203805585242,0.0]]],[[[-46.234298555744687,-22.909597482410931,0.0],[-46.234179116894069,-22.909796759024069,0.0],[-46.234014896740483,-22.909893624508069,0.0],[-46.23398166656672,-22.909927339039989,0.0],[-46.234035986667578,-22.909943645266981,0.0],[-46.234157567481603,-22.909980936611131,0.0],[-46.234292110577137,-22.91002529636976,0.0],[-46.234393012543677,-22.910057968717741,0.0],[-46.234555821688247,-22.910090159887481,0.0],[-46.23461254825073,-22.910087329273171,0.0],[-46.234614565051771,-22.91002518030453,0.0],[-46.234626888768808,-22.9099865070907,0.0],[-46.234632123543761,-22.90997007977009,0.0],[-46.234688547064678,-22.90993379509688,0.0],[-46.234775750926559,-22.909878153214599,0.0],[-46.234781887683887,-22.90970126460191,0.0],[-46.234681116327323,-22.909679626870911,0.0],[-46.234298555744687,-22.909597482410931,0.0]]],[[[-46.228881385298138,-22.908738808781798,0.0],[-46.228859130490036,-22.908784800738051,0.0],[-46.22878944495644,-22.90882734126129,0.0],[-46.228668465304708,-22.908895097549149,0.0],[-46.228608670314571,-22.90889174169434,0.0],[-46.228772997719048,-22.909060385813401,0.0],[-46.228984459440589,-22.908970928728259,0.0],[-46.22914599915093,-22.908830310366952,0.0],[-46.229325447979562,-22.90861891440851,0.0],[-46.229425114192807,-22.90847304709655,0.0],[-46.22951824178606,-22.908516236995791,0.0],[-46.229629536981292,-22.908517284737911,0.0],[-46.229699583672591,-22.908514833383961,0.0],[-46.22979214311372,-22.908495025300471,0.0],[-46.229898989670843,-22.908459833290308,0.0],[-46.22996254421377,-22.908423067239632,0.0],[-46.229960225178367,-22.908394447824548,0.0],[-46.229932506085007,-22.908291567899191,0.0],[-46.229866598137917,-22.908295896468861,0.0],[-46.229837507255418,-22.908269393466181,0.0],[-46.229802630345453,-22.908286845885389,0.0],[-46.229757725436123,-22.90833492245433,0.0],[-46.229669683515652,-22.908398606184011,0.0],[-46.229522512904438,-22.908304287377799,0.0],[-46.229521169734348,-22.908297187804699,0.0],[-46.229516020917167,-22.90826997277431,0.0],[-46.229558693031443,-22.908202821970018,0.0],[-46.229618005640091,-22.908152724780969,0.0],[-46.229572394823222,-22.90812253127493,0.0],[-46.229423370459592,-22.90805113660835,0.0],[-46.229422183263793,-22.90805142134451,0.0],[-46.229267084562373,-22.90808862001473,0.0],[-46.229240484297677,-22.908119384176409,0.0],[-46.229222213941533,-22.9081405144893,0.0],[-46.229164858618162,-22.908179141440929,0.0],[-46.229136232575669,-22.908204181985301,0.0],[-46.229116193526004,-22.908267339256771,0.0],[-46.22911269169682,-22.908336096054171,0.0],[-46.229084409812153,-22.90839931709624,0.0],[-46.229045480198472,-22.908424437342241,0.0],[-46.229023397584847,-22.908489519571638,0.0],[-46.229077234019982,-22.908517740435979,0.0],[-46.229078440288887,-22.908521456074979,0.0],[-46.229092071990827,-22.90856344543845,0.0],[-46.229066005649251,-22.908643831761552,0.0],[-46.229051060156301,-22.90867354384827,0.0],[-46.229045759995927,-22.90868408072215,0.0],[-46.228955433088259,-22.908722962691741,0.0],[-46.228881385298138,-22.908738808781798,0.0]]],[[[-46.228964587034888,-22.904038468058719,0.0],[-46.229021384786968,-22.904113418708629,0.0],[-46.229044277278668,-22.904162635065209,0.0],[-46.229044745855617,-22.904214624533079,0.0],[-46.229016897508863,-22.904238236842211,0.0],[-46.228910061682882,-22.904215666320411,0.0],[-46.228865705743402,-22.904275801449181,0.0],[-46.228764903375144,-22.904299977951261,0.0],[-46.228669525438988,-22.904303315204039,0.0],[-46.228582682363907,-22.904319584677982,0.0],[-46.22847886321685,-22.904320387434041,0.0],[-46.228445543405137,-22.904359639881761,0.0],[-46.22844318241583,-22.90440905158086,0.0],[-46.228387344917849,-22.904440679151339,0.0],[-46.22831137419098,-22.904417869596479,0.0],[-46.228252028310663,-22.904371534590499,0.0],[-46.228226704751883,-22.904363931387181,0.0],[-46.228134366782967,-22.904393241372428,0.0],[-46.228075746699211,-22.904427489999691,0.0],[-46.228017337271709,-22.90448513387523,0.0],[-46.228000993306402,-22.90453985295802,0.0],[-46.227948031799777,-22.904579257116371,0.0],[-46.22790021397158,-22.904566628400119,0.0],[-46.227888568927,-22.904519924601139,0.0],[-46.227866027878378,-22.904509700181372,0.0],[-46.22783188862666,-22.904457970902619,0.0],[-46.227822955918683,-22.904400847514829,0.0],[-46.227805933123022,-22.9043801818197,0.0],[-46.227777405776067,-22.904328409159309,0.0],[-46.227763118706477,-22.904299923352081,0.0],[-46.22774621295401,-22.904292255022529,0.0],[-46.227718364355617,-22.904315867114239,0.0],[-46.227676181888619,-22.904305794436311,0.0],[-46.22763395262313,-22.904290522797439,0.0],[-46.227602689642538,-22.90424657020591,0.0],[-46.227563289725758,-22.904233876342111,0.0],[-46.22752435781458,-22.904273171965471,0.0],[-46.227468192556273,-22.904268406571681,0.0],[-46.227420257885889,-22.904242780329032,0.0],[-46.227400148477621,-22.90419094256297,0.0],[-46.227394209071463,-22.904154593264739,0.0],[-46.227365822309253,-22.904118417370452,0.0],[-46.227301496708932,-22.904142311166691,0.0],[-46.227212128340142,-22.904189795270678,0.0],[-46.22714506693255,-22.904221509104399,0.0],[-46.227128535499503,-22.9042554323111,0.0],[-46.227111910490073,-22.904278957615261,0.0],[-46.227081068722377,-22.904281795468791,0.0],[-46.227044568323997,-22.904279477705479,0.0],[-46.2270134692616,-22.90425372131709,0.0],[-46.226987911887107,-22.90422012315835,0.0],[-46.226959735716562,-22.904207342466531,0.0],[-46.226926017872522,-22.904202403531261,0.0],[-46.226842097461898,-22.904231647769961,0.0],[-46.22678583868904,-22.904216484230769,0.0],[-46.226765735995151,-22.90421186528453,0.0],[-46.226826969155383,-22.904421539479149,0.0],[-46.226966961426648,-22.904386662931859,0.0],[-46.227132698190857,-22.904406180202439,0.0],[-46.227267803756249,-22.904451930464351,0.0],[-46.227327687476738,-22.904558053774771,0.0],[-46.227449114586904,-22.904642904369659,0.0],[-46.22767146179352,-22.904716576471291,0.0],[-46.227859740109707,-22.90474631740619,0.0],[-46.228065322311288,-22.904827917468431,0.0],[-46.228236507683057,-22.904829193861239,0.0],[-46.228159178827013,-22.904655614746819,0.0],[-46.228069435880769,-22.904661507745011,0.0],[-46.228071399022603,-22.904567904985239,0.0],[-46.228253737538132,-22.904561296198239,0.0],[-46.228435888684167,-22.90453389141171,0.0],[-46.228623511072847,-22.90449084618141,0.0],[-46.228732754810451,-22.904469204136809,0.0],[-46.228878569240877,-22.904457677785899,0.0],[-46.229052114879671,-22.904409541623949,0.0],[-46.229110500389339,-22.90434929791456,0.0],[-46.229132338574807,-22.904281537957019,0.0],[-46.229128946890093,-22.90421657283137,0.0],[-46.229080309066838,-22.904112962901369,0.0],[-46.229082622966203,-22.904058352254449,0.0],[-46.229138483568882,-22.904029323925311,0.0],[-46.229222684487567,-22.904031272178891,0.0],[-46.229307002574799,-22.904046217753621,0.0],[-46.229450244927449,-22.904060707339351,0.0],[-46.229621147996568,-22.904030788606629,0.0],[-46.229813982549587,-22.903943507547179,0.0],[-46.230009341396347,-22.90382501087085,0.0],[-46.2300394092088,-22.903736389861439,0.0],[-46.230151551780153,-22.903725123042921,0.0],[-46.230346534761424,-22.90356503441765,0.0],[-46.230259673949668,-22.903481502968411,0.0],[-46.23013625598621,-22.903584860148239,0.0],[-46.22997735095818,-22.903700475121539,0.0],[-46.229859877894732,-22.903742978928001,0.0],[-46.229709202648309,-22.903837732708698,0.0],[-46.229502315161973,-22.90392252273065,0.0],[-46.229322760112638,-22.903926511728631,0.0],[-46.229252237342678,-22.903885462884169,0.0],[-46.229196025352628,-22.903875499150079,0.0],[-46.22918232382321,-22.903912000313792,0.0],[-46.229151927383192,-22.90396422855796,0.0],[-46.229104320548018,-22.903974995459361,0.0],[-46.229059332188982,-22.90396494485406,0.0],[-46.229011561349097,-22.903957515413541,0.0],[-46.228972559666502,-22.90398901295098,0.0],[-46.228964587034888,-22.904038468058719,0.0]]],[[[-46.222974125502731,-22.88722894983335,0.0],[-46.222976977273063,-22.887215860839479,0.0],[-46.223033373584087,-22.88717719088778,0.0],[-46.223188266004307,-22.887192727488451,0.0],[-46.223309588067039,-22.88720374275016,0.0],[-46.223454292895447,-22.887233696015429,0.0],[-46.223528485288753,-22.887166211868859,0.0],[-46.223189881292193,-22.887085176048242,0.0],[-46.22306065090568,-22.887055103484911,0.0],[-46.222933528543507,-22.88697243996592,0.0],[-46.222705395743908,-22.88684275812194,0.0],[-46.222615386365987,-22.886872127435879,0.0],[-46.22259707692816,-22.88713236096536,0.0],[-46.222592507238787,-22.887197310231841,0.0],[-46.222559728888207,-22.887281203773771,0.0],[-46.222588933224777,-22.88737417967279,0.0],[-46.222730545249419,-22.88734680323585,0.0],[-46.22288270891697,-22.887345632824481,0.0],[-46.222957158618513,-22.887306824025149,0.0],[-46.222974125502731,-22.88722894983335,0.0]]],[[[-46.504055685765891,-22.866901309354969,0.0],[-46.50412351582672,-22.866858157506009,0.0],[-46.504354558999957,-22.866711172999938,0.0],[-46.504453805998828,-22.86663739313072,0.0],[-46.50445642636037,-22.866431078389219,0.0],[-46.504286005003827,-22.866257020390339,0.0],[-46.504056986116048,-22.866181110496459,0.0],[-46.503866829674187,-22.866127604869941,0.0],[-46.503714327922509,-22.866040975333391,0.0],[-46.503670397162857,-22.86601602015239,0.0],[-46.503658406590198,-22.866009208818319,0.0],[-46.503578489594119,-22.865947707598949,0.0],[-46.503442713999952,-22.865999603999931,0.0],[-46.502993125999957,-22.86613719799994,0.0],[-46.502879583791263,-22.866182774525338,0.0],[-46.503476549999917,-22.867286927999931,0.0],[-46.503678978526608,-22.867150010700161,0.0],[-46.503723803154188,-22.867119692437932,0.0],[-46.503833953105399,-22.867045189645239,0.0],[-46.50390408799997,-22.866997751999971,0.0],[-46.504055685765891,-22.866901309354969,0.0]]],[[[-46.216177890563777,-22.967046397820699,0.0],[-46.216048098515436,-22.966874646413469,0.0],[-46.215755839074397,-22.966602343439881,0.0],[-46.215606185654821,-22.96644462537537,0.0],[-46.215429500766326,-22.96643055607354,0.0],[-46.215444248133473,-22.96677593699544,0.0],[-46.215566431769858,-22.967214579637531,0.0],[-46.215811701622719,-22.967633769686131,0.0],[-46.216162060836723,-22.96769740503175,0.0],[-46.216194871220232,-22.967454999164239,0.0],[-46.216198608357772,-22.967127985220191,0.0],[-46.216177890563777,-22.967046397820699,0.0]]],[[[-46.201710104942322,-22.936060024328022,0.0],[-46.201479434967041,-22.936193412601689,0.0],[-46.201286315917962,-22.936395964914169,0.0],[-46.201114654540987,-22.93647006934302,0.0],[-46.202010512351983,-22.93807565534199,0.0],[-46.203078031539917,-22.937260514060451,0.0],[-46.203414053117953,-22.93697199133798,0.0],[-46.203478610820433,-22.936916559074191,0.0],[-46.203525535335537,-22.936876267446301,0.0],[-46.203499134704053,-22.93636899056597,0.0],[-46.204189630427628,-22.93583974925658,0.0],[-46.204159970620083,-22.935810646762231,0.0],[-46.204035325119101,-22.9358002335977,0.0],[-46.203529688245133,-22.93574937809969,0.0],[-46.203053566812393,-22.93588895146425,0.0],[-46.203105529700473,-22.935997214786031,0.0],[-46.202842667039,-22.936176357498791,0.0],[-46.202660473886972,-22.935939671395381,0.0],[-46.202654242515543,-22.935931576236559,0.0],[-46.202375292777987,-22.93593157623658,0.0],[-46.2020856142044,-22.93593157623658,0.0],[-46.201871037483208,-22.935941456863311,0.0],[-46.201710104942322,-22.936060024328022,0.0]]],[[[-46.221336783475053,-22.93324020706422,0.0],[-46.221311688423206,-22.933214376519889,0.0],[-46.221275432307067,-22.933219791224619,0.0],[-46.221243793999911,-22.933350243999929,0.0],[-46.221314010605603,-22.93336424487666,0.0],[-46.22133793877618,-22.933369016038881,0.0],[-46.221361931557112,-22.933373800080108,0.0],[-46.221379046949792,-22.93337721280184,0.0],[-46.221409182005132,-22.933381436691121,0.0],[-46.221433622426993,-22.9333848623859,0.0],[-46.221650350999901,-22.93341523999992,0.0],[-46.22177104699994,-22.933393997999929,0.0],[-46.222008,-22.933329250999979,0.0],[-46.222191239999937,-22.93324477099997,0.0],[-46.222243199689601,-22.933229529746018,0.0],[-46.222133169220193,-22.93299242022276,0.0],[-46.222087109764523,-22.932984340488989,0.0],[-46.222009062767007,-22.933219316932469,0.0],[-46.221826672553988,-22.933298363509579,0.0],[-46.221638917922981,-22.933278601869588,0.0],[-46.221526265144377,-22.933392231259869,0.0],[-46.221433119793893,-22.93332882643379,0.0],[-46.221409087690063,-22.93331246755891,0.0],[-46.22140288352962,-22.933308244328401,0.0],[-46.221360891397843,-22.933265021534989,0.0],[-46.221336783475053,-22.93324020706422,0.0]]],[[[-46.218352299750023,-22.92891937654916,0.0],[-46.218193529465282,-22.928097661615201,0.0],[-46.218111965768053,-22.928209351308499,0.0],[-46.218066509531077,-22.928241477845351,0.0],[-46.218022389172923,-22.928240303129211,0.0],[-46.217968453767128,-22.928237690474909,0.0],[-46.217919121460753,-22.928201751496541,0.0],[-46.217851102693302,-22.928085754821289,0.0],[-46.217833948438852,-22.92835978049267,0.0],[-46.217866563677312,-22.928487571022359,0.0],[-46.217895913761559,-22.928609500711669,0.0],[-46.217954331806133,-22.928763089689351,0.0],[-46.218032127827833,-22.92887447866082,0.0],[-46.218104226832487,-22.92893940663501,0.0],[-46.218204663823997,-22.928992804599371,0.0],[-46.218288807790522,-22.92897254857051,0.0],[-46.218352299750023,-22.92891937654916,0.0]]],[[[-46.217718564359821,-22.927484587788172,0.0],[-46.217797470313862,-22.927429432761549,0.0],[-46.217820480268443,-22.927334180754791,0.0],[-46.21778455017833,-22.927084746770621,0.0],[-46.217696972160297,-22.926975145802441,0.0],[-46.2175829752005,-22.926990143841781,0.0],[-46.217447372228889,-22.92695975588925,0.0],[-46.21731877631013,-22.927065391932459,0.0],[-46.217216152321633,-22.927017628968699,0.0],[-46.217141266364308,-22.927067612994001,0.0],[-46.217328015901899,-22.927289096019109,0.0],[-46.2174152234237,-22.927417663894289,0.0],[-46.217460292399423,-22.92739100187902,0.0],[-46.21752401739748,-22.927433470856361,0.0],[-46.21760599537415,-22.927436578827859,0.0],[-46.217718564359821,-22.927484587788172,0.0]]],[[[-46.218367323860043,-22.926729667573099,0.0],[-46.218303567863551,-22.926691177595739,0.0],[-46.21827446984436,-22.926622120606812,0.0],[-46.218230172870399,-22.926653596621751,0.0],[-46.218183481907197,-22.926710000637161,0.0],[-46.218077364959193,-22.926759865673329,0.0],[-46.218027156999632,-22.926822643689899,0.0],[-46.218162288804322,-22.926895193345072,0.0],[-46.218307218942122,-22.927072380702281,0.0],[-46.218425881014667,-22.927060089254489,0.0],[-46.21855990622791,-22.9269338716508,0.0],[-46.218517901269109,-22.9268165922892,0.0],[-46.218492209699257,-22.926691600499669,0.0],[-46.218367323860043,-22.926729667573099,0.0]]],[[[-46.218059469893518,-22.926584267681871,0.0],[-46.218223606888799,-22.92642431576671,0.0],[-46.217962772805663,-22.926295377719249,0.0],[-46.217945839648721,-22.92650611258199,0.0],[-46.218059469893518,-22.926584267681871,0.0]]],[[[-46.215425755541212,-22.926233399600282,0.0],[-46.215056239687812,-22.926321913727339,0.0],[-46.215363249682852,-22.92653721561792,0.0],[-46.215780448472223,-22.926325699475989,0.0],[-46.216627781122703,-22.92608939218513,0.0],[-46.216483892142897,-22.926032747235851,0.0],[-46.216423130108552,-22.925902877258611,0.0],[-46.216191942195799,-22.925947244338289,0.0],[-46.21601607928374,-22.926034279398099,0.0],[-46.215794964367873,-22.926078320474279,0.0],[-46.215548329472682,-22.9261546935588,0.0],[-46.215425755541212,-22.926233399600282,0.0]]],[[[-46.196373242087553,-22.924517812750729,0.0],[-46.1962523672956,-22.924628686757071,0.0],[-46.196302201530848,-22.924673573640831,0.0],[-46.196424667023848,-22.924574407780579,0.0],[-46.19655313117201,-22.924229588838159,0.0],[-46.196487963345398,-22.92418721013205,0.0],[-46.196373242087553,-22.924517812750729,0.0]]],[[[-46.195964560788219,-22.924342082785881,0.0],[-46.195971974419798,-22.92433759052664,0.0],[-46.196107356395657,-22.92425931659735,0.0],[-46.196179639400349,-22.924189763634139,0.0],[-46.196278633356897,-22.924173331687289,0.0],[-46.196339872369258,-22.924136247846558,0.0],[-46.196381828315268,-22.924118190293541,0.0],[-46.196375976341201,-22.924114384737969,0.0],[-46.196113918490433,-22.924103814595469,0.0],[-46.195954334444757,-22.924313301516229,0.0],[-46.195964560788219,-22.924342082785881,0.0]]],[[[-46.196585918211213,-22.924139374852821,0.0],[-46.196625236186357,-22.924144911874329,0.0],[-46.19698676109229,-22.923982683064761,0.0],[-46.196789662404349,-22.923873610632029,0.0],[-46.196706365187552,-22.923827514660321,0.0],[-46.196610229428849,-22.923774313853158,0.0],[-46.19648475836923,-22.923976416792168,0.0],[-46.196498254318897,-22.924044498801859,0.0],[-46.196535458047833,-22.924095242841059,0.0],[-46.196535905265947,-22.92409585282407,0.0],[-46.196582419697179,-22.924136330393949,0.0],[-46.196585918211213,-22.924139374852821,0.0]]],[[[-46.220994807235478,-22.918714129216099,0.0],[-46.220910755332753,-22.918774478436159,0.0],[-46.220864843480683,-22.918820541514972,0.0],[-46.22083713257085,-22.918874860395899,0.0],[-46.220833547545773,-22.918924329507028,0.0],[-46.220847231734247,-22.91899045732837,0.0],[-46.220882961028337,-22.919044288495179,0.0],[-46.220961832048118,-22.919080063637079,0.0],[-46.221059468107534,-22.919074648641178,0.0],[-46.221153824054568,-22.91904034016838,0.0],[-46.221231725400102,-22.91896791094662,0.0],[-46.221247076448968,-22.91888290269393,0.0],[-46.221236137168752,-22.918785969445139,0.0],[-46.221176056254812,-22.918711802710661,0.0],[-46.221030515424211,-22.918653218805002,0.0],[-46.220994807235478,-22.918714129216099,0.0]]],[[[-46.21669845499995,-22.91617792299996,0.0],[-46.217140432999898,-22.916186392999951,0.0],[-46.217302943999947,-22.916190971999981,0.0],[-46.217740638999899,-22.916170239999911,0.0],[-46.217990807136992,-22.916167997844099,0.0],[-46.218347529999932,-22.91616479999993,0.0],[-46.21834558902453,-22.916145357381009,0.0],[-46.218323580999929,-22.915924903999919,0.0],[-46.218473159999959,-22.915589423999961,0.0],[-46.218311460999978,-22.915507616999921,0.0],[-46.217969615999912,-22.91558055499997,0.0],[-46.217865661999959,-22.91537685099993,0.0],[-46.217957524999932,-22.915209623999949,0.0],[-46.21805429299998,-22.914993255999931,0.0],[-46.218088641999927,-22.914827034999981,0.0],[-46.218146063999903,-22.914679452999959,0.0],[-46.21795617145542,-22.914591325946521,0.0],[-46.217849608549493,-22.91454187111442,0.0],[-46.217513892999889,-22.914386067999938,0.0],[-46.217350359999926,-22.91465565799993,0.0],[-46.217110201999922,-22.914914722999988,0.0],[-46.217119372999917,-22.914978287999912,0.0],[-46.217172634999933,-22.915097827999912,0.0],[-46.217210141999907,-22.915270877999919,0.0],[-46.217204151377103,-22.915272976417949,0.0],[-46.217019892999943,-22.915337518999909,0.0],[-46.217018599631857,-22.91533741742948,0.0],[-46.216904054999901,-22.915328421999941,0.0],[-46.216814265999943,-22.915117447999929,0.0],[-46.21651106799991,-22.915244026999979,0.0],[-46.216402697999953,-22.91533870999994,0.0],[-46.216429334999901,-22.9155305959999,0.0],[-46.216426116999941,-22.915735417999951,0.0],[-46.216224283999928,-22.91613848699992,0.0],[-46.21669845499995,-22.91617792299996,0.0]]],[[[-46.214709848999952,-22.914782343999949,0.0],[-46.214674925999908,-22.91446895099995,0.0],[-46.214661505999949,-22.914397106999971,0.0],[-46.21463682899995,-22.91429681499995,0.0],[-46.214608161999919,-22.91424178799998,0.0],[-46.214508215999921,-22.914156280999961,0.0],[-46.21415481599994,-22.91425093099997,0.0],[-46.214077362388672,-22.914263480016,0.0],[-46.213975497999947,-22.914279983999979,0.0],[-46.21378609199995,-22.91433275499994,0.0],[-46.213782239999937,-22.91458411599994,0.0],[-46.213819125999947,-22.91478757899992,0.0],[-46.213996384999938,-22.914776822999961,0.0],[-46.213999526835643,-22.91478029282878,0.0],[-46.214079422421598,-22.914868529061369,0.0],[-46.214114638999909,-22.914907421999921,0.0],[-46.214210043999962,-22.914917958999979,0.0],[-46.21431208999995,-22.915016842999901,0.0],[-46.214371509999943,-22.915163585999949,0.0],[-46.214485895999942,-22.915221962999929,0.0],[-46.214709848999952,-22.914782343999949,0.0]]],[[[-46.21817517599991,-22.91464625,0.0],[-46.218359236999923,-22.91431755999994,0.0],[-46.218641279999972,-22.913898125999921,0.0],[-46.218281857999933,-22.913667499999981,0.0],[-46.217825065999911,-22.913602460999979,0.0],[-46.217667858999931,-22.914104507999959,0.0],[-46.217542922999897,-22.914316927999931,0.0],[-46.217927238999941,-22.914406162,0.0],[-46.217960215999938,-22.914408971999912,0.0],[-46.218000494179613,-22.914453432108552,0.0],[-46.21817517599991,-22.91464625,0.0]]],[[[-46.214468431999933,-22.914114285999968,0.0],[-46.214432257999917,-22.913727649999959,0.0],[-46.214024950999892,-22.91364673499994,0.0],[-46.214008698999962,-22.913736951999901,0.0],[-46.213635314999948,-22.913857039999971,0.0],[-46.213779848999863,-22.91426703399997,0.0],[-46.214121937851708,-22.914191149024209,0.0],[-46.214468431999933,-22.914114285999968,0.0]]],[[[-46.222516239514462,-22.913786142485389,0.0],[-46.222421835126489,-22.913778226449839,0.0],[-46.222286379494683,-22.913722808199509,0.0],[-46.222135118913599,-22.91368498736993,0.0],[-46.222129868613727,-22.91368482794573,0.0],[-46.2219231907536,-22.913678552079929,0.0],[-46.221842017055963,-22.91371693389879,0.0],[-46.221787356722103,-22.913742779218861,0.0],[-46.221777073592861,-22.913890731583219,0.0],[-46.221751978507193,-22.914005190321451,0.0],[-46.221726076903018,-22.914064676461109,0.0],[-46.22169794627851,-22.91412928175324,0.0],[-46.222449408768092,-22.914101991050931,0.0],[-46.22257191370943,-22.914169607548331,0.0],[-46.222825003277379,-22.914234874338089,0.0],[-46.22311372207708,-22.91406595782129,0.0],[-46.223107655993573,-22.913875113662929,0.0],[-46.222786612582553,-22.913824627323908,0.0],[-46.222692035267237,-22.913809754242561,0.0],[-46.222553990848198,-22.913789308009729,0.0],[-46.222516239514462,-22.913786142485389,0.0]]],[[[-46.221021979999918,-22.91273767399996,0.0],[-46.22096202699997,-22.912904978999961,0.0],[-46.221099321999922,-22.91321483299992,0.0],[-46.221200216999918,-22.913469466,0.0],[-46.221266418999967,-22.91371245799996,0.0],[-46.221171032999941,-22.913801138999929,0.0],[-46.220995772999963,-22.913844157999961,0.0],[-46.220959925999978,-22.91391078399991,0.0],[-46.221079796999931,-22.91398272899994,0.0],[-46.221090678999957,-22.914183387999941,0.0],[-46.220977881999922,-22.915101375999921,0.0],[-46.220746733999903,-22.915432885999959,0.0],[-46.22086699972575,-22.915475292451401,0.0],[-46.22092646999991,-22.915496261999952,0.0],[-46.221115658999921,-22.915538698,0.0],[-46.221239228999927,-22.915315410999931,0.0],[-46.221261159999941,-22.914716764999959,0.0],[-46.221317031999916,-22.914367201999941,0.0],[-46.221466471303941,-22.914076953907099,0.0],[-46.221518828999898,-22.913975261999941,0.0],[-46.221550306,-22.91366436799996,0.0],[-46.221510028999937,-22.913151893999949,0.0],[-46.221409782999928,-22.913029241999951,0.0],[-46.221216409999933,-22.912905605999981,0.0],[-46.22133320899998,-22.91269358999994,0.0],[-46.221373808999942,-22.912548417999929,0.0],[-46.221330323527219,-22.912390301684692,0.0],[-46.22129608399996,-22.91226580399994,0.0],[-46.221175651999921,-22.911907768999971,0.0],[-46.221151342999917,-22.911830180999981,0.0],[-46.221159406999938,-22.911545747999959,0.0],[-46.221149902516558,-22.911517216534961,0.0],[-46.221037549999942,-22.911179944999979,0.0],[-46.220795637999942,-22.910705142,0.0],[-46.220724632999953,-22.91029658999998,0.0],[-46.22040685299995,-22.910258467999931,0.0],[-46.220097214999932,-22.910188241999911,0.0],[-46.219924610999918,-22.910257953999981,0.0],[-46.2199707867331,-22.91031922562987,0.0],[-46.220106899999941,-22.910499836999961,0.0],[-46.220212361999963,-22.91044976199991,0.0],[-46.220490843999947,-22.910568143999981,0.0],[-46.220623019999948,-22.911047833999909,0.0],[-46.220785833999983,-22.911296479999969,0.0],[-46.220844220999929,-22.911477292999951,0.0],[-46.220888450999922,-22.911646866999909,0.0],[-46.22093685499992,-22.91188044699993,0.0],[-46.220971965999937,-22.912075173999941,0.0],[-46.220987699999917,-22.91241112299992,0.0],[-46.221021979999918,-22.91273767399996,0.0]]],[[[-46.205542405999942,-22.913412622999932,0.0],[-46.205486572999938,-22.913594592999939,0.0],[-46.205870659999917,-22.913536366999921,0.0],[-46.206101580999949,-22.91350162999991,0.0],[-46.20631054699988,-22.912824380999929,0.0],[-46.206440446999949,-22.91261268299996,0.0],[-46.206337375999951,-22.912521456999951,0.0],[-46.206287844999963,-22.912397775999981,0.0],[-46.206189723999927,-22.912267522999979,0.0],[-46.206218206999957,-22.91220508099995,0.0],[-46.206277721999982,-22.912251166999958,0.0],[-46.206347553405649,-22.91237974321426,0.0],[-46.206430343999948,-22.912532179999982,0.0],[-46.206534630999919,-22.912473235999979,0.0],[-46.206466125999903,-22.91228185799995,0.0],[-46.206427577999932,-22.911967494999931,0.0],[-46.2062861795023,-22.911670433252041,0.0],[-46.206183780999908,-22.91145530499994,0.0],[-46.206303709999979,-22.911058057999949,0.0],[-46.20629987679488,-22.911050160235948,0.0],[-46.206089256999938,-22.910616206999961,0.0],[-46.205844990999921,-22.91046426499997,0.0],[-46.205456074999979,-22.91058215399994,0.0],[-46.205172315999917,-22.910875869999941,0.0],[-46.20488173199989,-22.91096502399995,0.0],[-46.204931284999908,-22.910707956999961,0.0],[-46.204861779229091,-22.910249795841839,0.0],[-46.204858095999917,-22.91022551699994,0.0],[-46.204660465999922,-22.909888985999931,0.0],[-46.204530782999917,-22.909711584999961,0.0],[-46.204342416999928,-22.909488094999979,0.0],[-46.204242861999901,-22.909472970999971,0.0],[-46.204242221347293,-22.909473168840691,0.0],[-46.203987863999942,-22.909551716999911,0.0],[-46.204109276999922,-22.909705791999968,0.0],[-46.204217828999923,-22.909958014999962,0.0],[-46.204247052999932,-22.910098602999899,0.0],[-46.204374736999938,-22.910295804999969,0.0],[-46.204406242999937,-22.910424214999971,0.0],[-46.204323162999977,-22.91058201899995,0.0],[-46.204413037999963,-22.911212464999949,0.0],[-46.204369124999943,-22.91140364999994,0.0],[-46.20463906199992,-22.911645620999941,0.0],[-46.205049799999941,-22.912014822999929,0.0],[-46.20492719599995,-22.9122196349999,0.0],[-46.204753315999923,-22.912407002999899,0.0],[-46.204718848999939,-22.912658173999951,0.0],[-46.205024965999932,-22.912737411999959,0.0],[-46.20534588599994,-22.913069802999878,0.0],[-46.205470281999951,-22.91323032999998,0.0],[-46.205542405999942,-22.913412622999932,0.0]]],[[[-46.214194555999889,-22.911056397999982,0.0],[-46.214395869999983,-22.91113778899992,0.0],[-46.214641525999973,-22.91111765299997,0.0],[-46.214836276999947,-22.911027075999989,0.0],[-46.214915789999942,-22.910894919999961,0.0],[-46.214977844999957,-22.91069187299998,0.0],[-46.215090751999973,-22.910616040999951,0.0],[-46.215524084999963,-22.91055035199998,0.0],[-46.215658684999923,-22.91037892899994,0.0],[-46.215776847999948,-22.91014518599993,0.0],[-46.215820607999937,-22.910034711,0.0],[-46.215523798999953,-22.9100145039999,0.0],[-46.215464274999931,-22.910016814999949,0.0],[-46.215203751999951,-22.909977762,0.0],[-46.21514087899989,-22.910122070999918,0.0],[-46.215037135999957,-22.910204338999961,0.0],[-46.214732495999918,-22.910166,0.0],[-46.214640669999902,-22.91023194699995,0.0],[-46.214510902999933,-22.91021364399991,0.0],[-46.214297699999953,-22.910254313999911,0.0],[-46.214128239999972,-22.91037562099995,0.0],[-46.214005360999963,-22.91056355499996,0.0],[-46.213993903999942,-22.910718812999939,0.0],[-46.214028776999953,-22.910882249999901,0.0],[-46.214194555999889,-22.911056397999982,0.0]]],[[[-46.208364228999969,-22.909442515,0.0],[-46.208244203999953,-22.909786695999969,0.0],[-46.208339162999948,-22.909917587999939,0.0],[-46.208635285999897,-22.910151395999929,0.0],[-46.208744899999921,-22.910392030999901,0.0],[-46.209115911999973,-22.910590069999941,0.0],[-46.209098825999931,-22.910697354999961,0.0],[-46.209232462999957,-22.910951030999971,0.0],[-46.209235293999903,-22.911120494999938,0.0],[-46.209319419999957,-22.91133801699991,0.0],[-46.209558258999913,-22.911684266999959,0.0],[-46.209798790999947,-22.911860080999901,0.0],[-46.210029291999938,-22.911959584999948,0.0],[-46.210110025999931,-22.911760866999948,0.0],[-46.21004405799993,-22.91128665599998,0.0],[-46.210325011999899,-22.910662986999949,0.0],[-46.210364493999933,-22.910583016999961,0.0],[-46.210523308999917,-22.910160661999939,0.0],[-46.210548439999933,-22.909677344999981,0.0],[-46.210285267999907,-22.90980054199996,0.0],[-46.209884124999952,-22.90972775799996,0.0],[-46.209832250999938,-22.910053255999951,0.0],[-46.209651895,-22.91034426799996,0.0],[-46.209534939999926,-22.9102667679999,0.0],[-46.209421828999908,-22.909536469999939,0.0],[-46.209212565999941,-22.909394556999921,0.0],[-46.209100656999958,-22.90916888299995,0.0],[-46.209254593999972,-22.90884158199998,0.0],[-46.209271887999897,-22.908671511999941,0.0],[-46.20901962599995,-22.908224948999901,0.0],[-46.208969370999917,-22.908435988999919,0.0],[-46.208966920999927,-22.908519854999948,0.0],[-46.208951461999931,-22.908587684999929,0.0],[-46.208804301999947,-22.908681320999971,0.0],[-46.208801609291932,-22.908681243037531,0.0],[-46.208739868391611,-22.908679455429908,0.0],[-46.208733912999932,-22.908679282999969,0.0],[-46.208670851942458,-22.908689642649261,0.0],[-46.208545075999957,-22.908710304999911,0.0],[-46.208370563999942,-22.908848436999961,0.0],[-46.208254616064863,-22.90911070408513,0.0],[-46.208207367999933,-22.90921757599995,0.0],[-46.208364228999969,-22.909442515,0.0]]],[[[-46.21384904799995,-22.90932361999991,0.0],[-46.214094066999969,-22.909395964999909,0.0],[-46.21444793899996,-22.909470848999941,0.0],[-46.214661155999949,-22.909645893999912,0.0],[-46.214931032999978,-22.909776325999939,0.0],[-46.215159153999913,-22.909872414999949,0.0],[-46.215214746999933,-22.909928130999951,0.0],[-46.215359302999943,-22.909948994999969,0.0],[-46.215845270999957,-22.909983240999971,0.0],[-46.215919913999983,-22.910003151999941,0.0],[-46.216054279999987,-22.91007568,0.0],[-46.216223743999933,-22.91014160199996,0.0],[-46.216431787999937,-22.91037101999996,0.0],[-46.216838037999921,-22.910500429999932,0.0],[-46.21719590299994,-22.91056518399995,0.0],[-46.217262883999958,-22.91081178699994,0.0],[-46.217155517999927,-22.91095734799995,0.0],[-46.217133339999947,-22.911128405999879,0.0],[-46.217190530999957,-22.911268697999951,0.0],[-46.217312857999929,-22.911404979999912,0.0],[-46.217447570999951,-22.91147347299998,0.0],[-46.21780909899995,-22.911435656,0.0],[-46.217966960999952,-22.911587056999942,0.0],[-46.218085744999939,-22.91164863099991,0.0],[-46.218317591999927,-22.911638527,0.0],[-46.218540770999923,-22.911570317999981,0.0],[-46.218690091999953,-22.9114392729999,0.0],[-46.218762255999927,-22.91125124399997,0.0],[-46.218732153999973,-22.911096509999901,0.0],[-46.218649597999928,-22.910933971999949,0.0],[-46.218470444999973,-22.91085410799996,0.0],[-46.218606357999938,-22.910668443999949,0.0],[-46.218823437999951,-22.91066638599991,0.0],[-46.21931887299997,-22.910768350999941,0.0],[-46.219810107999898,-22.91066459599994,0.0],[-46.22002938899994,-22.910554655999938,0.0],[-46.219935061040822,-22.91044243259439,0.0],[-46.219814025999902,-22.910298434999969,0.0],[-46.219478807999963,-22.910485206999969,0.0],[-46.21910213299995,-22.91046482999996,0.0],[-46.218704790999929,-22.910450936999961,0.0],[-46.218515033999942,-22.91038300899994,0.0],[-46.218266168999939,-22.910323504999958,0.0],[-46.218011346999937,-22.91029278599996,0.0],[-46.217770982132258,-22.91028655084197,0.0],[-46.217752214999948,-22.910286063999919,0.0],[-46.217308519999939,-22.910299718999941,0.0],[-46.217037408999929,-22.910247992999938,0.0],[-46.216347514999917,-22.90984724099993,0.0],[-46.216065578999959,-22.909717306999919,0.0],[-46.215616581999953,-22.90966401499993,0.0],[-46.21530263899993,-22.909600560999891,0.0],[-46.215198960999913,-22.909580112999951,0.0],[-46.214836201795507,-22.909409982291539,0.0],[-46.214824426999932,-22.909404459999969,0.0],[-46.214621520999962,-22.909301878999919,0.0],[-46.214386692999909,-22.909203727999969,0.0],[-46.21418046099992,-22.9091644559999,0.0],[-46.21394894099992,-22.9090912039999,0.0],[-46.213931406573337,-22.909082893631599,0.0],[-46.21372409299989,-22.908984637999939,0.0],[-46.21348691999993,-22.908862476999921,0.0],[-46.213341711355547,-22.908679525763009,0.0],[-46.213306279999948,-22.908634884999969,0.0],[-46.212931394999899,-22.908459351999941,0.0],[-46.212741172999984,-22.908218354999981,0.0],[-46.212116738999953,-22.907781954999962,0.0],[-46.21191348699994,-22.907761952999969,0.0],[-46.211764344999928,-22.90780572799995,0.0],[-46.211491420999913,-22.907636473999911,0.0],[-46.211340625999959,-22.907609057999942,0.0],[-46.211255202999943,-22.907496444999961,0.0],[-46.211273676735971,-22.90723678516931,0.0],[-46.211273846999973,-22.90723439199995,0.0],[-46.211153212999918,-22.907151600999939,0.0],[-46.21107080428844,-22.907426368059259,0.0],[-46.211070052999958,-22.907428872999969,0.0],[-46.211093889999972,-22.907803339999919,0.0],[-46.211183222999964,-22.907968264999941,0.0],[-46.211384347999953,-22.90794895199998,0.0],[-46.211391701999922,-22.908028814999941,0.0],[-46.211572205999943,-22.908026686999971,0.0],[-46.212041112999927,-22.90816108099995,0.0],[-46.212061542999919,-22.90836748199996,0.0],[-46.212239328999956,-22.908595260999931,0.0],[-46.212698660999891,-22.908722645999958,0.0],[-46.213433484999918,-22.909175635999901,0.0],[-46.21384904799995,-22.90932361999991,0.0]]],[[[-46.20838858199992,-22.908477893999919,0.0],[-46.208310804999897,-22.908617360999951,0.0],[-46.208149591999948,-22.908720705999912,0.0],[-46.208099366999868,-22.908814977999931,0.0],[-46.20824089999995,-22.908860982999929,0.0],[-46.208537101203802,-22.908685742719431,0.0],[-46.208546937999976,-22.908679922999951,0.0],[-46.208800636999918,-22.90863252399993,0.0],[-46.208913928999948,-22.908549849999911,0.0],[-46.208981372999922,-22.90821963199993,0.0],[-46.208777637999937,-22.908194421,0.0],[-46.208771176648163,-22.908194236656399,0.0],[-46.208595763999881,-22.908189231999931,0.0],[-46.20856986099988,-22.908295942999931,0.0],[-46.20838858199992,-22.908477893999919,0.0]]],[[[-46.210573010999923,-22.906340457999939,0.0],[-46.21054782399996,-22.906310303999941,0.0],[-46.210392428999953,-22.906135037999931,0.0],[-46.210267974999951,-22.90603358899995,0.0],[-46.21017376599994,-22.906095622999949,0.0],[-46.210098020999951,-22.906209629999989,0.0],[-46.210095521999932,-22.906303558999959,0.0],[-46.210158727999953,-22.906609276999951,0.0],[-46.210136908999971,-22.90670751299993,0.0],[-46.210256611999959,-22.906747089999971,0.0],[-46.21049010399998,-22.906864238999969,0.0],[-46.210659399999919,-22.90698404199998,0.0],[-46.210857359999942,-22.907229962999931,0.0],[-46.210912874999948,-22.907487476999929,0.0],[-46.21094951499996,-22.907539254999971,0.0],[-46.210997352999968,-22.90751676699994,0.0],[-46.210975424999937,-22.90738441499996,0.0],[-46.21099214399991,-22.907210427999939,0.0],[-46.211064763999943,-22.907079598999921,0.0],[-46.21116679799993,-22.906942962999949,0.0],[-46.211202134999958,-22.90679628099997,0.0],[-46.210808166999968,-22.90666570499997,0.0],[-46.210726909999913,-22.906620705999959,0.0],[-46.210717906999903,-22.90653533099993,0.0],[-46.210573010999923,-22.906340457999939,0.0]]],[[[-46.211509066999923,-22.90549533199993,0.0],[-46.211808322999957,-22.90556854099998,0.0],[-46.211901964999953,-22.90551476199995,0.0],[-46.212497169999942,-22.905294443999939,0.0],[-46.21242219499991,-22.90518697199996,0.0],[-46.21229739199994,-22.905060686999899,0.0],[-46.212192807999919,-22.904912669999931,0.0],[-46.212164237999929,-22.904821635999919,0.0],[-46.212163794999938,-22.904760057999951,0.0],[-46.212298206999932,-22.904644685999951,0.0],[-46.212209239999943,-22.904491159999971,0.0],[-46.212251913999928,-22.90425110299995,0.0],[-46.21208357499993,-22.904012311999949,0.0],[-46.211874402999953,-22.903964884999951,0.0],[-46.211660969999983,-22.904020484999918,0.0],[-46.211491334999913,-22.90416131899994,0.0],[-46.211422958999947,-22.904331029999948,0.0],[-46.211428267999921,-22.90449746499996,0.0],[-46.211484293999909,-22.90457168699993,0.0],[-46.211800813999943,-22.90471335899997,0.0],[-46.211797749999938,-22.904985174999979,0.0],[-46.211414090999902,-22.904875374999921,0.0],[-46.211351554999943,-22.90480927399992,0.0],[-46.211226490999913,-22.904761516999951,0.0],[-46.211125758999941,-22.904890253999959,0.0],[-46.210958913999917,-22.904924083999958,0.0],[-46.210861859999937,-22.90497079599994,0.0],[-46.21083275099992,-22.905117592999961,0.0],[-46.210888118999932,-22.905397403999899,0.0],[-46.211369890999933,-22.905400010999958,0.0],[-46.211509066999923,-22.90549533199993,0.0]]],[[[-46.210551869999932,-22.905066315999939,0.0],[-46.210767557999922,-22.905281303999949,0.0],[-46.210837808999912,-22.905301213999952,0.0],[-46.210790543999963,-22.905107229999938,0.0],[-46.210817557999981,-22.904920819,0.0],[-46.211062143999989,-22.904819753999941,0.0],[-46.210985128999909,-22.904720555999941,0.0],[-46.210939112999903,-22.904650132999929,0.0],[-46.210937735857748,-22.90464711058609,0.0],[-46.210901932999917,-22.904568533999939,0.0],[-46.210976161999938,-22.904389537999979,0.0],[-46.210446990999927,-22.904425104999959,0.0],[-46.210204279999971,-22.904350307999941,0.0],[-46.210144589999949,-22.904288893999919,0.0],[-46.209947102999926,-22.90428059199996,0.0],[-46.209704840999933,-22.904252879999959,0.0],[-46.209412288999907,-22.904254302999931,0.0],[-46.20922645899995,-22.904265939999959,0.0],[-46.20904106099993,-22.90428163699994,0.0],[-46.208886780999919,-22.904292885999929,0.0],[-46.208513647999951,-22.904291946999908,0.0],[-46.208395518999929,-22.903984291999961,0.0],[-46.207921669999926,-22.903987885999989,0.0],[-46.20776795377801,-22.904316160462411,0.0],[-46.207767444999917,-22.904317246999948,0.0],[-46.207819268999941,-22.90444360399993,0.0],[-46.20807966099995,-22.904638899999899,0.0],[-46.208270338999959,-22.904608716999942,0.0],[-46.208526427999942,-22.904627126999952,0.0],[-46.209022922999928,-22.904683666,0.0],[-46.209626310999958,-22.90471632599996,0.0],[-46.210227165999932,-22.904813517999958,0.0],[-46.210466434999887,-22.904887543999941,0.0],[-46.210551869999932,-22.905066315999939,0.0]]],[[[-46.217162595360541,-22.885152694394669,0.0],[-46.217226411534639,-22.88521085451957,0.0],[-46.217385935378367,-22.885239903397959,0.0],[-46.217522814771208,-22.885248314700959,0.0],[-46.217739354884408,-22.88525989954109,0.0],[-46.217914695192093,-22.885276200768718,0.0],[-46.217927361625719,-22.885277378347819,0.0],[-46.2181256951718,-22.885308021059299,0.0],[-46.218268704301657,-22.884999293669981,0.0],[-46.218336840999918,-22.88485219999993,0.0],[-46.218281087999969,-22.884722210999929,0.0],[-46.21836878099991,-22.88458914299996,0.0],[-46.218423164644847,-22.884415070392532,0.0],[-46.218346431076149,-22.884417139990159,0.0],[-46.218286985281338,-22.8843911090073,0.0],[-46.218229581211347,-22.884365062357169,0.0],[-46.21815996071215,-22.88434289307169,0.0],[-46.218118186917117,-22.88434079508664,0.0],[-46.218094592459167,-22.884339610108761,0.0],[-46.218033231667633,-22.884350300735441,0.0],[-46.218015084216873,-22.884353462482839,0.0],[-46.217951926462817,-22.884369081459361,0.0],[-46.2178868789021,-22.884401741926698,0.0],[-46.217846365518973,-22.88443799822932,0.0],[-46.217779495604738,-22.88449526722632,0.0],[-46.217741175766548,-22.884548533742169,0.0],[-46.21772939808956,-22.88460159696174,0.0],[-46.217730208195483,-22.88469240163484,0.0],[-46.217745293395588,-22.884781205077331,0.0],[-46.217718582398803,-22.88476249072944,0.0],[-46.21771181594368,-22.884690650609741,0.0],[-46.217705100128093,-22.88462448578089,0.0],[-46.217714717971148,-22.88455819585192,0.0],[-46.217740855098491,-22.884512590225359,0.0],[-46.217773235467327,-22.88448018002882,0.0],[-46.21783804679454,-22.884421034909519,0.0],[-46.217864302007712,-22.884388671612779,0.0],[-46.21780612162371,-22.884275603660331,0.0],[-46.21774397607814,-22.884175809304981,0.0],[-46.217657583372457,-22.88410457902248,0.0],[-46.217581584870537,-22.884054079918599,0.0],[-46.217485253808583,-22.884013195940511,0.0],[-46.217417476101218,-22.884000280574622,0.0],[-46.21741602165995,-22.884034536896191,0.0],[-46.217513955730581,-22.884255138523919,0.0],[-46.217554334271341,-22.884432667296149,0.0],[-46.217565673405723,-22.884559337318791,0.0],[-46.217532953974228,-22.88466725710509,0.0],[-46.217526003607148,-22.88469018175293,0.0],[-46.217473341030072,-22.8847378823627,0.0],[-46.217437231636083,-22.88476623537159,0.0],[-46.217436843362989,-22.884766540242591,0.0],[-46.217422990095272,-22.884815835549659,0.0],[-46.217419649089848,-22.884899104441871,0.0],[-46.217391588182053,-22.884957968004208,0.0],[-46.2173427884264,-22.88498325199285,0.0],[-46.217328581915133,-22.884990612625,0.0],[-46.217222699631058,-22.885023585488671,0.0],[-46.21716408037404,-22.88509025054168,0.0],[-46.217162595360541,-22.885152694394669,0.0]]],[[[-46.218112986983108,-22.884318429897181,0.0],[-46.218122973708788,-22.884316689949159,0.0],[-46.218165883224493,-22.884320144976861,0.0],[-46.21826624744353,-22.88435532194276,0.0],[-46.21835652139486,-22.884403819416839,0.0],[-46.218422862522587,-22.88439142878903,0.0],[-46.21812089615586,-22.883855083920128,0.0],[-46.217651760409687,-22.88394829290057,0.0],[-46.217634755121033,-22.883951671522709,0.0],[-46.217473259447573,-22.88398375749307,0.0],[-46.217554705299442,-22.884016447891469,0.0],[-46.217665564536233,-22.884083707070221,0.0],[-46.217747705061129,-22.884136050983049,0.0],[-46.217824108743343,-22.88423195233981,0.0],[-46.21788001111203,-22.884318551230042,0.0],[-46.217910957360537,-22.884354260150651,0.0],[-46.217953833125513,-22.884353931707459,0.0],[-46.218006799239198,-22.884340282700219,0.0],[-46.218043465483341,-22.88433054233683,0.0],[-46.218112986983108,-22.884318429897181,0.0]],[[-46.217981690652429,-22.884103685211851,0.0],[-46.218108462323762,-22.884292206516669,0.0],[-46.218087076992781,-22.884299978408421,0.0],[-46.217943607730163,-22.884352118145351,0.0],[-46.217878795827318,-22.884182344221209,0.0],[-46.217881941645743,-22.884155107043181,0.0],[-46.217884482076272,-22.88413311143827,0.0],[-46.217910804743113,-22.884108315191671,0.0],[-46.217945429234469,-22.884098590492702,0.0],[-46.217978096422421,-22.884098340246879,0.0],[-46.217981690652429,-22.884103685211851,0.0]]],[[[-46.183113586706,-22.96596930891279,0.0],[-46.183035118105821,-22.96572253773698,0.0],[-46.182907809058342,-22.965501371361981,0.0],[-46.182641053953994,-22.965543746013299,0.0],[-46.182616959526037,-22.965907388641298,0.0],[-46.182702327763039,-22.96632069573052,0.0],[-46.182737801413893,-22.966638461129119,0.0],[-46.182657658183388,-22.96682583847759,0.0],[-46.182517244071853,-22.96697832865333,0.0],[-46.182360519899113,-22.967135988439349,0.0],[-46.182193683030803,-22.967384589205029,0.0],[-46.182124485009282,-22.967576932790621,0.0],[-46.182180840964243,-22.96778853259757,0.0],[-46.182274829075659,-22.96793927461092,0.0],[-46.18239550292035,-22.968024192308981,0.0],[-46.182537850206629,-22.968093803969708,0.0],[-46.182551964567331,-22.967836245860621,0.0],[-46.18258775210321,-22.96756338180202,0.0],[-46.182732036985882,-22.967229131263949,0.0],[-46.183079070058938,-22.967014522130249,0.0],[-46.183118945822137,-22.966585136522699,0.0],[-46.183142643583203,-22.96617606399418,0.0],[-46.183113586706,-22.96596930891279,0.0]]],[[[-46.185741741463893,-22.96580530866304,0.0],[-46.185564287514453,-22.966027794574838,0.0],[-46.185460930675767,-22.966256322976559,0.0],[-46.185408493541772,-22.96653872127386,0.0],[-46.185414129584807,-22.966956231358811,0.0],[-46.185331304122968,-22.967411643737211,0.0],[-46.185728670940392,-22.967343047263121,0.0],[-46.185754430105703,-22.967171219518491,0.0],[-46.185755175553723,-22.96693717133946,0.0],[-46.185765322394829,-22.966851337961,0.0],[-46.185830131325822,-22.96665094355151,0.0],[-46.185869954007018,-22.96654164487466,0.0],[-46.185997857821533,-22.966186501747579,0.0],[-46.185741741463893,-22.96580530866304,0.0]]],[[[-46.185620441510871,-22.96399697147724,0.0],[-46.185419015426817,-22.964028766005331,0.0],[-46.185395916278537,-22.964030715436891,0.0],[-46.185530798185852,-22.96435050872909,0.0],[-46.185554140466181,-22.964405851073462,0.0],[-46.185642340112437,-22.96446204547437,0.0],[-46.18573037457103,-22.964499289765669,0.0],[-46.18579796842269,-22.964539394198429,0.0],[-46.185845168876646,-22.96458777310102,0.0],[-46.18586021121385,-22.96463639249658,0.0],[-46.185860612604849,-22.964682414060771,0.0],[-46.18583539816089,-22.964725482129069,0.0],[-46.185865347740751,-22.964772591418139,0.0],[-46.185904431411053,-22.964877420687589,0.0],[-46.18592585237878,-22.9649794491127,0.0],[-46.185938067035138,-22.965085147880721,0.0],[-46.185933081819748,-22.96516452507678,0.0],[-46.185928132398857,-22.965240844848019,0.0],[-46.18589793885829,-22.96530998859118,0.0],[-46.185867786741781,-22.965383884979001,0.0],[-46.185827369701947,-22.965457858131501,0.0],[-46.18581994047004,-22.96548880793145,0.0],[-46.185820665880513,-22.965571979300559,0.0],[-46.185847405914913,-22.965695356263609,0.0],[-46.186068707038302,-22.966057302371109,0.0],[-46.186122938046282,-22.965982161692509,0.0],[-46.186118578328553,-22.965482433240538,0.0],[-46.186188694515018,-22.965396091150179,0.0],[-46.186230409879087,-22.9651787111247,0.0],[-46.186228472111758,-22.964956609580661,0.0],[-46.186133997557619,-22.964750344563249,0.0],[-46.185812433735087,-22.96445744129857,0.0],[-46.185620441510871,-22.96399697147724,0.0]]],[[[-46.163554938060017,-22.96170817651306,0.0],[-46.163367204833392,-22.96163613215349,0.0],[-46.163309659373247,-22.961549268165879,0.0],[-46.163248743511993,-22.9614323841583,0.0],[-46.163232156688117,-22.961303458194941,0.0],[-46.163262393600682,-22.961190107107239,0.0],[-46.16247949113805,-22.961086192588969,0.0],[-46.162180074359533,-22.961007178714361,0.0],[-46.162243183374393,-22.961150421686959,0.0],[-46.162721498117293,-22.961475445485132,0.0],[-46.162602334379088,-22.961801213532361,0.0],[-46.162353673937623,-22.962180645441229,0.0],[-46.16240537487429,-22.962252472972601,0.0],[-46.162483578955417,-22.962279288368819,0.0],[-46.162750990281992,-22.961866842469881,0.0],[-46.162989428329247,-22.962006672346121,0.0],[-46.163315520478093,-22.961998269997789,0.0],[-46.163383661080552,-22.96181853730068,0.0],[-46.163554938060017,-22.96170817651306,0.0]]],[[[-46.162245345620569,-22.961660517682311,0.0],[-46.162293507817921,-22.96165366283558,0.0],[-46.162432265445389,-22.961633913604501,0.0],[-46.16256624832549,-22.961626472548719,0.0],[-46.16256339124768,-22.961461370551209,0.0],[-46.16245814831796,-22.961418097595399,0.0],[-46.162243827404417,-22.96121330668629,0.0],[-46.162083474454541,-22.961030156754479,0.0],[-46.161598439771282,-22.96081585895832,0.0],[-46.161550241584877,-22.960861899942952,0.0],[-46.16160371272543,-22.960946180520651,0.0],[-46.161763424528907,-22.961071994458269,0.0],[-46.161716071972407,-22.961194345483591,0.0],[-46.161508879725083,-22.96117594412787,0.0],[-46.161403131314572,-22.96107214365486,0.0],[-46.161370959667018,-22.961031853452059,0.0],[-46.16114549830467,-22.961104333144991,0.0],[-46.161893722859823,-22.961525000829941,0.0],[-46.161985096667152,-22.961557403397379,0.0],[-46.162136873690727,-22.961611225727861,0.0],[-46.162245345620569,-22.961660517682311,0.0]]],[[[-46.16042884172343,-22.960686447446939,0.0],[-46.160432577954552,-22.961168435441792,0.0],[-46.160575860859993,-22.96122969638165,0.0],[-46.16092502056393,-22.96124410123592,0.0],[-46.16098518944321,-22.961103167211881,0.0],[-46.16084005255982,-22.961084006272539,0.0],[-46.160715638650792,-22.961048910324731,0.0],[-46.160592229710069,-22.960950649376901,0.0],[-46.160558795686377,-22.960842208391639,0.0],[-46.160581552462162,-22.96042173438525,0.0],[-46.160489107538517,-22.960413810423869,0.0],[-46.16042884172343,-22.960686447446939,0.0]]],[[[-46.189393401145928,-22.95831428616528,0.0],[-46.189447045326233,-22.958368620615978,0.0],[-46.189522147178579,-22.958413076059401,0.0],[-46.189661622047403,-22.958383439098672,0.0],[-46.189945936202982,-22.958343923141101,0.0],[-46.190031766891458,-22.958388378592591,0.0],[-46.190090775489807,-22.958506926391919,0.0],[-46.190117597579999,-22.958655110995011,0.0],[-46.190116264313488,-22.958698078861449,0.0],[-46.190255669533236,-22.95863335950283,0.0],[-46.190350951090672,-22.958478368174479,0.0],[-46.190074761442609,-22.9581180357312,0.0],[-46.189955002090727,-22.957892002058511,0.0],[-46.189888516841172,-22.957699520376149,0.0],[-46.189853402450453,-22.957622324262811,0.0],[-46.189811824407343,-22.957538754784611,0.0],[-46.189800997074727,-22.957552004857789,0.0],[-46.18980320708706,-22.95774158575783,0.0],[-46.189801027043039,-22.957747951359941,0.0],[-46.189854741096489,-22.9578153960978,0.0],[-46.189903020858758,-22.957953702439472,0.0],[-46.189903020858758,-22.958101887648599,0.0],[-46.18984401226043,-22.958175980192291,0.0],[-46.189683079719451,-22.958190798696201,0.0],[-46.189532876014702,-22.958156222184591,0.0],[-46.189355850219727,-22.958072250619779,0.0],[-46.189259290695183,-22.958067311114281,0.0],[-46.18920028209687,-22.958131524670989,0.0],[-46.189194917678833,-22.958200677697882,0.0],[-46.189393401145928,-22.95831428616528,0.0]]],[[[-46.188910603523311,-22.956249560865508,0.0],[-46.1890822649002,-22.956461962290891,0.0],[-46.189162731170697,-22.95652123704771,0.0],[-46.189291477203383,-22.956615088692971,0.0],[-46.189363896794283,-22.956736107774891,0.0],[-46.189404129981973,-22.956867005944989,0.0],[-46.189457774134887,-22.956955917772699,0.0],[-46.18947923183439,-22.957064587775179,0.0],[-46.189441680908203,-22.957163378582091,0.0],[-46.189312934875467,-22.957153499504589,0.0],[-46.189216375350988,-22.957079406400791,0.0],[-46.189055442810087,-22.957010252800689,0.0],[-46.18894815444942,-22.957015192344709,0.0],[-46.188878417015069,-22.957054708690599,0.0],[-46.188910603523311,-22.957143620426489,0.0],[-46.189001798629803,-22.957232532103991,0.0],[-46.189157366752617,-22.957410355283589,0.0],[-46.18931293487546,-22.957721545285409,0.0],[-46.189339756965609,-22.957830214641209,0.0],[-46.189409494400003,-22.95783515415518,0.0],[-46.18952751159668,-22.95776106142489,0.0],[-46.189537378690062,-22.957760475265431,0.0],[-46.189531000380342,-22.957730996672719,0.0],[-46.189531996722913,-22.957593998858929,0.0],[-46.189539001730481,-22.957408001821889,0.0],[-46.189558003020828,-22.957289999017309,0.0],[-46.189592725559422,-22.957194178627589,0.0],[-46.189635633917113,-22.95706299925925,0.0],[-46.18967352572448,-22.95692586920541,0.0],[-46.189652999766857,-22.956845004941911,0.0],[-46.189627425582252,-22.956772397779481,0.0],[-46.189551999172117,-22.956647001383619,0.0],[-46.189443998437078,-22.956523998883721,0.0],[-46.189255685066072,-22.956332430439989,0.0],[-46.189133998770018,-22.95616900313567,0.0],[-46.189052428994948,-22.956023565057119,0.0],[-46.189336318051517,-22.955681331536429,0.0],[-46.189037671050237,-22.95514866051364,0.0],[-46.189003723374142,-22.955076486302289,0.0],[-46.188974470721597,-22.955004737526679,0.0],[-46.188969001620571,-22.954976002138341,0.0],[-46.188984829293332,-22.954922613722609,0.0],[-46.188910603523311,-22.954896111391211,0.0],[-46.188835501670837,-22.954901051012371,0.0],[-46.188760399818413,-22.954960326453289,0.0],[-46.188899874687174,-22.955152971456648,0.0],[-46.18893742561341,-22.95525176365954,0.0],[-46.188958883285501,-22.955385133019259,0.0],[-46.188974976539583,-22.95547404585248,0.0],[-46.189004480819598,-22.955555549226322,0.0],[-46.189066171646097,-22.955587656610081,0.0],[-46.189135909080512,-22.95571608604719,0.0],[-46.189109086990378,-22.955790179897779,0.0],[-46.189039349555983,-22.955869213293699,0.0],[-46.188915967941277,-22.955874152879389,0.0],[-46.188792586326592,-22.955839575775581,0.0],[-46.188712120056188,-22.955800059074779,0.0],[-46.188647747039788,-22.955804998663009,0.0],[-46.188599467277527,-22.9558642737078,0.0],[-46.188658475875883,-22.956007521625381,0.0],[-46.188776493072481,-22.956131011087699,0.0],[-46.188910603523311,-22.956249560865508,0.0]]],[[[-46.166148790999948,-22.951867373999921,0.0],[-46.166148920802677,-22.951867032739891,0.0],[-46.165977157085663,-22.951948152012541,0.0],[-46.165815211118471,-22.952021035439131,0.0],[-46.165738599966019,-22.95211479957063,0.0],[-46.1655608646183,-22.9521519521954,0.0],[-46.165413478988889,-22.95211718848422,0.0],[-46.165196731646702,-22.952118780723271,0.0],[-46.164863869619317,-22.952121225371169,0.0],[-46.164600185423048,-22.95206580691007,0.0],[-46.164336440069192,-22.952003219132528,0.0],[-46.164139048007343,-22.951844480445459,0.0],[-46.163845411999922,-22.951826368999939,0.0],[-46.163803146999953,-22.95195311199992,0.0],[-46.163914585999962,-22.95205628699992,0.0],[-46.164135685890002,-22.952110613977901,0.0],[-46.164319711774198,-22.95215583114263,0.0],[-46.164531311999937,-22.95219283199998,0.0],[-46.164817882999927,-22.952245250999962,0.0],[-46.165125360603078,-22.952251412968849,0.0],[-46.165611618999947,-22.9522870989999,0.0],[-46.165876026999968,-22.952160123999931,0.0],[-46.166008803999937,-22.95205577899997,0.0],[-46.166077472999952,-22.951990783999982,0.0],[-46.166148790999948,-22.951867373999921,0.0]]],[[[-46.166686616608452,-22.952022059585062,0.0],[-46.166702100458267,-22.952019601374381,0.0],[-46.16670031248232,-22.95198623435509,0.0],[-46.166670122641747,-22.951968375467839,0.0],[-46.166613688141631,-22.951954882108371,0.0],[-46.166566824157918,-22.951919064900061,0.0],[-46.166516061104552,-22.951879412601428,0.0],[-46.166588283999921,-22.951882057999949,0.0],[-46.166781723,-22.951916914,0.0],[-46.166867386999947,-22.95190758799998,0.0],[-46.166933809999939,-22.951891260999961,0.0],[-46.167017116600391,-22.951858972770069,0.0],[-46.167139890999962,-22.951807687999938,0.0],[-46.167313790999962,-22.95177855799993,0.0],[-46.167434969999888,-22.951799897999908,0.0],[-46.167264345999961,-22.95194366899992,0.0],[-46.167148221999938,-22.952024161999908,0.0],[-46.167278979999942,-22.952071997999969,0.0],[-46.167723642999903,-22.951804957999961,0.0],[-46.167704857613607,-22.951751641589489,0.0],[-46.167693999653729,-22.951720824663759,0.0],[-46.167679313999933,-22.951679143999979,0.0],[-46.167438578999949,-22.951734387999981,0.0],[-46.167175200999942,-22.95176763999995,0.0],[-46.166843198,-22.951880802999948,0.0],[-46.166594314999941,-22.95185157799996,0.0],[-46.166394791999927,-22.951844084999941,0.0],[-46.16620198399994,-22.951871901999951,0.0],[-46.166117137999933,-22.951954075999939,0.0],[-46.166325192999942,-22.951983782999921,0.0],[-46.166471024999957,-22.95200937299991,0.0],[-46.166708152999917,-22.95203790599993,0.0],[-46.166686616608452,-22.952022059585062,0.0]]],[[[-46.135925605633737,-22.95167333478064,0.0],[-46.135953115851443,-22.951746217557279,0.0],[-46.135976720476783,-22.951780927506849,0.0],[-46.136068319512283,-22.95179688057403,0.0],[-46.136113361054043,-22.95182147155413,0.0],[-46.136129958795671,-22.951876162506871,0.0],[-46.136158829457301,-22.951888252717971,0.0],[-46.136176752107808,-22.95189575820995,0.0],[-46.136253976763477,-22.951908492312349,0.0],[-46.13625966876107,-22.951938678660269,0.0],[-46.136261483025002,-22.951948300235561,0.0],[-46.13629755793739,-22.95197295538674,0.0],[-46.136323025390347,-22.952015956454339,0.0],[-46.136388723127652,-22.952046565574921,0.0],[-46.136393243219253,-22.952048671521609,0.0],[-46.136394529048772,-22.952052153893241,0.0],[-46.136411592830697,-22.95209836717785,0.0],[-46.136412133860887,-22.952163138543309,0.0],[-46.136421752604747,-22.952241132104952,0.0],[-46.136404637626093,-22.952339248027169,0.0],[-46.136376346363917,-22.95238761690393,0.0],[-46.13630662773221,-22.952414690790459,0.0],[-46.136301566729607,-22.95245292782672,0.0],[-46.136325157700753,-22.952485976908669,0.0],[-46.136423634277783,-22.95244258898844,0.0],[-46.136754359074708,-22.952260734398749,0.0],[-46.136933885179218,-22.952208166396019,0.0],[-46.137044721959043,-22.952166727552211,0.0],[-46.137187610535747,-22.952113305267769,0.0],[-46.137196092003109,-22.952110134264679,0.0],[-46.137478526481473,-22.95194785491783,0.0],[-46.137670983298548,-22.951786220407762,0.0],[-46.137950264299832,-22.951683619746621,0.0],[-46.138009108576732,-22.951662001790471,0.0],[-46.138353474287037,-22.951550899773441,0.0],[-46.138342914151558,-22.951214015376198,0.0],[-46.138296919927548,-22.950805691562469,0.0],[-46.138122088325943,-22.95072808292932,0.0],[-46.137973328004847,-22.950694322057409,0.0],[-46.137653642229047,-22.950720899206271,0.0],[-46.137630130618788,-22.950722853823521,0.0],[-46.137582360541892,-22.950726825136432,0.0],[-46.137551399704357,-22.950729399023899,0.0],[-46.137057990481587,-22.95089592835993,0.0],[-46.13703123327263,-22.950904959064999,0.0],[-46.136989563383572,-22.950919022870369,0.0],[-46.136503318441306,-22.951094572005871,0.0],[-46.136336957504277,-22.951224846559651,0.0],[-46.13625141914342,-22.9512918301022,0.0],[-46.135931594286298,-22.951542278188189,0.0],[-46.13589067251003,-22.951570608878232,0.0],[-46.135925605633737,-22.95167333478064,0.0]],[[-46.137309494238018,-22.951361110543871,0.0],[-46.137237228832511,-22.951359716791789,0.0],[-46.137171525311963,-22.95136154028943,0.0],[-46.137144352689518,-22.951362294414789,0.0],[-46.137013767155523,-22.951321276485409,0.0],[-46.137001534668777,-22.951317434159559,0.0],[-46.1369642687403,-22.95128672260309,0.0],[-46.136893441883487,-22.951228352786469,0.0],[-46.136912870917669,-22.951220720142459,0.0],[-46.137036410236803,-22.951172187977239,0.0],[-46.137060221073533,-22.951162833924599,0.0],[-46.137111551225523,-22.951142668932619,0.0],[-46.137182135734868,-22.95118995874838,0.0],[-46.137258050197318,-22.95113397142838,0.0],[-46.137263827525231,-22.951084222395689,0.0],[-46.137238592946566,-22.951028960190261,0.0],[-46.137240241751897,-22.950979240754251,0.0],[-46.137295912947202,-22.95097119432241,0.0],[-46.137397333534381,-22.951002968321379,0.0],[-46.137477855803482,-22.951004302802591,0.0],[-46.137535846988108,-22.95102682895152,0.0],[-46.137557991047117,-22.951063441325299,0.0],[-46.137558873566533,-22.951064900457929,0.0],[-46.137561625133593,-22.951147089469011,0.0],[-46.137619424577032,-22.95114667498537,0.0],[-46.13767690431068,-22.95110802615044,0.0],[-46.137701291835207,-22.951061967303239,0.0],[-46.137640996574042,-22.951010780271751,0.0],[-46.137582909476833,-22.950976783862011,0.0],[-46.137652902607243,-22.950953339952999,0.0],[-46.137741729853232,-22.950960350235949,0.0],[-46.137778854611653,-22.950956260311528,0.0],[-46.137840270893243,-22.950894641213299,0.0],[-46.137947500582847,-22.950880489245961,0.0],[-46.138042472602159,-22.950881719790321,0.0],[-46.138046920933917,-22.950919924499281,0.0],[-46.137985232915199,-22.95094904449611,0.0],[-46.137888660245068,-22.951003268502031,0.0],[-46.137862816074552,-22.951121987405031,0.0],[-46.137816073393388,-22.95121026690272,0.0],[-46.137767042570317,-22.951271797163649,0.0],[-46.13769914554041,-22.951299049756329,0.0],[-46.137632849187511,-22.951270847738758,0.0],[-46.137579146258773,-22.951267409190539,0.0],[-46.13752160249696,-22.951298411126839,0.0],[-46.137490814286373,-22.951319662039069,0.0],[-46.137455817615937,-22.951331383965378,0.0],[-46.13737526319008,-22.95132622604747,0.0],[-46.137329545792262,-22.951350475007789,0.0],[-46.137309494238018,-22.951361110543871,0.0]]],[[[-46.167240971196158,-22.94998124342796,0.0],[-46.167523146721763,-22.950179364269541,0.0],[-46.168083078999977,-22.95055405099998,0.0],[-46.16815090547086,-22.950452076502341,0.0],[-46.168218945999961,-22.950349779999939,0.0],[-46.167877010999973,-22.950111607999919,0.0],[-46.167724527999937,-22.949976045999961,0.0],[-46.167383506999933,-22.94979807899994,0.0],[-46.167259217999948,-22.94968321299995,0.0],[-46.166965993999938,-22.949611550999951,0.0],[-46.166823204999943,-22.949527308999961,0.0],[-46.166619171999933,-22.949426025999969,0.0],[-46.166364355999967,-22.949355030999971,0.0],[-46.165924186999938,-22.94928489299993,0.0],[-46.165727847999939,-22.949344238999959,0.0],[-46.165563007999928,-22.949358720999939,0.0],[-46.165307768999973,-22.949277082,0.0],[-46.165238349999989,-22.949431441999931,0.0],[-46.16547596051263,-22.949478601072439,0.0],[-46.165687265999971,-22.949520538999931,0.0],[-46.165957083999963,-22.949435777999948,0.0],[-46.166255460999928,-22.949628741999959,0.0],[-46.166533826999967,-22.94963055099992,0.0],[-46.166720237999982,-22.949650592999941,0.0],[-46.166976673999947,-22.949795710999979,0.0],[-46.167240971196158,-22.94998124342796,0.0]]],[[[-46.136631154556007,-22.950268139113199,0.0],[-46.136659194590571,-22.950275991604151,0.0],[-46.136711105139938,-22.950093861813951,0.0],[-46.136735400021379,-22.950008622300661,0.0],[-46.136899857100254,-22.950013031736709,0.0],[-46.136931226802687,-22.950020056266649,0.0],[-46.13700262349095,-22.950036043901779,0.0],[-46.13700828918509,-22.950091732132758,0.0],[-46.137014127486466,-22.950149116864299,0.0],[-46.137017200063049,-22.950336290213809,0.0],[-46.137052036954678,-22.95034895780158,0.0],[-46.137077371970818,-22.950356577519649,0.0],[-46.137147648396372,-22.95037771371662,0.0],[-46.137182245065127,-22.950395642093198,0.0],[-46.13722120041038,-22.95041582916906,0.0],[-46.137273604927202,-22.95044298572418,0.0],[-46.137281380046581,-22.95044701486788,0.0],[-46.137293162143898,-22.95045113387312,0.0],[-46.13734970422405,-22.950470900891851,0.0],[-46.137394613772052,-22.95047201278528,0.0],[-46.137400969827489,-22.950470492679159,0.0],[-46.137468783139759,-22.95045427451559,0.0],[-46.137572152345577,-22.950410517105482,0.0],[-46.137653834827518,-22.95036548127943,0.0],[-46.137697788779548,-22.950353110994669,0.0],[-46.137721799348348,-22.950346353517219,0.0],[-46.137731244342191,-22.950345833137671,0.0],[-46.137811558408202,-22.950341408146389,0.0],[-46.13787726816399,-22.95033445727007,0.0],[-46.137884263387548,-22.950333717303241,0.0],[-46.137891386170161,-22.950330259982749,0.0],[-46.137938234191573,-22.95030752045502,0.0],[-46.137954964489857,-22.950271553611429,0.0],[-46.137960857457962,-22.950235664504721,0.0],[-46.13793695214671,-22.950178876071231,0.0],[-46.137770472615543,-22.95010837528606,0.0],[-46.137219414899583,-22.949662983651621,0.0],[-46.137037939956883,-22.949516305690199,0.0],[-46.136821842433477,-22.949341643162899,0.0],[-46.136663373890038,-22.949412429344449,0.0],[-46.136507631891938,-22.949481997385082,0.0],[-46.136470423453311,-22.949720243992971,0.0],[-46.136448499779007,-22.949860621515999,0.0],[-46.136413049014791,-22.95000750272418,0.0],[-46.136366160461492,-22.95020177304297,0.0],[-46.136361362359963,-22.950221320176901,0.0],[-46.136420145659493,-22.950215163599971,0.0],[-46.136426739456986,-22.950214068074189,0.0],[-46.13647426043299,-22.95020617269801,0.0],[-46.136520765992557,-22.950213008904289,0.0],[-46.136565891042501,-22.950239929222001,0.0],[-46.13657627433799,-22.950244417362342,0.0],[-46.136631154556007,-22.950268139113199,0.0]]],[[[-46.13623359336087,-22.94796235123184,0.0],[-46.136135319428512,-22.947883370837221,0.0],[-46.135672602015013,-22.947948844919871,0.0],[-46.135520104388831,-22.948041422411091,0.0],[-46.135469053818838,-22.948103039013471,0.0],[-46.13545850670338,-22.9481184358824,0.0],[-46.135441413767502,-22.94818390234057,0.0],[-46.135491292634327,-22.948214471336559,0.0],[-46.136117512241952,-22.948607419328258,0.0],[-46.136121528245283,-22.948615802737439,0.0],[-46.136301110197181,-22.948990678930588,0.0],[-46.13649086443025,-22.949386787080641,0.0],[-46.136835477798442,-22.94921124318725,0.0],[-46.136890097437252,-22.949121109288068,0.0],[-46.136854330354488,-22.949008480386102,0.0],[-46.136833228595037,-22.94894203181504,0.0],[-46.136685566572858,-22.948610967582741,0.0],[-46.136551081786813,-22.948309445627761,0.0],[-46.136445926510739,-22.94814994441743,0.0],[-46.13623359336087,-22.94796235123184,0.0]],[[-46.136753981195,-22.949092967717579,0.0],[-46.136755348701683,-22.949133106392079,0.0],[-46.136728785134572,-22.949165797871029,0.0],[-46.136675386474742,-22.94919868161676,0.0],[-46.136632141298712,-22.949211418363511,0.0],[-46.136585608134773,-22.94920123666957,0.0],[-46.136550252631302,-22.94916994473154,0.0],[-46.136531283290999,-22.949123240739731,0.0],[-46.136537156641907,-22.949084962020461,0.0],[-46.136581242284883,-22.949049277293529,0.0],[-46.136648178204268,-22.949030635332281,0.0],[-46.136711201233943,-22.94903783111253,0.0],[-46.136753981195,-22.949092967717579,0.0]]],[[[-45.92226509203222,-22.937343404701021,0.0],[-45.922301744271543,-22.937203902204828,0.0],[-45.922318098188057,-22.937056481721289,0.0],[-45.922313034456117,-22.936949365362299,0.0],[-45.92229678387752,-22.936898565544759,0.0],[-45.92229249297219,-22.93686314752739,0.0],[-45.922265990104748,-22.93684033324956,0.0],[-45.922184529106538,-22.93694129279104,0.0],[-45.922089265221643,-22.937063865243829,0.0],[-45.921998689583567,-22.937192152477891,0.0],[-45.921934422285929,-22.937314544779252,0.0],[-45.92189022514016,-22.937425336342269,0.0],[-45.921889540326887,-22.93755310137092,0.0],[-45.921915504290602,-22.937725212646551,0.0],[-45.921939617148837,-22.937852833627549,0.0],[-45.921972873650247,-22.93795743320922,0.0],[-45.922029183602262,-22.938033188510541,0.0],[-45.922197909654287,-22.938230309603188,0.0],[-45.922164587278672,-22.93808999115598,0.0],[-45.92213778828971,-22.937976304477189,0.0],[-45.922135534992293,-22.937857117893071,0.0],[-45.92215042500532,-22.937707027292479,0.0],[-45.922189842435557,-22.937548758245239,0.0],[-45.922232414836053,-22.937429311201079,0.0],[-45.92226509203222,-22.937343404701021,0.0]]],[[[-45.922050151833119,-22.93571201944809,0.0],[-45.92198540044577,-22.935759271870811,0.0],[-45.921935108752272,-22.935806440281588,0.0],[-45.921903696299943,-22.93586555292778,0.0],[-45.921898184428457,-22.935905764619509,0.0],[-45.921910386967689,-22.935999446325731,0.0],[-45.921935485434602,-22.93607564193195,0.0],[-45.922006479350451,-22.936309610994819,0.0],[-45.922051046802963,-22.936484803344399,0.0],[-45.92208341163559,-22.936566313995669,0.0],[-45.922135920494881,-22.93663297506076,0.0],[-45.922191303231109,-22.936696940764119,0.0],[-45.922288782845499,-22.936784769638699,0.0],[-45.922326541732517,-22.93680865802774,0.0],[-45.922222307536472,-22.93657756092896,0.0],[-45.922141590326731,-22.9364025786623,0.0],[-45.92206524754387,-22.936232928223131,0.0],[-45.922015259013698,-22.936111340262411,0.0],[-45.921982830860657,-22.9360204546986,0.0],[-45.921972019834691,-22.935918728981399,0.0],[-45.921988664197087,-22.9358141651389,0.0],[-45.922050151833119,-22.93571201944809,0.0]]],[[[-45.921792410773669,-22.936169014241859,0.0],[-45.921786778666998,-22.93625861003245,0.0],[-45.92177971407876,-22.936366993496819,0.0],[-45.921782026673917,-22.936478211633339,0.0],[-45.921784124133879,-22.936557650570531,0.0],[-45.921797177967058,-22.93664280413952,0.0],[-45.921850634936987,-22.936706054563579,0.0],[-45.921914960315419,-22.9367620190114,0.0],[-45.922005789323848,-22.936816384908251,0.0],[-45.922094833793267,-22.936837536108541,0.0],[-45.922146271557729,-22.93683290357222,0.0],[-45.922189901487528,-22.936826871818699,0.0],[-45.922224154189422,-22.936818005407581,0.0],[-45.922188058153871,-22.936784990125759,0.0],[-45.922167165973647,-22.93676270780027,0.0],[-45.922079645078391,-22.936650713190389,0.0],[-45.922027054616628,-22.936571998678271,0.0],[-45.921985723731147,-22.936447681777722,0.0],[-45.921927725437797,-22.936210958582301,0.0],[-45.921895016219892,-22.93607855563382,0.0],[-45.92189437348847,-22.936077850313769,0.0],[-45.921872564908369,-22.93596618293612,0.0],[-45.921874822145327,-22.93587241724423,0.0],[-45.9218947393598,-22.935824085950241,0.0],[-45.921929052821973,-22.935766295778301,0.0],[-45.922011028948234,-22.935700192807229,0.0],[-45.922149452322252,-22.935641797800759,0.0],[-45.922313993774168,-22.93559664413948,0.0],[-45.922449597545572,-22.9355489798406,0.0],[-45.922576634284518,-22.935517437092589,0.0],[-45.922742802913042,-22.935499059984881,0.0],[-45.923091790459068,-22.93548940450512,0.0],[-45.923152498506852,-22.935487942132902,0.0],[-45.923139757345481,-22.935449012963719,0.0],[-45.923078561100823,-22.935394475368501,0.0],[-45.923042710055583,-22.935397572986819,0.0],[-45.923003720239898,-22.935397799717801,0.0],[-45.922959855823613,-22.935369163470749,0.0],[-45.922944054290859,-22.93533891947266,0.0],[-45.922928262556013,-22.935310119981391,0.0],[-45.922890675710477,-22.935287225475321,0.0],[-45.922867320999387,-22.935293139527161,0.0],[-45.922848772329488,-22.935317804987321,0.0],[-45.922823858019299,-22.93532372810045,0.0],[-45.922786329921877,-22.93530950062209,0.0],[-45.922773676984441,-22.935283571998021,0.0],[-45.922745486873197,-22.93526640109102,0.0],[-45.922704888558798,-22.935259414269598,0.0],[-45.922662848111862,-22.9352697706097,0.0],[-45.922636413360273,-22.93528148079454,0.0],[-45.922591165633101,-22.935278854666791,0.0],[-45.922561347445622,-22.935251581228901,0.0],[-45.92253152927011,-22.9352243077849,0.0],[-45.922497100837603,-22.935207173089498,0.0],[-45.922444074754097,-22.935207481256629,0.0],[-45.92238495708073,-22.935229493292528,0.0],[-45.922335245857177,-22.93525867347768,0.0],[-45.922284072859199,-22.935302307799951,0.0],[-45.922237451420997,-22.935327136304771,0.0],[-45.922187593385758,-22.935334648809949,0.0],[-45.922136165969697,-22.935340725851059,0.0],[-45.922104837174047,-22.935320683930971,0.0],[-45.922081228093226,-22.935289040632021,0.0],[-45.92205284243493,-22.935242979416941,0.0],[-45.922040121172721,-22.935206939165521,0.0],[-45.922011852917649,-22.93517821205138,0.0],[-45.921949166105989,-22.935133794623589,0.0],[-45.921921044584593,-22.935126735129739,0.0],[-45.921875777356057,-22.935121219777439,0.0],[-45.921789863006786,-22.935101494807299,0.0],[-45.921733610216663,-22.93508593124777,0.0],[-45.921674345810359,-22.935086275381941,0.0],[-45.921641701974288,-22.935102355154282,0.0],[-45.921623201985582,-22.935134243024759,0.0],[-45.921622013914067,-22.935189143433782,0.0],[-45.921613184313152,-22.935267201267969,0.0],[-45.921621783976207,-22.935385605751801,0.0],[-45.921644498225888,-22.935515484805801,0.0],[-45.921689213090147,-22.935669793723651,0.0],[-45.921719637447232,-22.9357866268947,0.0],[-45.921754525528698,-22.935871653685069,0.0],[-45.921778506237317,-22.935958188375391,0.0],[-45.921791452426042,-22.936027452353311,0.0],[-45.921796551727837,-22.936089539071229,0.0],[-45.921792410773669,-22.936169014241859,0.0]]],[[[-46.190084168269898,-22.927900492486931,0.0],[-46.190310552920351,-22.92820646163425,0.0],[-46.190442535957963,-22.92803899570681,0.0],[-46.190575735022257,-22.92783220177855,0.0],[-46.190523521147583,-22.92769759574211,0.0],[-46.190084168269898,-22.927900492486931,0.0]]],[[[-46.191170754395557,-22.926785077094351,0.0],[-46.190693776607738,-22.92689156581288,0.0],[-46.190565716643263,-22.926950922738509,0.0],[-46.190487071563368,-22.92713314569848,0.0],[-46.190430193424902,-22.927380507673959,0.0],[-46.190482078327022,-22.92747613970872,0.0],[-46.190572287239931,-22.927523309764581,0.0],[-46.190832876245402,-22.9272911079116,0.0],[-46.191134467995298,-22.927389871095979,0.0],[-46.191294690902097,-22.927385535191721,0.0],[-46.191402306886197,-22.927315666253509,0.0],[-46.19142764193446,-22.92722473526516,0.0],[-46.19156782296816,-22.92705568534257,0.0],[-46.191170754395557,-22.926785077094351,0.0]]],[[[-46.191258665565186,-22.926466268134639,0.0],[-46.191257343809532,-22.9261172651204,0.0],[-46.191275917905919,-22.92596313612551,0.0],[-46.19111807594178,-22.926047602034281,0.0],[-46.191100869905938,-22.926113793026541,0.0],[-46.190673899101768,-22.926200723774279,0.0],[-46.19110550950473,-22.926684808051409,0.0],[-46.191204338467408,-22.926653187109341,0.0],[-46.191258665565186,-22.926466268134639,0.0]]],[[[-46.190710159683533,-22.924202337480299,0.0],[-46.190689030458422,-22.924310300894341,0.0],[-46.190727527430042,-22.924352762441089,0.0],[-46.190685975887313,-22.924419987469129,0.0],[-46.190672417759217,-22.924475850329131,0.0],[-46.190704927780452,-22.924522074187681,0.0],[-46.190761580750817,-22.924575551802491,0.0],[-46.190834350721623,-22.924636343341721,0.0],[-46.190836443237437,-22.92463855525699,0.0],[-46.190965937760971,-22.924517019099671,0.0],[-46.190920582978009,-22.924304265061281,0.0],[-46.190909373092339,-22.924165473047282,0.0],[-46.190947726137807,-22.924020116062891,0.0],[-46.190928928275603,-22.923863915043452,0.0],[-46.190746820771167,-22.923543509916851,0.0],[-46.190711457944772,-22.92337140288658,0.0],[-46.190520919347279,-22.923200924762629,0.0],[-46.190520451128037,-22.923201058688591,0.0],[-46.190509448397883,-22.92327820670436,0.0],[-46.190542465863359,-22.92341591648789,0.0],[-46.190522948970212,-22.92344538906978,0.0],[-46.190511446055453,-22.92350681263142,0.0],[-46.190533923373238,-22.92355311176291,0.0],[-46.190538228683877,-22.923586536198851,0.0],[-46.190514524461562,-22.923629464179449,0.0],[-46.19048080405372,-22.92367432596102,0.0],[-46.190469252383082,-22.92373017376535,0.0],[-46.190483655068547,-22.92377095732235,0.0],[-46.190548252357502,-22.923815081935821,0.0],[-46.190568560835708,-22.923842810256438,0.0],[-46.190574872652803,-22.923876219644409,0.0],[-46.190557171612099,-22.923917243911269,0.0],[-46.190541736919819,-22.923987990485521,0.0],[-46.190558341052721,-22.924051062002611,0.0],[-46.190574831504378,-22.924101123424961,0.0],[-46.190594977604889,-22.924110265893699,0.0],[-46.190614847575183,-22.924087812422719,0.0],[-46.190672548422768,-22.924031618549609,0.0],[-46.190700574271368,-22.924023973558651,0.0],[-46.190732824271677,-22.924040460066699,0.0],[-46.19074526931869,-22.924086834394281,0.0],[-46.190717519616797,-22.924126075329362,0.0],[-46.190710159683533,-22.924202337480299,0.0]]],[[[-46.193055459999982,-22.923422799999969,0.0],[-46.19297783699993,-22.923329791999919,0.0],[-46.192890205999937,-22.923271203999931,0.0],[-46.192828788999961,-22.923258623,0.0],[-46.192690180999918,-22.923425328999951,0.0],[-46.192754719999982,-22.923538202999971,0.0],[-46.192847025999981,-22.92366983199997,0.0],[-46.193005132999957,-22.92361014399992,0.0],[-46.193055459999982,-22.923422799999969,0.0]]],[[[-46.194989071443473,-22.923355793530291,0.0],[-46.194974646386697,-22.923443610524689,0.0],[-46.195003754348917,-22.923502818542481,0.0],[-46.19513313830884,-22.923567903615819,0.0],[-46.195295806291419,-22.923598648706669,0.0],[-46.195352382479918,-22.923307488729929,0.0],[-46.195372207577883,-22.923156086736739,0.0],[-46.195183169548891,-22.92319670263328,0.0],[-46.195068887562471,-22.92317310256945,0.0],[-46.194989071443473,-22.923355793530291,0.0]],[[-46.195112386521707,-22.923237252595229,0.0],[-46.195164539509861,-22.92325682862462,0.0],[-46.195267097509038,-22.92326050268149,0.0],[-46.195261025417572,-22.923402184681979,0.0],[-46.195242727357773,-22.923494571674421,0.0],[-46.195189956332591,-22.92353236464626,0.0],[-46.195114439347002,-22.923508273603801,0.0],[-46.19504075342585,-22.923384291559639,0.0],[-46.195112386521707,-22.923237252595229,0.0]]],[[[-46.190189976086543,-22.922471571846451,0.0],[-46.19007637659297,-22.9223540643906,0.0],[-46.189976178616597,-22.92251486090527,0.0],[-46.190057851438432,-22.92266659415542,0.0],[-46.190114933901128,-22.92287486445931,0.0],[-46.190388364901253,-22.923104563229639,0.0],[-46.190448847820903,-22.92330419583082,0.0],[-46.190501032729138,-22.92323798531703,0.0],[-46.190589980851797,-22.923037004372649,0.0],[-46.19045588108613,-22.92284327226702,0.0],[-46.190514911174454,-22.922701698303591,0.0],[-46.19031060048647,-22.922459794145009,0.0],[-46.190189976086543,-22.922471571846451,0.0]]],[[[-46.190147177907171,-22.921590933282332,0.0],[-46.190071308432238,-22.921590067797489,0.0],[-46.190021731520808,-22.92165735280204,0.0],[-46.189982251762032,-22.92173199695349,0.0],[-46.189969359088181,-22.921864061778479,0.0],[-46.189974320824327,-22.921930933187969,0.0],[-46.189978456270737,-22.921986668274801,0.0],[-46.190014848478803,-22.92201799356739,0.0],[-46.190149411067132,-22.92203185472049,0.0],[-46.190195738205077,-22.922051953263999,0.0],[-46.190206160160962,-22.92209648411448,0.0],[-46.190158898078508,-22.922199067243771,0.0],[-46.190101425034143,-22.92228128111347,0.0],[-46.190143950385931,-22.922325571353081,0.0],[-46.190225085663513,-22.922425333384741,0.0],[-46.190335457431047,-22.92242636474171,0.0],[-46.190384183133183,-22.922141197573399,0.0],[-46.190385219036429,-22.9220903612513,0.0],[-46.190392255574601,-22.921745047611889,0.0],[-46.190349575535492,-22.92173483208386,0.0],[-46.19030847818749,-22.92171588161073,0.0],[-46.190277958431523,-22.921680602441121,0.0],[-46.19026272691891,-22.921647615987482,0.0],[-46.190260530828823,-22.92161934645949,0.0],[-46.190259464572193,-22.9215922141315,0.0],[-46.190147177907171,-22.921590933282332,0.0]]],[[[-46.195808377560482,-22.921272835134442,0.0],[-46.196141470109673,-22.921338699672759,0.0],[-46.19626567899995,-22.92134450899993,0.0],[-46.196237683617163,-22.921268783208429,0.0],[-46.196213614999962,-22.921203678999959,0.0],[-46.196058228999973,-22.921174340999961,0.0],[-46.195872964999971,-22.92115085199994,0.0],[-46.195759410999969,-22.921122927999939,0.0],[-46.19570943088732,-22.921073501452241,0.0],[-46.19564401599996,-22.921008810999972,0.0],[-46.195562231999972,-22.921065274999929,0.0],[-46.195683548999938,-22.921243463999929,0.0],[-46.195808377560482,-22.921272835134442,0.0]]],[[[-46.190060573371433,-22.920812620506261,0.0],[-46.190092579583691,-22.920903805959721,0.0],[-46.190109238538923,-22.92095620693345,0.0],[-46.190117672605552,-22.921017139969479,0.0],[-46.190113577076247,-22.921151362403918,0.0],[-46.190164273749843,-22.921206477367871,0.0],[-46.190307510793517,-22.92129462168506,0.0],[-46.190358175340293,-22.921351861819421,0.0],[-46.190376704268417,-22.921405625425621,0.0],[-46.190353162714217,-22.921467139233101,0.0],[-46.190333731465252,-22.921539774468279,0.0],[-46.190267973196264,-22.921592311185758,0.0],[-46.190281240559123,-22.92165027490751,0.0],[-46.190318539886967,-22.921698792303761,0.0],[-46.190392563111473,-22.92172995544508,0.0],[-46.190508108828098,-22.921690051617521,0.0],[-46.190575649355118,-22.921582191860981,0.0],[-46.190601539538193,-22.921530760905821,0.0],[-46.190598479377741,-22.921481986862489,0.0],[-46.190592012908809,-22.921457423174932,0.0],[-46.190587581820893,-22.92144059112972,0.0],[-46.190552852306453,-22.921384734980631,0.0],[-46.19048364916204,-22.921302298931462,0.0],[-46.19042515174835,-22.92123930138845,0.0],[-46.190384387472562,-22.92109565585049,0.0],[-46.190290393645903,-22.920888973205599,0.0],[-46.190158099564897,-22.920519107602662,0.0],[-46.190072071731002,-22.92031968463553,0.0],[-46.189997218396726,-22.920193373375621,0.0],[-46.189904269767837,-22.920106235267649,0.0],[-46.189881286982398,-22.92011702052767,0.0],[-46.189836872617917,-22.92020099515657,0.0],[-46.189837602943207,-22.920284631525021,0.0],[-46.189861941827751,-22.92034330472028,0.0],[-46.189877133124909,-22.920379926005321,0.0],[-46.189952393196592,-22.92038094048041,0.0],[-46.189996437360833,-22.920369458187039,0.0],[-46.190024770920047,-22.92039712647248,0.0],[-46.190035143970498,-22.9204360815936,0.0],[-46.190010544651223,-22.920512893874871,0.0],[-46.189958316727953,-22.920564522105749,0.0],[-46.189972146073707,-22.920640053825991,0.0],[-46.189982851608477,-22.920659492402429,0.0],[-46.190025006374754,-22.920739196279619,0.0],[-46.190060573371433,-22.920812620506261,0.0]]],[[[-46.190742715265444,-22.91830671720027,0.0],[-46.190844346602567,-22.918228951782069,0.0],[-46.1908434029489,-22.917755091984411,0.0],[-46.190746555384571,-22.91781199178137,0.0],[-46.190455335884053,-22.917983088179451,0.0],[-46.19043766755631,-22.91805965899982,0.0],[-46.190481843242331,-22.918089509533772,0.0],[-46.190613230795243,-22.918124064589339,0.0],[-46.190578762355273,-22.918204288035341,0.0],[-46.19049958753461,-22.918290769952161,0.0],[-46.190449858337011,-22.91845403447909,0.0],[-46.190457597667539,-22.91860798320327,0.0],[-46.190494032563173,-22.918752831807531,0.0],[-46.190501616740377,-22.918889011677461,0.0],[-46.190438504219081,-22.918984258163292,0.0],[-46.190349711932981,-22.919067850441941,0.0],[-46.190278156119817,-22.91911157777221,0.0],[-46.19026073846296,-22.919130712355919,0.0],[-46.190229518348893,-22.919216834721869,0.0],[-46.190236481489613,-22.919281939229009,0.0],[-46.190253242676313,-22.919370663641651,0.0],[-46.19025425670435,-22.919486753422809,0.0],[-46.190293107457457,-22.91954214158228,0.0],[-46.190341890841033,-22.919636549293489,0.0],[-46.190349216253537,-22.919743114422339,0.0],[-46.190327117821312,-22.919834480854981,0.0],[-46.190318358254792,-22.91987069743567,0.0],[-46.190159878853962,-22.92004816822007,0.0],[-46.190259761543032,-22.920116955061491,0.0],[-46.190416365215029,-22.920109857855611,0.0],[-46.190568426279718,-22.919948787845861,0.0],[-46.190576697756718,-22.91979768079057,0.0],[-46.190480801137518,-22.91943411459906,0.0],[-46.190732552650992,-22.918973168656098,0.0],[-46.190721227789503,-22.918774821831089,0.0],[-46.190645445209512,-22.918517724916448,0.0],[-46.19067968079522,-22.918410848192099,0.0],[-46.190742715265444,-22.91830671720027,0.0]]],[[[-45.644454752525562,-23.271283490623102,0.0],[-45.644571267802348,-23.27100073451977,0.0],[-45.643940479647597,-23.27146940912678,0.0],[-45.644124589363443,-23.2717131045016,0.0],[-45.644327804926952,-23.271498459535859,0.0],[-45.644454752525562,-23.271283490623102,0.0]]],[[[-45.646011111644981,-23.270776393047509,0.0],[-45.64616836014438,-23.270913785312722,0.0],[-45.646340392629511,-23.27080527115077,0.0],[-45.646585585267133,-23.270602836654721,0.0],[-45.646508693559618,-23.270485562697321,0.0],[-45.646627508915103,-23.270423174306931,0.0],[-45.646754790511139,-23.270356537153148,0.0],[-45.646941486892153,-23.270256916417171,0.0],[-45.646986429029333,-23.270331997782431,0.0],[-45.647177662598658,-23.270203965149651,0.0],[-45.647743699261923,-23.269790686957709,0.0],[-45.647290899691967,-23.269903140039379,0.0],[-45.64719857615767,-23.26987283970001,0.0],[-45.647195445116992,-23.269870292419679,0.0],[-45.647160431753271,-23.26987670323896,0.0],[-45.647120362735997,-23.269817144528389,0.0],[-45.647108155012248,-23.269799276870199,0.0],[-45.647045241745523,-23.269707194685651,0.0],[-45.646985127296063,-23.26961555953843,0.0],[-45.64688536554619,-23.269551652635329,0.0],[-45.646825473056673,-23.269505957973411,0.0],[-45.646775370485948,-23.26942806392422,0.0],[-45.646730262700537,-23.269354743425641,0.0],[-45.646690238380067,-23.269304372704521,0.0],[-45.646635429472617,-23.26928162775684,0.0],[-45.646595582568388,-23.26926800945423,0.0],[-45.646506165355902,-23.26928675433394,0.0],[-45.646277716135131,-23.2693474189524,0.0],[-45.646044139087238,-23.269375945315758,0.0],[-45.645969609254948,-23.26936764954835,0.0],[-45.645914361332252,-23.26934150082927,0.0],[-45.645894325754277,-23.26933201802731,0.0],[-45.645544628807102,-23.269881947990019,0.0],[-45.645434300094117,-23.270045418110829,0.0],[-45.645400261302711,-23.270153158047709,0.0],[-45.645309894928758,-23.270378717401918,0.0],[-45.645244991566521,-23.270647377389171,0.0],[-45.645148812545727,-23.27090287756528,0.0],[-45.645227150829683,-23.27091470222453,0.0],[-45.645396862195547,-23.270959105536789,0.0],[-45.645713159517392,-23.271055086423239,0.0],[-45.645921243605393,-23.27082063380352,0.0],[-45.646011111644981,-23.270776393047509,0.0]]],[[[-45.643388432153778,-23.27022381179885,0.0],[-45.643391047472107,-23.270227070358501,0.0],[-45.64345673875733,-23.270420371229122,0.0],[-45.64351289963313,-23.270490796558441,0.0],[-45.643575647949731,-23.270611542911869,0.0],[-45.643649450015012,-23.27072333573923,0.0],[-45.64378466570065,-23.27075908728467,0.0],[-45.643862797085951,-23.270769393933559,0.0],[-45.643957472229367,-23.270794922766211,0.0],[-45.64402796981949,-23.270777009114259,0.0],[-45.644141237851429,-23.270748227286909,0.0],[-45.644317199042653,-23.270658479187691,0.0],[-45.644564120377403,-23.270350848816499,0.0],[-45.644911945782567,-23.27008535020676,0.0],[-45.6450325468969,-23.269963562103971,0.0],[-45.645118295862588,-23.269995136921349,0.0],[-45.64520539075766,-23.269770344617658,0.0],[-45.645163970025948,-23.26951475258258,0.0],[-45.64527956849642,-23.269170703902692,0.0],[-45.645332506003299,-23.269125302871672,0.0],[-45.64537477690056,-23.269051770052599,0.0],[-45.645291225832189,-23.26895178645109,0.0],[-45.645305767317687,-23.268873626159969,0.0],[-45.645310197580187,-23.26887087106962,0.0],[-45.645323001142273,-23.268842121737141,0.0],[-45.645320507918314,-23.268836812380009,0.0],[-45.645369149023303,-23.268611499163171,0.0],[-45.645359492138667,-23.26850588962434,0.0],[-45.645358650804312,-23.268496688621209,0.0],[-45.64529365403547,-23.268423449445571,0.0],[-45.645273781838142,-23.26841551420425,0.0],[-45.645071291837738,-23.268490243592989,0.0],[-45.644881154533678,-23.268545534809721,0.0],[-45.644777746683211,-23.268575605310581,0.0],[-45.644711517786313,-23.26859486430962,0.0],[-45.6446773678189,-23.26862772877292,0.0],[-45.644636044486163,-23.26866749654403,0.0],[-45.644628042076967,-23.2686751977093,0.0],[-45.644622902937861,-23.268680143389179,0.0],[-45.644613998895743,-23.26868871224373,0.0],[-45.644492423204447,-23.268805711129339,0.0],[-45.644460579299768,-23.26883635619815,0.0],[-45.644454504599487,-23.268842202200261,0.0],[-45.644447504495062,-23.268848896444901,0.0],[-45.644434722138719,-23.268861120291479,0.0],[-45.644208016615607,-23.26927593165102,0.0],[-45.643988857400693,-23.269518843928651,0.0],[-45.643896190507348,-23.269592301472191,0.0],[-45.643792487905607,-23.26981565508153,0.0],[-45.643657183506008,-23.270067766002619,0.0],[-45.643570470289973,-23.270114215956831,0.0],[-45.64353799641129,-23.270112999229209,0.0],[-45.643477003610343,-23.270102003505489,0.0],[-45.643404997936223,-23.270079996820641,0.0],[-45.643400823513133,-23.270178119051991,0.0],[-45.643388432153778,-23.27022381179885,0.0]]],[[[-45.64915317164936,-23.26979206657089,0.0],[-45.64819401643453,-23.268096923656081,0.0],[-45.647555583734317,-23.268869425427031,0.0],[-45.648457109040542,-23.26896127562399,0.0],[-45.648551003781392,-23.269304032747559,0.0],[-45.648982982932218,-23.269803053313051,0.0],[-45.648988684166902,-23.26980503993337,0.0],[-45.649082561441148,-23.26980503988619,0.0],[-45.64915317164936,-23.26979206657089,0.0]]],[[[-45.645593514341073,-23.268159852669829,0.0],[-45.645540721015593,-23.268145722071509,0.0],[-45.645489013239242,-23.26813779090396,0.0],[-45.645444607887413,-23.268147364001749,0.0],[-45.645401485369128,-23.268158213432979,0.0],[-45.645368921505352,-23.26817188898395,0.0],[-45.645253943136751,-23.268271661921968,0.0],[-45.645370935606387,-23.26835373188193,0.0],[-45.64541034871516,-23.268398400220509,0.0],[-45.64545664729421,-23.268446319123381,0.0],[-45.64548095585743,-23.268486796323899,0.0],[-45.645495577269713,-23.26858048461385,0.0],[-45.645481061654742,-23.268715407543489,0.0],[-45.645392294512718,-23.268853841774149,0.0],[-45.64543007375228,-23.268887733878241,0.0],[-45.645620383434157,-23.268705869003679,0.0],[-45.645741383960207,-23.268577759803041,0.0],[-45.645840732385388,-23.268487937808601,0.0],[-45.645869830756581,-23.268375324097459,0.0],[-45.645811300171793,-23.268284386547009,0.0],[-45.645773012188123,-23.26824117309414,0.0],[-45.645671125975753,-23.268220433347711,0.0],[-45.645593514341073,-23.268159852669829,0.0]]],[[[-45.643825586638229,-23.268171858845911,0.0],[-45.64382509291071,-23.268172160985351,0.0],[-45.643815023714652,-23.268178322888531,0.0],[-45.64379465172108,-23.268190789645011,0.0],[-45.643775743741898,-23.26820236048518,0.0],[-45.643725829849167,-23.26823290554163,0.0],[-45.643710515482617,-23.2682416641827,0.0],[-45.643693594295407,-23.268250020004949,0.0],[-45.64368705393909,-23.268252907433681,0.0],[-45.643631728914883,-23.268276560628848,0.0],[-45.643479612255689,-23.268306927531949,0.0],[-45.643286666061833,-23.26830484329054,0.0],[-45.643336231303657,-23.268324007895359,0.0],[-45.643437672323792,-23.26838588934573,0.0],[-45.643521816622368,-23.268479263024101,0.0],[-45.643710987753039,-23.26864522897009,0.0],[-45.643863950662137,-23.26869590913223,0.0],[-45.64390680400961,-23.26865725274866,0.0],[-45.643916207961098,-23.26859179713697,0.0],[-45.643915875106813,-23.268522533403171,0.0],[-45.643977875256518,-23.26842351217066,0.0],[-45.644066493981782,-23.268374406498509,0.0],[-45.644152416146973,-23.26834198677351,0.0],[-45.644221727679863,-23.268319896666299,0.0],[-45.64425350502583,-23.268287699078989,0.0],[-45.64426588278954,-23.268263277226609,0.0],[-45.644242102395381,-23.268226176898729,0.0],[-45.644178165394827,-23.26821104703588,0.0],[-45.644085129053657,-23.268207580725889,0.0],[-45.644057554265324,-23.26820072245329,0.0],[-45.644012969346612,-23.268189633488721,0.0],[-45.643983657963247,-23.26818234328265,0.0],[-45.643971249196973,-23.26817768209472,0.0],[-45.643952329629784,-23.268170575208469,0.0],[-45.643944225711643,-23.26816753107742,0.0],[-45.64391272390769,-23.268155697830711,0.0],[-45.643894499868338,-23.268129686960641,0.0],[-45.643893059296147,-23.268108319068229,0.0],[-45.643894511522241,-23.268104233599491,0.0],[-45.643905387800849,-23.268073635948099,0.0],[-45.643927490044852,-23.268050456920012,0.0],[-45.643971854782812,-23.268037448061911,0.0],[-45.644039870342148,-23.268034603659121,0.0],[-45.644051019252153,-23.26803390372849,0.0],[-45.644127310104729,-23.268029114152689,0.0],[-45.644231274077583,-23.2679953376703,0.0],[-45.644307397517991,-23.267946283144632,0.0],[-45.644378643111807,-23.26788816941794,0.0],[-45.644406968176497,-23.267865065158421,0.0],[-45.64443907293424,-23.267835139024971,0.0],[-45.64448954452299,-23.267815466078751,0.0],[-45.64461405345866,-23.267817760301359,0.0],[-45.644741597844423,-23.267857531265481,0.0],[-45.644939190769477,-23.267978929659911,0.0],[-45.644935438533949,-23.267916248997501,0.0],[-45.644924999995098,-23.267881496827489,0.0],[-45.64487671059036,-23.267807360315079,0.0],[-45.644831989533273,-23.267763259404031,0.0],[-45.64479418437223,-23.267733364414301,0.0],[-45.644716295918897,-23.26767059649174,0.0],[-45.644620054894162,-23.267636517212701,0.0],[-45.644551962793088,-23.267616137312469,0.0],[-45.644441535402947,-23.267678939045499,0.0],[-45.644330324255257,-23.267726694392088,0.0],[-45.644235210769871,-23.26774989382459,0.0],[-45.644178970200322,-23.267789225885281,0.0],[-45.644147338781217,-23.26781216475446,0.0],[-45.64413343526104,-23.26785458151117,0.0],[-45.644106370103508,-23.267889286802031,0.0],[-45.644105393256197,-23.2678905393999,0.0],[-45.644049074283281,-23.267913579541741,0.0],[-45.643957377788801,-23.26791395571648,0.0],[-45.643936404960982,-23.267953143016321,0.0],[-45.64391196796246,-23.268005378278861,0.0],[-45.643861062100108,-23.26810348792964,0.0],[-45.64382718372601,-23.268168780822538,0.0],[-45.643825586638229,-23.268171858845911,0.0]]],[[[-45.644378184208129,-23.267374469208669,0.0],[-45.644381858865557,-23.267426646714281,0.0],[-45.64438763892975,-23.26743768626601,0.0],[-45.644400864031837,-23.26746294535452,0.0],[-45.644450735581863,-23.26751018843796,0.0],[-45.64449885729141,-23.267549530720942,0.0],[-45.644538351354889,-23.26757467406976,0.0],[-45.644542760252442,-23.267576011772931,0.0],[-45.644588313631992,-23.267589833109941,0.0],[-45.64460006894339,-23.267593399782751,0.0],[-45.644673881779319,-23.267621213801391,0.0],[-45.644727471997463,-23.26763464835258,0.0],[-45.644784367185757,-23.267655138598709,0.0],[-45.644830260253443,-23.267679294355961,0.0],[-45.644865364373359,-23.267699982698449,0.0],[-45.644920876370698,-23.267744881619599,0.0],[-45.64495074987812,-23.267803760700708,0.0],[-45.644987050859491,-23.267868752668349,0.0],[-45.64499907011934,-23.267919791722001,0.0],[-45.645003903114073,-23.26797383641728,0.0],[-45.645036456282867,-23.268007480688151,0.0],[-45.645096672243959,-23.267986180524591,0.0],[-45.645101404784313,-23.26798450648409,0.0],[-45.64515145517727,-23.267945441771349,0.0],[-45.645163339614633,-23.26793616587193,0.0],[-45.645252582433031,-23.267854319878069,0.0],[-45.645308798564898,-23.267819359961319,0.0],[-45.645394516484068,-23.26783866902332,0.0],[-45.645499877409812,-23.267790852637209,0.0],[-45.645593898115308,-23.267730091103871,0.0],[-45.645611393981397,-23.267718784266918,0.0],[-45.64565929719496,-23.267686384002651,0.0],[-45.64571852937177,-23.267646182025281,0.0],[-45.645799672558361,-23.267591003057479,0.0],[-45.64586864213986,-23.267545131845811,0.0],[-45.645904720655423,-23.267521136239679,0.0],[-45.645927539388062,-23.267504774615549,0.0],[-45.645977539350312,-23.267438494364171,0.0],[-45.645971298412867,-23.267294905323752,0.0],[-45.645941530092443,-23.267224153994221,0.0],[-45.645937903064272,-23.26722364800149,0.0],[-45.645772728641333,-23.267200605059781,0.0],[-45.645566274938012,-23.267142577350469,0.0],[-45.645461082128449,-23.267094523087721,0.0],[-45.645277270061953,-23.26706757198853,0.0],[-45.645179807938447,-23.267067972565741,0.0],[-45.645060104625728,-23.267120414625399,0.0],[-45.644921625149607,-23.26716600704431,0.0],[-45.644827994821988,-23.267183708380529,0.0],[-45.644777932699682,-23.267189123810819,0.0],[-45.644756434907137,-23.26719144931246,0.0],[-45.644712844775,-23.267194375096981,0.0],[-45.644632396065909,-23.267196287057711,0.0],[-45.64459006289097,-23.267196460884779,0.0],[-45.644584464641497,-23.26719648387126,0.0],[-45.644536556038197,-23.267201425357221,0.0],[-45.644490359267706,-23.267206359800991,0.0],[-45.644456168170038,-23.26721598972706,0.0],[-45.644428877656892,-23.26723666247436,0.0],[-45.644405041232829,-23.267263647413039,0.0],[-45.644391491037418,-23.267293753313009,0.0],[-45.644384795794643,-23.267325412667859,0.0],[-45.644378184208129,-23.267374469208669,0.0]]],[[[-45.64415630080822,-23.267391428691621,0.0],[-45.644159425306889,-23.267391776517069,0.0],[-45.644216073005552,-23.267437162211511,0.0],[-45.644254945865839,-23.26745329488045,0.0],[-45.644325251984711,-23.26740637669808,0.0],[-45.64427414380458,-23.26733677245398,0.0],[-45.644258548491699,-23.267279986480929,0.0],[-45.644261118552087,-23.26723675623386,0.0],[-45.644284738739351,-23.26716360977159,0.0],[-45.644342088737837,-23.26712956717093,0.0],[-45.64443996467763,-23.26711680582358,0.0],[-45.644566941113247,-23.26714403826405,0.0],[-45.644759380908617,-23.267118623595501,0.0],[-45.644850988627432,-23.2670874709451,0.0],[-45.644972422575087,-23.267051916128128,0.0],[-45.645057081574549,-23.267035515423789,0.0],[-45.645161550395308,-23.266996204102469,0.0],[-45.645231457201177,-23.266991224174841,0.0],[-45.645336734893867,-23.267004428863419,0.0],[-45.645448151549623,-23.267055348400351,0.0],[-45.645494685560301,-23.26706667817518,0.0],[-45.645618654452427,-23.267121581885281,0.0],[-45.645727512438832,-23.26715230424935,0.0],[-45.64581759436102,-23.26717617709372,0.0],[-45.645960055794212,-23.267179054307402,0.0],[-45.646076177222533,-23.26716125973827,0.0],[-45.646199079068268,-23.267148561994659,0.0],[-45.6464595088854,-23.267162239006471,0.0],[-45.646358042840824,-23.267079723543059,0.0],[-45.646159465629317,-23.26697506453273,0.0],[-45.645860323637848,-23.266904480388881,0.0],[-45.645473812336952,-23.266726050811759,0.0],[-45.645375654907468,-23.26672677971267,0.0],[-45.64522976069803,-23.266721430921809,0.0],[-45.6447982131657,-23.26671313212616,0.0],[-45.644513368606511,-23.266620378322191,0.0],[-45.644352436065603,-23.266571096656481,0.0],[-45.644266605377197,-23.266526743141821,0.0],[-45.64412713050838,-23.2664774614415,0.0],[-45.643972390498803,-23.266410518901321,0.0],[-45.643857336685763,-23.266494636050581,0.0],[-45.643485075679102,-23.2668698222821,0.0],[-45.643474669800483,-23.266896641911401,0.0],[-45.643440367117201,-23.267050868221901,0.0],[-45.643403197621787,-23.267116824104608,0.0],[-45.643373392161998,-23.267155043044891,0.0],[-45.643352966135907,-23.26720283566619,0.0],[-45.64353426294678,-23.26720209258001,0.0],[-45.643661696198002,-23.267299323323879,0.0],[-45.643753658388292,-23.267354339709389,0.0],[-45.643856044417191,-23.267376728894401,0.0],[-45.643940702655797,-23.26737964009531,0.0],[-45.644046505881469,-23.267379206063389,0.0],[-45.64415630080822,-23.267391428691621,0.0]]],[[[-45.055761,-22.745263,0.0],[-45.055738,-22.745277,0.0],[-45.055619,-22.745367,0.0],[-45.055576,-22.745375,0.0],[-45.055525,-22.745387,0.0],[-45.055503,-22.745413,0.0],[-45.055468,-22.745412,0.0],[-45.054934,-22.745448,0.0],[-45.0547,-22.745451,0.0],[-45.054656,-22.745442,0.0],[-45.054459,-22.745317,0.0],[-45.05421,-22.745305,0.0],[-45.054121,-22.745413,0.0],[-45.054087,-22.745597,0.0],[-45.054369075426202,-22.745619401333482,0.0],[-45.054431751486938,-22.745550451490821,0.0],[-45.054546683041828,-22.745532750934231,0.0],[-45.05463558833133,-22.745532720556529,0.0],[-45.054731420965773,-22.745548177353719,0.0],[-45.054855129603787,-22.745583987627601,0.0],[-45.055125703829013,-22.74556596814989,0.0],[-45.055404806570607,-22.745518114579589,0.0],[-45.055578740083128,-22.74548937200851,0.0],[-45.05586224270472,-22.745369020417399,0.0],[-45.056017825592043,-22.74533450169233,0.0],[-45.056110698156189,-22.74528277272578,0.0],[-45.056215167373743,-22.74519442135767,0.0],[-45.056321964973158,-22.745121147210071,0.0],[-45.05645431435687,-22.745062942074561,0.0],[-45.056630788901778,-22.74500687521104,0.0],[-45.056753860265637,-22.744976675320508,0.0],[-45.056863000237897,-22.74495294234136,0.0],[-45.057043523914238,-22.744958235775631,0.0],[-45.057190468323988,-22.744998059791609,0.0],[-45.057283186615457,-22.74497249111009,0.0],[-45.057424996359273,-22.744931201181458,0.0],[-45.05746,-22.74481,0.0],[-45.057361,-22.744875,0.0],[-45.057047364049097,-22.74489728481133,0.0],[-45.056866,-22.744869,0.0],[-45.056715,-22.744894,0.0],[-45.056681,-22.744904,0.0],[-45.056666,-22.74489,0.0],[-45.056344,-22.744977,0.0],[-45.056195251256753,-22.745068061175552,0.0],[-45.055985218813532,-22.745179849849649,0.0],[-45.055761,-22.745263,0.0]]],[[[-45.057772765359672,-22.743548197563481,0.0],[-45.057761094970189,-22.743408190732129,0.0],[-45.05776106419659,-22.743334954192662,0.0],[-45.057740145330442,-22.743291881429261,0.0],[-45.057698325719883,-22.74324881621158,0.0],[-45.057625,-22.74322,0.0],[-45.057626,-22.743359,0.0],[-45.057632,-22.74344,0.0],[-45.057665,-22.743668,0.0],[-45.057713,-22.743779,0.0],[-45.057663,-22.743922,0.0],[-45.05765,-22.743951,0.0],[-45.057609,-22.744065,0.0],[-45.0576,-22.744501,0.0],[-45.057546,-22.744673,0.0],[-45.057520444332262,-22.744862161403251,0.0],[-45.057485679468449,-22.744919538238189,0.0],[-45.057595442774847,-22.744891066155649,0.0],[-45.057630154973623,-22.744708204857531,0.0],[-45.057676506964533,-22.74462931218569,0.0],[-45.057695779897053,-22.744500235495671,0.0],[-45.057726624946163,-22.744313790294029,0.0],[-45.057741984184609,-22.744069986350929,0.0],[-45.057819215393309,-22.74388710962219,0.0],[-45.057842521716978,-22.74375495787325,0.0],[-45.057772765359672,-22.743548197563481,0.0]]],[[[-45.054674999536481,-22.74228599998202,0.0],[-45.054427999818017,-22.742169999884929,0.0],[-45.054366000341169,-22.742026999769571,0.0],[-45.054181999983101,-22.741884000390471,0.0],[-45.053854000153457,-22.74185400001959,0.0],[-45.053782999949263,-22.741886999784601,0.0],[-45.05358100002649,-22.741993999996151,0.0],[-45.053498999744868,-22.7420690002638,0.0],[-45.053500999594583,-22.74219000017947,0.0],[-45.053562000339561,-22.742318999574831,0.0],[-45.053716999579819,-22.742444999789441,0.0],[-45.05402299984538,-22.742516000263461,0.0],[-45.054352999762983,-22.74246699957537,0.0],[-45.054648000337792,-22.742672000006081,0.0],[-45.054796999885809,-22.74277699958704,0.0],[-45.055095999993483,-22.742890000047659,0.0],[-45.05525600029415,-22.742899000214141,0.0],[-45.055376000062573,-22.742906999599629,0.0],[-45.05556699965441,-22.74284699987264,0.0],[-45.055621000241217,-22.742777000343811,0.0],[-45.055736999808992,-22.74261899962379,0.0],[-45.055775999802727,-22.742472999931021,0.0],[-45.05564600017523,-22.74243199957121,0.0],[-45.055650000059998,-22.742386000198259,0.0],[-45.055678999943638,-22.742324999726069,0.0],[-45.055787000052327,-22.742335000344369,0.0],[-45.055864000441112,-22.74192799998271,0.0],[-45.055866433416071,-22.741841607340021,0.0],[-45.05567913157266,-22.7418067404206,0.0],[-45.055666710829428,-22.741881169880209,0.0],[-45.055670398504347,-22.74188137371662,0.0],[-45.055608339888693,-22.742230947981909,0.0],[-45.055552464403362,-22.742426590796359,0.0],[-45.055490101829257,-22.742546381878849,0.0],[-45.055345951944958,-22.742648235873851,0.0],[-45.055199609663632,-22.74265028265318,0.0],[-45.055068312915807,-22.74260441634927,0.0],[-45.055036016179287,-22.742566500496039,0.0],[-45.055026699089623,-22.742491847003819,0.0],[-45.055085534612317,-22.742449976116049,0.0],[-45.055175633538113,-22.742392858159398,0.0],[-45.055267938677588,-22.742356127556601,0.0],[-45.055342650827491,-22.742299014826571,0.0],[-45.055393183100598,-22.742239871628801,0.0],[-45.055463475924547,-22.7421256735017,0.0],[-45.055470495397429,-22.742102853207101,0.0],[-45.055476647177073,-22.74208285377517,0.0],[-45.055520574348421,-22.74199720820916,0.0],[-45.055549118989269,-22.741921762063111,0.0],[-45.055560326853389,-22.74187528946478,0.0],[-45.055565172369342,-22.741875557304091,0.0],[-45.055594552445157,-22.741790995630531,0.0],[-45.055470418774988,-22.74176788749438,0.0],[-45.05544819271509,-22.741853662661619,0.0],[-45.05540599979048,-22.74184400024874,0.0],[-45.055374999803142,-22.741934999699211,0.0],[-45.055297000036383,-22.742079000088879,0.0],[-45.055179999536108,-22.742216000117889,0.0],[-45.055126999588857,-22.742252999820192,0.0],[-45.054998999601267,-22.742316000040841,0.0],[-45.05489900034955,-22.74234700027224,0.0],[-45.054719999601431,-22.742315000037109,0.0],[-45.054674999536481,-22.74228599998202,0.0]]],[[[-45.05571,-22.741782,0.0],[-45.055830500100001,-22.741785914057221,0.0],[-45.055927275430633,-22.741500970622941,0.0],[-45.05576850259402,-22.74141115530152,0.0],[-45.055760301528593,-22.74147828952723,0.0],[-45.055756468185393,-22.741557166843851,0.0],[-45.055764223579537,-22.741618113757159,0.0],[-45.055749011664908,-22.741646214258179,0.0],[-45.055738717664191,-22.741679680385229,0.0],[-45.05571,-22.741782,0.0]]],[[[-45.055586613457507,-22.740233337286949,0.0],[-45.055584588299823,-22.740323208817969,0.0],[-45.055586704684657,-22.740458970392311,0.0],[-45.05559091813813,-22.740682689912191,0.0],[-45.055494437534058,-22.741698072458309,0.0],[-45.055628,-22.741723,0.0],[-45.055674214522817,-22.741480122745031,0.0],[-45.055733389944358,-22.741250644718399,0.0],[-45.055753916361311,-22.74099094438575,0.0],[-45.055728074371793,-22.740851486291479,0.0],[-45.055702242653417,-22.740696133506649,0.0],[-45.055694421981258,-22.740473849356562,0.0],[-45.05570982799501,-22.74033760363999,0.0],[-45.05574020235445,-22.74025645818854,0.0],[-45.055740479171341,-22.740255718668671,0.0],[-45.05574841764679,-22.740255189930789,0.0],[-45.05579459190109,-22.74025211451174,0.0],[-45.055868042776751,-22.740277185755382,0.0],[-45.055949238869907,-22.740338106976591,0.0],[-45.056109296032503,-22.740427932272201,0.0],[-45.056279403152423,-22.740510333713551,0.0],[-45.056540699252118,-22.74050640659221,0.0],[-45.056699160529419,-22.740466912451559,0.0],[-45.056808889336267,-22.7403631501946,0.0],[-45.056851385418213,-22.74030935599756,0.0],[-45.056909339694137,-22.74024838573995,0.0],[-45.056986611486707,-22.740165896939271,0.0],[-45.057029101489533,-22.74009776160667,0.0],[-45.057074000327887,-22.740001000355822,0.0],[-45.056958000015371,-22.73994600007476,0.0],[-45.056924508421787,-22.739921412724119,0.0],[-45.056866620585701,-22.740054516854979,0.0],[-45.056775627639823,-22.740200429220359,0.0],[-45.05669013494758,-22.740302831508139,0.0],[-45.056582553825123,-22.740369411394969,0.0],[-45.056425295530509,-22.74040785647616,0.0],[-45.056287333702727,-22.740402786534819,0.0],[-45.056152113309267,-22.740354207438791,0.0],[-45.056008598751511,-22.740264682360749,0.0],[-45.055878888651989,-22.740195626713412,0.0],[-45.055787823945003,-22.740167506248341,0.0],[-45.055771016174553,-22.740165202596561,0.0],[-45.055713321670602,-22.740157295046782,0.0],[-45.055660903284178,-22.740172669104378,0.0],[-45.055586613457507,-22.740233337286949,0.0]]],[[[-45.058326000150721,-22.740114000305841,0.0],[-45.058322000337107,-22.740438000417718,0.0],[-45.057995999971851,-22.740671999844459,0.0],[-45.057967999777013,-22.74073999972515,0.0],[-45.058017000268507,-22.74089199988051,0.0],[-45.057884999621933,-22.741234000024079,0.0],[-45.057880000266557,-22.7413910000638,0.0],[-45.058007529238033,-22.741302060836851,0.0],[-45.058003624580167,-22.741208845187671,0.0],[-45.058056144414451,-22.741086677263251,0.0],[-45.058102491914013,-22.741000613892481,0.0],[-45.058092367994973,-22.740832359401089,0.0],[-45.058048283581464,-22.740778346732679,0.0],[-45.058063696380557,-22.740663612428051,0.0],[-45.058156439559923,-22.74060621434894,0.0],[-45.058262321821587,-22.740549061034681,0.0],[-45.058413038327842,-22.740477300569921,0.0],[-45.05845165022123,-22.740380484103071,0.0],[-45.058378185120603,-22.740323146603689,0.0],[-45.058372735483083,-22.74022609663561,0.0],[-45.058424512355529,-22.740190474600311,0.0],[-45.058439918680037,-22.740061399164791,0.0],[-45.058389645505031,-22.740004053184951,0.0],[-45.058381896652293,-22.73996103274802,0.0],[-45.058364863339897,-22.73989266918603,0.0],[-45.058424349334473,-22.73980685051988,0.0],[-45.058488480887377,-22.739724116184959,0.0],[-45.058565759072877,-22.7396595529775,0.0],[-45.058612142456397,-22.73965953597174,0.0],[-45.058675504185928,-22.73959881269603,0.0],[-45.058627539373468,-22.739508948878139,0.0],[-45.058612062978398,-22.73947310182972,0.0],[-45.058612017126087,-22.739365543668889,0.0],[-45.058666109540319,-22.739315330003279,0.0],[-45.058706284056882,-22.739265371041689,0.0],[-45.058658293338048,-22.739114557602541,0.0],[-45.058588687983097,-22.73904287768201,0.0],[-45.058553862429953,-22.738953258626658,0.0],[-45.058445619850559,-22.73891744552262,0.0],[-45.058348992887389,-22.738928236651109,0.0],[-45.058233010748992,-22.738870914591509,0.0],[-45.058178884974993,-22.738842252122769,0.0],[-45.058194291382122,-22.73871317668895,0.0],[-45.058169999718928,-22.738628999789931,0.0],[-45.058078000065137,-22.738888999910142,0.0],[-45.058104000252747,-22.738959000139051,0.0],[-45.058477000189008,-22.739096999907321,0.0],[-45.058532999531757,-22.73921299972794,0.0],[-45.058562000186861,-22.739290999963249,0.0],[-45.058570999733519,-22.73936300008765,0.0],[-45.058541000398087,-22.739553999692639,0.0],[-45.058462999671917,-22.739655000160401,0.0],[-45.058275000398233,-22.739919000361599,0.0],[-45.058326000150721,-22.740114000305841,0.0]]],[[[-44.891524,-22.702837,0.0],[-44.891665,-22.702961,0.0],[-44.89179,-22.703005,0.0],[-44.891875,-22.703073,0.0],[-44.891937,-22.703099,0.0],[-44.891973,-22.703114,0.0],[-44.892031969796619,-22.702987545388162,0.0],[-44.892129653037543,-22.702778073244868,0.0],[-44.892197416894561,-22.702632759875431,0.0],[-44.892224180856573,-22.702575366922702,0.0],[-44.892225382746673,-22.702572789574351,0.0],[-44.89225,-22.70252,0.0],[-44.891874961858129,-22.702421381405991,0.0],[-44.891524,-22.702837,0.0]]],[[[-44.892901547248627,-22.701947608074491,0.0],[-44.893382611531052,-22.701647971270202,0.0],[-44.893961532501187,-22.702199235806521,0.0],[-44.894154893985473,-22.702383358498,0.0],[-44.894387163147037,-22.70271648996993,0.0],[-44.89468358466933,-22.70303464407014,0.0],[-44.894755625995849,-22.703154201003318,0.0],[-44.894832867238961,-22.70321161636571,0.0],[-44.894966769711218,-22.70328819042059,0.0],[-44.895131579118313,-22.703374345385459,0.0],[-44.89522939002898,-22.7034843582279,0.0],[-44.895378706467973,-22.703618306601509,0.0],[-44.895527857672441,-22.703669559009381,0.0],[-44.895595424425778,-22.70369277672394,0.0],[-44.895648258032367,-22.703574788330219,0.0],[-44.895703071910077,-22.703482204187299,0.0],[-44.895790042660451,-22.703449395735841,0.0],[-44.895909238113418,-22.703386730822061,0.0],[-44.896092849013421,-22.70330916897273,0.0],[-44.896154044341252,-22.703294270010801,0.0],[-44.896158068404439,-22.703293129941869,0.0],[-44.896208502005791,-22.703265098834301,0.0],[-44.896290546866652,-22.70321442775732,0.0],[-44.896332215750242,-22.703188692937491,0.0],[-44.896528058456077,-22.7031171139867,0.0],[-44.896625945648651,-22.703126738022341,0.0],[-44.896790881282058,-22.703045578014269,0.0],[-44.896924859815307,-22.703021762473099,0.0],[-44.897063990633526,-22.702997950134328,0.0],[-44.89716194916425,-22.702911966256671,0.0],[-44.897209,-22.702758,0.0],[-44.896832,-22.702899,0.0],[-44.896477,-22.70295,0.0],[-44.896463647295803,-22.702953388002101,0.0],[-44.89641,-22.702967,0.0],[-44.896356,-22.702966,0.0],[-44.896237,-22.702953,0.0],[-44.896206,-22.702948,0.0],[-44.896109,-22.702953,0.0],[-44.896100514910202,-22.702957296250961,0.0],[-44.89603,-22.702993,0.0],[-44.896012062470781,-22.703011397485131,0.0],[-44.89590949100355,-22.703052104297509,0.0],[-44.895806412708851,-22.703093865543021,0.0],[-44.895725898439863,-22.703105764045091,0.0],[-44.895645366047823,-22.703141564401339,0.0],[-44.895558372802427,-22.70320425014404,0.0],[-44.895542166227898,-22.70321068187496,0.0],[-44.895423083090407,-22.703257941064681,0.0],[-44.895300981965747,-22.70326615003157,0.0],[-44.895281084339857,-22.703259714157461,0.0],[-44.895224448598057,-22.703207092887009,0.0],[-44.895152370446503,-22.70313533995277,0.0],[-44.895044193255117,-22.703106586741441,0.0],[-44.894897,-22.70309,0.0],[-44.894871,-22.703065,0.0],[-44.894846,-22.703046,0.0],[-44.894835,-22.703023,0.0],[-44.894823,-22.703,0.0],[-44.894738,-22.702836,0.0],[-44.894445,-22.702576,0.0],[-44.89438,-22.702472,0.0],[-44.894405,-22.702195,0.0],[-44.894033,-22.701429,0.0],[-44.893985,-22.701331,0.0],[-44.894009,-22.700935,0.0],[-44.893973,-22.700884,0.0],[-44.893838022035887,-22.700846966405109,0.0],[-44.893696,-22.700808,0.0],[-44.893565,-22.700751,0.0],[-44.892978,-22.701305,0.0],[-44.892896,-22.701215,0.0],[-44.892717,-22.701301,0.0],[-44.892468,-22.701652,0.0],[-44.892352,-22.702143,0.0],[-44.892355,-22.702172,0.0],[-44.8924,-22.70226,0.0],[-44.892739599657929,-22.702048478500419,0.0],[-44.892901547248627,-22.701947608074491,0.0]]],[[[-44.898009941371363,-22.701653902637538,0.0],[-44.898071,-22.701642,0.0],[-44.898119,-22.701303,0.0],[-44.898242,-22.701207,0.0],[-44.898136257208549,-22.700748770851469,0.0],[-44.898210583478679,-22.700393277156451,0.0],[-44.898133,-22.7002,0.0],[-44.89811,-22.700067,0.0],[-44.898356,-22.700051,0.0],[-44.898436,-22.699943,0.0],[-44.898525,-22.699845,0.0],[-44.898698,-22.699592,0.0],[-44.898703,-22.699588,0.0],[-44.898723,-22.69958,0.0],[-44.898769,-22.699558,0.0],[-44.898854,-22.699475,0.0],[-44.898877,-22.699446,0.0],[-44.898892,-22.699441,0.0],[-44.898964,-22.699327,0.0],[-44.899002,-22.699276,0.0],[-44.899148,-22.699025,0.0],[-44.898948,-22.698882,0.0],[-44.898566,-22.698724,0.0],[-44.898488,-22.698945,0.0],[-44.898463,-22.698994,0.0],[-44.898408960250713,-22.69905995408018,0.0],[-44.898336,-22.699149,0.0],[-44.898307,-22.699236,0.0],[-44.898414,-22.699417,0.0],[-44.898382742697827,-22.699506999526939,0.0],[-44.898380039625543,-22.699514782509759,0.0],[-44.898356,-22.699584,0.0],[-44.898231,-22.699799,0.0],[-44.898027453164531,-22.69982847777581,0.0],[-44.897831,-22.700056,0.0],[-44.897811,-22.700098,0.0],[-44.897851,-22.700405,0.0],[-44.897857,-22.701022,0.0],[-44.897676,-22.701719,0.0],[-44.897795907798198,-22.701857986473009,0.0],[-44.897752698987063,-22.701974350783551,0.0],[-44.897791860729512,-22.702028934513489,0.0],[-44.897823249504157,-22.701992582087321,0.0],[-44.897870332635073,-22.701938053436091,0.0],[-44.897893905193087,-22.70186896077994,0.0],[-44.897890014632949,-22.70182894857583,0.0],[-44.897846940783403,-22.701763450628778,0.0],[-44.897800651601742,-22.701694700941751,0.0],[-44.89786811034007,-22.701681550775291,0.0],[-44.898009941371363,-22.701653902637538,0.0]]],[[[-44.893775,-22.700604,0.0],[-44.89397,-22.700087,0.0],[-44.894041,-22.700029,0.0],[-44.894305,-22.699859,0.0],[-44.894458,-22.699732,0.0],[-44.894632,-22.699437,0.0],[-44.894683,-22.699332,0.0],[-44.894704,-22.699256,0.0],[-44.894714,-22.699126,0.0],[-44.894741,-22.698795,0.0],[-44.894114,-22.698709,0.0],[-44.894058,-22.698864,0.0],[-44.893855121873123,-22.699287128966141,0.0],[-44.893731,-22.699546,0.0],[-44.89376,-22.699639,0.0],[-44.893747,-22.699757,0.0],[-44.893689671896063,-22.69986991276064,0.0],[-44.893825112417382,-22.699831500600581,0.0],[-44.893837382101601,-22.69993078700179,0.0],[-44.893844709030311,-22.69999007651051,0.0],[-44.893844577440937,-22.700160836475089,0.0],[-44.893726033805677,-22.700459587871169,0.0],[-44.893586420398528,-22.700557255889809,0.0],[-44.893638,-22.700698,0.0],[-44.893775,-22.700604,0.0]]],[[[-45.170012,-22.67259,0.0],[-45.169979,-22.672374,0.0],[-45.169599,-22.672416,0.0],[-45.169294,-22.672395,0.0],[-45.169356,-22.672518,0.0],[-45.169353076676323,-22.672544309918031,0.0],[-45.16935,-22.672572,0.0],[-45.169345,-22.672678,0.0],[-45.16949,-22.672763,0.0],[-45.169918,-22.672709,0.0],[-45.170012,-22.67259,0.0]]],[[[-45.19423115213155,-22.67243644879456,0.0],[-45.194402595863011,-22.672508173498461,0.0],[-45.194508496758239,-22.672595675879549,0.0],[-45.19463133039045,-22.672652485335639,0.0],[-45.194649038810553,-22.672774518110071,0.0],[-45.194736805982402,-22.672835438570772,0.0],[-45.194850808594623,-22.672847505352031,0.0],[-45.195002824261451,-22.672882251053451,0.0],[-45.195125281670236,-22.672931319020609,0.0],[-45.195258738614832,-22.67299754219157,0.0],[-45.19533326183533,-22.672993382847402,0.0],[-45.195385812897733,-22.672952633987681,0.0],[-45.19546395237488,-22.67297633724765,0.0],[-45.195539370215883,-22.673033816115549,0.0],[-45.195605131098382,-22.67303373581823,0.0],[-45.195745374792047,-22.673001016674441,0.0],[-45.195749373630157,-22.672869982605039,0.0],[-45.195737011290852,-22.672782921298911,0.0],[-45.195595930301153,-22.672728611338041,0.0],[-45.195479938113387,-22.672741590011238,0.0],[-45.195414594970771,-22.67269245264163,0.0],[-45.195402248948419,-22.672616749080142,0.0],[-45.195529,-22.672455,0.0],[-45.195292,-22.672418,0.0],[-45.19518,-22.672369,0.0],[-45.195136,-22.672349,0.0],[-45.195108,-22.672345,0.0],[-45.194947,-22.672366,0.0],[-45.194791,-22.672377,0.0],[-45.194503,-22.672372,0.0],[-45.194322,-22.67238,0.0],[-45.193743,-22.672127,0.0],[-45.19368,-22.672089,0.0],[-45.193656,-22.672092,0.0],[-45.193399,-22.672134,0.0],[-45.193079,-22.672033,0.0],[-45.193121024018772,-22.672093271358939,0.0],[-45.193182254683087,-22.67211969904351,0.0],[-45.193292466754627,-22.67216499726111,0.0],[-45.193300716087883,-22.672229348145361,0.0],[-45.193443485250768,-22.67221781798786,0.0],[-45.193590349901598,-22.67221764054834,0.0],[-45.193671973266227,-22.672240257464061,0.0],[-45.193872026711013,-22.6723498074604,0.0],[-45.193994451304413,-22.672376160751,0.0],[-45.194133220900312,-22.672421423795171,0.0],[-45.19423115213155,-22.67243644879456,0.0]]],[[[-45.189843552780829,-22.67236936979856,0.0],[-45.189882058712897,-22.67225236707721,0.0],[-45.189930951066017,-22.67220687792123,0.0],[-45.190028751321798,-22.672127257342719,0.0],[-45.190085792289182,-22.67207418660697,0.0],[-45.19013869624154,-22.671979475506301,0.0],[-45.190167185364039,-22.671930224564338,0.0],[-45.190240523569628,-22.67186199069366,0.0],[-45.19029353178712,-22.67184299806442,0.0],[-45.190391415180123,-22.671823952082921,0.0],[-45.190497415844384,-22.671774608928949,0.0],[-45.190599368258503,-22.671747986116429,0.0],[-45.19068905055331,-22.671698662253139,0.0],[-45.19077876419896,-22.671672053896589,0.0],[-45.190897045189317,-22.671652983310569,0.0],[-45.190950110881047,-22.67167563565204,0.0],[-45.191056226585893,-22.67170958250346,0.0],[-45.191121536250037,-22.671736006114951,0.0],[-45.191194968329206,-22.671735918478301,0.0],[-45.191268326917402,-22.671682827843711,0.0],[-45.191329504539553,-22.671671396981498,0.0],[-45.191415191017427,-22.671682652402541,0.0],[-45.191517243048906,-22.671727961600759,0.0],[-45.19160297164467,-22.671769504328338,0.0],[-45.191745903622383,-22.671875339387562,0.0],[-45.191794963666197,-22.671950999291841,0.0],[-45.19180323860833,-22.67203427988856,0.0],[-45.191973867280581,-22.672130858988549,0.0],[-45.192219401364937,-22.672150906902139,0.0],[-45.192346526936163,-22.67214261733654,0.0],[-45.192480600182243,-22.672143259356911,0.0],[-45.192676472502612,-22.672180883173791,0.0],[-45.192823193032943,-22.672177983344081,0.0],[-45.192831395711721,-22.67210876403141,0.0],[-45.192846218074969,-22.672062883655538,0.0],[-45.192764,-22.672075,0.0],[-45.192369,-22.672037,0.0],[-45.191995,-22.671956,0.0],[-45.191701,-22.671674,0.0],[-45.19154,-22.671579,0.0],[-45.191167,-22.671596,0.0],[-45.190719,-22.671439,0.0],[-45.190682,-22.671439,0.0],[-45.190388,-22.671688,0.0],[-45.189998,-22.671993,0.0],[-45.189432,-22.672623,0.0],[-45.189474667985657,-22.672665516128731,0.0],[-45.18959697236135,-22.672604796486471,0.0],[-45.189681550325673,-22.672520095396269,0.0],[-45.189808603628201,-22.672458917721979,0.0],[-45.189843552780829,-22.67236936979856,0.0]]],[[[-45.164816,-22.67208,0.0],[-45.164428,-22.671479,0.0],[-45.164695,-22.671084,0.0],[-45.164634,-22.670918,0.0],[-45.164408,-22.670865,0.0],[-45.164322,-22.670875,0.0],[-45.164074,-22.670871,0.0],[-45.16372,-22.67074,0.0],[-45.163353,-22.670455,0.0],[-45.163369,-22.670722,0.0],[-45.16355,-22.670838,0.0],[-45.163619,-22.671013,0.0],[-45.16361,-22.671027,0.0],[-45.16375,-22.671288,0.0],[-45.163961,-22.671466,0.0],[-45.1648,-22.672541,0.0],[-45.164859010718502,-22.672381881986819,0.0],[-45.164877544477633,-22.672331907003819,0.0],[-45.164912,-22.672239,0.0],[-45.164816,-22.67208,0.0]]],[[[-45.195149,-22.671937,0.0],[-45.19519,-22.671931,0.0],[-45.195304,-22.671766,0.0],[-45.19536,-22.671491,0.0],[-45.195335,-22.671488,0.0],[-45.195328,-22.67133,0.0],[-45.19542,-22.671242,0.0],[-45.195442,-22.671202,0.0],[-45.19546,-22.671159,0.0],[-45.195493,-22.671084,0.0],[-45.195499495221881,-22.67106468989406,0.0],[-45.195400773017411,-22.67113400666252,0.0],[-45.1953614380256,-22.671219492662029,0.0],[-45.195229917988136,-22.671219653017509,0.0],[-45.19518615856645,-22.67127666502677,0.0],[-45.195168743430308,-22.671362124266121,0.0],[-45.195155700770243,-22.671439441221391,0.0],[-45.195050542096979,-22.671480254080731,0.0],[-45.19502433582015,-22.671549450099882,0.0],[-45.19505070892216,-22.67159823971037,0.0],[-45.195151541228817,-22.671598116891701,0.0],[-45.195252396568961,-22.671614267889218,0.0],[-45.195208694605768,-22.67171196460135,0.0],[-45.195160522222579,-22.67174863959492,0.0],[-45.195086068712833,-22.67180162049295,0.0],[-45.195011684164257,-22.671903422994369,0.0],[-45.194963586413643,-22.671992988035889,0.0],[-45.194902388249979,-22.672119185294459,0.0],[-45.194814857042047,-22.67222507217565,0.0],[-45.194731468514682,-22.67216007795092,0.0],[-45.194709422019017,-22.67207059826406,0.0],[-45.194704831259607,-22.67192413867911,0.0],[-45.194766069729503,-22.671826420781731,0.0],[-45.194761490408418,-22.671688098134268,0.0],[-45.194840195830452,-22.67154153724281,0.0],[-45.194879473761368,-22.671415366670999,0.0],[-45.195045697896099,-22.671154781811069,0.0],[-45.195128861521731,-22.671061105546869,0.0],[-45.195207560442661,-22.670910475998411,0.0],[-45.195275384224871,-22.670659562061601,0.0],[-45.195123,-22.670757,0.0],[-45.195016,-22.670981,0.0],[-45.194946,-22.671101,0.0],[-45.19483,-22.671245,0.0],[-45.194671,-22.67157,0.0],[-45.194584,-22.671895,0.0],[-45.194549,-22.672233,0.0],[-45.194537,-22.67232,0.0],[-45.194574,-22.672303,0.0],[-45.194602,-22.672305,0.0],[-45.19463,-22.672297,0.0],[-45.19468,-22.672233,0.0],[-45.194961,-22.672317,0.0],[-45.195031,-22.672082,0.0],[-45.195149,-22.671937,0.0]]],[[[-45.163547,-22.670313,0.0],[-45.163557,-22.670325,0.0],[-45.163617,-22.670427,0.0],[-45.163683,-22.670544,0.0],[-45.163836,-22.670521,0.0],[-45.163833,-22.670397,0.0],[-45.16382,-22.670283,0.0],[-45.163954,-22.670037,0.0],[-45.163974,-22.669698,0.0],[-45.163547,-22.669619,0.0],[-45.163411,-22.669968,0.0],[-45.163547,-22.670313,0.0]]],[[[-45.167152,-22.67011,0.0],[-45.167366,-22.669941,0.0],[-45.167998,-22.669777,0.0],[-45.168149,-22.669626,0.0],[-45.168242,-22.669308,0.0],[-45.168112,-22.669223,0.0],[-45.16736,-22.669284,0.0],[-45.167208,-22.669397,0.0],[-45.167105,-22.669576,0.0],[-45.166882,-22.669845,0.0],[-45.166645,-22.669957,0.0],[-45.1666,-22.670528,0.0],[-45.166654,-22.670533,0.0],[-45.166823,-22.670333,0.0],[-45.166943,-22.670329,0.0],[-45.167075,-22.670164,0.0],[-45.167098,-22.670141,0.0],[-45.167152,-22.67011,0.0]],[[-45.167459142209758,-22.669408334742101,0.0],[-45.167628606721131,-22.669404098799191,0.0],[-45.167827620445607,-22.669412973162849,0.0],[-45.167923929466589,-22.66947039628748,0.0],[-45.167909398168192,-22.669593028585702,0.0],[-45.167775577595563,-22.66970807097713,0.0],[-45.167754720733122,-22.669707074146391,0.0],[-45.167644126871828,-22.669683736469569,0.0],[-45.167495646291762,-22.66967802842996,0.0],[-45.167426101826599,-22.669639989262759,0.0],[-45.167371774490228,-22.669642699765589,0.0],[-45.167298079537538,-22.6695871599801,0.0],[-45.167334309221431,-22.669490569377459,0.0],[-45.167406902313353,-22.669437723245871,0.0],[-45.167459142209758,-22.669408334742101,0.0]]],[[[-45.199233247262327,-22.669073027721989,0.0],[-45.198842706654418,-22.668990177760222,0.0],[-45.198522650661261,-22.669052170320381,0.0],[-45.198175332589983,-22.669161298485669,0.0],[-45.197593927368111,-22.66938665947059,0.0],[-45.197590811931413,-22.669937400379862,0.0],[-45.197899651491348,-22.670219634176931,0.0],[-45.198153739197927,-22.670436716246829,0.0],[-45.200008228618501,-22.670416295054601,0.0],[-45.200104935998773,-22.669796595174731,0.0],[-45.20029146034959,-22.669191275996269,0.0],[-45.200158743558632,-22.669209558233579,0.0],[-45.19977216919083,-22.66917018482971,0.0],[-45.199233247262327,-22.669073027721989,0.0]]],[[[-45.196344126664243,-22.668610396965072,0.0],[-45.196199353226113,-22.668537341736599,0.0],[-45.195969088643672,-22.668592705905802,0.0],[-45.195778826380433,-22.668769759500801,0.0],[-45.19565636501315,-22.668973333033591,0.0],[-45.195670163064101,-22.669428985724089,0.0],[-45.195617849939218,-22.669636541990169,0.0],[-45.195495531705618,-22.669941827152861,0.0],[-45.195412524596122,-22.6701453523212,0.0],[-45.195325219675581,-22.670409909846541,0.0],[-45.195570739604989,-22.67042181570427,0.0],[-45.195623535339188,-22.67029626995242,0.0],[-45.195802443589713,-22.669965863156879,0.0],[-45.195872205731177,-22.66969725833793,0.0],[-45.195944357971563,-22.669507113978149,0.0],[-45.196042890820827,-22.669493625645739,0.0],[-45.196331982306909,-22.66931832703548,0.0],[-45.196572728039158,-22.669057649200511,0.0],[-45.196541715946822,-22.668829852482379,0.0],[-45.196344126664243,-22.668610396965072,0.0]]]]}}
]
}
