{
"type": "FeatureCollection",
"name": "Faz",
"crs": { "type": "name", "properties": { "name": "urn:ogc:def:crs:OGC:1.3:CRS84" } },
"features": [
{ "type": "Feature", "properties": { "ID": 1, "FID": null, "Tema": null, "Área (ha)": 619.709 }, "geometry": { "type": "MultiPolygon", "coordinates": [ [ [ [ -50.23159694, -22.12587361 ], [ -50.23166347, -22.125777915 ], [ -50.23159694, -22.125873609999989 ], [ -50.231415, -22.126037915 ], [ -50.23159694, -22.12587361 ] ] ], [ [ [ -50.236763000534957, -22.122822732191793 ], [ -50.236733255711364, -22.122844364790776 ], [ -50.236695398663144, -22.122855181090259 ], [ -50.236641317165692, -22.122844364790769 ], [ -50.236614276416965, -22.122817324042064 ], [ -50.236603460117479, -22.122790283293334 ], [ -50.236595347892859, -22.122738905870747 ], [ -50.236584531593365, -22.122698344747668 ], [ -50.236579123443626, -22.122665895849192 ], [ -50.236571011219006, -22.122619926576359 ], [ -50.236554786769773, -22.122587477677879 ], [ -50.236543970470279, -22.122557732854279 ], [ -50.236538562320533, -22.12252798803069 ], [ -50.236535858245659, -22.122498243207083 ], [ -50.236535858245659, -22.122471202458367 ], [ -50.236541266395406, -22.122454978009124 ], [ -50.236549378620026, -22.122422529110654 ], [ -50.236552082694899, -22.122392784287058 ], [ -50.236543970470279, -22.122360335388585 ], [ -50.2365223378713, -22.122325182415238 ], [ -50.236506113422067, -22.122303549816266 ], [ -50.236473664523594, -22.122287325367019 ], [ -50.236419583026141, -22.122287325367029 ], [ -50.236379021903048, -22.122292733516769 ], [ -50.236343868929708, -22.122292733516776 ], [ -50.236319532255855, -22.122308957966009 ], [ -50.236260042608656, -22.122333294639851 ], [ -50.236224889635309, -22.122349519089099 ], [ -50.236184328512223, -22.122373855762948 ], [ -50.236149175538877, -22.122398192436808 ], [ -50.236105910340918, -22.122411712811154 ], [ -50.236073461442444, -22.122417120960908 ], [ -50.236030196244485, -22.122433345410148 ], [ -50.235973410672159, -22.12246038615887 ], [ -50.235919329174706, -22.122487426907593 ], [ -50.235867951752127, -22.122509059506584 ], [ -50.235824686554167, -22.122533396180437 ], [ -50.235776013206461, -22.122557732854283 ], [ -50.235738156158249, -22.12257395730353 ], [ -50.235667850211556, -22.122584773603009 ], [ -50.23561917686385, -22.122590181752752 ], [ -50.235565095366397, -22.122606406201989 ], [ -50.235543462767417, -22.122617222501479 ], [ -50.235524534243311, -22.122638855100458 ], [ -50.235500197569458, -22.122652375474818 ], [ -50.235459636446365, -22.122649671399945 ], [ -50.235416371248405, -22.122660487699463 ], [ -50.235405554948912, -22.122690232523041 ], [ -50.235440707922258, -22.12272808957125 ], [ -50.235456932371491, -22.122757834394868 ], [ -50.235478564970478, -22.12281191589231 ], [ -50.235494789419711, -22.122857885165139 ], [ -50.235508309794071, -22.122871405539509 ], [ -50.235524534243311, -22.122909262587719 ], [ -50.23553805461767, -22.122944415561069 ], [ -50.23555968721665, -22.122984976684169 ], [ -50.235565095366397, -22.123012017432877 ], [ -50.235581319815637, -22.123044466331333 ], [ -50.235586727965376, -22.123076915229817 ], [ -50.235592136115123, -22.12310666005342 ], [ -50.235600248339743, -22.123139108951904 ], [ -50.235602952414617, -22.123158037475996 ], [ -50.235602952414617, -22.123198598599085 ], [ -50.235602952414617, -22.123225639347822 ], [ -50.235602952414617, -22.123266200470891 ], [ -50.235602952414617, -22.123312169743734 ], [ -50.235602952414617, -22.123355434941708 ], [ -50.235602952414617, -22.123390587915043 ], [ -50.235600248339743, -22.123417628663777 ], [ -50.235586727965376, -22.123450077562232 ], [ -50.23556779944127, -22.123490638685347 ], [ -50.23555968721665, -22.123501454984822 ], [ -50.235548870917164, -22.123509567209442 ], [ -50.235521830168437, -22.123514975359189 ], [ -50.235489381269964, -22.123514975359189 ], [ -50.235456932371491, -22.123506863134573 ], [ -50.235421779398152, -22.123490638685318 ], [ -50.235392034574552, -22.123485230535564 ], [ -50.235375810125319, -22.12348252646072 ], [ -50.235346065301719, -22.12347711831098 ], [ -50.235297391954013, -22.123463597936603 ], [ -50.23526494305554, -22.123452781637123 ], [ -50.235240606381687, -22.123441965337609 ], [ -50.235186524884234, -22.123406812364287 ], [ -50.235175708584741, -22.123401404214533 ], [ -50.235154075985761, -22.123385179765304 ], [ -50.235137851536528, -22.123379771615561 ], [ -50.235089178188822, -22.123363547166321 ], [ -50.235040504841116, -22.123341914567352 ], [ -50.235029688541623, -22.123325690118108 ], [ -50.235010760017502, -22.123271608620652 ], [ -50.234997239643135, -22.123249976021668 ], [ -50.234991831493382, -22.123206710823705 ], [ -50.234986423343649, -22.123158037475992 ], [ -50.234986423343649, -22.123130996727273 ], [ -50.234964790744662, -22.12309313967905 ], [ -50.234943158145683, -22.123074211154954 ], [ -50.234894484797977, -22.123057986705714 ], [ -50.23485933182463, -22.123039058181618 ], [ -50.23483769922565, -22.123017425582621 ], [ -50.234824178851291, -22.122998497058514 ], [ -50.234791729952818, -22.122952527785696 ], [ -50.234780913653331, -22.122933599261582 ], [ -50.234745760679985, -22.122930895186713 ], [ -50.234702495482026, -22.122922782962078 ], [ -50.234659230284059, -22.122911966662578 ], [ -50.23460785286148, -22.122920078887212 ], [ -50.2345862202625, -22.122974160384668 ], [ -50.2345862202625, -22.123014721507769 ], [ -50.234575403963014, -22.123047170406217 ], [ -50.234553771364027, -22.123082323379574 ], [ -50.234534842839921, -22.12309313967905 ], [ -50.234507802091194, -22.12312558857754 ], [ -50.234496985791708, -22.123160741550873 ], [ -50.234505098016321, -22.123201302673966 ], [ -50.234475353192721, -22.123220231198083 ], [ -50.234434792069635, -22.123217527123195 ], [ -50.234402343171162, -22.123206710823709 ], [ -50.234361782048076, -22.123206710823712 ], [ -50.234332037224476, -22.123220231198083 ], [ -50.23429688425113, -22.123228343422689 ], [ -50.234248210903424, -22.123244567871918 ], [ -50.234191425331105, -22.123244567871932 ], [ -50.234156272357758, -22.123233751572435 ], [ -50.234126527534158, -22.123231047497566 ], [ -50.234094078635685, -22.123236455647305 ], [ -50.234088670485946, -22.123236455647309 ], [ -50.234077854186452, -22.123220231198079 ], [ -50.234037293063366, -22.12316074155089 ], [ -50.234018364539253, -22.123158037476006 ], [ -50.233975099341293, -22.12311747635292 ], [ -50.233945354517694, -22.123087731529321 ], [ -50.233929130068461, -22.123063394855457 ], [ -50.233904793394608, -22.123030945956994 ], [ -50.233910201544354, -22.123017425582624 ], [ -50.233931834143334, -22.122998497058525 ], [ -50.233953466742314, -22.122984976684162 ], [ -50.233953466742314, -22.122963344085175 ], [ -50.23395887489206, -22.122936303336445 ], [ -50.2339642830418, -22.122909262587733 ], [ -50.233956170817187, -22.122879517764119 ], [ -50.233926425993587, -22.122865997389766 ], [ -50.233883160795628, -22.122863293314893 ], [ -50.233869640421261, -22.122822732191793 ], [ -50.233883160795628, -22.122784875143598 ], [ -50.233883160795628, -22.122752426245111 ], [ -50.233883160795628, -22.12274701809536 ], [ -50.233926425993587, -22.122725385496384 ], [ -50.233966987116673, -22.122717273271768 ], [ -50.23400214009002, -22.122714569196898 ], [ -50.234037293063366, -22.122722681421514 ], [ -50.234072446036706, -22.122711865122028 ], [ -50.234102190860305, -22.122701048822535 ], [ -50.234110303084925, -22.122668599924062 ], [ -50.234102190860305, -22.122644263250212 ], [ -50.234094078635685, -22.122609110276873 ], [ -50.234085966411072, -22.122576661378396 ], [ -50.234056221587473, -22.122541508405053 ], [ -50.234034588988493, -22.122514467656313 ], [ -50.234012956389513, -22.122490130982477 ], [ -50.233985915640787, -22.122484722832731 ], [ -50.233961578966934, -22.122495539132231 ], [ -50.233926425993587, -22.122519875806073 ], [ -50.233880456720755, -22.122552324704554 ], [ -50.233861528196641, -22.122584773603016 ], [ -50.233820967073555, -22.122619926576359 ], [ -50.233804742624322, -22.122646967325082 ], [ -50.233761477426356, -22.122674008073808 ], [ -50.23372091630327, -22.122684824373302 ], [ -50.23366953888069, -22.122701048822538 ], [ -50.233645202206837, -22.122711865122017 ], [ -50.233634385907344, -22.122749722170234 ], [ -50.233610049233491, -22.122760538469734 ], [ -50.233558671810911, -22.12277676291896 ], [ -50.233515406612952, -22.122776762918971 ], [ -50.233439692516519, -22.122790283293323 ], [ -50.233431580291899, -22.122782171068717 ], [ -50.233318009147254, -22.122790283293323 ], [ -50.233285560248788, -22.122787579218468 ], [ -50.233239590975941, -22.122787579218453 ], [ -50.233207142077482, -22.12277405884409 ], [ -50.233174693179009, -22.12275783439485 ], [ -50.233166580954389, -22.122757834394861 ], [ -50.233150356505156, -22.122733497720997 ], [ -50.23314494835541, -22.122701048822524 ], [ -50.233155764654903, -22.122687528448164 ], [ -50.233180101328756, -22.122644263250208 ], [ -50.233207142077482, -22.122609110276859 ], [ -50.233255815425188, -22.122603702127122 ], [ -50.233272039874421, -22.12260099805226 ], [ -50.233274743949295, -22.122571253228653 ], [ -50.233255815425188, -22.12254962062967 ], [ -50.233220662451842, -22.122527988030686 ], [ -50.233193621703116, -22.122530692105563 ], [ -50.233177397253883, -22.122522579880954 ], [ -50.233150356505156, -22.122473906533237 ], [ -50.23314494835541, -22.122465794308617 ], [ -50.233128723906177, -22.122460386158863 ], [ -50.233096275007703, -22.122441457634771 ], [ -50.23308005055847, -22.122438753559894 ], [ -50.233055713884617, -22.122438753559905 ], [ -50.233020560911271, -22.122441457634768 ], [ -50.233001632387165, -22.122476610608114 ], [ -50.233015152761524, -22.122492835057344 ], [ -50.233036785360504, -22.122527988030686 ], [ -50.233036785360504, -22.122557732854293 ], [ -50.233025969061018, -22.122592885827633 ], [ -50.233012448686651, -22.122595589902499 ], [ -50.232979999788185, -22.122568549153769 ], [ -50.232915101991239, -22.122609110276862 ], [ -50.232882653092766, -22.122625334726095 ], [ -50.23284209196968, -22.122641559175328 ], [ -50.2328204593707, -22.122674008073808 ], [ -50.232779898247607, -22.122690232523038 ], [ -50.232777194172733, -22.122717273271768 ], [ -50.232828571595313, -22.122755130319987 ], [ -50.232858316418913, -22.122765946619481 ], [ -50.232871836793279, -22.122798395517936 ], [ -50.232836683819933, -22.122820028116934 ], [ -50.232788010472227, -22.122836252566163 ], [ -50.232744745274267, -22.122809211817433 ], [ -50.232715000450668, -22.122787579218468 ], [ -50.232639286354235, -22.122787579218439 ], [ -50.232601429306015, -22.122744314020508 ], [ -50.232585204856782, -22.122733497721008 ], [ -50.23253923558395, -22.122733497721008 ], [ -50.232520307059843, -22.12271997734663 ], [ -50.232506786685477, -22.122711865122021 ], [ -50.232485154086497, -22.122706456972285 ], [ -50.232455409262897, -22.122703752897404 ], [ -50.232417552214685, -22.122719977346645 ], [ -50.232382399241338, -22.122728089571254 ], [ -50.232331021818759, -22.122741609945624 ], [ -50.232309389219779, -22.122738905870747 ], [ -50.232290460695666, -22.122741609945621 ], [ -50.232263419946946, -22.122741609945614 ], [ -50.232217450674106, -22.122738905870744 ], [ -50.232174185476147, -22.122744314020505 ], [ -50.232117399903821, -22.122755130319984 ], [ -50.232095767304841, -22.122771354769224 ], [ -50.232074134705861, -22.122749722170251 ], [ -50.232060614331495, -22.122722681421511 ], [ -50.232055206181748, -22.122709161047144 ], [ -50.232049798032008, -22.122701048822538 ], [ -50.231984900235062, -22.122703752897412 ], [ -50.231968675785829, -22.122717273271771 ], [ -50.23193893096223, -22.122749722170237 ], [ -50.231898369839143, -22.122747018095367 ], [ -50.23185780871605, -22.122719977346637 ], [ -50.231801023143724, -22.122709161047155 ], [ -50.231763166095512, -22.122719977346634 ], [ -50.231738829421658, -22.122738905870747 ], [ -50.231725309047292, -22.122763242544604 ], [ -50.231722604972418, -22.122817324042046 ], [ -50.231714492747805, -22.122847068865656 ], [ -50.231692860148826, -22.122874109614369 ], [ -50.231657707175479, -22.122874109614376 ], [ -50.231603625678027, -22.122884925913873 ], [ -50.231579289004173, -22.122865997389763 ], [ -50.231527911581594, -22.122847068865646 ], [ -50.231463013784655, -22.122841660715892 ], [ -50.231403524137455, -22.122847068865642 ], [ -50.231373779313856, -22.122865997389756 ], [ -50.231373779313856, -22.122901150363109 ], [ -50.231371075238982, -22.122941711486177 ], [ -50.231362963014355, -22.122979568534401 ], [ -50.231354850789749, -22.123012017432895 ], [ -50.231352146714876, -22.12303365003185 ], [ -50.231346738565129, -22.123071507080081 ], [ -50.23131158559179, -22.123106660053416 ], [ -50.23126561631895, -22.123117476352917 ], [ -50.23123587149535, -22.123130996727273 ], [ -50.231198014447138, -22.123139108951904 ], [ -50.231146637024558, -22.123147221176495 ], [ -50.231111484051212, -22.123141813026773 ], [ -50.231087147377359, -22.123144517101625 ], [ -50.231060106628632, -22.123133700802146 ], [ -50.231016841430673, -22.123133700802143 ], [ -50.23100602513118, -22.123160741550883 ], [ -50.231003321056313, -22.123187782299595 ], [ -50.230973576232714, -22.123195894524223 ], [ -50.230919494735261, -22.1231688537755 ], [ -50.230897862136281, -22.123166149700626 ], [ -50.230876229537301, -22.12317155785037 ], [ -50.230846484713702, -22.123190486374472 ], [ -50.230814035815229, -22.123206710823712 ], [ -50.230792403216249, -22.123228343422696 ], [ -50.230778882841882, -22.123244567871922 ], [ -50.230746433943416, -22.123268904545778 ], [ -50.230708576895196, -22.123277016770398 ], [ -50.23067342392185, -22.123274312695528 ], [ -50.230649087247997, -22.123298649369382 ], [ -50.230619342424404, -22.123312169743738 ], [ -50.230613934274658, -22.123317577893481 ], [ -50.230551740552599, -22.123358139016581 ], [ -50.230492250905399, -22.123352730866831 ], [ -50.230443577557693, -22.123379771615554 ], [ -50.230384087910494, -22.123412220514027 ], [ -50.230367863461261, -22.123412220514016 ], [ -50.230335414562788, -22.123439261262742 ], [ -50.230335414562788, -22.123466302011469 ], [ -50.230362455311514, -22.123520383508936 ], [ -50.230394904209987, -22.123552832407402 ], [ -50.230443577557693, -22.123601505755108 ], [ -50.230540924253106, -22.123660995402297 ], [ -50.230622046499285, -22.123682628001298 ], [ -50.230676127996738, -22.123725893199254 ], [ -50.230708576895211, -22.123834056194148 ], [ -50.230697760595717, -22.123898953991098 ], [ -50.230659903547505, -22.123947627338811 ], [ -50.230567965001832, -22.12401252513574 ], [ -50.230497659055146, -22.124093647381926 ], [ -50.230459802006934, -22.124180177777845 ], [ -50.230438169407947, -22.124223442975811 ], [ -50.230400312359734, -22.124288340772761 ], [ -50.230313781963808, -22.124374871168669 ], [ -50.230281333065335, -22.124412728216885 ], [ -50.230232659717629, -22.124434360815862 ], [ -50.230221843418143, -22.124472217864081 ], [ -50.230227251567889, -22.124510074912298 ], [ -50.230292149364828, -22.124553340110268 ], [ -50.230302965664322, -22.124585789008741 ], [ -50.230313781963808, -22.12462364605695 ], [ -50.230335414562788, -22.124656094955423 ], [ -50.230367863461261, -22.12469395200365 ], [ -50.230384087910494, -22.124720992752358 ], [ -50.230378679760754, -22.124769666100068 ], [ -50.230416536808967, -22.124791298699048 ], [ -50.230421944958714, -22.124807523148291 ], [ -50.230454393857187, -22.124872420945227 ], [ -50.230476026456166, -22.124888645394478 ], [ -50.23050847535464, -22.124894053544207 ], [ -50.230557148702346, -22.1248940535442 ], [ -50.230573373151579, -22.124861604645748 ], [ -50.230573373151579, -22.124850788346254 ], [ -50.230573373151579, -22.124785890549315 ], [ -50.230573373151579, -22.124758849800578 ], [ -50.230573373151579, -22.124715584602626 ], [ -50.230584189451072, -22.124677727554406 ], [ -50.230589597600812, -22.124672319404649 ], [ -50.230627454649031, -22.12460742160771 ], [ -50.230643679098264, -22.124585789008727 ], [ -50.230659903547505, -22.124510074912308 ], [ -50.230676127996738, -22.124493850463065 ], [ -50.230719393194697, -22.124466809714345 ], [ -50.230822148039856, -22.124396503767663 ], [ -50.230865413237822, -22.124347830419946 ], [ -50.230892453986549, -22.124342422270207 ], [ -50.231006025131194, -22.124299157072233 ], [ -50.231038474029667, -22.124293748922483 ], [ -50.231081739227626, -22.124299157072247 ], [ -50.231114188126099, -22.124331605970703 ], [ -50.231146637024572, -22.124374871168683 ], [ -50.231189902222532, -22.124396503767656 ], [ -50.231249391869731, -22.124396503767645 ], [ -50.231281840768197, -22.124412728216896 ], [ -50.231292657067691, -22.124439768965622 ], [ -50.231298065217437, -22.124461401564602 ], [ -50.231260208169218, -22.124461401564606 ], [ -50.231222351121005, -22.124472217864071 ], [ -50.231200718522025, -22.124493850463075 ], [ -50.231179085923038, -22.124537115661031 ], [ -50.231179085923038, -22.124591197158484 ], [ -50.231195310372279, -22.124656094955427 ], [ -50.231211534821512, -22.124699360153382 ], [ -50.231254800019471, -22.124764257950325 ], [ -50.231254800019471, -22.124802114998545 ], [ -50.231325105966164, -22.124823747597517 ], [ -50.23135755486463, -22.124834563897018 ], [ -50.231368371164123, -22.124867012795487 ], [ -50.231368371164123, -22.124899461693957 ], [ -50.231390003763103, -22.12494813504167 ], [ -50.231379187463617, -22.124996808389362 ], [ -50.231400820062596, -22.125056298036572 ], [ -50.231460309709796, -22.125099563234521 ], [ -50.231503574907755, -22.125148236582231 ], [ -50.231552248255461, -22.12517527733096 ], [ -50.231590105303681, -22.125186093630443 ], [ -50.231622554202147, -22.125223950678663 ], [ -50.231671227549853, -22.125267215876629 ], [ -50.231703676448326, -22.125348338122805 ], [ -50.231725309047306, -22.125434868518727 ], [ -50.231736125346799, -22.12548895001618 ], [ -50.231736125346799, -22.125586296711592 ], [ -50.231761574674429, -22.125654191662296 ], [ -50.23360222, -22.12402028 ], [ -50.23467806, -22.12406194 ], [ -50.23533639, -22.12437278 ], [ -50.23603861, -22.12461278 ], [ -50.23682861, -22.12362583 ], [ -50.23684694, -22.12294861 ], [ -50.23675194, -22.12237778 ], [ -50.23681907258586, -22.122781162860218 ], [ -50.236763000534957, -22.122822732191793 ] ] ], [ [ [ -50.230332625985653, -22.125370759410323 ], [ -50.230306035916072, -22.125340113228432 ], [ -50.230269418235544, -22.125306424962318 ], [ -50.230236856667268, -22.125277243487655 ], [ -50.230212069314263, -22.125246146626612 ], [ -50.230180071094935, -22.125228570139939 ], [ -50.230160448147174, -22.125200970038087 ], [ -50.230144016763305, -22.12516637641788 ], [ -50.230115623977142, -22.125138884990008 ], [ -50.230115398637558, -22.125102154639656 ], [ -50.230137932594836, -22.125085930190412 ], [ -50.230149764616762, -22.125072155597714 ], [ -50.23014694617774, -22.12504514372775 ], [ -50.230138383273975, -22.125010216093987 ], [ -50.230144692782005, -22.12498182330782 ], [ -50.23016677606013, -22.124963796142008 ], [ -50.230189760696554, -22.124957486633964 ], [ -50.230209139899806, -22.124939459468148 ], [ -50.230212294653825, -22.124920305604476 ], [ -50.230208238541515, -22.124904306494798 ], [ -50.230208013201946, -22.124884476612408 ], [ -50.230215449407844, -22.124868252163168 ], [ -50.230222885613749, -22.12484999965778 ], [ -50.23023302589452, -22.124836704622993 ], [ -50.230249486960815, -22.124822763549368 ], [ -50.230251954418627, -22.124807410478532 ], [ -50.230236631327685, -22.124782172446384 ], [ -50.230211393295534, -22.124761441205695 ], [ -50.230171733530739, -22.124767750713733 ], [ -50.230130271049362, -22.124785777879559 ], [ -50.230092414001142, -22.124792988745881 ], [ -50.230066274610699, -22.124770454788607 ], [ -50.230039233861973, -22.124758737130833 ], [ -50.230023910771038, -22.124736203173544 ], [ -50.230002278172044, -22.124714570574575 ], [ -50.229965322482116, -22.124693839333876 ], [ -50.229918451850992, -22.124683924392695 ], [ -50.229873383936464, -22.124653278210797 ], [ -50.22983597756739, -22.124644715307035 ], [ -50.229808936818664, -22.124650574135917 ], [ -50.229776938599336, -22.12466274247285 ], [ -50.22975395396292, -22.124674460130617 ], [ -50.229717899631282, -22.12467761488465 ], [ -50.229620102256725, -22.124682121676098 ], [ -50.229472279497024, -22.124680318959516 ], [ -50.229354201560923, -22.124669502660023 ], [ -50.2292478412826, -22.124631645611814 ], [ -50.229141931683429, -22.124586352357696 ], [ -50.229126383252911, -22.12457260664376 ], [ -50.229094308206967, -22.12454905213129 ], [ -50.229061936135118, -22.124530242804084 ], [ -50.229028360538784, -22.124516046410992 ], [ -50.228998615715184, -22.124516046410999 ], [ -50.228852370434723, -22.124441458890573 ], [ -50.228914564054577, -22.12447435859006 ], [ -50.228868369442168, -22.124454979386798 ], [ -50.228840427335143, -22.124433346787818 ], [ -50.228824878904618, -22.124394813720876 ], [ -50.228802933104156, -22.124358213617572 ], [ -50.228788373893849, -22.124347379740829 ], [ -50.228773276142476, -22.124338704167265 ], [ -50.228750742185206, -22.124323831755476 ], [ -50.228729116779071, -22.124314643013388 ], [ -50.228689900500584, -22.124291495526784 ], [ -50.228664662468439, -22.124284284660447 ], [ -50.228647987340054, -22.124291495526784 ], [ -50.228637171040567, -22.124308170655173 ], [ -50.22862680542022, -22.12431605754022 ], [ -50.22860224340679, -22.124308170655183 ], [ -50.228595708559183, -22.124299607751418 ], [ -50.228581512166102, -22.124285862037471 ], [ -50.22856033024626, -22.124265356136359 ], [ -50.22855109132378, -22.124256455223222 ], [ -50.228530360083091, -22.124248230328831 ], [ -50.228501967296928, -22.124245526253958 ], [ -50.228472222473329, -22.12424237149995 ], [ -50.228452843270084, -22.124221189580105 ], [ -50.228428281256662, -22.12421375337421 ], [ -50.22839650837691, -22.124209471922335 ], [ -50.228366876223092, -22.124203838433015 ], [ -50.228342539549239, -22.124193134803321 ], [ -50.228315273460943, -22.124177924382153 ], [ -50.228301640416795, -22.12415155965213 ], [ -50.228298034983631, -22.12412992705314 ], [ -50.228269642197468, -22.124105590379312 ], [ -50.228261529972848, -22.124083957780318 ], [ -50.228257023181392, -22.124065930614496 ], [ -50.228276402384651, -22.124047002090389 ], [ -50.228275951705498, -22.124014553191916 ], [ -50.228272796951487, -22.123968133239934 ], [ -50.22826333268943, -22.123923516004545 ], [ -50.228265135406012, -22.123900080688976 ], [ -50.228285415967555, -22.123885433616756 ], [ -50.228309301962263, -22.123879349448291 ], [ -50.228334089315261, -22.123876194694272 ], [ -50.228411831467845, -22.123873715958965 ], [ -50.228462307532133, -22.12387551867555 ], [ -50.228514586313004, -22.12386740645093 ], [ -50.228544331136604, -22.123849379285115 ], [ -50.228583089543115, -22.123832253477588 ], [ -50.228607426216968, -22.123825042611262 ], [ -50.228630861532537, -22.123828197365278 ], [ -50.22865114209408, -22.123825042611269 ], [ -50.228661057035275, -22.123810620878618 ], [ -50.228651592773218, -22.12379079099621 ], [ -50.22862274930791, -22.123775467905261 ], [ -50.228586694976272, -22.123761947530891 ], [ -50.228577681393368, -22.123718682332935 ], [ -50.228577681393368, -22.123673614418408 ], [ -50.228596159238329, -22.12361727952521 ], [ -50.228616439799872, -22.123594745567946 ], [ -50.228640325794579, -22.123586633343319 ], [ -50.228650240735789, -22.123602857792566 ], [ -50.228652043452371, -22.123643418915659 ], [ -50.228658803639547, -22.123659643364885 ], [ -50.228661057035275, -22.123674515776695 ], [ -50.228673225372205, -22.123679923926449 ], [ -50.228688548463147, -22.123675867814139 ], [ -50.228704772912387, -22.123656939290015 ], [ -50.228724152115639, -22.123641616199073 ], [ -50.228779360310959, -22.123606463225737 ], [ -50.228828033658665, -22.123577619760422 ], [ -50.228874904289789, -22.123583027910158 ], [ -50.228900142321933, -22.123575817043843 ], [ -50.228917268129464, -22.123571760931537 ], [ -50.228927859089382, -22.123559592594603 ], [ -50.228927633749805, -22.123538861353918 ], [ -50.2289136626963, -22.123520383508954 ], [ -50.228898564944927, -22.123519031471517 ], [ -50.228885720589282, -22.123526467677415 ], [ -50.22885665178439, -22.123512271284334 ], [ -50.228847638201486, -22.123486131893902 ], [ -50.228849440918069, -22.123450978920555 ], [ -50.228867468083884, -22.123425740888415 ], [ -50.228905325132096, -22.123405009647719 ], [ -50.228940478105443, -22.123385179765329 ], [ -50.228955601471192, -22.12338993282313 ], [ -50.228971124287334, -22.123385179765322 ], [ -50.228984644661693, -22.123370758032674 ], [ -50.228990977006021, -22.123336345663674 ], [ -50.229022501709913, -22.123305860235725 ], [ -50.229021600351622, -22.123276115412132 ], [ -50.229011572740639, -22.123265299112649 ], [ -50.228999291733928, -22.123259552953531 ], [ -50.228982165926396, -22.123260228972249 ], [ -50.22897247632477, -22.123264623093924 ], [ -50.228968532882249, -22.12327217196961 ], [ -50.228955575856823, -22.123277016770427 ], [ -50.228941830142887, -22.123277918128711 ], [ -50.228931464522532, -22.12327521405383 ], [ -50.228904423773812, -22.123271946630027 ], [ -50.228899691642752, -22.123264059744994 ], [ -50.228908930565233, -22.12325189140806 ], [ -50.228915916091985, -22.123233638902683 ], [ -50.228922901618738, -22.123213358341133 ], [ -50.228913071179882, -22.123184655713047 ], [ -50.228896846730649, -22.123148150702264 ], [ -50.228890086543466, -22.123103533466875 ], [ -50.228886706449877, -22.123071760587127 ], [ -50.228871496028731, -22.123054522109804 ], [ -50.228845638312748, -22.12305502912384 ], [ -50.228831779929024, -22.123071929591791 ], [ -50.227972560138262, -22.122510327041695 ], [ -50.227929970959018, -22.122515059172709 ], [ -50.22790439827579, -22.122509445657077 ], [ -50.227891944906141, -22.122512524102525 ], [ -50.227877410503687, -22.122513876139962 ], [ -50.227850031745596, -22.12250745396214 ], [ -50.227841412506947, -22.122499848751556 ], [ -50.227844623595857, -22.122493257569062 ], [ -50.227851214778369, -22.122487004395918 ], [ -50.227883654340467, -22.122459793315201 ], [ -50.227905296275821, -22.122436641001418 ], [ -50.227906379062723, -22.122413454782549 ], [ -50.227921520725054, -22.122395065850238 ], [ -50.22794146327724, -22.122380193438445 ], [ -50.227969856063403, -22.122370729176399 ], [ -50.22800095292444, -22.122361602923704 ], [ -50.228014473298792, -22.122339632315363 ], [ -50.228007713111609, -22.122296367117396 ], [ -50.227971208100826, -22.122258510069173 ], [ -50.227914422528507, -22.122224709133278 ], [ -50.22787115733054, -22.122199020421984 ], [ -50.227847834684766, -22.122179500381488 ], [ -50.227820117917318, -22.122163951950974 ], [ -50.227790373093718, -22.122140291295832 ], [ -50.227787669018845, -22.122112574528398 ], [ -50.227772120588334, -22.122090941929414 ], [ -50.227745079839607, -22.122088237854541 ], [ -50.227699110566768, -22.122099730172746 ], [ -50.227680182042661, -22.122085533779671 ], [ -50.227677477967788, -22.1220605210871 ], [ -50.227661253518555, -22.122042944600427 ], [ -50.22762677656393, -22.12204429663786 ], [ -50.227612918180199, -22.122064577199403 ], [ -50.227602777899428, -22.122101420219551 ], [ -50.227586891459552, -22.122144009398788 ], [ -50.227563230804421, -22.122192006727769 ], [ -50.227536866074388, -22.122227835719844 ], [ -50.227515402480087, -22.122247778272023 ], [ -50.227489882773483, -22.122252172393701 ], [ -50.227479911497383, -22.12224963732351 ], [ -50.227468757188532, -22.122234088892991 ], [ -50.22746909519789, -22.122183556493805 ], [ -50.227456250842245, -22.122163951950988 ], [ -50.227417041756595, -22.122168684082006 ], [ -50.227399465269919, -22.122152459632776 ], [ -50.227386620914274, -22.122119334715581 ], [ -50.227371072483756, -22.122092293966862 ], [ -50.227353495997086, -22.122082153686083 ], [ -50.227322061126678, -22.122080125629925 ], [ -50.227296372415388, -22.122088237854541 ], [ -50.227274739816409, -22.122121362771743 ], [ -50.227265951573067, -22.122179838390856 ], [ -50.227251417170628, -22.122223103588809 ], [ -50.227233840683951, -22.12226805883358 ], [ -50.227217954244075, -22.122300169722678 ], [ -50.227179421177141, -22.122332956630512 ], [ -50.227166576821496, -22.122351885154629 ], [ -50.227173337008679, -22.122396502390007 ], [ -50.227180773214577, -22.122434359438241 ], [ -50.227165562793424, -22.122447372798558 ], [ -50.227157619573482, -22.122459203126116 ], [ -50.227157112559446, -22.122475258570674 ], [ -50.227161844690478, -22.122487088898239 ], [ -50.227184153308173, -22.122491821029271 ], [ -50.227211194056899, -22.122498581216451 ], [ -50.227238980499834, -22.12251482729997 ], [ -50.227270261192444, -22.122558070863668 ], [ -50.227284204078458, -22.122581055500074 ], [ -50.227273387778972, -22.122616884492128 ], [ -50.227251332668338, -22.122627926131209 ], [ -50.227229249390213, -22.122648206692755 ], [ -50.227194547096019, -22.122681106270377 ], [ -50.227161196839255, -22.122709499056537 ], [ -50.227129057782648, -22.122725723505756 ], [ -50.227098498032376, -22.122748337720964 ], [ -50.227056385770453, -22.122771016759867 ], [ -50.227014810619288, -22.122798057508593 ], [ -50.22696951736517, -22.122827464322832 ], [ -50.226924900129774, -22.122835238538098 ], [ -50.226868790576162, -22.122839970669123 ], [ -50.226826201396918, -22.122837942612978 ], [ -50.226785640273825, -22.122834562519383 ], [ -50.226718038401998, -22.122822732191818 ], [ -50.22667680126019, -22.122828140341557 ], [ -50.226630831987357, -22.122822732191814 ], [ -50.226600073135678, -22.122799747555405 ], [ -50.226578102527341, -22.122757834394871 ], [ -50.226588834324538, -22.122718512639445 ], [ -50.226627592731049, -22.122700485473619 ], [ -50.226668153854135, -22.122699584115331 ], [ -50.226708714977221, -22.122696880040476 ], [ -50.226750177458605, -22.12269057053242 ], [ -50.226770007341003, -22.122668036575153 ], [ -50.226760543078953, -22.122646403976173 ], [ -50.22674026251741, -22.122629728847794 ], [ -50.226688209076116, -22.122606744211371 ], [ -50.226644042519865, -22.122590519762142 ], [ -50.226639085049271, -22.122561225617684 ], [ -50.226645616860836, -22.122540960517611 ], [ -50.226667477834219, -22.122533734191087 ], [ -50.226702630809015, -22.122531931472984 ], [ -50.22673372766981, -22.122548606601615 ], [ -50.226754909588436, -22.122582407537603 ], [ -50.226773387434612, -22.122590069082992 ], [ -50.226786006450681, -22.122586463649828 ], [ -50.226800878862484, -22.122579252783506 ], [ -50.226801780220775, -22.122559422901098 ], [ -50.226784203734098, -22.122543198451861 ], [ -50.226780598300941, -22.122523819248617 ], [ -50.226794118675301, -22.122518861778016 ], [ -50.22680132954163, -22.122500834612186 ], [ -50.226794118675301, -22.122479652692363 ], [ -50.226770232680593, -22.1224512599062 ], [ -50.226730122236646, -22.122417008291148 ], [ -50.226699476054762, -22.122395826371314 ], [ -50.226666125797998, -22.122365630868572 ], [ -50.22666387240227, -22.122335435365816 ], [ -50.226664323081415, -22.122307042579674 ], [ -50.226657112215086, -22.122274143002045 ], [ -50.226642690482429, -22.122227723050063 ], [ -50.226630972824644, -22.122195724830739 ], [ -50.226632353029544, -22.12219023217866 ], [ -50.226626775874813, -22.12217992289327 ], [ -50.226623057772173, -22.122169444603081 ], [ -50.226620015687942, -22.122160825364414 ], [ -50.22661714260839, -22.122155755224025 ], [ -50.226614945547553, -22.122147812004098 ], [ -50.226614523035842, -22.122141643333283 ], [ -50.226606410811229, -22.122130827033779 ], [ -50.226601002661482, -22.122123390827891 ], [ -50.226590186361989, -22.122109870453535 ], [ -50.226583426174813, -22.122103110266337 ], [ -50.226571257837882, -22.122087561835833 ], [ -50.226567877744294, -22.122079449611203 ], [ -50.226563145613262, -22.122072013405305 ], [ -50.226557737463523, -22.122063901180699 ], [ -50.226551653295054, -22.122057140993512 ], [ -50.226546245145315, -22.122049704787628 ], [ -50.226544217089156, -22.122042944600437 ], [ -50.226540836995568, -22.122036860431969 ], [ -50.226538808939409, -22.122032128300955 ], [ -50.226534076808385, -22.122024016076324 ], [ -50.226523345011231, -22.122014636316624 ], [ -50.22651289488855, -22.122005876240724 ], [ -50.226495318401888, -22.121991341838275 ], [ -50.226460616107687, -22.121971737295453 ], [ -50.226432223321524, -22.121946048584164 ], [ -50.226410140043399, -22.121929373455782 ], [ -50.226382197936381, -22.121915402402276 ], [ -50.226376789786634, -22.121899628632193 ], [ -50.226384000652963, -22.121882502824658 ], [ -50.226402478497924, -22.121877320014487 ], [ -50.22641216809955, -22.12187258788347 ], [ -50.226418477607588, -22.121862898281833 ], [ -50.226416449551429, -22.12185039193556 ], [ -50.22640784953834, -22.121841726980609 ], [ -50.226391887538007, -22.121828421327198 ], [ -50.226359213299965, -22.121819407744301 ], [ -50.226340284775858, -22.121817379688135 ], [ -50.226325412364062, -22.121827632638713 ], [ -50.226315046743721, -22.121842505050513 ], [ -50.226315046743721, -22.121868644440944 ], [ -50.226318201497733, -22.121890727719066 ], [ -50.226309187914829, -22.121900642660268 ], [ -50.226285752599267, -22.121908304205739 ], [ -50.226260514567123, -22.121899290622828 ], [ -50.226243388759592, -22.121882164815315 ], [ -50.226242487401301, -22.121870897836668 ], [ -50.226249271488975, -22.121862305901459 ], [ -50.226264570679433, -22.121858729499746 ], [ -50.226277189695502, -22.121850166595969 ], [ -50.226273584262337, -22.121828533997004 ], [ -50.226254205059085, -22.121812309547757 ], [ -50.226239557986851, -22.121799803201473 ], [ -50.226223933623359, -22.121791476704438 ], [ -50.226205531711372, -22.12179011359984 ], [ -50.226180068339652, -22.121800479220191 ], [ -50.226157985061526, -22.121796873787019 ], [ -50.226139507216566, -22.121784254770947 ], [ -50.22611742393844, -22.12176712896343 ], [ -50.226100877805415, -22.121756163749602 ], [ -50.22606861, -22.12174722 ], [ -50.22593889, -22.12277889 ], [ -50.22595111, -22.12289222 ], [ -50.23037111, -22.12546028 ], [ -50.230986162549932, -22.12598969828284 ], [ -50.230473017993845, -22.12554799926091 ], [ -50.230396171745163, -22.125469458143169 ], [ -50.230370933713019, -22.125434755848971 ], [ -50.230348399755741, -22.125400504233909 ], [ -50.230332625985653, -22.125370759410323 ] ] ], [ [ [ -50.226885353034731, -22.12219944293367 ], [ -50.226893167539991, -22.122214399601816 ], [ -50.226917125914483, -22.12222546965431 ], [ -50.226950926850392, -22.122227497710465 ], [ -50.226999600198099, -22.122223441598166 ], [ -50.227027654974918, -22.122214991364185 ], [ -50.227052667667493, -22.122225131644967 ], [ -50.227086130594039, -22.122242032112915 ], [ -50.227114100868569, -22.122251158365628 ], [ -50.227139536072777, -22.122247778272019 ], [ -50.227172322980607, -22.122240342066128 ], [ -50.227192519039875, -22.122203837055356 ], [ -50.22717637909291, -22.122174092231752 ], [ -50.227157788578161, -22.12215313565148 ], [ -50.227144606213159, -22.122122376799805 ], [ -50.22713818403534, -22.12210818040673 ], [ -50.22712601569841, -22.122087223826465 ], [ -50.227116551436353, -22.122060521087089 ], [ -50.2271036225792, -22.122044296637618 ], [ -50.227085116565966, -22.12204700071273 ], [ -50.227072610219679, -22.122064577199396 ], [ -50.227059765864034, -22.122072013405308 ], [ -50.227044555442873, -22.122070323358503 ], [ -50.227019542750305, -22.122054098909263 ], [ -50.226995206076452, -22.122034832375792 ], [ -50.22696410921543, -22.12202131200144 ], [ -50.226933282718115, -22.122020707930474 ], [ -50.226895493315531, -22.122027058160544 ], [ -50.226862875412372, -22.12202621313714 ], [ -50.226826116894635, -22.122018607926591 ], [ -50.22678361221768, -22.122013199776816 ], [ -50.226743642611019, -22.121998327365038 ], [ -50.22672108048625, -22.121975849742647 ], [ -50.226702996985544, -22.121966385480597 ], [ -50.226686603531626, -22.121957766241938 ], [ -50.226670379082393, -22.121953203115581 ], [ -50.226657562894239, -22.121944133197804 ], [ -50.226634719094989, -22.121941034778654 ], [ -50.226609790904824, -22.121943231839516 ], [ -50.226585679570547, -22.121944358537377 ], [ -50.226563145613277, -22.121945935914383 ], [ -50.226553906690796, -22.121936922331471 ], [ -50.226544893107885, -22.121927007390269 ], [ -50.226538921609198, -22.121924415985188 ], [ -50.22653204875224, -22.121925880692405 ], [ -50.22652686594207, -22.121937147671051 ], [ -50.226523035169329, -22.121949090668402 ], [ -50.226520556434025, -22.121959456288735 ], [ -50.226534978166676, -22.121986046358323 ], [ -50.226537682241549, -22.122003848184569 ], [ -50.226563145613262, -22.122015227832986 ], [ -50.226565849688136, -22.122016579870436 ], [ -50.226580722099939, -22.122017255889158 ], [ -50.226586130249679, -22.122017931907866 ], [ -50.226589510343274, -22.122019959964014 ], [ -50.226598298586609, -22.122026044132486 ], [ -50.226603706736356, -22.122028748207349 ], [ -50.226611818960968, -22.122035508394529 ], [ -50.226617227110715, -22.122044972656589 ], [ -50.226623311279184, -22.122057140993526 ], [ -50.226628043410209, -22.122066605255561 ], [ -50.226628719428923, -22.12207133738659 ], [ -50.22663007146636, -22.122073365442748 ], [ -50.22663007146636, -22.122082829704794 ], [ -50.22663412757867, -22.122093646004299 ], [ -50.226636831653543, -22.122099730172749 ], [ -50.226639535728417, -22.122109870453524 ], [ -50.226643591840727, -22.122120686753014 ], [ -50.226648323971752, -22.122132855089944 ], [ -50.226657112215086, -22.122151783614068 ], [ -50.226662520364833, -22.12216462796971 ], [ -50.226666576477143, -22.122180176400217 ], [ -50.226689307606463, -22.122187781610791 ], [ -50.226721080486222, -22.122184739526546 ], [ -50.226753529384688, -22.122179669386167 ], [ -50.226778204067905, -22.122188119620141 ], [ -50.226785302264446, -22.122196569854111 ], [ -50.226819948223749, -22.122195048812006 ], [ -50.22684141181805, -22.12219048568565 ], [ -50.226869128585498, -22.122188626634177 ], [ -50.226885353034731, -22.12219944293367 ] ] ], [ [ [ -50.23653972000001, -22.12193444 ], [ -50.236539832088589, -22.121934386775127 ], [ -50.23653972, -22.12193444 ], [ -50.23653972000001, -22.12193444 ] ] ], [ [ [ -50.236942821514056, -22.121670796296073 ], [ -50.236931329195848, -22.121682288614259 ], [ -50.236927273083538, -22.121689724820175 ], [ -50.236923216971228, -22.121705273250694 ], [ -50.236926400948391, -22.121750825891219 ], [ -50.23694861, -22.12174028 ], [ -50.237020633842562, -22.121708919719929 ], [ -50.237019421248384, -22.121705808524574 ], [ -50.237008371504274, -22.121652636961283 ], [ -50.23700298717997, -22.121651867771938 ], [ -50.236983382637142, -22.121653219809392 ], [ -50.236970538281497, -22.121655923884269 ], [ -50.236953637813549, -22.121663360090164 ], [ -50.236942821514056, -22.121670796296073 ] ] ], [ [ [ -50.229303710943881, -22.121818864806922 ], [ -50.229383917645713, -22.121892387616928 ], [ -50.229470808239363, -22.121915781238297 ], [ -50.229561040778925, -22.121972594318766 ], [ -50.229621195805294, -22.122029407399229 ], [ -50.229654615264394, -22.122049459074699 ], [ -50.229664641102119, -22.122066168804245 ], [ -50.229724796128494, -22.122163085235602 ], [ -50.229774925317138, -22.122189820802891 ], [ -50.229868499802613, -22.122219898316086 ], [ -50.229938680666713, -22.122229924153814 ], [ -50.230032255152189, -22.122253317775183 ], [ -50.230092410178557, -22.122246633883343 ], [ -50.230185984664033, -22.122249975829277 ], [ -50.230206036339489, -22.122263343612914 ], [ -50.230299610824957, -22.122260001666991 ], [ -50.230312978608602, -22.122193162748808 ], [ -50.230353081959514, -22.12210627215515 ], [ -50.230363107797245, -22.122036091291033 ], [ -50.230416578931802, -22.122016039615591 ], [ -50.230490101741815, -22.121999329886055 ], [ -50.230526863146821, -22.122009355723769 ], [ -50.230523521200908, -22.122072852696064 ], [ -50.230480075904083, -22.122149717451975 ], [ -50.230443314499077, -22.122199846640626 ], [ -50.230429946715439, -22.12224997582927 ], [ -50.230423262823621, -22.122323498639282 ], [ -50.230416578931802, -22.122417073124758 ], [ -50.230429946715439, -22.122493937880677 ], [ -50.230436630607258, -22.122587512366142 ], [ -50.230439972553164, -22.122644325446618 ], [ -50.230453340336808, -22.122687770743447 ], [ -50.230439972553164, -22.122781345228905 ], [ -50.23044665644499, -22.122821448579835 ], [ -50.230510153417271, -22.12284818414712 ], [ -50.230590360119102, -22.122854868038928 ], [ -50.230663882929115, -22.122848184147113 ], [ -50.23074074768504, -22.122841500255269 ], [ -50.230824296332784, -22.122818106633922 ], [ -50.230847689954146, -22.122784687174821 ], [ -50.230854373845965, -22.122721190202533 ], [ -50.230847689954146, -22.12261758987934 ], [ -50.230837664116422, -22.122547409015233 ], [ -50.23082763827869, -22.122477228151126 ], [ -50.230817612440958, -22.122430440908389 ], [ -50.230767483252315, -22.122340208368822 ], [ -50.230767483252315, -22.122333524477011 ], [ -50.230807586603234, -22.122283395288367 ], [ -50.230851031900059, -22.122226582207904 ], [ -50.230871083575515, -22.122153059397903 ], [ -50.230871083575515, -22.122106272155161 ], [ -50.230861057737791, -22.122072852696046 ], [ -50.230837664116422, -22.122032749345127 ], [ -50.230834322170509, -22.1219859621024 ], [ -50.230807586603234, -22.121942516805571 ], [ -50.230747431576859, -22.121932490967851 ], [ -50.230683934604571, -22.121939174859673 ], [ -50.230560282605914, -22.121955884589216 ], [ -50.230386501418614, -22.121949200697397 ], [ -50.230349740013608, -22.121945858751502 ], [ -50.230316320554508, -22.121945858751488 ], [ -50.230299610824957, -22.121942516805586 ], [ -50.230256165528132, -22.121892387616928 ], [ -50.23028624304132, -22.121845600374186 ], [ -50.230326346392239, -22.121798813131466 ], [ -50.230356423905427, -22.12177207756417 ], [ -50.230379817526796, -22.121698554754175 ], [ -50.23040655309407, -22.121641741673699 ], [ -50.23044665644499, -22.121618348052333 ], [ -50.230546914822277, -22.121621689998243 ], [ -50.230570308443646, -22.121651767511434 ], [ -50.230607069848652, -22.121698554754172 ], [ -50.23063714736184, -22.121742000050997 ], [ -50.230667224875027, -22.121785445347818 ], [ -50.230710670171852, -22.121825548698741 ], [ -50.230750773522765, -22.121852284266019 ], [ -50.230807586603234, -22.121865652049657 ], [ -50.230857715791878, -22.121862310103747 ], [ -50.230937922493709, -22.121802155077376 ], [ -50.230937922493709, -22.121745341996906 ], [ -50.230971341952809, -22.121735316159167 ], [ -50.230988051682353, -22.121658451403245 ], [ -50.231008103357816, -22.121618348052333 ], [ -50.231021471141453, -22.121561534971871 ], [ -50.231028155033272, -22.121508063837325 ], [ -50.231041522816909, -22.121461276594573 ], [ -50.231064916438278, -22.12139443767639 ], [ -50.231091652005553, -22.121340966541837 ], [ -50.231115045626922, -22.121294179299095 ], [ -50.231135097302385, -22.121254075948166 ], [ -50.231094993951466, -22.121170527300439 ], [ -50.231098335897379, -22.121107030328155 ], [ -50.231094993951466, -22.121040191409957 ], [ -50.231081626167828, -22.120983378329498 ], [ -50.231078284221915, -22.120926565249029 ], [ -50.231098335897379, -22.120876436060392 ], [ -50.231068258384191, -22.120829648817647 ], [ -50.231024813087359, -22.120786203520822 ], [ -50.230964658060991, -22.120716022656726 ], [ -50.230957974169172, -22.120652525684449 ], [ -50.230991393628265, -22.120582344820345 ], [ -50.230994735574178, -22.120542241469412 ], [ -50.230984709736447, -22.120498796172591 ], [ -50.230944606385528, -22.120438641146229 ], [ -50.230951290277346, -22.120371802228018 ], [ -50.230927896655984, -22.120331698877109 ], [ -50.230861057737791, -22.120298279418005 ], [ -50.230804244657321, -22.120288253580284 ], [ -50.23074074768504, -22.120311647201657 ], [ -50.230663882929115, -22.120311647201657 ], [ -50.230627121524108, -22.120264859958912 ], [ -50.230573650389552, -22.120224756607982 ], [ -50.230490101741815, -22.120251492175289 ], [ -50.230439972553171, -22.120298279418009 ], [ -50.230426604769526, -22.120371802228028 ], [ -50.230409895039983, -22.120408563633028 ], [ -50.230369791689064, -22.120478744497138 ], [ -50.230309636662689, -22.12052218979397 ], [ -50.230259507474045, -22.12055895119898 ], [ -50.230119145745839, -22.120595712603983 ], [ -50.230012203476726, -22.12058568676624 ], [ -50.229891893423982, -22.120568977036701 ], [ -50.229768241425319, -22.12055560925306 ], [ -50.229758215587594, -22.120555609253056 ], [ -50.2296913766694, -22.120645841792626 ], [ -50.229581092454382, -22.120669235413992 ], [ -50.229507569644369, -22.120629132063069 ], [ -50.229464124347544, -22.120639157900801 ], [ -50.229377233753894, -22.12068928708943 ], [ -50.22929368510615, -22.120746100169903 ], [ -50.229253581755231, -22.120826306871734 ], [ -50.229143297540212, -22.120846358547201 ], [ -50.22904638110883, -22.120883119952211 ], [ -50.22894278078563, -22.120859726330846 ], [ -50.228919387164261, -22.120816281034006 ], [ -50.228849206300161, -22.120759467953555 ], [ -50.228742264031048, -22.120729390440356 ], [ -50.228692134842404, -22.120716022656726 ], [ -50.228672083166948, -22.120695970981259 ], [ -50.228598560356936, -22.120679261251713 ], [ -50.228518353655105, -22.120659209576264 ], [ -50.228488276141917, -22.120615764279432 ], [ -50.228408069440086, -22.120579002874429 ], [ -50.228381333872804, -22.120528873685771 ], [ -50.22834791441371, -22.120478744497134 ], [ -50.228307811062791, -22.120458692821668 ], [ -50.228230946306873, -22.120472060605312 ], [ -50.228170791280498, -22.120512163956239 ], [ -50.228087242632753, -22.120528873685771 ], [ -50.228020403714559, -22.120548925361238 ], [ -50.227926829229091, -22.120572318982607 ], [ -50.22787670004044, -22.120575660928509 ], [ -50.227779783609066, -22.120600725522834 ], [ -50.22775471901474, -22.120610751360562 ], [ -50.227717957609734, -22.120599054549878 ], [ -50.227654460637453, -22.120600725522838 ], [ -50.227589292692215, -22.120590699685117 ], [ -50.227537492530615, -22.120587357739197 ], [ -50.227492376260834, -22.120577331901462 ], [ -50.22746062777469, -22.120548925361231 ], [ -50.227418853450821, -22.120548925361238 ], [ -50.227398801775358, -22.120563964117846 ], [ -50.227392117883539, -22.120604067468744 ], [ -50.227388775937634, -22.120639157900797 ], [ -50.227383763018764, -22.120657538603307 ], [ -50.227383763018764, -22.120711009737846 ], [ -50.227395459829452, -22.120744429196947 ], [ -50.227405485667177, -22.120787874493782 ], [ -50.227412169558995, -22.120826306871731 ], [ -50.227413840531952, -22.120866410222654 ], [ -50.227413840531952, -22.120908184546529 ], [ -50.227438905126284, -22.120973352491749 ], [ -50.227442247072197, -22.120988391248353 ], [ -50.227445589018103, -22.121010113896766 ], [ -50.227452272909922, -22.121041862382906 ], [ -50.22746396972061, -22.121073610869058 ], [ -50.227484021396066, -22.121117056165893 ], [ -50.227504073071522, -22.121148804652016 ], [ -50.227525795719934, -22.121187237029982 ], [ -50.227560886151991, -22.121249063029317 ], [ -50.22758595074631, -22.121312560001599 ], [ -50.227599318529947, -22.121371044055014 ], [ -50.227600989502903, -22.121411147405929 ], [ -50.227607673394722, -22.121417831297759 ], [ -50.227614357286541, -22.121451250756849 ], [ -50.227609344367679, -22.121477986324127 ], [ -50.227622712151316, -22.121521431620952 ], [ -50.227631067016091, -22.121571560809596 ], [ -50.227639421880866, -22.12161500610641 ], [ -50.227652789664504, -22.121655109457336 ], [ -50.227659473556322, -22.121723619348483 ], [ -50.227639421880866, -22.121755367834627 ], [ -50.227641092853823, -22.121783774374869 ], [ -50.227661144529279, -22.121845600374197 ], [ -50.227681196204735, -22.12189740053579 ], [ -50.227711273717922, -22.121937503886699 ], [ -50.22774135123111, -22.121965910426937 ], [ -50.227798164311579, -22.122051130047645 ], [ -50.227829912797716, -22.122079536587862 ], [ -50.227854977392042, -22.122091233398542 ], [ -50.227895080742961, -22.12210460118218 ], [ -50.227961919661155, -22.122124652857647 ], [ -50.228002023012067, -22.122134678695378 ], [ -50.228038784417073, -22.122146375506052 ], [ -50.228073874849123, -22.1221597432897 ], [ -50.228103952362311, -22.122173111073341 ], [ -50.228142384740273, -22.122198175667659 ], [ -50.228184159064149, -22.122219898316068 ], [ -50.22821423657733, -22.122241620964495 ], [ -50.228254339928249, -22.122260001666994 ], [ -50.228309482035762, -22.122281724315403 ], [ -50.228366295116224, -22.122293421126091 ], [ -50.22840305652123, -22.122306788909722 ], [ -50.228454856682831, -22.122323498639279 ], [ -50.228491618087837, -22.122330182531087 ], [ -50.228543418249437, -22.122331853504054 ], [ -50.228580179654443, -22.12233686642292 ], [ -50.228610257167631, -22.122335195449978 ], [ -50.228643676626724, -22.122323498639268 ], [ -50.228682109004687, -22.122313472801547 ], [ -50.228722212355606, -22.122308459882678 ], [ -50.228728896247411, -22.122323498639282 ], [ -50.22876899959833, -22.122330182531094 ], [ -50.228802419057423, -22.12236360199018 ], [ -50.228822470732887, -22.122400363395201 ], [ -50.228859232137893, -22.122400363395201 ], [ -50.228922729110174, -22.122386995611564 ], [ -50.228962832461093, -22.122366943936111 ], [ -50.229113220027024, -22.122286737234276 ], [ -50.229123245864756, -22.122236608045615 ], [ -50.229126587810669, -22.122203188586528 ], [ -50.229153323377943, -22.12217979496516 ], [ -50.229226846187956, -22.122159743289714 ], [ -50.229246897863412, -22.122092904371517 ], [ -50.229287001214331, -22.122022723507413 ], [ -50.229266949538875, -22.121942516805589 ], [ -50.229270291484781, -22.121899071508746 ], [ -50.229230188133869, -22.121845600374193 ], [ -50.229163349215675, -22.121778761456 ], [ -50.229093168351568, -22.121762051726456 ], [ -50.229069774730199, -22.121725290321443 ], [ -50.229029671379287, -22.121695212808259 ], [ -50.229039697217011, -22.121661793349169 ], [ -50.229116561972937, -22.121661793349155 ], [ -50.229203452566587, -22.121681845024629 ], [ -50.2292769753766, -22.121745341996899 ], [ -50.229283659268418, -22.121762051726463 ], [ -50.229303710943881, -22.121818864806922 ] ], [ [ -50.229671324993937, -22.121040191409957 ], [ -50.229731480020313, -22.121113714219973 ], [ -50.229764899479406, -22.121170527300443 ], [ -50.229805002830325, -22.121257417894089 ], [ -50.22984844812715, -22.121317572920464 ], [ -50.229888551478069, -22.121387753784575 ], [ -50.229901919261707, -22.121441224919135 ], [ -50.229925312883076, -22.121498037999586 ], [ -50.2299353387208, -22.121538141350506 ], [ -50.229972100125806, -22.121551509134129 ], [ -50.229988809855357, -22.121581586647341 ], [ -50.229998835693088, -22.12160163832279 ], [ -50.230002177638994, -22.1216383997278 ], [ -50.230012203476726, -22.121685186970534 ], [ -50.229982125963538, -22.121711922537827 ], [ -50.22991862899125, -22.121742000051004 ], [ -50.229891893423975, -22.121742000050997 ], [ -50.2298317383976, -22.121715264483718 ], [ -50.229808344776231, -22.121695212808252 ], [ -50.229835080343513, -22.121661793349169 ], [ -50.229861815910787, -22.121615006106421 ], [ -50.229861815910787, -22.121531457458691 ], [ -50.229835080343513, -22.121457934648681 ], [ -50.229794976992594, -22.121364360163209 ], [ -50.229751531695769, -22.121257417894096 ], [ -50.2297281380744, -22.121217314543184 ], [ -50.229671324993937, -22.121177211192254 ], [ -50.229634563588931, -22.121103688382227 ], [ -50.229577750508469, -22.12103016557224 ], [ -50.229530963265731, -22.120973352491788 ], [ -50.229494201860724, -22.120916539411319 ], [ -50.229520937427999, -22.120883119952211 ], [ -50.229571066616643, -22.120896487735848 ], [ -50.229604486075743, -22.120959984708136 ], [ -50.229647931372568, -22.121016797788606 ], [ -50.229671324993937, -22.121040191409957 ] ] ], [ [ [ -50.232702469934004, -22.120321673039371 ], [ -50.232602211556717, -22.120355092498471 ], [ -50.232501953179423, -22.120328356931182 ], [ -50.232408378693954, -22.120335040823004 ], [ -50.232207861939372, -22.120301621363907 ], [ -50.232174442480272, -22.120361776390283 ], [ -50.232174442480272, -22.12041524752485 ], [ -50.23209423577844, -22.120415247524846 ], [ -50.23200734518479, -22.120395195849369 ], [ -50.23180014453839, -22.120421931416658 ], [ -50.231719937836559, -22.120448666983926 ], [ -50.231586260000171, -22.120548925361238 ], [ -50.231572892216533, -22.120622448171243 ], [ -50.231579576108352, -22.120702654873057 ], [ -50.231606311675627, -22.120729390440346 ], [ -50.231425846596508, -22.120909855519475 ], [ -50.23134563989467, -22.120983378329477 ], [ -50.23129216876012, -22.121043533355852 ], [ -50.231252065409201, -22.121130423949495 ], [ -50.231238697625564, -22.121190578975863 ], [ -50.231238697625564, -22.12127746956952 ], [ -50.231272117084657, -22.121330940704087 ], [ -50.231385743245589, -22.121344308487728 ], [ -50.231452582163783, -22.121371044055003 ], [ -50.23146594994742, -22.121437882973204 ], [ -50.231452582163783, -22.121484670215946 ], [ -50.231419162704682, -22.121558193025948 ], [ -50.231365691570133, -22.121625031944138 ], [ -50.231338956002851, -22.121678503078691 ], [ -50.231318904327395, -22.121725290321439 ], [ -50.23129216876012, -22.121785445347808 ], [ -50.231285484868302, -22.121858968157813 ], [ -50.231305536543758, -22.121925807076018 ], [ -50.231399111029226, -22.121959226535118 ], [ -50.231452582163783, -22.121945858751463 ], [ -50.231606311675627, -22.121925807076021 ], [ -50.231739989512015, -22.121905755400554 ], [ -50.231860299564765, -22.121892387616921 ], [ -50.232014029076609, -22.121892387616928 ], [ -50.232074184102984, -22.121825548698727 ], [ -50.23225464918211, -22.121758709780533 ], [ -50.232294752533022, -22.121665135295057 ], [ -50.232441798153047, -22.121558193025944 ], [ -50.23254874042216, -22.121471302432308 ], [ -50.232602211556717, -22.121411147405919 ], [ -50.232648998799448, -22.121284153461367 ], [ -50.232702469934004, -22.121123740057694 ], [ -50.232729205501279, -22.121076952814953 ], [ -50.232749257176742, -22.121070268923138 ], [ -50.232869567229486, -22.121090320598601 ], [ -50.232876251121311, -22.121130423949506 ], [ -50.23288293501313, -22.121244050110437 ], [ -50.232983193390417, -22.121337624595913 ], [ -50.233136922902261, -22.121337624595913 ], [ -50.233243865171374, -22.121364360163181 ], [ -50.233357491332306, -22.121330940704087 ], [ -50.233431014142319, -22.12131757292045 ], [ -50.233658266464175, -22.121297521244983 ], [ -50.233699809158594, -22.121200330289799 ], [ -50.233640319120425, -22.121160694037954 ], [ -50.233569704897576, -22.121143791733157 ], [ -50.233539627384388, -22.121086978652684 ], [ -50.233467775547332, -22.121066926977214 ], [ -50.233399265656182, -22.121000088059013 ], [ -50.233456078736644, -22.120961655681061 ], [ -50.233512891817107, -22.120934920113775 ], [ -50.233588085600076, -22.120918210384236 ], [ -50.23365325354532, -22.120973352491749 ], [ -50.233656595491226, -22.121050217247682 ], [ -50.23370672467987, -22.121118727138825 ], [ -50.233800299165345, -22.121168856327468 ], [ -50.233878834894213, -22.121210630651344 ], [ -50.233972409379682, -22.121284153461367 ], [ -50.234112771107888, -22.121371044054996 ], [ -50.234186293917908, -22.121397779622281 ], [ -50.234293236187014, -22.121397779622281 ], [ -50.234393494564308, -22.121391095730463 ], [ -50.234446965698858, -22.121377727946836 ], [ -50.234500436833414, -22.121337624595906 ], [ -50.234467017374321, -22.1212306823268 ], [ -50.234446965698858, -22.121137107841335 ], [ -50.234386810672483, -22.121050217247678 ], [ -50.234326655646115, -22.120949958870376 ], [ -50.234152874458808, -22.120863068276734 ], [ -50.234059299973339, -22.120782861574906 ], [ -50.233965725487863, -22.120736074332168 ], [ -50.233858783218757, -22.120689287089441 ], [ -50.233805312084201, -22.12062244817124 ], [ -50.233751840949644, -22.120542241469412 ], [ -50.233725105382369, -22.120462034767559 ], [ -50.233691685923269, -22.120321673039367 ], [ -50.233671634247813, -22.120221414662069 ], [ -50.233604795329619, -22.120134524068416 ], [ -50.233457749709594, -22.12004094958295 ], [ -50.233297336305931, -22.119974110664753 ], [ -50.233217129604093, -22.119927323422033 ], [ -50.233096819551349, -22.119954058989304 ], [ -50.23305671620043, -22.120014214015672 ], [ -50.233136922902261, -22.120101104609333 ], [ -50.233190394036818, -22.120181311311153 ], [ -50.233103503443168, -22.120288253580274 ], [ -50.233029980633155, -22.120314989147555 ], [ -50.232896302796767, -22.120321673039363 ], [ -50.232702469934004, -22.120321673039371 ] ], [ [ -50.232074184102984, -22.120856384384922 ], [ -50.232044106589797, -22.120769493791265 ], [ -50.232004003238877, -22.120716022656705 ], [ -50.231953874050234, -22.120682603197622 ], [ -50.231977267671603, -22.120652525684417 ], [ -50.232044106589797, -22.120669235413978 ], [ -50.232097577724353, -22.120719364602607 ], [ -50.232104261616172, -22.120752784061718 ], [ -50.232110945507991, -22.120779519628996 ], [ -50.232117629399809, -22.120822964925825 ], [ -50.232147706912997, -22.120856384384918 ], [ -50.232191152209822, -22.120909855519471 ], [ -50.232194494155735, -22.120929907194927 ], [ -50.232204519993459, -22.120966668599941 ], [ -50.232211203885278, -22.120980036383571 ], [ -50.232211203885278, -22.121050217247682 ], [ -50.232217887777097, -22.121083636706775 ], [ -50.232321488100297, -22.121140449787227 ], [ -50.232378301180766, -22.121157159516798 ], [ -50.232381643126672, -22.121177211192251 ], [ -50.232364933397129, -22.121187237029972 ], [ -50.232261333073929, -22.121200604813634 ], [ -50.232227913614828, -22.121197262867714 ], [ -50.232161074696634, -22.121153817570882 ], [ -50.232151048858903, -22.121107030328147 ], [ -50.232127655237541, -22.121060243085413 ], [ -50.232104261616172, -22.12100343000494 ], [ -50.232047448535702, -22.120959984708115 ], [ -50.232044106589797, -22.120933249140837 ], [ -50.232070842157071, -22.120903171627663 ], [ -50.232074184102984, -22.120856384384922 ] ] ], [ [ [ -50.236826412983703, -22.120777040214783 ], [ -50.236779770128074, -22.120552588853741 ], [ -50.236775168871958, -22.120581730141129 ], [ -50.236775168871958, -22.120630403488839 ], [ -50.236785985171444, -22.120670964611925 ], [ -50.236807617770424, -22.120746678708354 ], [ -50.236826412983703, -22.120777040214783 ] ] ], [ [ [ -50.240575, -22.11725389 ], [ -50.24019667, -22.11614306 ], [ -50.23962167, -22.11606472 ], [ -50.23923139, -22.11529222 ], [ -50.23849111, -22.11457944 ], [ -50.23831667000001, -22.11182944 ], [ -50.23850139, -22.11088583 ], [ -50.23884333, -22.11068472 ], [ -50.23837111, -22.10977667 ], [ -50.23846528, -22.10877556 ], [ -50.2381875, -22.10811944 ], [ -50.23779, -22.1076225 ], [ -50.23756361, -22.10667611 ], [ -50.23710917, -22.10618139 ], [ -50.23694333000001, -22.10550833 ], [ -50.234430560475069, -22.103889720306018 ], [ -50.234710816991878, -22.104070252759588 ], [ -50.234702157472782, -22.104087887446322 ], [ -50.234684242976748, -22.104101069811342 ], [ -50.234665652461999, -22.104123378429037 ], [ -50.234630499483018, -22.104126420515851 ], [ -50.234609542908402, -22.104100055783249 ], [ -50.23461562707687, -22.10406355077248 ], [ -50.234600754669763, -22.104039890115942 ], [ -50.234589262346859, -22.10403245391144 ], [ -50.234559517523259, -22.104029073817845 ], [ -50.234529772699659, -22.104050030398103 ], [ -50.234497323801193, -22.104075043090692 ], [ -50.234472311108462, -22.104106139950755 ], [ -50.234427017854401, -22.104119660326699 ], [ -50.234409948381796, -22.104129631602486 ], [ -50.234371059105328, -22.104086758458092 ], [ -50.234409836053629, -22.104027750058503 ], [ -50.234414893916451, -22.103975485476003 ], [ -50.234394662465164, -22.103926592802068 ], [ -50.234379488876698, -22.103887815853771 ], [ -50.234332282157034, -22.103854096768288 ], [ -50.234291819254459, -22.103882757990956 ], [ -50.234264843986075, -22.103909733259329 ], [ -50.23420414963222, -22.103887815853781 ], [ -50.234155256958275, -22.103859154631113 ], [ -50.234158628866822, -22.103817005774268 ], [ -50.234177174363836, -22.103783286688799 ], [ -50.234168744592466, -22.103739451877669 ], [ -50.234138397415535, -22.103700674929371 ], [ -50.234175488409562, -22.103682129432361 ], [ -50.234217637266411, -22.103673699660995 ], [ -50.234240397649096, -22.103649253324022 ], [ -50.23388743341858, -22.103199593756699 ], [ -50.234430558359911, -22.103889717916001 ], [ -50.23363417038189, -22.102877780485247 ], [ -50.23388671927993, -22.103198686326554 ], [ -50.23383071076055, -22.103260640863901 ], [ -50.233823966943454, -22.103306161629305 ], [ -50.233856911653518, -22.103367336946462 ], [ -50.233890562137269, -22.103427550337003 ], [ -50.233922139423029, -22.103487410080746 ], [ -50.233992373297987, -22.103616698596404 ], [ -50.234027967410597, -22.103596988741536 ], [ -50.234046512907604, -22.103572542404553 ], [ -50.234082760924494, -22.103556525838957 ], [ -50.234115637032836, -22.103589401947296 ], [ -50.234126656373718, -22.103632182923615 ], [ -50.23411648000998, -22.10363492271269 ], [ -50.234113108101432, -22.103687187295197 ], [ -50.234086132833049, -22.103732708060583 ], [ -50.234089504741597, -22.103810261957182 ], [ -50.23405241374757, -22.10383049340847 ], [ -50.234022066570645, -22.103835551271288 ], [ -50.233954628399687, -22.103894559670863 ], [ -50.233904049771475, -22.10393839448199 ], [ -50.23398160366807, -22.103994030973031 ], [ -50.23399003343944, -22.104054725326893 ], [ -50.23398160366807, -22.104100246092273 ], [ -50.233956314353961, -22.104159254491869 ], [ -50.233996777256536, -22.104209833120088 ], [ -50.234057471610392, -22.104219948845717 ], [ -50.234113108101432, -22.104219948845724 ], [ -50.234165372683918, -22.104169370217512 ], [ -50.234192347952302, -22.104130593269204 ], [ -50.234212579403589, -22.104113733726475 ], [ -50.234273273757445, -22.104105303955095 ], [ -50.234295191163007, -22.104145766857666 ], [ -50.234326967084186, -22.104196050441239 ], [ -50.234253957062627, -22.104270412500217 ], [ -50.234199875565174, -22.104300157323845 ], [ -50.234129569618489, -22.104347478634104 ], [ -50.234078192195909, -22.104392095869496 ], [ -50.234043039222563, -22.104419136618233 ], [ -50.23401870254871, -22.104443473292079 ], [ -50.234020763112582, -22.104464882201498 ], [ -50.234046419316151, -22.104477274227996 ], [ -50.234045405288228, -22.104503469953347 ], [ -50.234032391927734, -22.104516990327681 ], [ -50.234008731272603, -22.104521384449363 ], [ -50.233988788720417, -22.104522060468071 ], [ -50.233966142093358, -22.104526454589738 ], [ -50.233955663803229, -22.104541665010903 ], [ -50.233940115372718, -22.104556199413334 ], [ -50.233912736614634, -22.104558903488208 ], [ -50.233887047903345, -22.104566677703467 ], [ -50.233868119379231, -22.104582564143335 ], [ -50.233846317775573, -22.104606731812524 ], [ -50.233832797401206, -22.10462295626175 ], [ -50.233843613700699, -22.10463647663612 ], [ -50.233859331135903, -22.104641377771827 ], [ -50.233874710561736, -22.104629040430211 ], [ -50.233889413968861, -22.104618055126046 ], [ -50.233908633122788, -22.104614631940496 ], [ -50.233921355853283, -22.104628364411504 ], [ -50.233939101344646, -22.104636645640795 ], [ -50.233949748639446, -22.104656081178952 ], [ -50.233984225589083, -22.104672981648484 ], [ -50.234038645100888, -22.104650673029198 ], [ -50.234105908963343, -22.104649997010483 ], [ -50.234165657080489, -22.104670663398355 ], [ -50.234214747976964, -22.104678389796643 ], [ -50.234284715914306, -22.104666897478438 ], [ -50.23432984016371, -22.104652532080678 ], [ -50.234374799976159, -22.104651883468112 ], [ -50.234420088662581, -22.104637997678235 ], [ -50.234466057935414, -22.104636983650156 ], [ -50.234516042236947, -22.104628617345703 ], [ -50.234556982453007, -22.104608252854625 ], [ -50.234564418658906, -22.104591014377313 ], [ -50.234575572967756, -22.104583578171411 ], [ -50.23459314945444, -22.104594394470912 ], [ -50.234615458071779, -22.104616703088979 ], [ -50.234636752661757, -22.10462075920092 ], [ -50.234665547651367, -22.104614721245692 ], [ -50.234677651794208, -22.104602506695525 ], [ -50.234683059943954, -22.104584930208858 ], [ -50.234706720599078, -22.104571409834502 ], [ -50.234739169497551, -22.104561945572442 ], [ -50.234773308442811, -22.104557889460132 ], [ -50.234809475444237, -22.104566677703474 ], [ -50.234832460080654, -22.104582226133996 ], [ -50.234870993147588, -22.10458391618079 ], [ -50.234901921005083, -22.104565156660183 ], [ -50.234906146120913, -22.104535580842438 ], [ -50.234891611718467, -22.104514286252819 ], [ -50.234885189540648, -22.104488259532168 ], [ -50.234883837503212, -22.104472035082928 ], [ -50.234897188872942, -22.10446003575067 ], [ -50.234928454738608, -22.104456148643063 ], [ -50.234954819468619, -22.104457500680496 ], [ -50.234981184198624, -22.104465950914481 ], [ -50.235026984466792, -22.104512934215382 ], [ -50.235051321140645, -22.104548087188721 ], [ -50.235072953739625, -22.104579184049765 ], [ -50.235127035237078, -22.104579860068476 ], [ -50.23517300450991, -22.104572423862578 ], [ -50.23518922895915, -22.104588648311815 ], [ -50.235212527429823, -22.10463325262079 ], [ -50.235251422681216, -22.104685318988505 ], [ -50.235283195560967, -22.10470221945646 ], [ -50.235305504178662, -22.104723852055447 ], [ -50.235318348534307, -22.104757652991349 ], [ -50.235341333170723, -22.10478739781496 ], [ -50.235362965769703, -22.104817142638549 ], [ -50.235356881601241, -22.104857703761631 ], [ -50.235348769376621, -22.104892180716256 ], [ -50.235347417339192, -22.10493679795167 ], [ -50.23537254667783, -22.104977853008627 ], [ -50.235400146799201, -22.104984795280654 ], [ -50.235409898057817, -22.105005236986624 ], [ -50.235417047267156, -22.105044284927846 ], [ -50.235444792267927, -22.10509226664848 ], [ -50.235471804783323, -22.105126759211469 ], [ -50.235497155485248, -22.105136899492237 ], [ -50.235538392627056, -22.105145687735586 ], [ -50.235566109394505, -22.105151095885319 ], [ -50.235616810798362, -22.105161912184805 ], [ -50.23566616016479, -22.105145687735568 ], [ -50.235710777400186, -22.105144335698139 ], [ -50.235772295103537, -22.105161236166104 ], [ -50.235810828170472, -22.105191657008401 ], [ -50.235861191565021, -22.105233401164242 ], [ -50.235996733317968, -22.105341733163836 ], [ -50.236035942403618, -22.105399194754881 ], [ -50.236079883620285, -22.105441783934122 ], [ -50.236115712612346, -22.10550465367491 ], [ -50.236121120762093, -22.105546566835446 ], [ -50.23609678408824, -22.105571579528011 ], [ -50.236109628443899, -22.105636477324946 ], [ -50.236153231651258, -22.105730950940799 ], [ -50.236171146147235, -22.105804129967051 ], [ -50.236164047950751, -22.105882379133661 ], [ -50.236158639801602, -22.105933756558894 ], [ -50.236142753361086, -22.106005583545056 ], [ -50.236121183221698, -22.10606684718843 ], [ -50.236134641136466, -22.106143491363564 ], [ -50.2361211207621, -22.106246246208723 ], [ -50.236119768724663, -22.106317904192853 ], [ -50.236131599052278, -22.106390745209719 ], [ -50.236176554296989, -22.106435531449801 ], [ -50.236214411345209, -22.106473388498021 ], [ -50.236272548954972, -22.106507865452649 ], [ -50.236291477479078, -22.106560256903297 ], [ -50.23629789965689, -22.106654223505124 ], [ -50.23631547614356, -22.106723177414381 ], [ -50.236326292443053, -22.106767794649766 ], [ -50.236346573004596, -22.106821876147219 ], [ -50.236358741341576, -22.106888294986295 ], [ -50.236380373940513, -22.106936799329294 ], [ -50.236382401996664, -22.106980064527278 ], [ -50.236337108742596, -22.107007274280665 ], [ -50.236255986501277, -22.107053074555068 ], [ -50.236216101391996, -22.107062538810887 ], [ -50.236167428044396, -22.107060510755453 ], [ -50.236054532928577, -22.107041075204467 ], [ -50.235994367252438, -22.107039554174456 ], [ -50.235922709268316, -22.107024005743956 ], [ -50.235865923695989, -22.106988176751884 ], [ -50.235803053955202, -22.106959783965728 ], [ -50.235703003184916, -22.106931391179565 ], [ -50.235668526230292, -22.106870549494928 ], [ -50.235629317144642, -22.106829988371835 ], [ -50.235569827497443, -22.10675833038772 ], [ -50.235499521550757, -22.106681940272551 ], [ -50.235470452745872, -22.106644759243068 ], [ -50.23544138394098, -22.106589325708175 ], [ -50.235413667173539, -22.106559580884568 ], [ -50.235364317807111, -22.106548764585085 ], [ -50.235296715935299, -22.106521723836359 ], [ -50.235257506849649, -22.106506851424555 ], [ -50.235199369239886, -22.106464938264033 ], [ -50.23516827237885, -22.106389224167604 ], [ -50.235168948397636, -22.10628258221481 ], [ -50.235179764697122, -22.106250133316337 ], [ -50.235147315798649, -22.106066256224999 ], [ -50.23506078540273, -22.1059580932301 ], [ -50.234985071306298, -22.10594727693061 ], [ -50.234952622407825, -22.105968909529579 ], [ -50.234855275712412, -22.10596890952959 ], [ -50.234812010514453, -22.105936460631106 ], [ -50.234714663819034, -22.105893195433154 ], [ -50.234682214920568, -22.105893195433154 ], [ -50.234584868225149, -22.105882379133671 ], [ -50.234422623732797, -22.105849930235188 ], [ -50.234390174834324, -22.105839113935694 ], [ -50.234368542235345, -22.105839113935719 ], [ -50.234227930341966, -22.105839113935701 ], [ -50.234152216245533, -22.105817481336715 ], [ -50.234054869550121, -22.105774216138759 ], [ -50.233925073956236, -22.105698502042333 ], [ -50.233871668477441, -22.105632083203282 ], [ -50.233798658455882, -22.105564481331463 ], [ -50.233716184172266, -22.105533384470423 ], [ -50.233672918974307, -22.105561777256586 ], [ -50.233622217570506, -22.105568706448459 ], [ -50.233557471294944, -22.105542807938221 ], [ -50.233505266332195, -22.105552312994533 ], [ -50.233459973078148, -22.105547073849458 ], [ -50.233405891580702, -22.105579522747927 ], [ -50.233340993783756, -22.105622787945883 ], [ -50.23323283078885, -22.105720134641309 ], [ -50.233180777347485, -22.105798383807933 ], [ -50.233145624374139, -22.105856521417703 ], [ -50.233080692127167, -22.105910427437589 ], [ -50.233073966390016, -22.105916011064892 ], [ -50.233071197731093, -22.105936874902049 ], [ -50.233059769997006, -22.106022991027036 ], [ -50.233059769997006, -22.106131154021945 ], [ -50.233059769997006, -22.106185235519408 ], [ -50.233059769997006, -22.106282582214817 ], [ -50.233016504799046, -22.106369112610729 ], [ -50.232940790702614, -22.106477275605638 ], [ -50.232852232250472, -22.106563636996885 ], [ -50.232755561573768, -22.106598789970221 ], [ -50.23267038321535, -22.106639520097985 ], [ -50.232604133380903, -22.106705600927686 ], [ -50.23253382743421, -22.106765090574889 ], [ -50.232459465375214, -22.106790779286175 ], [ -50.232391863503395, -22.106745486032054 ], [ -50.232339134043379, -22.106723853433085 ], [ -50.232295192826705, -22.106733993713849 ], [ -50.232237731235735, -22.106769315691878 ], [ -50.232107935641849, -22.10681258088983 ], [ -50.232021405245931, -22.10683421348881 ], [ -50.231891609652045, -22.106953192783212 ], [ -50.231880793352552, -22.107007274280654 ], [ -50.231891609652045, -22.107266865468436 ], [ -50.231902425951532, -22.107353395864347 ], [ -50.231945691149498, -22.107429109960787 ], [ -50.232069402574844, -22.107511415239721 ], [ -50.2321086116605, -22.107547920250507 ], [ -50.232170129381799, -22.107568369840848 ], [ -50.232237206889209, -22.107546668285593 ], [ -50.232276264302598, -22.107503303015111 ], [ -50.232328993762614, -22.107466798004324 ], [ -50.232399975728093, -22.10749400775774 ], [ -50.232529771321978, -22.107526456656203 ], [ -50.23262711801739, -22.10758053815367 ], [ -50.232746097311782, -22.107656252250091 ], [ -50.232800178809235, -22.107731966346527 ], [ -50.232854260306688, -22.107915843437858 ], [ -50.232854260306688, -22.107959108635818 ], [ -50.232843444007194, -22.10805645533123 ], [ -50.232767729910762, -22.108132169427666 ], [ -50.232583852819431, -22.108261965021548 ], [ -50.232486506124012, -22.108316046519011 ], [ -50.232410792027579, -22.108467474711873 ], [ -50.232399975728093, -22.108575637706778 ], [ -50.232410792027579, -22.108662168102683 ], [ -50.232443240926052, -22.108748698498616 ], [ -50.232464873525032, -22.108824412595048 ], [ -50.232518955022485, -22.108867677793004 ], [ -50.232540587621465, -22.108900126691495 ], [ -50.23262711801739, -22.109029922285384 ], [ -50.23269201581433, -22.109084003782826 ], [ -50.232746097311782, -22.109105636381802 ], [ -50.232832627707708, -22.109170534178727 ], [ -50.2329516070021, -22.109257064574678 ], [ -50.232994872200067, -22.109300329772619 ], [ -50.233059769997006, -22.109343594970593 ], [ -50.233178749291397, -22.109408492767546 ], [ -50.233276095986817, -22.109451757965495 ], [ -50.233459973078148, -22.109451757965491 ], [ -50.233600584971526, -22.109495023163458 ], [ -50.23383854356031, -22.109473390564474 ], [ -50.233870992458783, -22.109462574264978 ], [ -50.234060277699861, -22.109462574264992 ], [ -50.234087318448587, -22.109457166115238 ], [ -50.234238746641452, -22.109430125366512 ], [ -50.234411807433297, -22.109451757965509 ], [ -50.234438848182023, -22.109457166115241 ], [ -50.234638949722601, -22.109489615013722 ], [ -50.234714663819034, -22.109505839462955 ], [ -50.234757929016993, -22.109522063912181 ], [ -50.234941806108331, -22.109597778008609 ], [ -50.23502833650425, -22.109608594308114 ], [ -50.235158132098135, -22.109662675805559 ], [ -50.235233846194568, -22.109695124704029 ], [ -50.235401498836673, -22.109781655099958 ], [ -50.235455580334126, -22.109803287698938 ], [ -50.235563743329024, -22.10985196104664 ], [ -50.235569151478771, -22.109851961046648 ], [ -50.235736804120876, -22.109938491442549 ], [ -50.235828742666541, -22.109992572940026 ], [ -50.235872007864501, -22.110025021838503 ], [ -50.235920681212214, -22.110079103335945 ], [ -50.236007211608133, -22.11017645003135 ], [ -50.236061293105585, -22.110225123379067 ], [ -50.236104558303545, -22.110306245625242 ], [ -50.236131599052271, -22.110376551571925 ], [ -50.236147823501511, -22.110463081967854 ], [ -50.236164047950744, -22.110544204214023 ], [ -50.236142415351765, -22.110636142759702 ], [ -50.236115374603038, -22.110722673155621 ], [ -50.236088333854312, -22.110782162802828 ], [ -50.236077517554826, -22.110868693198739 ], [ -50.236099150153805, -22.110933590995693 ], [ -50.236034252356866, -22.111128284386513 ], [ -50.2359909871589, -22.111193182183452 ], [ -50.23594772196094, -22.11134461037631 ], [ -50.235915273062467, -22.111409508173264 ], [ -50.235796293768075, -22.111560936366121 ], [ -50.235763844869602, -22.111679915660524 ], [ -50.235753028570116, -22.11173399715797 ], [ -50.235709763372149, -22.111820527553903 ], [ -50.235698947072663, -22.111950323147788 ], [ -50.235698947072663, -22.111993588345751 ], [ -50.235698947072663, -22.112080118741662 ], [ -50.235677314473683, -22.112242363234021 ], [ -50.235655681874697, -22.112339709929447 ], [ -50.235623232976231, -22.112426240325352 ], [ -50.235579967778264, -22.112469505523318 ], [ -50.235504253681832, -22.112523587020767 ], [ -50.235482621082852, -22.112599301117204 ], [ -50.23536364178846, -22.112631750015684 ], [ -50.235244662494068, -22.112566852218741 ], [ -50.235114866900183, -22.112523587020771 ], [ -50.235006703905277, -22.1125993011172 ], [ -50.234963438707318, -22.112620933716183 ], [ -50.234844459412919, -22.112696647812623 ], [ -50.234844459412919, -22.112772361909055 ], [ -50.234887724610878, -22.112837259705994 ], [ -50.234941806108331, -22.112891341203461 ], [ -50.234920173509352, -22.112956239000379 ], [ -50.234898540910372, -22.113010320497846 ], [ -50.234855275712412, -22.113107667193262 ], [ -50.234812010514446, -22.11321583018816 ], [ -50.23477956161598, -22.113291544284586 ], [ -50.234725480118527, -22.113313176883565 ], [ -50.234693031220054, -22.113291544284589 ], [ -50.234671398621074, -22.11326991168561 ], [ -50.234617317123622, -22.113259095386109 ], [ -50.23449833782923, -22.113205013888663 ], [ -50.234422623732797, -22.113150932391218 ], [ -50.234379358534831, -22.113118483492741 ], [ -50.234249562940938, -22.113107667193255 ], [ -50.234206297742986, -22.113118483492734 ], [ -50.234076502149101, -22.113118483492748 ], [ -50.234044053250628, -22.113107667193258 ], [ -50.233946706555216, -22.113042769396301 ], [ -50.233860176159297, -22.113042769396316 ], [ -50.233784462062864, -22.113053585695816 ], [ -50.233676299067959, -22.113053585695802 ], [ -50.233622217570506, -22.113053585695805 ], [ -50.233568136073053, -22.113064401995292 ], [ -50.23355731977356, -22.113064401995302 ], [ -50.233459973078148, -22.113075218294771 ], [ -50.233362626382736, -22.113107667193265 ], [ -50.233200381890377, -22.113172564990187 ], [ -50.233038137398026, -22.113172564990201 ], [ -50.232897525504647, -22.113150932391211 ], [ -50.232827895576627, -22.113165635798342 ], [ -50.232757589629941, -22.11315549551756 ], [ -50.23262170986763, -22.113134707941978 ], [ -50.232518955022471, -22.113161748690704 ], [ -50.232497322423491, -22.113167156840451 ], [ -50.232481097974258, -22.113199605738917 ], [ -50.232446811071966, -22.113175757198022 ], [ -50.232416733558779, -22.113122286063458 ], [ -50.232354907559447, -22.113112260225744 ], [ -50.232314804208528, -22.113082182712557 ], [ -50.232293081560115, -22.113038737415721 ], [ -50.232293081560115, -22.112986937254128 ], [ -50.232279713776478, -22.112935137092542 ], [ -50.232242952371472, -22.112898375687518 ], [ -50.232177784426234, -22.112879994985011 ], [ -50.232095906758516, -22.11289503374163 ], [ -50.232060816319397, -22.112931795146626 ], [ -50.232087551886671, -22.112996963091863 ], [ -50.232059360012308, -22.113043396767427 ], [ -50.23205914534644, -22.113043750334594 ], [ -50.231987293509377, -22.113005317956638 ], [ -50.231925467510045, -22.112993621145954 ], [ -50.231875338321402, -22.113030382550953 ], [ -50.231885364159133, -22.113075498820745 ], [ -50.231928809455958, -22.113130640928244 ], [ -50.231873667348445, -22.113189124981663 ], [ -50.231808499403208, -22.113197479846448 ], [ -50.231721608809558, -22.11320416373826 ], [ -50.231646415026589, -22.113222544440767 ], [ -50.231634718215901, -22.113265989737592 ], [ -50.231636389188857, -22.113322802818058 ], [ -50.231681505458639, -22.113352880331242 ], [ -50.231760041187513, -22.113361235196017 ], [ -50.23179680259252, -22.113401338546932 ], [ -50.231855286645946, -22.113389641736248 ], [ -50.231888706105039, -22.11336123519602 ], [ -50.231948861131421, -22.113317789899188 ], [ -50.232010588946423, -22.113351033931796 ], [ -50.23201599709617, -22.113464605076434 ], [ -50.232005180796676, -22.113529502873387 ], [ -50.231969875556963, -22.113596903811178 ], [ -50.231945691149484, -22.113643074018043 ], [ -50.231961915598717, -22.113670114766759 ], [ -50.232026813395656, -22.113697155515485 ], [ -50.232091711192602, -22.113713379964711 ], [ -50.232162017139288, -22.113745828863195 ], [ -50.232226914936234, -22.113778277761661 ], [ -50.23229722088292, -22.11382695110936 ], [ -50.232324261631646, -22.113843175558603 ], [ -50.232340486080879, -22.113870216307333 ], [ -50.232378343129099, -22.113918889655032 ], [ -50.232421608327058, -22.113994603751461 ], [ -50.232470281674765, -22.114054093398671 ], [ -50.232513546872724, -22.114097358596627 ], [ -50.232551403920944, -22.114162256393573 ], [ -50.232573036519923, -22.1141892971423 ], [ -50.232643342466609, -22.114189297142296 ], [ -50.232724464712788, -22.114221746040769 ], [ -50.232767729910755, -22.114248786789492 ], [ -50.232778546210241, -22.114275827538215 ], [ -50.232778546210241, -22.114302868286948 ], [ -50.232746097311768, -22.114378582383377 ], [ -50.232724464712788, -22.114421847581344 ], [ -50.232692015814315, -22.114459704629549 ], [ -50.232659566915849, -22.114513786127009 ], [ -50.23263793431687, -22.114589500223438 ], [ -50.232632526167123, -22.114659806170128 ], [ -50.23263793431687, -22.114686846918847 ], [ -50.232470281674765, -22.114697663218347 ], [ -50.232443240926038, -22.11468684691885 ], [ -50.232432424626552, -22.114659806170135 ], [ -50.232399975728079, -22.114594908373196 ], [ -50.232367526829606, -22.114589500223449 ], [ -50.232329669781393, -22.114594908373189 ], [ -50.232286404583427, -22.114600316522939 ], [ -50.232178241588528, -22.114616540972175 ], [ -50.232102527492096, -22.114643581720895 ], [ -50.232070078593622, -22.114676030619361 ], [ -50.232043037844896, -22.114708479517837 ], [ -50.231953803374111, -22.114786897689143 ], [ -50.231918650400765, -22.114819346587616 ], [ -50.231869977053059, -22.114838275111715 ], [ -50.231834824079719, -22.114859907710702 ], [ -50.2317374773843, -22.114884244384552 ], [ -50.231686099961721, -22.114913989208151 ], [ -50.231629314389401, -22.114905876983542 ], [ -50.231588753266308, -22.114868019935315 ], [ -50.231553600292969, -22.114846387336343 ], [ -50.231491406570896, -22.114835571036835 ], [ -50.231461661747296, -22.114843683261469 ], [ -50.231369723201631, -22.114876132159942 ], [ -50.231339978378031, -22.114900468833781 ], [ -50.231291305030325, -22.114911285133278 ], [ -50.231237223532872, -22.114949142181505 ], [ -50.231218295008766, -22.114973478855344 ], [ -50.231158805361567, -22.11500863182869 ], [ -50.23113987683746, -22.11509245814975 ], [ -50.231145284987207, -22.115160060021562 ], [ -50.231096611639494, -22.115254702642105 ], [ -50.231050642366661, -22.115341233038009 ], [ -50.231042530142048, -22.115365569711873 ], [ -50.230953295671249, -22.115487253081149 ], [ -50.230939775296889, -22.115511589754995 ], [ -50.230926254922522, -22.115557559027827 ], [ -50.230923550847649, -22.115587303851431 ], [ -50.230945183446636, -22.115638681274014 ], [ -50.230980336419975, -22.11570628314583 ], [ -50.231001969018955, -22.115746844268919 ], [ -50.231020897543068, -22.115779293167382 ], [ -50.231064162741028, -22.115849599114064 ], [ -50.231091203489754, -22.115882048012537 ], [ -50.23111824423848, -22.11592801728538 ], [ -50.231120948313354, -22.116033476205399 ], [ -50.231129060537981, -22.116147047350072 ], [ -50.231177733885687, -22.116174088098781 ], [ -50.231237223532879, -22.116211945147004 ], [ -50.231275080581099, -22.11619572069776 ], [ -50.231318345779059, -22.116184904398281 ], [ -50.231361610977025, -22.116147047350061 ], [ -50.231404876174985, -22.116087557702855 ], [ -50.231448141372944, -22.116060516954146 ], [ -50.231529263619123, -22.116017251756169 ], [ -50.231583345116576, -22.115979394707949 ], [ -50.231632018464282, -22.115952353959223 ], [ -50.231750997758674, -22.11590908876126 ], [ -50.231848344454093, -22.115871231713051 ], [ -50.231859160753579, -22.115865823563304 ], [ -50.232102527492117, -22.115757660568388 ], [ -50.232167425289056, -22.115671130172455 ], [ -50.232237731235742, -22.115595416076044 ], [ -50.232253955684982, -22.115568375327317 ], [ -50.23237834312912, -22.115492661230881 ], [ -50.23244324092606, -22.115465620482158 ], [ -50.232524363172239, -22.115471028631909 ], [ -50.232529771321985, -22.115498069380639 ], [ -50.232524363172239, -22.115557559027835 ], [ -50.232486506124026, -22.115617048675031 ], [ -50.23244324092606, -22.115660313872979 ], [ -50.232313445332174, -22.11571439537045 ], [ -50.232291812733195, -22.115736027969422 ], [ -50.232172833438803, -22.115849599114071 ], [ -50.232162017139309, -22.115887456162291 ], [ -50.232134976390583, -22.116017251756166 ], [ -50.23214038454033, -22.116076741403372 ], [ -50.23214038454033, -22.116125414751082 ], [ -50.232129568240843, -22.116168679949034 ], [ -50.23211875194135, -22.116255210344963 ], [ -50.232124160091097, -22.116276842943943 ], [ -50.232124160091097, -22.116298475542923 ], [ -50.23211875194135, -22.116330924441396 ], [ -50.232178241588549, -22.116401230388085 ], [ -50.232210690487015, -22.116444495586045 ], [ -50.232259363834729, -22.116503985233248 ], [ -50.232297220882941, -22.116612148228139 ], [ -50.232340486080901, -22.116682454174825 ], [ -50.232340486080901, -22.116747351971771 ], [ -50.232280996433708, -22.116931229063116 ], [ -50.232270180134215, -22.117055616507248 ], [ -50.232335077931161, -22.117120514304204 ], [ -50.2323999757281, -22.117152963202663 ], [ -50.232464873525039, -22.117077249106234 ], [ -50.232470281674786, -22.117077249106227 ], [ -50.232578444669684, -22.117012351309285 ], [ -50.232637934316884, -22.116931229063113 ], [ -50.232643342466631, -22.116850106816926 ], [ -50.232632526167137, -22.116806841618978 ], [ -50.232643342466631, -22.116779800870255 ], [ -50.23272446471281, -22.116774392720508 ], [ -50.232827219557969, -22.116752760121525 ], [ -50.232881301055421, -22.116714903073291 ], [ -50.232994872200067, -22.116606740078389 ], [ -50.23302732109854, -22.11657429117993 ], [ -50.233054361847266, -22.116520209682474 ], [ -50.233119259644205, -22.116401230388078 ], [ -50.233167932991911, -22.116309291842416 ], [ -50.233200381890384, -22.116238985895713 ], [ -50.233216606339617, -22.116190312548021 ], [ -50.233222014489364, -22.116152455499801 ], [ -50.23330854488529, -22.116087557702858 ], [ -50.233384258981722, -22.116082149553112 ], [ -50.233432932329428, -22.116087557702858 ], [ -50.233503238276114, -22.116103782152095 ], [ -50.233595176821787, -22.116109190301852 ], [ -50.233660074618726, -22.116076741403372 ], [ -50.233687115367452, -22.116044292504892 ], [ -50.233784462062864, -22.115925313210504 ], [ -50.233854768009557, -22.115827966515088 ], [ -50.233860176159297, -22.115757660568406 ], [ -50.233822319111084, -22.115719803520182 ], [ -50.233816910961337, -22.115692762771463 ], [ -50.233768237613631, -22.115617048675023 ], [ -50.233746605014652, -22.115552150878088 ], [ -50.233719564265925, -22.115481844931399 ], [ -50.233676299067966, -22.115443987883186 ], [ -50.23361140127102, -22.115395314535473 ], [ -50.233546503474081, -22.115362865636989 ], [ -50.233524870875094, -22.115319600439058 ], [ -50.23356813607306, -22.115330416738537 ], [ -50.233622217570513, -22.115335824888284 ], [ -50.233676299067966, -22.11535204933751 ], [ -50.233746605014652, -22.115373681936497 ], [ -50.233827727260831, -22.115379090086233 ], [ -50.233876400608537, -22.115406130834959 ], [ -50.233952114704969, -22.115438579733421 ], [ -50.234027828801402, -22.115465620482169 ], [ -50.234060277699875, -22.115481844931399 ], [ -50.234130583646561, -22.115503477530385 ], [ -50.234184665144014, -22.115541334578591 ], [ -50.234238746641466, -22.115584599776554 ], [ -50.234282011839426, -22.11563868127401 ], [ -50.234325277037385, -22.115698170921213 ], [ -50.234379358534838, -22.115790109466879 ], [ -50.234400991133818, -22.115865823563308 ], [ -50.234417215583058, -22.115957762108962 ], [ -50.234422623732797, -22.116022659905902 ], [ -50.234487521529744, -22.116098374002345 ], [ -50.234536194877457, -22.116114598451592 ], [ -50.234584868225163, -22.116120006601331 ], [ -50.234649766022102, -22.116125414751089 ], [ -50.234693031220061, -22.116125414751068 ], [ -50.234741704567774, -22.116098374002359 ], [ -50.234784969765734, -22.116033476205413 ], [ -50.234790377915481, -22.116017251756162 ], [ -50.234930989808852, -22.115963170258723 ], [ -50.234952622407832, -22.115968578408463 ], [ -50.235033744654011, -22.116001027306943 ], [ -50.23509323430121, -22.116017251756183 ], [ -50.235120275049937, -22.116022659905926 ], [ -50.235206805445856, -22.116044292504899 ], [ -50.235260886943308, -22.116055108804392 ], [ -50.235347417339234, -22.116087557702855 ], [ -50.235412315136173, -22.116109190301838 ], [ -50.235471804783373, -22.116120006601335 ], [ -50.235504253681846, -22.116141639200308 ], [ -50.235563743329038, -22.116174088098781 ], [ -50.235623232976238, -22.116163271799302 ], [ -50.235693538922924, -22.116147047350065 ], [ -50.235769253019356, -22.116147047350054 ], [ -50.235823334516809, -22.116152455499815 ], [ -50.235866599714775, -22.116174088098777 ], [ -50.235909864912735, -22.116228169596237 ], [ -50.235909864912735, -22.116309291842409 ], [ -50.235909864912735, -22.116379597789095 ], [ -50.235888232313755, -22.116471536334764 ], [ -50.235866599714775, -22.11657429117993 ], [ -50.235866599714775, -22.116617556377896 ], [ -50.235844967115789, -22.116747351971778 ], [ -50.235812518217323, -22.116855514966691 ], [ -50.235769253019356, -22.116969086111318 ], [ -50.235731395971143, -22.117082657255985 ], [ -50.235704355222417, -22.117147555052906 ], [ -50.235671906323944, -22.117201636550366 ], [ -50.235574559628532, -22.117315207695022 ], [ -50.235542110730059, -22.117331432144251 ], [ -50.23543394773516, -22.11728816694631 ], [ -50.235347417339234, -22.117255718047829 ], [ -50.235282519542288, -22.117277350646788 ], [ -50.235228438044842, -22.117380105491954 ], [ -50.235110810787859, -22.117478804224813 ], [ -50.235095938376055, -22.117504492936096 ], [ -50.235072953739639, -22.117538293872009 ], [ -50.235045912990913, -22.117561278508429 ], [ -50.235010760017566, -22.117592375369458 ], [ -50.23499588760577, -22.117626176305368 ], [ -50.235006703905263, -22.117661329278715 ], [ -50.235012112055003, -22.117700538364367 ], [ -50.23502157631706, -22.117750563749521 ], [ -50.235028336504243, -22.117768140236187 ], [ -50.235048617065786, -22.117788420797719 ], [ -50.235083770039132, -22.117796533022346 ], [ -50.235139203574015, -22.117801941172093 ], [ -50.235182468771981, -22.117820869696189 ], [ -50.235274407317654, -22.117923624541348 ], [ -50.23530144806638, -22.118037195685993 ], [ -50.235306856216127, -22.118048011985501 ], [ -50.235398794761792, -22.118269746125058 ], [ -50.235458284408992, -22.118318419472754 ], [ -50.235496141457205, -22.118377909119946 ], [ -50.235539406655171, -22.118459031366118 ], [ -50.23560430445211, -22.118556378061552 ], [ -50.23562593705109, -22.1185996432595 ], [ -50.235669202249049, -22.118648316607217 ], [ -50.235723283746502, -22.118724030703639 ], [ -50.235777365243955, -22.118751071452369 ], [ -50.235826038591661, -22.118788928500589 ], [ -50.235890936388607, -22.118837601848291 ], [ -50.235950426035799, -22.118859234447275 ], [ -50.235993691233766, -22.118870050746764 ], [ -50.236020731982492, -22.118886275195997 ], [ -50.236101854228671, -22.118924132244203 ], [ -50.236199200924084, -22.118945764843204 ], [ -50.236253282421536, -22.118972805591934 ], [ -50.236361445416435, -22.119016070789879 ], [ -50.236420935063634, -22.119016070789879 ], [ -50.2365128736093, -22.119010662640143 ], [ -50.236577771406246, -22.11898903004116 ], [ -50.236599404005226, -22.118929540393964 ], [ -50.236599404005226, -22.118913315944731 ], [ -50.236637261053446, -22.118843009998038 ], [ -50.236712975149878, -22.118821377399065 ], [ -50.236767056647331, -22.118821377399041 ], [ -50.23686981149249, -22.118815969249322 ], [ -50.236913076690449, -22.118837601848284 ], [ -50.236929301139682, -22.118859234447271 ], [ -50.236934709289429, -22.118929540393953 ], [ -50.236907668540702, -22.118967397442169 ], [ -50.236848178893503, -22.119010662640143 ], [ -50.23681032184529, -22.119059335987842 ], [ -50.23678868924631, -22.119097193036072 ], [ -50.236783281096564, -22.11915668268324 ], [ -50.23678868924631, -22.119189131581727 ], [ -50.23678868924631, -22.119221580480197 ], [ -50.23678868924631, -22.119291886426897 ], [ -50.236804913695543, -22.119335151624863 ], [ -50.236821138144776, -22.119405457571531 ], [ -50.236807617770403, -22.119416273871018 ], [ -50.236821138144769, -22.119440610544871 ], [ -50.236826546294516, -22.119478467593083 ], [ -50.236823842219643, -22.119513620566451 ], [ -50.236796801470916, -22.119551477614657 ], [ -50.23679139332117, -22.11959474281262 ], [ -50.23679139332117, -22.119602855037236 ], [ -50.236758944422697, -22.119659640609555 ], [ -50.23674001589859, -22.119700201732638 ], [ -50.236734607748843, -22.119721834331632 ], [ -50.236721087374484, -22.119794844353198 ], [ -50.236723791449357, -22.119808364727554 ], [ -50.236734607748843, -22.119865150299873 ], [ -50.236734607748843, -22.119886782898867 ], [ -50.236721087374484, -22.119913823647586 ], [ -50.236707567000117, -22.119957088845538 ], [ -50.236688638476011, -22.119981425519398 ], [ -50.236656189577538, -22.120005762193252 ], [ -50.236612924379578, -22.120032802941978 ], [ -50.236580475481105, -22.120062547765571 ], [ -50.236556138807252, -22.120084180364568 ], [ -50.236510169534419, -22.120113925188154 ], [ -50.236485832860566, -22.12015719038612 ], [ -50.23648042471082, -22.12019234335947 ], [ -50.236483128785693, -22.120230200407679 ], [ -50.236496649160053, -22.120254537081529 ], [ -50.236515577684166, -22.120254537081532 ], [ -50.236556138807252, -22.120251833006666 ], [ -50.236577771406232, -22.120249128931793 ], [ -50.236615628454452, -22.120276169680515 ], [ -50.236629148828811, -22.120284281905121 ], [ -50.236648077352925, -22.120292394129745 ], [ -50.236656189577538, -22.120297802279495 ], [ -50.236685934401137, -22.120332955252834 ], [ -50.23671027107499, -22.120354587851807 ], [ -50.236745424048358, -22.120378924525689 ], [ -50.236758944422718, -22.120422189723627 ], [ -50.236774193323058, -22.120489962644122 ], [ -50.236791689611849, -22.120497371509959 ], [ -50.236791754006809, -22.120497411133751 ], [ -50.236791828171761, -22.120497431003162 ], [ -50.236793650916972, -22.120498578348869 ], [ -50.236795486479409, -22.120499707815203 ], [ -50.23679553458139, -22.120499764040751 ], [ -50.236795598526705, -22.120499804291786 ], [ -50.236796951541585, -22.120501420300386 ], [ -50.23679832267603, -22.120503022995074 ], [ -50.236798349776429, -22.120503090318579 ], [ -50.23679839724273, -22.120503147011192 ], [ -50.236799148084572, -22.120505073496219 ], [ -50.236799920574974, -22.120506992536694 ], [ -50.236799924021042, -22.120507064368148 ], [ -50.236799950361991, -22.120507131952873 ], [ -50.236873355960924, -22.12086036850722 ], [ -50.236888740016603, -22.120887290601718 ], [ -50.236896852241223, -22.120919739500195 ], [ -50.236913076690456, -22.120971116922782 ], [ -50.23693200521457, -22.12103331064484 ], [ -50.236942821514056, -22.121090096217163 ], [ -50.236956341888423, -22.121163106238736 ], [ -50.236969862262782, -22.121238820335179 ], [ -50.236975270412529, -22.121298309982368 ], [ -50.236991494861762, -22.121355095554691 ], [ -50.236991494861762, -22.121398360752647 ], [ -50.237031379966133, -22.121523424215496 ], [ -50.23703273200357, -22.121532212458838 ], [ -50.237035436078443, -22.121556549132698 ], [ -50.237038816172031, -22.121579533769108 ], [ -50.237044224321778, -22.121605222480405 ], [ -50.237044224321778, -22.121615362761169 ], [ -50.237040168209468, -22.121630235172976 ], [ -50.237036112097158, -22.121639023416314 ], [ -50.237035485469399, -22.121640545226658 ], [ -50.237047283222431, -22.121697316173286 ], [ -50.24174417, -22.11965222 ], [ -50.2414875, -22.11958444 ], [ -50.24157389, -22.11917472 ], [ -50.24138194, -22.11909861 ], [ -50.24134944, -22.11818167 ], [ -50.24105333, -22.11785 ], [ -50.24121389, -22.11754 ], [ -50.24109583, -22.11738556 ], [ -50.240575, -22.11725389 ] ], [ [ -50.23694333000001, -22.10550833 ], [ -50.236943692334798, -22.10550980054278 ], [ -50.234710816991878, -22.104070252759588 ], [ -50.23694333000001, -22.10550833 ] ] ], [ [ [ -50.223203998535695, -22.111859917970754 ], [ -50.22320611689419, -22.111847509286761 ], [ -50.22320824048434, -22.111834145338534 ], [ -50.223204265372203, -22.111811199496447 ], [ -50.223200248404403, -22.111795895767884 ], [ -50.223202403386686, -22.11177680023437 ], [ -50.223183971253285, -22.11177289142092 ], [ -50.223158352465774, -22.111770859004853 ], [ -50.223115248228908, -22.111779251602268 ], [ -50.223114144568569, -22.111793575689219 ], [ -50.223109934000668, -22.111813616733563 ], [ -50.223115980369322, -22.111832751272527 ], [ -50.223117952220292, -22.111847089986977 ], [ -50.223112700782195, -22.111869991947906 ], [ -50.223088101916467, -22.111868919660445 ], [ -50.223073822787413, -22.111855477696768 ], [ -50.223059517495741, -22.111846812052754 ], [ -50.223012417215728, -22.111836079833971 ], [ -50.222985888387925, -22.111813026702702 ], [ -50.222969522298222, -22.111806261825979 ], [ -50.222928541656799, -22.111801290428975 ], [ -50.222918305656457, -22.111798375865856 ], [ -50.222900856826378, -22.111802114010811 ], [ -50.222902744909355, -22.111831736953413 ], [ -50.222902645461076, -22.111849886971932 ], [ -50.222918933042088, -22.111870980817404 ], [ -50.222945419998389, -22.111901676072478 ], [ -50.222936125418848, -22.111914050613404 ], [ -50.222915506848608, -22.111934968882704 ], [ -50.22291232141928, -22.111955014797822 ], [ -50.222906008133165, -22.111984598722387 ], [ -50.222902906447707, -22.11198936041129 ], [ -50.222880263689497, -22.112005492600421 ], [ -50.222868861175357, -22.112028365287365 ], [ -50.222860576049179, -22.112043610493121 ], [ -50.222856402078484, -22.112056964680402 ], [ -50.222845051901835, -22.112070284724361 ], [ -50.222789655960952, -22.112076708172349 ], [ -50.222758932206155, -22.112070830246097 ], [ -50.222729228390847, -22.112065912456533 ], [ -50.222699540284395, -22.112058128869446 ], [ -50.222678074499925, -22.112046563250299 ], [ -50.222657712428173, -22.112020673546372 ], [ -50.222650677594139, -22.111994847265237 ], [ -50.222654893468608, -22.111973850971129 ], [ -50.222650918443293, -22.111950905118434 ], [ -50.222654072494365, -22.111936590793864 ], [ -50.222646953890873, -22.111926048737505 ], [ -50.222639871939776, -22.111908819832362 ], [ -50.222630702996945, -22.11189826801759 ], [ -50.222610246704626, -22.11188957306128 ], [ -50.222585684495705, -22.111881813849749 ], [ -50.222569307945847, -22.111876959461412 ], [ -50.222552941870127, -22.111870194543378 ], [ -50.222521208710575, -22.111861445902278 ], [ -50.222487393792605, -22.111858419079741 ], [ -50.222469976367499, -22.111856425593889 ], [ -50.22244329574788, -22.111861075033811 ], [ -50.222431971736171, -22.111869618728615 ], [ -50.222421636232177, -22.111884854150965 ], [ -50.222406206296682, -22.111894333586875 ], [ -50.222380624166057, -22.111885614200496 ], [ -50.222360131227425, -22.111883606061351 ], [ -50.222324276443466, -22.111878658915764 ], [ -50.222292538059392, -22.111870865494598 ], [ -50.222258786007195, -22.111856375456991 ], [ -50.222242461858215, -22.111841968396437 ], [ -50.22223742506258, -22.1118257045019 ], [ -50.222236467994165, -22.111813281188713 ], [ -50.222242739501866, -22.11179133940518 ], [ -50.222247975360659, -22.111771303267975 ], [ -50.222247096869204, -22.111744550994814 ], [ -50.222257479526768, -22.111720718207547 ], [ -50.222269891566, -22.111700716237728 ], [ -50.222268950210243, -22.111685427132482 ], [ -50.222273150415226, -22.111667296640849 ], [ -50.222259943700067, -22.11164526211353 ], [ -50.222241516851682, -22.111640397930888 ], [ -50.222226191704344, -22.111630772070455 ], [ -50.222204746979131, -22.111615385335483 ], [ -50.22218021103604, -22.11160284974477 ], [ -50.222163797860084, -22.111604682164891 ], [ -50.222143310205063, -22.111601718735763 ], [ -50.222132054307437, -22.111597843978309 ], [ -50.222102319179513, -22.111598657661855 ], [ -50.222092072733332, -22.111597653575764 ], [ -50.222056212792893, -22.111593661637503 ], [ -50.222053247322577, -22.111573586446696 ], [ -50.222048163399123, -22.111565919922459 ], [ -50.222045182210948, -22.111548710523408 ], [ -50.222047316384192, -22.111533436064871 ], [ -50.222022728070101, -22.111530453090865 ], [ -50.222004285525273, -22.11152845467398 ], [ -50.221985926824395, -22.111511172031609 ], [ -50.221977746442178, -22.111507311912433 ], [ -50.221938926316476, -22.111482289493235 ], [ -50.221960528203205, -22.11146901834308 ], [ -50.221986230755988, -22.111455766721541 ], [ -50.222012974191507, -22.111439654186551 ], [ -50.222026411405935, -22.111419657117537 ], [ -50.222039874815579, -22.111394883727346 ], [ -50.222054326709355, -22.111376802066204 ], [ -50.22207389919398, -22.111359700079269 ], [ -50.222109884820078, -22.111340765675816 ], [ -50.2221182014177, -22.111319788923922 ], [ -50.222138867161803, -22.11129027337833 ], [ -50.222126701384795, -22.111265377930685 ], [ -50.222103143520421, -22.111261444587939 ], [ -50.222090820569086, -22.11126520705831 ], [ -50.222075374962692, -22.11127755225705 ], [ -50.222057847582974, -22.111295619273459 ], [ -50.222051560352234, -22.111320426843037 ], [ -50.222044274151294, -22.111340453209777 ], [ -50.222039064480924, -22.111355713021162 ], [ -50.222020527639614, -22.111370909358492 ], [ -50.221993805178627, -22.111383200839349 ], [ -50.221980462287178, -22.11138600315418 ], [ -50.221966094228222, -22.111388800584898 ], [ -50.221937331906197, -22.11139917176229 ], [ -50.221908574820816, -22.111408587670574 ], [ -50.22187980200907, -22.111420869365503 ], [ -50.221842859300878, -22.111427380401594 ], [ -50.22183670305607, -22.111428306362789 ], [ -50.221809007815615, -22.111431040289396 ], [ -50.221770124841832, -22.111417480998441 ], [ -50.221748538671491, -22.11142788633143 ], [ -50.221736147552711, -22.111444067205188 ], [ -50.221732993422187, -22.111458381510516 ], [ -50.221732904309881, -22.111474620997004 ], [ -50.221742088883424, -22.111482307068265 ], [ -50.22176047900038, -22.111493858153654 ], [ -50.221774784173995, -22.111502523908477 ], [ -50.221799320062146, -22.111515059558712 ], [ -50.22181054973646, -22.111523710658307 ], [ -50.221825822430027, -22.11154288919597 ], [ -50.221824729124982, -22.111555302743056 ], [ -50.221822657823324, -22.111559114030925 ], [ -50.221819398871567, -22.111592533616236 ], [ -50.22181110317856, -22.111609689294852 ], [ -50.221796635505228, -22.111630636724083 ], [ -50.221771931863877, -22.111648669517848 ], [ -50.221741103411929, -22.111661896681575 ], [ -50.221729910425132, -22.11164655872993 ], [ -50.221711457386306, -22.111646470807457 ], [ -50.2216950442008, -22.111648303180139 ], [ -50.221681675067678, -22.111655881788931 ], [ -50.221661093053569, -22.11167011304914 ], [ -50.221639422955228, -22.11169580258786 ], [ -50.221639339073747, -22.11171108680966 ], [ -50.221647404121796, -22.1117359627507 ], [ -50.22164015978187, -22.111748346985273 ], [ -50.221623709884874, -22.111756866197375 ], [ -50.221600099526974, -22.111762485418801 ], [ -50.221570327663166, -22.111769985851268 ], [ -50.221556948025693, -22.111779474976903 ], [ -50.22155380435499, -22.111791878749788 ], [ -50.221556780244185, -22.111810043419524 ], [ -50.221574124244654, -22.111825410695925 ], [ -50.221606803859075, -22.111848493362054 ], [ -50.221628300978274, -22.111854327535827 ], [ -50.221652905065632, -22.111854444778903 ], [ -50.221672419998434, -22.111847850746756 ], [ -50.221684743010954, -22.111844088310011 ], [ -50.221697024084925, -22.11184796798317 ], [ -50.221707233850289, -22.111855658941472 ], [ -50.221712323006955, -22.111862370211959 ], [ -50.221718395397701, -22.111876728477828 ], [ -50.221734745705561, -22.111886359269967 ], [ -50.221758277451961, -22.111895068987597 ], [ -50.221793117528705, -22.11189810084506 ], [ -50.221813657632239, -22.111891511680241 ], [ -50.221823919821233, -22.111889649992658 ], [ -50.221851578462854, -22.111893602913472 ], [ -50.221887448953538, -22.111895684370783 ], [ -50.221904855891466, -22.111899588446462 ], [ -50.221943707566261, -22.111918879292169 ], [ -50.22196311244582, -22.111932345767293 ], [ -50.221961030660999, -22.111938067584525 ], [ -50.221965005573843, -22.111961013450777 ], [ -50.22197211364648, -22.111973466063223 ], [ -50.221988422060825, -22.111990738941916 ], [ -50.221986287872745, -22.112006013398467 ], [ -50.221981093890477, -22.112018407414183 ], [ -50.221963629290293, -22.112025011249091 ], [ -50.221931780841039, -22.112037278299322 ], [ -50.221919431613514, -22.112045817073763 ], [ -50.221927606783879, -22.11205063246031 ], [ -50.221954203604447, -22.112061267328563 ], [ -50.221982871734539, -22.112068090903048 ], [ -50.221998217871956, -22.112073895731108 ], [ -50.222034046491132, -22.112083619268798 ], [ -50.22207808697204, -22.112091471330618 ], [ -50.222103705796179, -22.112093503917279 ], [ -50.222139576342876, -22.112095585320727 ], [ -50.222158071355622, -22.112088031085076 ], [ -50.222170441529606, -22.11207567123656 ], [ -50.222194104309729, -22.112060499294277 ], [ -50.22221461298723, -22.112059641663024 ], [ -50.222226894095492, -22.112063521297195 ], [ -50.222239133295268, -22.112075043042122 ], [ -50.222246241397755, -22.112087495643312 ], [ -50.222248176492947, -22.112108521213059 ], [ -50.222251141999621, -22.11212859640013 ], [ -50.222255148395327, -22.112145810676637 ], [ -50.222279642530552, -22.112165988369824 ], [ -50.22230316388238, -22.112176608538878 ], [ -50.222341037658168, -22.112187297036513 ], [ -50.22237075719633, -22.112189349105012 ], [ -50.222400508161101, -22.112185669584282 ], [ -50.222427220267775, -22.112175288569425 ], [ -50.222464126489413, -22.112175464254591 ], [ -50.222492710878377, -22.11219757196482 ], [ -50.22250400872894, -22.112193804586802 ], [ -50.22251834544015, -22.112196738695136 ], [ -50.222538807006799, -22.112204478399754 ], [ -50.222558253875704, -22.112210302694404 ], [ -50.222581770020597, -22.1122218780881 ], [ -50.222620663768673, -22.112233526665101 ], [ -50.222626778155828, -22.112240242787514 ], [ -50.222628760433579, -22.112252670977853 ], [ -50.222630486144226, -22.112311907105077 ], [ -50.222644801926357, -22.112318662258737 ], [ -50.222663145103667, -22.112338810622777 ], [ -50.222687728338336, -22.112342748768562 ], [ -50.222715434216489, -22.112338104169837 ], [ -50.222733939703566, -22.112328639341147 ], [ -50.222752439952963, -22.112320129774304 ], [ -50.222769977847946, -22.112300152158607 ], [ -50.222766970383518, -22.112287719091526 ], [ -50.222761907337159, -22.112276231532093 ], [ -50.222762995332879, -22.112264773241666 ], [ -50.222763094801081, -22.112246623224653 ], [ -50.222775407352259, -22.112244771234081 ], [ -50.222794901351868, -22.112241998124418 ], [ -50.222813338768454, -22.112244951718957 ], [ -50.222826618910233, -22.112253612507061 ], [ -50.222857363645744, -22.112255669365389 ], [ -50.222876841942373, -22.112255762038163 ], [ -50.222902466045973, -22.112256839236611 ], [ -50.222934251659353, -22.11225603516554 ], [ -50.222961931344642, -22.11225616684473 ], [ -50.22298035829975, -22.112261030948787 ], [ -50.22299982613054, -22.112263034135129 ], [ -50.22302546070383, -22.112262200786105 ], [ -50.223041873947935, -22.112260368281412 ], [ -50.223067529453196, -22.112255713869299 ], [ -50.223090161765953, -22.112241492183454 ], [ -50.223106648266914, -22.112226285974309 ], [ -50.223119049769636, -22.112208194467286 ], [ -50.223125279299715, -22.112193894760587 ], [ -50.22313358533782, -22.11217482848452 ], [ -50.22313056214557, -22.112165261215551 ], [ -50.223126550409724, -22.112149002221628 ], [ -50.22312554093503, -22.112146131553299 ], [ -50.223129735814176, -22.112128956302051 ], [ -50.223137021907682, -22.112108929885562 ], [ -50.223152467517963, -22.112096584587626 ], [ -50.223170999107367, -22.112082343386547 ], [ -50.22318033553686, -22.11206232671886 ], [ -50.223186565053936, -22.112048027009212 ], [ -50.223197925661822, -22.112032796412155 ], [ -50.223210426545116, -22.111996554877432 ], [ -50.223209485086876, -22.111981265775135 ], [ -50.223202382135554, -22.111967857949239 ], [ -50.223199400799786, -22.111950648567785 ], [ -50.223197402778645, -22.111941086175165 ], [ -50.223201728445389, -22.111900029316367 ], [ -50.223200828845371, -22.111877098100344 ], [ -50.223203998535695, -22.111859917970754 ] ] ], [ [ [ -50.22330560326796, -22.111465389080958 ], [ -50.223305645118415, -22.111457746966803 ], [ -50.223303678483802, -22.111442452989284 ], [ -50.22329762164177, -22.111425228984658 ], [ -50.22329154387559, -22.111411826036885 ], [ -50.223291658966076, -22.111390810222918 ], [ -50.22330211989199, -22.111352648398139 ], [ -50.223298134312834, -22.111331613085504 ], [ -50.223296178142995, -22.111314408579165 ], [ -50.223296303694887, -22.111291482236318 ], [ -50.22327789254696, -22.111283752377823 ], [ -50.22325338271807, -22.111266440625343 ], [ -50.223222700970062, -22.111252920676066 ], [ -50.223181757101493, -22.111241262496769 ], [ -50.223140781845835, -22.111235335892921 ], [ -50.223093613735664, -22.111237022137697 ], [ -50.223101647621249, -22.111267629600469 ], [ -50.223107641641995, -22.11129631678272 ], [ -50.223130101123886, -22.111313618805315 ], [ -50.223164914936206, -22.111321426688356 ], [ -50.223201705838747, -22.111342618014181 ], [ -50.223209781608496, -22.111365583358008 ], [ -50.223205586764628, -22.111382758613871 ], [ -50.223203389934689, -22.111409496262517 ], [ -50.223197155217449, -22.111424751239046 ], [ -50.223195094418209, -22.111426652016984 ], [ -50.223164349855004, -22.111424595227096 ], [ -50.223145959627203, -22.111413044296597 ], [ -50.22312356291814, -22.111384279105046 ], [ -50.223080547755444, -22.111376432205155 ], [ -50.223045576943846, -22.111397282230516 ], [ -50.223041455342184, -22.111401083782475 ], [ -50.223008670919583, -22.111397106682588 ], [ -50.222959452420575, -22.111398783134081 ], [ -50.222938844398669, -22.111417790881507 ], [ -50.222920349513167, -22.111425345209927 ], [ -50.222914156636584, -22.11143295806124 ], [ -50.222864781096781, -22.111463292408974 ], [ -50.222840051443484, -22.111486101690261 ], [ -50.222819380577853, -22.111516572591405 ], [ -50.222813072529689, -22.111545201249811 ], [ -50.222808909040147, -22.111556644908667 ], [ -50.22279665936648, -22.111547033733967 ], [ -50.222782359357893, -22.111537412802608 ], [ -50.222753738406439, -22.111521991992785 ], [ -50.222753748876521, -22.111520081464526 ], [ -50.222704792102526, -22.111473994631439 ], [ -50.222688494126778, -22.111454811294109 ], [ -50.222696863001048, -22.11142428186939 ], [ -50.222694917374291, -22.11140516682984 ], [ -50.222680669741862, -22.111385993248646 ], [ -50.222660218754747, -22.111376343035971 ], [ -50.222647990049538, -22.111362910794121 ], [ -50.222639862014233, -22.111349498066478 ], [ -50.222656327512482, -22.111338112956055 ], [ -50.22268912238011, -22.111340179597736 ], [ -50.222730212816565, -22.111325090503787 ], [ -50.22274656313418, -22.111334721195419 ], [ -50.222762871574581, -22.111351993998735 ], [ -50.222771010091613, -22.111363496192272 ], [ -50.222815981342286, -22.111388547683443 ], [ -50.222858996491674, -22.111396394652672 ], [ -50.222894009201589, -22.111367902554562 ], [ -50.22289819361437, -22.111352637836127 ], [ -50.222890170236965, -22.111320119836442 ], [ -50.222875933054048, -22.111299035743198 ], [ -50.222876006332243, -22.111285662044533 ], [ -50.222867962026427, -22.111256965100509 ], [ -50.222855743779498, -22.11124162234535 ], [ -50.222845596804682, -22.111222468287458 ], [ -50.222845753834832, -22.111193810361634 ], [ -50.222847908852835, -22.111174714832529 ], [ -50.22288083977319, -22.111151944565371 ], [ -50.22289535957821, -22.111121444390658 ], [ -50.222887210596042, -22.111111852731511 ], [ -50.222866801506264, -22.111094560431418 ], [ -50.222821757055144, -22.111082882654678 ], [ -50.222799255770973, -22.111073222704931 ], [ -50.222784872053509, -22.111078886001756 ], [ -50.222770425517176, -22.11109601246757 ], [ -50.222749838455911, -22.111111199135649 ], [ -50.222729261860472, -22.1111244752726 ], [ -50.222716949406568, -22.11112632726276 ], [ -50.22267995968874, -22.111141435869268 ], [ -50.222657343222764, -22.111152791711554 ], [ -50.222630626090996, -22.111164128035558 ], [ -50.222608009617623, -22.11117548387076 ], [ -50.222587464416407, -22.111183028404277 ], [ -50.222546374007628, -22.111198117463328 ], [ -50.222515440991067, -22.111230450061271 ], [ -50.222496862322231, -22.111253288567738 ], [ -50.222476233314687, -22.111276117312361 ], [ -50.222447350598081, -22.111308459655614 ], [ -50.222432841151857, -22.111337049258289 ], [ -50.222428667164266, -22.111350403435218 ], [ -50.222412044527978, -22.111390446444361 ], [ -50.22240986849792, -22.111413363021725 ], [ -50.222403644170889, -22.111426707437321 ], [ -50.222391164088442, -22.111459127852008 ], [ -50.222377632644374, -22.111496319705275 ], [ -50.222383605575764, -22.111528827965568 ], [ -50.222386612992473, -22.111541261039413 ], [ -50.22238749151029, -22.111568013313175 ], [ -50.222395624770606, -22.11158047078866 ], [ -50.222406875437294, -22.111585300792196 ], [ -50.222414046379789, -22.111586290217915 ], [ -50.222435601105566, -22.111581616380811 ], [ -50.22244794502484, -22.111574032828859 ], [ -50.222456209217341, -22.111562608699924 ], [ -50.222460372735235, -22.11155116505088 ], [ -50.222463563454163, -22.111530163881099 ], [ -50.22246267968498, -22.111504366871273 ], [ -50.222462758239878, -22.111490037910183 ], [ -50.222473125130847, -22.111469070899087 ], [ -50.222474239325983, -22.111452836289534 ], [ -50.222477424803294, -22.111432790383184 ], [ -50.222493911270988, -22.111417584233582 ], [ -50.222503143013917, -22.111416672886364 ], [ -50.222527673718972, -22.111430163692848 ], [ -50.222559354420063, -22.111448464971364 ], [ -50.222582802370503, -22.111472458795678 ], [ -50.222589915711367, -22.111483956118736 ], [ -50.222581599172273, -22.111504932895979 ], [ -50.222591725185296, -22.111527908025586 ], [ -50.222596709651455, -22.111553724551634 ], [ -50.222591484322905, -22.111571850174013 ], [ -50.222564772342501, -22.111582231220158 ], [ -50.222559667445125, -22.111578385767366 ], [ -50.222531982658211, -22.111579209287921 ], [ -50.222519643979382, -22.111585837582265 ], [ -50.222474410875563, -22.111608549213106 ], [ -50.22244974921783, -22.111618939999634 ], [ -50.22244145359835, -22.111636095712367 ], [ -50.222439240907576, -22.111665699137799 ], [ -50.222451396297984, -22.111692505091654 ], [ -50.222466710993814, -22.111704041459621 ], [ -50.222483056098561, -22.111714627441994 ], [ -50.222506614050168, -22.111718560732214 ], [ -50.222538430961713, -22.111712025150304 ], [ -50.222548755967253, -22.111698700247647 ], [ -50.22257140918412, -22.111680657575402 ], [ -50.222586776250914, -22.111682641291598 ], [ -50.222615412923119, -22.11169519633852 ], [ -50.222620486410257, -22.111704773374186 ], [ -50.22263270466938, -22.111720116146493 ], [ -50.222643918704769, -22.111731632982789 ], [ -50.222671514515405, -22.111747048933665 ], [ -50.222678633112231, -22.111757590989015 ], [ -50.222684716069011, -22.111770038693656 ], [ -50.222694957297541, -22.111771998007089 ], [ -50.222709283500109, -22.111776842625879 ], [ -50.222744165456355, -22.11177223216745 ], [ -50.222762660396441, -22.111764677860862 ], [ -50.222791396563743, -22.111759082859557 ], [ -50.22280777834321, -22.111762981961387 ], [ -50.222828276507279, -22.111764034779927 ], [ -50.222854957098008, -22.111759385276169 ], [ -50.222873431093731, -22.111755652013365 ], [ -50.222899180725904, -22.111733802870312 ], [ -50.222913611612569, -22.111719542188332 ], [ -50.222932137940624, -22.111706256277124 ], [ -50.222948582523678, -22.111698692194913 ], [ -50.222955852917202, -22.111681531578039 ], [ -50.222947709133699, -22.111670984657309 ], [ -50.222936474142195, -22.111663288897891 ], [ -50.222926259087188, -22.111656553278873 ], [ -50.222923225451076, -22.111648896534508 ], [ -50.222917179115676, -22.111629761988965 ], [ -50.222911164185845, -22.111604895858246 ], [ -50.222932739835684, -22.111596400898474 ], [ -50.222950193873281, -22.1115917074851 ], [ -50.222969713947975, -22.111584158030769 ], [ -50.223000516108975, -22.111575706952134 ], [ -50.223003722449036, -22.111551839976997 ], [ -50.222997602838753, -22.111546079132683 ], [ -50.222989453826067, -22.111536487478205 ], [ -50.222969065598356, -22.11151537413291 ], [ -50.222974259475428, -22.11150298008199 ], [ -50.222985599126126, -22.111491570554829 ], [ -50.223004083550471, -22.111485926747619 ], [ -50.223031763085928, -22.111486058410637 ], [ -50.223066650195079, -22.111480492616565 ], [ -50.223073758343375, -22.111492945183901 ], [ -50.223078863252226, -22.111496790620969 ], [ -50.223104440127415, -22.111506465161831 ], [ -50.223133097743371, -22.111515199061675 ], [ -50.223165845571629, -22.111525862987033 ], [ -50.223176024003912, -22.111539285440816 ], [ -50.223175940288677, -22.11155456966851 ], [ -50.223177880749624, -22.111574639968151 ], [ -50.22317780226664, -22.111588968931542 ], [ -50.223175626355875, -22.111611885522024 ], [ -50.22317039063379, -22.111631921693334 ], [ -50.223166206240826, -22.111647186418828 ], [ -50.223148715575817, -22.111658566704758 ], [ -50.223111856576637, -22.111649793800325 ], [ -50.223101615350245, -22.111647834513068 ], [ -50.223080944514983, -22.111678305447672 ], [ -50.223091196208848, -22.111678354207879 ], [ -50.223103414517894, -22.111693696946443 ], [ -50.223115632829554, -22.111709039684104 ], [ -50.223136125756902, -22.111711047728065 ], [ -50.223168910256206, -22.111715024804418 ], [ -50.223172990005835, -22.111718865363223 ], [ -50.223185218791649, -22.111732297567542 ], [ -50.223199581633075, -22.111730455294211 ], [ -50.223215994813735, -22.111728622770038 ], [ -50.223244741422036, -22.111721117159775 ], [ -50.22325301602411, -22.111707782460652 ], [ -50.223265391302789, -22.11169446726068 ], [ -50.223273676364478, -22.111679222031903 ], [ -50.223271688804694, -22.111667749111369 ], [ -50.223271814362768, -22.111644822769627 ], [ -50.223278038619455, -22.1116314783192 ], [ -50.223286417842445, -22.111599038333061 ], [ -50.223286564323558, -22.111572290934056 ], [ -50.223286627101118, -22.111560827763043 ], [ -50.223290801015501, -22.111547473562364 ], [ -50.223303218126965, -22.111526516244687 ], [ -50.223305435865953, -22.111495957537496 ], [ -50.22330560326796, -22.111465389080958 ] ] ], [ [ [ -50.222893404152117, -22.110917003214759 ], [ -50.222880024681942, -22.110926492454645 ], [ -50.222867712246895, -22.110928344456784 ], [ -50.222849264530751, -22.110927301401301 ], [ -50.222833839963165, -22.110935825618338 ], [ -50.222821459479199, -22.110950096051791 ], [ -50.222820292985134, -22.110975883308122 ], [ -50.222828405314374, -22.110992161819926 ], [ -50.222850917056483, -22.110999911236998 ], [ -50.222878654070755, -22.110989535016735 ], [ -50.222928866189747, -22.11099359504772 ], [ -50.222943213257743, -22.110994618587416 ], [ -50.222963658977626, -22.111005224028318 ], [ -50.222990260921385, -22.111014903461498 ], [ -50.223018996928133, -22.11100930841495 ], [ -50.22302621494444, -22.111001700434851 ], [ -50.223031482058666, -22.110975932680976 ], [ -50.223033569018341, -22.110969255583534 ], [ -50.22303261711631, -22.110955877007612 ], [ -50.223031618117254, -22.110951095810076 ], [ -50.223033720775526, -22.110941552919819 ], [ -50.223047183963807, -22.110916779438703 ], [ -50.223061619982957, -22.110901563475103 ], [ -50.223074021369825, -22.110883471965415 ], [ -50.223074073696971, -22.110873919322561 ], [ -50.223059773735095, -22.110864298416125 ], [ -50.22301773156579, -22.110866009022615 ], [ -50.22298706039367, -22.110850578503062 ], [ -50.222981955510072, -22.110846733063568 ], [ -50.222963586304978, -22.110831361057272 ], [ -50.222946189931385, -22.110825546568385 ], [ -50.222936884958308, -22.110839831641524 ], [ -50.222912239169077, -22.110847356710913 ], [ -50.222910078932337, -22.110867407506301 ], [ -50.222903781403346, -22.11089412564332 ], [ -50.222893404152117, -22.110917003214759 ] ] ], [ [ [ -50.223388961101648, -22.110658566043554 ], [ -50.223372657890472, -22.110640338037005 ], [ -50.223355298137115, -22.110627836741081 ], [ -50.223329705707194, -22.110621028035673 ], [ -50.223287736847922, -22.110609365012806 ], [ -50.223283630969853, -22.110610300779001 ], [ -50.223268154148712, -22.11062837768273 ], [ -50.223256751814368, -22.110651250405592 ], [ -50.223249455356395, -22.110673187362337 ], [ -50.223242195516796, -22.110688437468198 ], [ -50.223231844493633, -22.110706538742043 ], [ -50.22321537911467, -22.110717923914812 ], [ -50.223203992459666, -22.110737930840294 ], [ -50.223185356414973, -22.110771277339094 ], [ -50.223183264233654, -22.110778909703242 ], [ -50.223174947826145, -22.110799886516247 ], [ -50.223168681742507, -22.110820873079362 ], [ -50.223167583330309, -22.110834241904399 ], [ -50.223172630666241, -22.110848595245653 ], [ -50.223177667539119, -22.110864859115377 ], [ -50.223181689713435, -22.110879207581075 ], [ -50.223189749760195, -22.110905038719274 ], [ -50.22320494410306, -22.11093854609749 ], [ -50.223222282952804, -22.110954868466862 ], [ -50.223259246410208, -22.110944536055722 ], [ -50.223292009812255, -22.110952334160018 ], [ -50.223300331443546, -22.110930402076885 ], [ -50.223315771677257, -22.110919012021917 ], [ -50.223341416468976, -22.110916268087411 ], [ -50.223360863199154, -22.110922092283232 ], [ -50.223378270064288, -22.110925996200045 ], [ -50.223387548846617, -22.110916487422539 ], [ -50.223397831869427, -22.110910804575798 ], [ -50.223409171438085, -22.110899395016066 ], [ -50.223415385186144, -22.1108879610866 ], [ -50.223417477356875, -22.110880328719276 ], [ -50.223418544363724, -22.110872691478146 ], [ -50.223416504497244, -22.110870771201853 ], [ -50.223403313362859, -22.110845870968799 ], [ -50.223370591823993, -22.110830430772403 ], [ -50.223343979424627, -22.110822661929916 ], [ -50.223323497083456, -22.110818743386744 ], [ -50.223311236973494, -22.110811042779321 ], [ -50.223305148768127, -22.110799550360493 ], [ -50.223296037386646, -22.110778490674466 ], [ -50.223292015203192, -22.11076414221116 ], [ -50.223297256103272, -22.110743150768073 ], [ -50.223305525409252, -22.110730771327265 ], [ -50.223346594683214, -22.110719503127562 ], [ -50.223364106137581, -22.110704301757856 ], [ -50.223379562032967, -22.110690045902597 ], [ -50.223387857481384, -22.110672890135334 ], [ -50.223388961101648, -22.110658566043554 ] ] ], [ [ [ -50.22271372576845, -22.110405068632332 ], [ -50.222719855789116, -22.110408918957802 ], [ -50.222736247881379, -22.110410907534337 ], [ -50.22276075750019, -22.110428219360145 ], [ -50.222746185394435, -22.110468272169228 ], [ -50.222711162413894, -22.110498674772828 ], [ -50.222694655138184, -22.110517702006806 ], [ -50.222661776693876, -22.11053091959927 ], [ -50.222639097498835, -22.110553738613373 ], [ -50.222632799935042, -22.110580456739896 ], [ -50.222644976218476, -22.110603441624345 ], [ -50.222646890417934, -22.110628288251139 ], [ -50.222630351704296, -22.110653047062904 ], [ -50.222626146343366, -22.110672132832345 ], [ -50.222638228392228, -22.110712312472941 ], [ -50.22264412805859, -22.110758194426385 ], [ -50.222664442835189, -22.110792681508475 ], [ -50.222680761675882, -22.110808043790623 ], [ -50.222696954874301, -22.110846332412116 ], [ -50.222721359859833, -22.110882749529029 ], [ -50.222743829698899, -22.110898141073932 ], [ -50.22277253428161, -22.110898277655583 ], [ -50.222815769127578, -22.110866003534891 ], [ -50.222850813116608, -22.110831779855239 ], [ -50.222867341346209, -22.110808931549659 ], [ -50.222865374765703, -22.110793637567287 ], [ -50.222847099796219, -22.110761070791952 ], [ -50.222882237962494, -22.11070965234747 ], [ -50.222898724301487, -22.110694446151946 ], [ -50.222939824995137, -22.110677446469477 ], [ -50.222972651116407, -22.110673781464367 ], [ -50.222997370136703, -22.110652882684636 ], [ -50.222997579463332, -22.110614672112796 ], [ -50.222987495309752, -22.110584054891426 ], [ -50.222960862045646, -22.110580107045383 ], [ -50.222948654311253, -22.110562853768762 ], [ -50.222971291592877, -22.110547676824709 ], [ -50.223002161557019, -22.110526807302193 ], [ -50.222998259771721, -22.110490487753097 ], [ -50.222977913553876, -22.110461732296027 ], [ -50.223000613613138, -22.110435092175358 ], [ -50.223015080984325, -22.110414144627764 ], [ -50.222988646611235, -22.110373896742797 ], [ -50.222960004933341, -22.110362297030424 ], [ -50.22294374891257, -22.110335471604131 ], [ -50.222939763410416, -22.110314436282533 ], [ -50.222933685722602, -22.11030103332202 ], [ -50.222933727590664, -22.110293391207453 ], [ -50.222929742090969, -22.110272355885556 ], [ -50.222913444216715, -22.110253172571028 ], [ -50.222886863354994, -22.110239672071458 ], [ -50.222860272030466, -22.110228082096313 ], [ -50.222835731027921, -22.110216501871555 ], [ -50.222804944859114, -22.110222087135874 ], [ -50.222790446071294, -22.110248766250802 ], [ -50.222786219807595, -22.110271673083432 ], [ -50.222773792267937, -22.110294540894539 ], [ -50.22275333095957, -22.110286801225183 ], [ -50.222736907472317, -22.110290544236367 ], [ -50.222718360376241, -22.110307651189622 ], [ -50.222703861563105, -22.110334330295856 ], [ -50.222699561991071, -22.110370610825175 ], [ -50.22271372576845, -22.110405068632332 ] ], [ [ -50.222819510162566, -22.110557462938448 ], [ -50.222823720728037, -22.110537421898659 ], [ -50.222828993093053, -22.110510698886149 ], [ -50.222826043233255, -22.110487757911404 ], [ -50.222846551681819, -22.110486900193909 ], [ -50.222869094749683, -22.110488918020973 ], [ -50.222878253155216, -22.110501380350602 ], [ -50.222883274281315, -22.110520510021637 ], [ -50.222891360424313, -22.11054156485207 ], [ -50.222895345924499, -22.11056260017423 ], [ -50.222891208642359, -22.110569267516205 ], [ -50.222889079811509, -22.110583586726346 ], [ -50.222872577782802, -22.110601658714252 ], [ -50.22285711137976, -22.110617825049033 ], [ -50.222836550569788, -22.110628235409866 ], [ -50.222804639694459, -22.110651965814689 ], [ -50.222794330495539, -22.110662424945374 ], [ -50.22276363321869, -22.11065177070666 ], [ -50.222782185590475, -22.110633708485892 ], [ -50.222798677165258, -22.110617547036135 ], [ -50.22280700408507, -22.110594659714607 ], [ -50.222816350929037, -22.110572732534255 ], [ -50.222819510162566, -22.110557462938448 ] ], [ [ -50.222882155592437, -22.110350463223419 ], [ -50.222881088561692, -22.110358100460793 ], [ -50.222870774156377, -22.110369514861752 ], [ -50.22285945029153, -22.110378058591923 ], [ -50.22283683396288, -22.11038941446408 ], [ -50.222833800356469, -22.110381757717782 ], [ -50.22283181284714, -22.110370284791657 ], [ -50.22282677602994, -22.110354020911924 ], [ -50.22281968366029, -22.110338702541569 ], [ -50.222817727558365, -22.11032149802951 ], [ -50.222818815529308, -22.110310039735388 ], [ -50.222833115419498, -22.110319660661506 ], [ -50.222848445705317, -22.110328331199323 ], [ -50.222861730907766, -22.110336036717175 ], [ -50.222882155592437, -22.110350463223419 ] ] ], [ [ [ -50.222600057565849, -22.109633609337848 ], [ -50.222581531485183, -22.109646895221662 ], [ -50.222550818735179, -22.109639106741419 ], [ -50.222540609077868, -22.109631415837054 ], [ -50.222538726320607, -22.109600837621116 ], [ -50.222555233505886, -22.109581810398286 ], [ -50.222571824458711, -22.109547498944405 ], [ -50.222596627103371, -22.109511315989131 ], [ -50.222602956032873, -22.109478866273328 ], [ -50.222599022956771, -22.109448278299958 ], [ -50.222586804888891, -22.109432935526687 ], [ -50.222556123599425, -22.109419415462551 ], [ -50.222525337595442, -22.109425000679412 ], [ -50.222496560005418, -22.109438237763477 ], [ -50.222476035998959, -22.109441961234428 ], [ -50.222475847489619, -22.109476350749734 ], [ -50.222459256522797, -22.109510662193728 ], [ -50.222438669665323, -22.109525848831197 ], [ -50.222410070099201, -22.109506606913101 ], [ -50.222399923301815, -22.10948745282883 ], [ -50.222381617177206, -22.109460617589974 ], [ -50.222373583537539, -22.109430010092574 ], [ -50.222363426276054, -22.109412766534774 ], [ -50.222326625521362, -22.109393485561913 ], [ -50.22230596534262, -22.109422045882894 ], [ -50.222287439263816, -22.109435331733689 ], [ -50.22223824239699, -22.109433186930723 ], [ -50.222217802195189, -22.109421626140879 ], [ -50.222193271862196, -22.109408135295485 ], [ -50.222172810714206, -22.109400395557245 ], [ -50.222138028863355, -22.109386855890705 ], [ -50.222137871704412, -22.109415513818035 ], [ -50.222150047812704, -22.109438498737401 ], [ -50.222151899053692, -22.109474808541421 ], [ -50.222131249305519, -22.109501458310188 ], [ -50.222094280915115, -22.109512745740613 ], [ -50.222065702356886, -22.109489682706744 ], [ -50.222063830181355, -22.109457193959337 ], [ -50.222049645693801, -22.109426557156059 ], [ -50.22204558699643, -22.10941889551404 ], [ -50.222033484257565, -22.109382536888262 ], [ -50.222012981206873, -22.109382439244055 ], [ -50.222008691974722, -22.109416809226644 ], [ -50.222010532700359, -22.109455029559715 ], [ -50.222020627047762, -22.109483736308743 ], [ -50.222041035805603, -22.10950102870822 ], [ -50.22204909033352, -22.109527815162917 ], [ -50.22204686189076, -22.109560284381796 ], [ -50.222056966730825, -22.109587080600235 ], [ -50.222073243456364, -22.109610085053035 ], [ -50.222075188982529, -22.109629200100997 ], [ -50.222079216252617, -22.109642593327546 ], [ -50.222091434281616, -22.109657936137321 ], [ -50.222109761330024, -22.109680950350359 ], [ -50.222123987764803, -22.10970394503493 ], [ -50.222140264514209, -22.109726949481423 ], [ -50.222150348428372, -22.109757566751227 ], [ -50.222150180791708, -22.109788135205747 ], [ -50.222162273114762, -22.109826404351377 ], [ -50.222174386398052, -22.109860852439311 ], [ -50.222180432564869, -22.109879987011368 ], [ -50.222180223025809, -22.10991819757918 ], [ -50.22217398827074, -22.109933452518121 ], [ -50.222165755586815, -22.109939145052007 ], [ -50.222145273409915, -22.109935226365341 ], [ -50.222130973606291, -22.109925605381061 ], [ -50.222106369850714, -22.109925488219655 ], [ -50.222059170738575, -22.109932905763237 ], [ -50.222038583777142, -22.109948092346496 ], [ -50.222013896184407, -22.109963259397492 ], [ -50.222011772516133, -22.109976623330798 ], [ -50.222013707558119, -22.109997648906852 ], [ -50.222021804022511, -22.110016793248782 ], [ -50.222068835507997, -22.110039944169895 ], [ -50.222109841800112, -22.110040139447225 ], [ -50.22215700951395, -22.110038453475077 ], [ -50.222195892154119, -22.110052012666316 ], [ -50.222234743373058, -22.1100713034336 ], [ -50.222273699360713, -22.11007148890798 ], [ -50.22233525071556, -22.110064139629674 ], [ -50.22237419622774, -22.110066235608485 ], [ -50.2224028377953, -22.11007783542092 ], [ -50.222421081156845, -22.110116133828509 ], [ -50.222474399842888, -22.110114477044441 ], [ -50.222529779316503, -22.110110919472799 ], [ -50.22258723004694, -22.110103550582906 ], [ -50.222644649359665, -22.110101913258308 ], [ -50.222659053923138, -22.110092428913319 ], [ -50.222663343024159, -22.110058058912458 ], [ -50.222665560867199, -22.110027500211871 ], [ -50.222661648707323, -22.109993091184037 ], [ -50.222667914824683, -22.109972104639361 ], [ -50.222680342351161, -22.109949236835096 ], [ -50.222684610501204, -22.10991868789008 ], [ -50.222688920529585, -22.109880496830232 ], [ -50.222719853202982, -22.109848164184495 ], [ -50.222744394132746, -22.109859744425052 ], [ -50.222766811470827, -22.109884688607416 ], [ -50.222776832718033, -22.109926769014148 ], [ -50.222793172412217, -22.109938310226827 ], [ -50.222832065559324, -22.10994995873908 ], [ -50.222858594022895, -22.109973011889728 ], [ -50.222879055292744, -22.109980751545041 ], [ -50.222920051108616, -22.109982857147209 ], [ -50.222940470516427, -22.109998238909814 ], [ -50.22294856710748, -22.110017383209424 ], [ -50.222940292581228, -22.110030717897889 ], [ -50.222913565217766, -22.110043964805197 ], [ -50.222880760176878, -22.110043808745527 ], [ -50.222864357656533, -22.110043730713222 ], [ -50.222837661688445, -22.110051246021847 ], [ -50.222817032915621, -22.110074074819483 ], [ -50.22281079822082, -22.110089329784216 ], [ -50.222841385465507, -22.110120044562116 ], [ -50.222890467442831, -22.110143205005691 ], [ -50.222935469736697, -22.110162524871029 ], [ -50.2229907340948, -22.110179982958972 ], [ -50.223002994133147, -22.110187683588961 ], [ -50.223048111576922, -22.11018598760818 ], [ -50.223058384093406, -22.110182215309869 ], [ -50.223062662636245, -22.110149755824924 ], [ -50.22303818442262, -22.110126712458008 ], [ -50.223021928412315, -22.11009988703908 ], [ -50.223017963835481, -22.110075030661211 ], [ -50.223018131287546, -22.110044462201433 ], [ -50.223005996851249, -22.110013835227914 ], [ -50.223018413862242, -22.109992877925322 ], [ -50.223014438822631, -22.109969932075877 ], [ -50.223006321293362, -22.109954608836734 ], [ -50.2229734430083, -22.10996782649746 ], [ -50.222946851726448, -22.1099562365373 ], [ -50.222940805452374, -22.10993710199071 ], [ -50.222938880739854, -22.109914165892796 ], [ -50.222932886802525, -22.109885478702218 ], [ -50.222937196762956, -22.10984728763372 ], [ -50.222933179872754, -22.109831983897404 ], [ -50.222918932358361, -22.10981281033699 ], [ -50.222898460642867, -22.109806981215893 ], [ -50.222882079084748, -22.109803082128696 ], [ -50.222851450025665, -22.109780009473855 ], [ -50.222818707856042, -22.109768390231213 ], [ -50.222794187872609, -22.10975298894455 ], [ -50.222753349163249, -22.10972222538236 ], [ -50.222737093251567, -22.109695399936705 ], [ -50.222733149672599, -22.109666722495035 ], [ -50.222733327651987, -22.109634243507124 ], [ -50.222727250010941, -22.109620840539236 ], [ -50.222708901928101, -22.109601647450027 ], [ -50.22269457070788, -22.109597758100652 ], [ -50.222641252216455, -22.10959941496241 ], [ -50.222614493496444, -22.109618393409001 ], [ -50.222600057565849, -22.109633609337848 ] ], [ [ -50.22243240104622, -22.109921308722097 ], [ -50.222416155648524, -22.109892572717726 ], [ -50.22241828975109, -22.109877298249398 ], [ -50.222434828406044, -22.109852539455222 ], [ -50.222439044238001, -22.109831543160325 ], [ -50.222453522099158, -22.109808685133018 ], [ -50.222474119470121, -22.109791587966772 ], [ -50.222504884610807, -22.10978982381932 ], [ -50.222523379300675, -22.109782269530896 ], [ -50.222562356155116, -22.109778633876967 ], [ -50.222572544880762, -22.109790145837341 ], [ -50.222578580627548, -22.109811190924873 ], [ -50.22258260795018, -22.109824584140213 ], [ -50.222607033681093, -22.109857180215595 ], [ -50.222598633477446, -22.109893441229381 ], [ -50.222594470023729, -22.109904884885989 ], [ -50.222592377825201, -22.109912517242815 ], [ -50.222582063430863, -22.109923931626415 ], [ -50.222573778404836, -22.109939176824188 ], [ -50.222559342436199, -22.109954392747774 ], [ -50.222540868669618, -22.109958125982423 ], [ -50.222524466160522, -22.109958047916287 ], [ -50.222499883342358, -22.109954109756934 ], [ -50.222475310998696, -22.109948261065412 ], [ -50.222450770077174, -22.109936680784713 ], [ -50.22243240104622, -22.109921308722097 ] ], [ [ -50.222169555566886, -22.109620096569664 ], [ -50.222153305017208, -22.109592315804861 ], [ -50.222145281897923, -22.109559797769471 ], [ -50.22216894949031, -22.109543670549865 ], [ -50.222182292204003, -22.109540868213905 ], [ -50.222222273199222, -22.109541058577594 ], [ -50.222261291895165, -22.109529780879658 ], [ -50.222299227818255, -22.109529006198649 ], [ -50.222317675346744, -22.109530049311022 ], [ -50.222356521205413, -22.109550295311188 ], [ -50.222359481448919, -22.1095713257657 ], [ -50.222352205863587, -22.109589441625747 ], [ -50.222329542487977, -22.109609394809574 ], [ -50.222308856089192, -22.10964273145057 ], [ -50.222308746100708, -22.109662791999895 ], [ -50.22230873562561, -22.109664702528402 ], [ -50.22230150716711, -22.109674221007413 ], [ -50.222292212685069, -22.109686595517637 ], [ -50.222268534606044, -22.109704633283012 ], [ -50.222242827162979, -22.109718840226016 ], [ -50.222220320896056, -22.109710135466564 ], [ -50.222206073491812, -22.109690961846837 ], [ -50.222189807212146, -22.10966604687815 ], [ -50.222173525222743, -22.109643997700609 ], [ -50.222169555566886, -22.109620096569664 ] ] ], [ [ [ -50.223095794602457, -22.10878002849217 ], [ -50.223054809594174, -22.108776012414761 ], [ -50.222997453610816, -22.108766186725347 ], [ -50.222976971575761, -22.108762268146659 ], [ -50.222940097636055, -22.10875636101602 ], [ -50.222895012047516, -22.108752325393478 ], [ -50.222845742130218, -22.108763554482653 ], [ -50.222816954236684, -22.10877870215791 ], [ -50.222800447182699, -22.108797729412775 ], [ -50.222796220971674, -22.108820636251 ], [ -50.222802152035193, -22.108860786621687 ], [ -50.22281839740117, -22.108889522590115 ], [ -50.222849057669485, -22.108906863661119 ], [ -50.222885638569068, -22.108966265623451 ], [ -50.222897783363813, -22.10899498207753 ], [ -50.22291392409776, -22.109042823326249 ], [ -50.222926089837294, -22.109067718720461 ], [ -50.222934102646434, -22.109102147252742 ], [ -50.222933935184152, -22.109132715715415 ], [ -50.222937847393538, -22.109167124741539 ], [ -50.222941728205548, -22.10920726535419 ], [ -50.222945640418288, -22.109241674379945 ], [ -50.222945472957335, -22.109272242842163 ], [ -50.222945326428743, -22.109298990246526 ], [ -50.222926821357049, -22.109308455114519 ], [ -50.222922574215033, -22.109335183012465 ], [ -50.222922448615023, -22.109358109358777 ], [ -50.222928452998111, -22.109384886022003 ], [ -50.222936497222719, -22.109413582966823 ], [ -50.222936350691405, -22.109440330370674 ], [ -50.222936141360577, -22.109478540947457 ], [ -50.222946194033021, -22.109514889759993 ], [ -50.222960410123825, -22.109539794904453 ], [ -50.222968433430353, -22.109572312905264 ], [ -50.222978569845353, -22.109593377485247 ], [ -50.222976289282975, -22.109635399366766 ], [ -50.222982105297596, -22.109696565546287 ], [ -50.222985996597671, -22.109734795627297 ], [ -50.22299603883306, -22.109773054965338 ], [ -50.223010035176713, -22.109838081210235 ], [ -50.223012022694519, -22.109849554135145 ], [ -50.223036521788238, -22.109868776447673 ], [ -50.223085614178544, -22.109890026302917 ], [ -50.22311212174499, -22.109916900471049 ], [ -50.223161235091325, -22.109934329246602 ], [ -50.223208308599411, -22.109949837729083 ], [ -50.223249231175913, -22.109965316950554 ], [ -50.223284034205008, -22.109975035328947 ], [ -50.223329057426568, -22.109990534028462 ], [ -50.223374132962967, -22.109996480071249 ], [ -50.223408977850923, -22.109998556307779 ], [ -50.223413172623793, -22.109981381041909 ], [ -50.223413193544573, -22.109977559984049 ], [ -50.223413319069152, -22.109954633636796 ], [ -50.223399113318905, -22.109927818000582 ], [ -50.223389144189028, -22.109876184981939 ], [ -50.223381037084444, -22.10985895123131 ], [ -50.223381235838673, -22.109822651181226 ], [ -50.223379290134183, -22.109803536144089 ], [ -50.223363170085605, -22.109751873880761 ], [ -50.223357155145678, -22.109727007760835 ], [ -50.223357301599741, -22.109700260355268 ], [ -50.223341244336822, -22.10963713491584 ], [ -50.223333220941029, -22.109604616931009 ], [ -50.223325354468976, -22.109543441010874 ], [ -50.223319329081939, -22.109520485418386 ], [ -50.223301116930649, -22.109476455516546 ], [ -50.223274714026637, -22.109430476089042 ], [ -50.223260508352197, -22.10940366044133 ], [ -50.223252516373172, -22.109365410865511 ], [ -50.223254838695539, -22.109315746860215 ], [ -50.223298114787852, -22.109275830472342 ], [ -50.223304454006922, -22.109241470194387 ], [ -50.223316954593422, -22.109205228631367 ], [ -50.223343817752529, -22.109167144772897 ], [ -50.223366622135167, -22.109121399298076 ], [ -50.223383150074895, -22.109098550927399 ], [ -50.223385587407058, -22.109027871096622 ], [ -50.22337546142878, -22.10900489601072 ], [ -50.223367427595534, -22.108974288555043 ], [ -50.223367647265363, -22.108934167442833 ], [ -50.223335030773569, -22.108899621957132 ], [ -50.223320741448894, -22.108888090547339 ], [ -50.223317284190237, -22.108864191874101 ], [ -50.223319533248578, -22.108827901568098 ], [ -50.223314049231412, -22.108799694456089 ], [ -50.223310597206115, -22.108774840517931 ], [ -50.223294288983048, -22.108757567770567 ], [ -50.223272745175748, -22.108760331206692 ], [ -50.223268571350459, -22.108773685413723 ], [ -50.223263850949294, -22.108793246403206 ], [ -50.223256549366646, -22.108816138632577 ], [ -50.223244182193881, -22.108828020946905 ], [ -50.223214460724911, -22.108826446688816 ], [ -50.223196091748093, -22.108811074711777 ], [ -50.223151089838993, -22.108791754926482 ], [ -50.223128578425573, -22.108784005558384 ], [ -50.223095794602457, -22.10878002849217 ] ] ], [ [ [ -50.221969343742508, -22.107806004145598 ], [ -50.221952805258447, -22.107830762903333 ], [ -50.221924006988132, -22.107847820954433 ], [ -50.22192597343652, -22.107863114949485 ], [ -50.221952532805787, -22.107880436651243 ], [ -50.221948379844036, -22.107889969765615 ], [ -50.221939990085602, -22.10792432022393 ], [ -50.221931747032727, -22.107931923279267 ], [ -50.221900971812602, -22.107935597859381 ], [ -50.221880437531794, -22.107941231790729 ], [ -50.221874213318927, -22.107954576194746 ], [ -50.221861775369803, -22.107979354473201 ], [ -50.221867800462007, -22.108002310115012 ], [ -50.221879986892198, -22.108023384524973 ], [ -50.22188396170332, -22.108046330400548 ], [ -50.221865414810118, -22.108063437267123 ], [ -50.221838719170783, -22.108070952423567 ], [ -50.221818142944478, -22.108084228460964 ], [ -50.221799554113915, -22.108108977434181 ], [ -50.221791195748786, -22.108137596296636 ], [ -50.221797231316536, -22.108158641411855 ], [ -50.221807367461146, -22.108179706060142 ], [ -50.221792680046953, -22.108240774608642 ], [ -50.221792617159103, -22.108252237780263 ], [ -50.221808904176036, -22.108273331728832 ], [ -50.221808820327176, -22.108288615957655 ], [ -50.22179221886843, -22.108324837866743 ], [ -50.221769634237155, -22.108330462015257 ], [ -50.221757217198558, -22.108351419226022 ], [ -50.221759162670409, -22.108370534278929 ], [ -50.221763106024383, -22.10839921174184 ], [ -50.221746420683964, -22.108450717873367 ], [ -50.221725687158177, -22.108492651824445 ], [ -50.221721408373185, -22.108525111273465 ], [ -50.221717202963383, -22.108544197022713 ], [ -50.221715047845443, -22.108563292539728 ], [ -50.221704586726688, -22.108601454269348 ], [ -50.2216859663571, -22.108631934810905 ], [ -50.221677471654829, -22.108685390534038 ], [ -50.221650817822209, -22.108685263541755 ], [ -50.221626151381876, -22.108696609484813 ], [ -50.221619727916, -22.108746253916074 ], [ -50.221613440737116, -22.108771061477512 ], [ -50.221600950245836, -22.108805392372147 ], [ -50.221594642092164, -22.108834020989281 ], [ -50.221600667172481, -22.108856976638343 ], [ -50.221604495178511, -22.10890666991488 ], [ -50.221594201751273, -22.108914263180601 ], [ -50.221581816086733, -22.108929488789244 ], [ -50.221614495050922, -22.108952571442611 ], [ -50.221622654309677, -22.108960252633313 ], [ -50.221616388088698, -22.108981239137254 ], [ -50.221593750923979, -22.108996415899458 ], [ -50.221577306591378, -22.109003979854748 ], [ -50.22154028586651, -22.1090248198045 ], [ -50.221534030115492, -22.109043895776395 ], [ -50.221525745033162, -22.109059140920834 ], [ -50.221517292181687, -22.109104954517264 ], [ -50.221527407376385, -22.109129840237824 ], [ -50.221529300397684, -22.109158507932438 ], [ -50.221527124271688, -22.109181424501056 ], [ -50.221524958630276, -22.10920243054133 ], [ -50.221518713354087, -22.109219595983685 ], [ -50.221502143162574, -22.10925008626921 ], [ -50.221502090733821, -22.109259638910348 ], [ -50.221501996362001, -22.109276833664438 ], [ -50.221508021443626, -22.109299789315831 ], [ -50.221518073735986, -22.109336138206071 ], [ -50.221513815843061, -22.109364776587793 ], [ -50.221497402920711, -22.109366608948708 ], [ -50.221466574948067, -22.109379836077942 ], [ -50.221439879039686, -22.109387351160191 ], [ -50.221427367473886, -22.109425503092552 ], [ -50.221425128404569, -22.109459882827384 ], [ -50.221420870488416, -22.10948852120562 ], [ -50.221416612570344, -22.109517159583579 ], [ -50.221418526545826, -22.109542006221336 ], [ -50.221418400701417, -22.109564932558868 ], [ -50.221412092472228, -22.109593561164235 ], [ -50.221416109191161, -22.109608864933456 ], [ -50.221422218167241, -22.109616536362172 ], [ -50.221418002193076, -22.1096375326272 ], [ -50.221405584982527, -22.109658489803099 ], [ -50.221380844938729, -22.109683209398831 ], [ -50.22136644033602, -22.10969269363029 ], [ -50.221352014755404, -22.109705998916539 ], [ -50.221357924461074, -22.109749970380676 ], [ -50.221372119314992, -22.109778696711363 ], [ -50.221386398075254, -22.109792138816442 ], [ -50.221396555241554, -22.10980938243156 ], [ -50.22139641890444, -22.10983421929625 ], [ -50.221388123270948, -22.109851374958541 ], [ -50.221365475452963, -22.109868462210784 ], [ -50.221336561322069, -22.109906535948163 ], [ -50.221330389408337, -22.109910327684272 ], [ -50.221297552944172, -22.109915902891533 ], [ -50.221270867415114, -22.109921507414516 ], [ -50.221258376731157, -22.10995583827285 ], [ -50.221256137608286, -22.109990218001755 ], [ -50.221251932086233, -22.110009303732554 ], [ -50.221278533719314, -22.11001898343687 ], [ -50.221305135356154, -22.110028663136955 ], [ -50.221327594414269, -22.110045965397905 ], [ -50.221345984313565, -22.110057516525575 ], [ -50.221362302925101, -22.110072878934215 ], [ -50.221382764121266, -22.110080618774912 ], [ -50.221409355289765, -22.110092208986508 ], [ -50.221429868927252, -22.110090396181434 ], [ -50.221444126749603, -22.110107659338041 ], [ -50.22145833214141, -22.110134475133517 ], [ -50.221464231406841, -22.11018035712102 ], [ -50.221468279606036, -22.110189929304521 ], [ -50.221482453550635, -22.110222476681994 ], [ -50.221509044754036, -22.110234066878142 ], [ -50.221531482897902, -22.110255190168306 ], [ -50.221554004933111, -22.110261029231335 ], [ -50.221588933727169, -22.110247821632861 ], [ -50.221597302756344, -22.110217292264807 ], [ -50.221599468407597, -22.110196286226312 ], [ -50.221599583741778, -22.110175270417656 ], [ -50.221599709560728, -22.110152344080866 ], [ -50.221597795548789, -22.110127497445887 ], [ -50.221589730591553, -22.110102621500449 ], [ -50.221577533551724, -22.11008345759825 ], [ -50.221561277827234, -22.110056632042014 ], [ -50.221567575564954, -22.11002991396029 ], [ -50.221559489647312, -22.110008859069538 ], [ -50.221549363903897, -22.109985883879713 ], [ -50.22153717736478, -22.109964809446634 ], [ -50.221524885971121, -22.10996284029352 ], [ -50.221510439404533, -22.109979966649053 ], [ -50.221483785329724, -22.109979839622515 ], [ -50.221469454108806, -22.109975950165712 ], [ -50.22143669104296, -22.109968151704358 ], [ -50.221428500277092, -22.10996620208801 ], [ -50.221403969930684, -22.109952711124429 ], [ -50.22141431588139, -22.109935565233968 ], [ -50.221436921756798, -22.109926120087426 ], [ -50.22145552138474, -22.109899460641621 ], [ -50.22148737462895, -22.109886238404279 ], [ -50.221493567509995, -22.109878625605884 ], [ -50.221521325365465, -22.109864428555063 ], [ -50.22152756018663, -22.109849173642864 ], [ -50.221520504682935, -22.109827168371549 ], [ -50.221526723773849, -22.109814779251437 ], [ -50.221530871581436, -22.109806201416536 ], [ -50.221557494168039, -22.109812060018871 ], [ -50.22157281383295, -22.109822641201241 ], [ -50.221598421753669, -22.109826584383743 ], [ -50.221609630315804, -22.109839056550978 ], [ -50.221620859848827, -22.109847707661174 ], [ -50.221638261286863, -22.109852567022788 ], [ -50.221651572586701, -22.109855496315916 ], [ -50.221673032715394, -22.109868017325088 ], [ -50.221702762238294, -22.109868158973153 ], [ -50.221730430966488, -22.109870201375713 ], [ -50.221748889015693, -22.109869334025277 ], [ -50.221768398426931, -22.109863695236111 ], [ -50.221792034665746, -22.109853299659111 ], [ -50.221793159401955, -22.10983515452471 ], [ -50.221798405724378, -22.109813207868658 ], [ -50.221801617457196, -22.109788385652617 ], [ -50.221803746382754, -22.109774066458122 ], [ -50.221803814515468, -22.109761648024485 ], [ -50.221824338583303, -22.109757924640011 ], [ -50.221831488465753, -22.109762735145253 ], [ -50.221855040833091, -22.109767623784599 ], [ -50.221864235787166, -22.109773399319298 ], [ -50.221875491533723, -22.109777274091666 ], [ -50.221891873057835, -22.109781173278936 ], [ -50.22190829650512, -22.109777430351414 ], [ -50.221908411791141, -22.109756414540122 ], [ -50.221904452658244, -22.109730602875935 ], [ -50.221908663323781, -22.109710561860766 ], [ -50.221921069985754, -22.109691515173054 ], [ -50.221921132867749, -22.109680052003128 ], [ -50.221933497604645, -22.10966864742764 ], [ -50.221941719801393, -22.109664865433395 ], [ -50.221973551990814, -22.10965546415477 ], [ -50.221982898895298, -22.109633537021555 ], [ -50.221982956532379, -22.109623029115557 ], [ -50.221984065522228, -22.109607749771115 ], [ -50.22198006970055, -22.109588624957354 ], [ -50.221979107423529, -22.109577156904567 ], [ -50.22197514304186, -22.109552300505509 ], [ -50.221967036128625, -22.109535066689521 ], [ -50.221958944936908, -22.109514967080589 ], [ -50.221942673480669, -22.109491007352798 ], [ -50.221935560287776, -22.10947951000319 ], [ -50.221923347530847, -22.109463211918179 ], [ -50.221920334952912, -22.109451734099331 ], [ -50.22192659591235, -22.109431702848422 ], [ -50.221921548749449, -22.109417349471286 ], [ -50.221912395736751, -22.109403931826659 ], [ -50.221907296174365, -22.109399131091063 ], [ -50.221871494438965, -22.109384631221396 ], [ -50.221835545972546, -22.109396878741052 ], [ -50.221823244141454, -22.109396820139889 ], [ -50.221802709644393, -22.109402454054248 ], [ -50.221793420379342, -22.109413873271595 ], [ -50.221788158350002, -22.109438685721408 ], [ -50.221790114318026, -22.109455890243687 ], [ -50.221798236928073, -22.109470258275369 ], [ -50.221801244255474, -22.109482691360352 ], [ -50.221799136298777, -22.109493189498828 ], [ -50.221794998998902, -22.109499856813294 ], [ -50.221774459244678, -22.109506445987702 ], [ -50.221772372250086, -22.109513123069142 ], [ -50.221761064115313, -22.109518800931681 ], [ -50.221750812580773, -22.109518752092519 ], [ -50.221739556858182, -22.109514877312126 ], [ -50.221726250829455, -22.109510992762807 ], [ -50.221719127170523, -22.109501405932573 ], [ -50.221717134520283, -22.109490888258755 ], [ -50.221714137683158, -22.109476544644203 ], [ -50.221707024509818, -22.109465047285198 ], [ -50.221699989961508, -22.109439220963804 ], [ -50.221701104221253, -22.109422986357647 ], [ -50.221695031929038, -22.109408628089945 ], [ -50.221692066545423, -22.109388552890103 ], [ -50.22170451513864, -22.109361864104926 ], [ -50.221715896643268, -22.109342812547737 ], [ -50.221729370379741, -22.109316128644419 ], [ -50.221737692145574, -22.10929419664075 ], [ -50.22174192378457, -22.109270334572422 ], [ -50.221745104064347, -22.109251243940818 ], [ -50.221736013974393, -22.109226363116736 ], [ -50.221733032863973, -22.109209153709642 ], [ -50.221708497374124, -22.109196618057684 ], [ -50.221712655634427, -22.109186129688343 ], [ -50.221712755221724, -22.109167979669035 ], [ -50.221715940744055, -22.109147933773635 ], [ -50.22172622894108, -22.109141295764928 ], [ -50.221743735121585, -22.109127049829635 ], [ -50.221762255966937, -22.109114719304483 ], [ -50.221771576660167, -22.109097568502847 ], [ -50.221790102740165, -22.109084282710093 ], [ -50.221813749327147, -22.109071976596745 ], [ -50.221824100402031, -22.109053875410979 ], [ -50.221828295333708, -22.109036700188632 ], [ -50.221828379183613, -22.109021415961145 ], [ -50.221828431589763, -22.109011863318948 ], [ -50.221824404359481, -22.108998470086416 ], [ -50.221816302734915, -22.108980280999013 ], [ -50.221805104700991, -22.108965898317674 ], [ -50.221801040788606, -22.108959191934115 ], [ -50.221796976876604, -22.108952485550454 ], [ -50.221797060729529, -22.108937201322924 ], [ -50.221820660125196, -22.108933492585685 ], [ -50.221842219702303, -22.108927863550015 ], [ -50.221854600098993, -22.108913593185022 ], [ -50.221848501608882, -22.108904011243517 ], [ -50.221842424081544, -22.108890608244856 ], [ -50.221835295203817, -22.108881976683865 ], [ -50.221818908543831, -22.108879032757802 ], [ -50.221808698981071, -22.108871341809749 ], [ -50.221821105579039, -22.108852295125978 ], [ -50.221840614846435, -22.108846656323376 ], [ -50.221857048666621, -22.108841002868964 ], [ -50.221864292830929, -22.108828618615576 ], [ -50.221868477269616, -22.108813353919874 ], [ -50.221873723537385, -22.108791407257257 ], [ -50.221880000191696, -22.108768510213078 ], [ -50.22188110918286, -22.108753230867894 ], [ -50.221876035845341, -22.108743653810347 ], [ -50.221872024338033, -22.108727394785834 ], [ -50.221871135436736, -22.108702553031932 ], [ -50.221866077822433, -22.108690110181303 ], [ -50.221869242349214, -22.10867388533789 ], [ -50.221871371247481, -22.108659566139885 ], [ -50.221873510625699, -22.108643336413273 ], [ -50.221883851179697, -22.108627145750212 ], [ -50.221896221064931, -22.108614785909225 ], [ -50.221910615041985, -22.108607212154176 ], [ -50.221918884335892, -22.108594832780259 ], [ -50.221931280414289, -22.108577696614937 ], [ -50.221935428159078, -22.108569118766709 ], [ -50.221937546569258, -22.108556710096011 ], [ -50.221941720511659, -22.108543355926077 ], [ -50.221953096675975, -22.10852525961193 ], [ -50.221968500068549, -22.108520556526727 ], [ -50.2219808489792, -22.108512017735947 ], [ -50.221995305813635, -22.108492980801099 ], [ -50.222009799318904, -22.108467257014528 ], [ -50.222007848573021, -22.108449097228135 ], [ -50.222001739612701, -22.108441425820768 ], [ -50.222001849637877, -22.108421365269894 ], [ -50.222009114724059, -22.108405159951126 ], [ -50.222010244654093, -22.108386059546554 ], [ -50.222013382960519, -22.108374611020743 ], [ -50.222014465736891, -22.108364107995101 ], [ -50.222015579948156, -22.108347873383398 ], [ -50.222017745499848, -22.108326867331968 ], [ -50.222017818848052, -22.108313493631147 ], [ -50.222018912101767, -22.108301080076679 ], [ -50.222022066122754, -22.108286765757477 ], [ -50.222027244236671, -22.10827723752384 ], [ -50.222027317583795, -22.108263863822895 ], [ -50.222022259969989, -22.108251420976504 ], [ -50.222016187691061, -22.108237062719216 ], [ -50.222018327044779, -22.108220832989229 ], [ -50.222020440202407, -22.108209379580934 ], [ -50.22202564974787, -22.10819411976102 ], [ -50.22203392424565, -22.108180785115312 ], [ -50.222030922160528, -22.108167396768518 ], [ -50.222019703209376, -22.108156835159164 ], [ -50.222019755600371, -22.108147282515525 ], [ -50.222018782847805, -22.108137724989909 ], [ -50.222020864569416, -22.108132003167654 ], [ -50.222036278394782, -22.108125389545794 ], [ -50.222050656597574, -22.108120681569421 ], [ -50.222058883939106, -22.108115944301524 ], [ -50.222063057855834, -22.10810259012705 ], [ -50.222061070434933, -22.10809111719108 ], [ -50.222051912251302, -22.108078654818613 ], [ -50.222049877681698, -22.108075779261938 ], [ -50.222063225497145, -22.108072021666874 ], [ -50.222082750363491, -22.10806351703825 ], [ -50.222099215514291, -22.1080521319697 ], [ -50.222111590567934, -22.108038816845141 ], [ -50.222120916382913, -22.108020710753639 ], [ -50.222124086101566, -22.108003530638285 ], [ -50.222124164676913, -22.107989201672183 ], [ -50.222124238013848, -22.107975827970488 ], [ -50.222125362684714, -22.107957682828001 ], [ -50.222113129077023, -22.107945205814964 ], [ -50.222105022232135, -22.107927972004639 ], [ -50.222099927952925, -22.107922216011158 ], [ -50.222094865105326, -22.107910728431058 ], [ -50.222083630453106, -22.107903032619415 ], [ -50.222077531988411, -22.107893450686124 ], [ -50.222077563420271, -22.10788771909969 ], [ -50.222100137492696, -22.107884005434723 ], [ -50.22211244967022, -22.107882153482404 ], [ -50.22212069794908, -22.10787359515313 ], [ -50.222136132694587, -22.10786316046299 ], [ -50.222142351640656, -22.107850771312446 ], [ -50.222146541255455, -22.107834551341679 ], [ -50.222148638681539, -22.107825963724025 ], [ -50.222149721442378, -22.107815460696376 ], [ -50.222148743444414, -22.107806858435382 ], [ -50.222150846108036, -22.107797315553203 ], [ -50.222153952959985, -22.107791598609808 ], [ -50.222162195992915, -22.107783995542533 ], [ -50.22217558044364, -22.107773551086197 ], [ -50.222188443041283, -22.107745069987462 ], [ -50.222949799173492, -22.107945327841918 ], [ -50.222951281438888, -22.107963370986351 ], [ -50.222955329681383, -22.107972943136613 ], [ -50.222963478494982, -22.107982534790889 ], [ -50.222979838916608, -22.10799025492317 ], [ -50.222994133357027, -22.108000831095968 ], [ -50.223000237121603, -22.108009457732237 ], [ -50.223005284349433, -22.108023811080148 ], [ -50.223012392329117, -22.10803626365016 ], [ -50.223027732848848, -22.108043023637496 ], [ -50.223048188621526, -22.108051718530206 ], [ -50.22306454382386, -22.10806039391889 ], [ -50.223078843509676, -22.108070014819994 ], [ -50.223082907459457, -22.108076721173475 ], [ -50.223090041607954, -22.108084397417233 ], [ -50.223097170525385, -22.108093028925325 ], [ -50.223113405405876, -22.108123675395433 ], [ -50.223119514414584, -22.108131346762864 ], [ -50.223133835037672, -22.108137146600921 ], [ -50.223139975437391, -22.108139086379907 ], [ -50.223141900167995, -22.108162022480592 ], [ -50.223137757739465, -22.108169645097693 ], [ -50.223135644672283, -22.108181098523104 ], [ -50.223133437435692, -22.108209746711438 ], [ -50.223127171473202, -22.108230733282646 ], [ -50.223129085739174, -22.108255579912395 ], [ -50.223137171801135, -22.108276634733699 ], [ -50.223149368908338, -22.108295798525187 ], [ -50.223159515728597, -22.108314952566051 ], [ -50.223175834348389, -22.108330314796632 ], [ -50.22318604395015, -22.108338005660734 ], [ -50.223204412866245, -22.108353377637954 ], [ -50.223218660280011, -22.108372551173684 ], [ -50.22323086786826, -22.108389804430164 ], [ -50.223234832445321, -22.108414660807647 ], [ -50.223236778117467, -22.108433775848553 ], [ -50.223242855760155, -22.108447178799302 ], [ -50.223248964789384, -22.108454850162207 ], [ -50.223248881094918, -22.108470134395873 ], [ -50.223254979663672, -22.108479716287786 ], [ -50.223271277389451, -22.108498899567767 ], [ -50.223279394869699, -22.108514222794824 ], [ -50.223289552183729, -22.108531466298896 ], [ -50.223307858369409, -22.108558301440429 ], [ -50.223328246238516, -22.10857941474011 ], [ -50.223344575367214, -22.108592866425504 ], [ -50.223369095216754, -22.10860826762762 ], [ -50.223383154396004, -22.108661830675857 ], [ -50.223385110550574, -22.108679035185894 ], [ -50.223385016409743, -22.108696229948855 ], [ -50.223372641413029, -22.108709545170594 ], [ -50.223362274868485, -22.108730512255431 ], [ -50.223353937696295, -22.108755310145373 ], [ -50.223351856017914, -22.108761031985456 ], [ -50.223345506374962, -22.108797302797271 ], [ -50.223345370385985, -22.108822139676487 ], [ -50.22335549634726, -22.108845114764222 ], [ -50.223365695534824, -22.108854716147128 ], [ -50.223386125294603, -22.108868187323619 ], [ -50.223408636736437, -22.108875936656908 ], [ -50.223427047583748, -22.108883666494037 ], [ -50.223461881740761, -22.108887653240842 ], [ -50.223484403649003, -22.108893492034674 ], [ -50.223527439005593, -22.108897517750929 ], [ -50.223560275159876, -22.108891942085325 ], [ -50.2235931113118, -22.108886366413063 ], [ -50.223609586901297, -22.108873070663389 ], [ -50.223624043560328, -22.108854033580002 ], [ -50.223638468845152, -22.108840728083063 ], [ -50.223654944425114, -22.108827432328475 ], [ -50.223673438930824, -22.108819877903564 ], [ -50.223689862224873, -22.108816134791891 ], [ -50.223708335815751, -22.108812401421584 ], [ -50.22374931040315, -22.10881832786519 ], [ -50.223790274539603, -22.108826164827992 ], [ -50.22381282781641, -22.108826271988555 ], [ -50.223837420937194, -22.108828299416857 ], [ -50.223870204797102, -22.108832276335111 ], [ -50.223915279994571, -22.108838222219383 ], [ -50.223931713737997, -22.108832568553872 ], [ -50.223972751055925, -22.108827031765152 ], [ -50.223995346141628, -22.108819496782694 ], [ -50.22401795167665, -22.108810051267536 ], [ -50.224038496459762, -22.108802506539774 ], [ -50.224052890348077, -22.108794932593383 ], [ -50.224069376336033, -22.108779726266132 ], [ -50.224083738868252, -22.108777883905425 ], [ -50.224110392733643, -22.108778010501243 ], [ -50.224122694517739, -22.108778068928647 ], [ -50.224153490777304, -22.108770572874857 ], [ -50.224165823909736, -22.108764899710302 ], [ -50.224182278534208, -22.10875542495987 ], [ -50.224186494070942, -22.108734428608674 ], [ -50.224203989512439, -22.108722092929984 ], [ -50.22422144315555, -22.108717399367674 ], [ -50.224238907246161, -22.108710795273872 ], [ -50.224263552596575, -22.108703269989558 ], [ -50.224289238764477, -22.108692883774875 ], [ -50.224309814860021, -22.108679607423063 ], [ -50.224332430800274, -22.108668251333327 ], [ -50.224355078078013, -22.108651163651356 ], [ -50.224374660353973, -22.108632150834488 ], [ -50.224391146289022, -22.108616944472917 ], [ -50.224402506483187, -22.10860171377406 ], [ -50.224412825858217, -22.108589344001803 ], [ -50.224423145231434, -22.108576974228843 ], [ -50.224435488782561, -22.108569390513296 ], [ -50.224461154023132, -22.108562825329795 ], [ -50.224477582491694, -22.108558126872488 ], [ -50.224494031849396, -22.108549607353972 ], [ -50.224516652977059, -22.108537295972624 ], [ -50.224526967115196, -22.108525881457552 ], [ -50.224533191108705, -22.108512536946904 ], [ -50.224539430767685, -22.108496326641298 ], [ -50.224543625354123, -22.108479151338063 ], [ -50.224542688984819, -22.108462906968619 ], [ -50.224541742171269, -22.108448573128911 ], [ -50.224538750287493, -22.108433274291858 ], [ -50.224538839065033, -22.108417034788523 ], [ -50.224528712937889, -22.108394059768337 ], [ -50.22451545393055, -22.108381578062414 ], [ -50.224503798228156, -22.108354060168537 ], [ -50.224654169240253, -22.108393609800167 ], [ -50.22052278, -22.10730694 ], [ -50.221937443998357, -22.107679049357426 ], [ -50.221937499486842, -22.107679063952684 ], [ -50.22194218090263, -22.107680295316388 ], [ -50.221951299880267, -22.107731405641967 ], [ -50.22196353869488, -22.107742927402082 ], [ -50.221985945091461, -22.107769782213115 ], [ -50.221983800503331, -22.107786967208089 ], [ -50.221969343742508, -22.107806004145598 ] ] ], [ [ [ -50.23239639, -22.10463556 ], [ -50.230864173254375, -22.104865279512076 ], [ -50.231384303386932, -22.104787300054809 ], [ -50.23239639, -22.10463556 ] ] ], [ [ [ -50.23254205653037, -22.104864337720624 ], [ -50.232582159881282, -22.104854311882896 ], [ -50.232622263232201, -22.104881047450178 ], [ -50.232672392420845, -22.104894415233804 ], [ -50.232719179663583, -22.10490778301746 ], [ -50.232779334689958, -22.104914466909282 ], [ -50.232806070257226, -22.104911124963369 ], [ -50.23285954139179, -22.104884389396087 ], [ -50.23287625112134, -22.104844286045171 ], [ -50.232899644742702, -22.104804182694259 ], [ -50.232926380309983, -22.104770763235152 ], [ -50.23294643198544, -22.104734001830153 ], [ -50.232949773931352, -22.104710608208773 ], [ -50.233006587011815, -22.104670504857872 ], [ -50.233003245065902, -22.104627059561043 ], [ -50.233036664525002, -22.104573588426483 ], [ -50.233043348416821, -22.104536827021484 ], [ -50.233056716200458, -22.104493381724659 ], [ -50.233060058146371, -22.104449936427816 ], [ -50.233116871226834, -22.104439910590092 ], [ -50.233133580956384, -22.104486697832833 ], [ -50.233167000415477, -22.10450340756238 ], [ -50.233213787658215, -22.10452345923785 ], [ -50.233253891009134, -22.104540168967397 ], [ -50.233280626576409, -22.104566904534668 ], [ -50.233310704089597, -22.104603665939667 ], [ -50.233357491332335, -22.104637085398767 ], [ -50.233420988304616, -22.104643769290593 ], [ -50.233441039980072, -22.104630401506949 ], [ -50.233494511114628, -22.104593640101946 ], [ -50.233517904735997, -22.104550194805125 ], [ -50.233527930573729, -22.10450340756238 ], [ -50.233541298357366, -22.104459962265555 ], [ -50.233598111437828, -22.104416516968719 ], [ -50.233611479221466, -22.104389781401448 ], [ -50.233641556734653, -22.104336310266905 ], [ -50.233664950356022, -22.104286181078255 ], [ -50.233651582572385, -22.104269471348708 ], [ -50.233621505059197, -22.104226026051876 ], [ -50.233621505059197, -22.104169212971417 ], [ -50.233601453383741, -22.104119083782766 ], [ -50.233598111437828, -22.10408566432368 ], [ -50.233564691978735, -22.104022167351385 ], [ -50.233501195006447, -22.10401882540549 ], [ -50.233431014142347, -22.104045560972747 ], [ -50.233347465494603, -22.104068954594126 ], [ -50.233317387981415, -22.104082322377767 ], [ -50.233227155441853, -22.104095690161401 ], [ -50.23317034236139, -22.104082322377756 ], [ -50.233130239010471, -22.104058928756402 ], [ -50.233086793713646, -22.104048902918663 ], [ -50.233043348416821, -22.10403219318912 ], [ -50.233013270903633, -22.104028851243196 ], [ -50.232943090039534, -22.104038877080939 ], [ -50.23287625112134, -22.104042219026844 ], [ -50.232842831662239, -22.104065612648231 ], [ -50.232816096094965, -22.104062270702311 ], [ -50.232782676635864, -22.104005457621838 ], [ -50.232755941068589, -22.10399543178411 ], [ -50.232725863555402, -22.103985405946382 ], [ -50.232662366583121, -22.103968696216839 ], [ -50.23262894712402, -22.103975380108643 ], [ -50.232568792097645, -22.104015483459552 ], [ -50.232545398476276, -22.104055586810478 ], [ -50.23254205653037, -22.104085664323669 ], [ -50.232505295125364, -22.104115741836857 ], [ -50.232418404531707, -22.104175896863236 ], [ -50.232348993961978, -22.104243450584686 ], [ -50.232232013610719, -22.103275667220377 ], [ -50.23239639, -22.10463556 ], [ -50.232411720639888, -22.104683872641502 ], [ -50.232412462825536, -22.104684985920247 ], [ -50.232431772315351, -22.104713950154697 ], [ -50.232435114261257, -22.104757395451507 ], [ -50.232451823990807, -22.104797498802451 ], [ -50.23246239485934, -22.104812600045516 ], [ -50.232475217612176, -22.104830918261541 ], [ -50.232481901503995, -22.104844286045171 ], [ -50.232522004854907, -22.104857653828809 ], [ -50.23254205653037, -22.104864337720624 ] ] ], [ [ [ -50.233426608595451, -22.103201527092068 ], [ -50.233416492869807, -22.103182981595054 ], [ -50.233392889509972, -22.103162750143767 ], [ -50.233382773784328, -22.103135774875398 ], [ -50.233362542333047, -22.103108799607011 ], [ -50.233335567064664, -22.103085196247182 ], [ -50.233337253018938, -22.103049791207422 ], [ -50.233332195156116, -22.10303461761896 ], [ -50.233283302482171, -22.103041361436055 ], [ -50.233278244619349, -22.103081824338638 ], [ -50.233268128893712, -22.103115543424106 ], [ -50.233232723853952, -22.103147576555305 ], [ -50.233224294082582, -22.103162750143767 ], [ -50.23321080644839, -22.10318635350362 ], [ -50.2332360957625, -22.103225130451914 ], [ -50.233266442939431, -22.103243675948914 ], [ -50.233278244619349, -22.103304370302773 ], [ -50.233279930573623, -22.103351577022451 ], [ -50.233268128893705, -22.103400469696368 ], [ -50.23325295530524, -22.103430816873313 ], [ -50.233209120494116, -22.103471279775885 ], [ -50.233131566597521, -22.103449362370313 ], [ -50.233096161557768, -22.103424073056225 ], [ -50.233065814380844, -22.103461164050245 ], [ -50.233062442472296, -22.103479709547244 ], [ -50.23306412842657, -22.103508370769923 ], [ -50.233089417740679, -22.103558949398124 ], [ -50.23310964919196, -22.103606156117788 ], [ -50.233134938506069, -22.103631445431898 ], [ -50.233156855911631, -22.103641561157549 ], [ -50.23319057499711, -22.103671908334462 ], [ -50.23318214522574, -22.1037157431456 ], [ -50.233183831180014, -22.103751148185331 ], [ -50.233209120494116, -22.103784867270821 ], [ -50.23322766599113, -22.103806784676379 ], [ -50.233268128893705, -22.103811842539198 ], [ -50.233305219887725, -22.103791611087928 ], [ -50.233323765384739, -22.103771379636633 ], [ -50.233364228287314, -22.103717429099873 ], [ -50.233399633327068, -22.103719115054147 ], [ -50.233418178824074, -22.103725858871236 ], [ -50.233467071498019, -22.103730916734069 ], [ -50.233500790583498, -22.103715743145603 ], [ -50.233514278217683, -22.103670222380202 ], [ -50.23350584844632, -22.103649990928918 ], [ -50.233490674857855, -22.103633131386172 ], [ -50.233470443406574, -22.10360109825497 ], [ -50.233470443406574, -22.103575808940867 ], [ -50.233467071498026, -22.10354883367248 ], [ -50.233456955772382, -22.103516800541289 ], [ -50.233454426840972, -22.103510899701316 ], [ -50.233453583863835, -22.103498255044268 ], [ -50.233446840046739, -22.1034763376387 ], [ -50.233446840046739, -22.103432502827594 ], [ -50.233453583863835, -22.1034122713763 ], [ -50.2334687574523, -22.103383610153649 ], [ -50.233472129360848, -22.103356634885266 ], [ -50.233472129360848, -22.103331345571164 ], [ -50.233472129360848, -22.10330268434851 ], [ -50.233462013635204, -22.103268965263016 ], [ -50.233446840046739, -22.103238618086099 ], [ -50.233426608595451, -22.103201527092068 ] ] ], [ [ [ -50.232924305, -22.10300403 ], [ -50.23221444, -22.10313028 ], [ -50.23221444, -22.10313028 ], [ -50.232924305, -22.10300403 ] ] ], [ [ [ -50.22388306, -22.12112889 ], [ -50.223032672195153, -22.120857949962353 ], [ -50.222626306878844, -22.120729306831333 ], [ -50.222250878620706, -22.120625144910381 ], [ -50.221653749908754, -22.120467060172469 ], [ -50.221361113537249, -22.120374619138985 ], [ -50.221058208591472, -22.120266185085708 ], [ -50.220848823964296, -22.120183580497468 ], [ -50.220608767801096, -22.120028454066983 ], [ -50.22025572972295, -22.119783839784041 ], [ -50.21987669640729, -22.119435467701368 ], [ -50.219589139062734, -22.119157179961082 ], [ -50.219158864851295, -22.118792617862749 ], [ -50.218671665614458, -22.118434432841877 ], [ -50.218427361550027, -22.118217615683832 ], [ -50.218358313592368, -22.118313107540171 ], [ -50.218243723364765, -22.118364526232057 ], [ -50.217857348622971, -22.118711235125819 ], [ -50.21778037527676, -22.118736200591563 ], [ -50.217572342159436, -22.118994772483866 ], [ -50.217454813720863, -22.119194570829436 ], [ -50.217381358446758, -22.119420813073681 ], [ -50.217443442885859, -22.119554515044335 ], [ -50.217415147872863, -22.11970728864269 ], [ -50.21731198974755, -22.119792419200941 ], [ -50.217219022291005, -22.119804984157245 ], [ -50.21711214486718, -22.119766787414704 ], [ -50.217001961956022, -22.119808656920952 ], [ -50.216917488390798, -22.119829224397698 ], [ -50.216875986160886, -22.119868890245709 ], [ -50.216842564011223, -22.11988872316973 ], [ -50.216628074610767, -22.119896435973526 ], [ -50.216526324817472, -22.119904815368255 ], [ -50.216427541712527, -22.119901945119071 ], [ -50.21624831084371, -22.119978338604135 ], [ -50.21606099989468, -22.120102110741001 ], [ -50.216007377544571, -22.120155733091099 ], [ -50.215941267797874, -22.120208620888455 ], [ -50.215828146675754, -22.120251224947424 ], [ -50.215492456073093, -22.120165282276719 ], [ -50.215285312200123, -22.1200995398064 ], [ -50.215081106538094, -22.120060975787489 ], [ -50.214881308192531, -22.120066852209419 ], [ -50.214591159863787, -22.120123412796605 ], [ -50.213941080677856, -22.120362876930322 ], [ -50.213779479163392, -22.12040327737402 ], [ -50.213672234380731, -22.120606013921343 ], [ -50.21358408805181, -22.120805812266923 ], [ -50.213461502804968, -22.121024998960856 ], [ -50.213421017303673, -22.121127546365322 ], [ -50.213552366305329, -22.121285208400046 ], [ -50.213556175047643, -22.121364072350122 ], [ -50.213617877477894, -22.121390516248791 ], [ -50.213770664448028, -22.121408145514568 ], [ -50.213942549789436, -22.121371417877519 ], [ -50.214098274970539, -22.121296493497937 ], [ -50.21431179429819, -22.121205961318932 ], [ -50.214418539965635, -22.121190717903215 ], [ -50.214504482636343, -22.121228180093013 ], [ -50.214583814332372, -22.121277395126668 ], [ -50.214658738711961, -22.121357461375446 ], [ -50.214770235818925, -22.121414014933805 ], [ -50.214803812878301, -22.12147352070853 ], [ -50.214728888498719, -22.121626307678671 ], [ -50.214526151942188, -22.121779094648808 ], [ -50.214352797495295, -22.121858426344847 ], [ -50.214200377801532, -22.121831982446164 ], [ -50.214006455877893, -22.121749712539152 ], [ -50.213827225009076, -22.121696824741814 ], [ -50.213721449414365, -22.121638060522521 ], [ -50.213595106342908, -22.121591049147089 ], [ -50.213439381161805, -22.121629245889618 ], [ -50.213310099879379, -22.121702701163734 ], [ -50.213333605567094, -22.121776156437818 ], [ -50.213414436460198, -22.121804945523042 ], [ -50.213474639693374, -22.121790847492658 ], [ -50.213548094967479, -22.121852549922899 ], [ -50.213659746984121, -22.121887808454474 ], [ -50.213771399000763, -22.12197889299437 ], [ -50.213982950190179, -22.122078792167152 ], [ -50.21418568674671, -22.122161062074149 ], [ -50.214312029818174, -22.122199258816682 ], [ -50.214408990779987, -22.122178691339943 ], [ -50.214473631421207, -22.122143432808365 ], [ -50.214557003157303, -22.12215004378303 ], [ -50.214637803958816, -22.122213215318759 ], [ -50.214684815334245, -22.122279325065453 ], [ -50.21475827060835, -22.122292547014791 ], [ -50.214786183612496, -22.122257288483233 ], [ -50.214794998245395, -22.122214684424243 ], [ -50.214825849460524, -22.12217648768171 ], [ -50.214855231570169, -22.12212213077888 ], [ -50.21487286083596, -22.122075853956193 ], [ -50.214957292757333, -22.122009246551549 ], [ -50.215019190605133, -22.121982988231121 ], [ -50.215059437232185, -22.12201562063143 ], [ -50.215104979502129, -22.122083199483601 ], [ -50.215140238033698, -22.122096421432929 ], [ -50.215193125831057, -22.121939227146353 ], [ -50.215281272159984, -22.121834920657136 ], [ -50.215360603856013, -22.121774687332358 ], [ -50.215384109543727, -22.121692417425376 ], [ -50.215466379450724, -22.121627776784155 ], [ -50.215560402201582, -22.121630714995124 ], [ -50.215739633070392, -22.121677726370553 ], [ -50.215982648054371, -22.121663420548515 ], [ -50.216159797238276, -22.121736490589829 ], [ -50.216413952486668, -22.121773218226885 ], [ -50.216625503676092, -22.121726206851438 ], [ -50.216817956494246, -22.121748243433668 ], [ -50.216906102823167, -22.121798193020069 ], [ -50.216935484932812, -22.121867240977721 ], [ -50.216931077616366, -22.121903968614781 ], [ -50.216907571928651, -22.121978892994367 ], [ -50.21683558576003, -22.122034719002695 ], [ -50.216794450806532, -22.122068508428768 ], [ -50.216819425599731, -22.12213608728095 ], [ -50.21681392109538, -22.122183217235424 ], [ -50.216768006907856, -22.122211011660532 ], [ -50.216798858122978, -22.122305034411394 ], [ -50.216816487388762, -22.122381427896464 ], [ -50.216834116654553, -22.122466636014426 ], [ -50.216773312337793, -22.12253091228202 ], [ -50.216682798789883, -22.122653212410658 ], [ -50.216480062233352, -22.122706100208003 ], [ -50.216324337052242, -22.122826566857547 ], [ -50.216189179347893, -22.122882392865861 ], [ -50.216171550082109, -22.123005797726357 ], [ -50.216083403753181, -22.123143893641675 ], [ -50.2160435914993, -22.123328636796494 ], [ -50.21610397122992, -22.123616945606905 ], [ -50.216175957398541, -22.12373447404547 ], [ -50.216255289094576, -22.123796176475704 ], [ -50.216368410216695, -22.123913704914276 ], [ -50.216425705330501, -22.124092935783096 ], [ -50.216403668748271, -22.124275104862885 ], [ -50.216322867946751, -22.124413200778193 ], [ -50.216220030563008, -22.12448959426327 ], [ -50.216161266343718, -22.124536605638689 ], [ -50.21605989806546, -22.124552765798995 ], [ -50.215811619238984, -22.124469026786528 ], [ -50.215702905433311, -22.12446755768104 ], [ -50.215554525779616, -22.12453219832226 ], [ -50.215413491653329, -22.124690861714317 ], [ -50.215356196539531, -22.124774600726795 ], [ -50.215347381906639, -22.124836303157043 ], [ -50.215351364100073, -22.124884168460525 ], [ -50.215300370531203, -22.124942078751758 ], [ -50.215205613227603, -22.125005984840225 ], [ -50.215107183160306, -22.125074298245156 ], [ -50.214949254320977, -22.125108087671233 ], [ -50.214799405561806, -22.125055934426616 ], [ -50.214658371435526, -22.125034632397121 ], [ -50.214532028364061, -22.125052261662915 ], [ -50.21443212919128, -22.125081643772553 ], [ -50.214393932448743, -22.125158037257616 ], [ -50.214408623503566, -22.12525646732491 ], [ -50.214436536507726, -22.125318169755168 ], [ -50.214385117815851, -22.12536958844705 ], [ -50.214246287347791, -22.125396032345723 ], [ -50.214092765824908, -22.12538354494912 ], [ -50.214022983314514, -22.125413661611503 ], [ -50.213999477626793, -22.125438636404713 ], [ -50.213981855463295, -22.125464370339351 ], [ -50.213894436584823, -22.125465080303385 ], [ -50.21385991260599, -22.125433494535514 ], [ -50.213814370336046, -22.125432759982775 ], [ -50.213779111804485, -22.125457000223239 ], [ -50.21359620817195, -22.125523844522665 ], [ -50.213337645607119, -22.125567183134386 ], [ -50.213226728143205, -22.125525313628163 ], [ -50.213021053375712, -22.125434229088253 ], [ -50.212882957460394, -22.125390155923785 ], [ -50.212721355857362, -22.125362242919625 ], [ -50.212644962372295, -22.125384279501866 ], [ -50.212568568887221, -22.125363712025109 ], [ -50.212509804667945, -22.125369588447032 ], [ -50.212462793292509, -22.125381341290904 ], [ -50.212442225815764, -22.125423945349883 ], [ -50.212334981115568, -22.125447451037573 ], [ -50.212076418550723, -22.125343144548346 ], [ -50.211951544584743, -22.125275565696171 ], [ -50.211883965732568, -22.125230023426226 ], [ -50.211925100686067, -22.125307886016785 ], [ -50.211992679538241, -22.125347551864799 ], [ -50.211991210432757, -22.125425414455346 ], [ -50.21193097710799, -22.125587016058393 ], [ -50.211897187681906, -22.125722173762735 ], [ -50.2120617274959, -22.125823542041012 ], [ -50.212110207976799, -22.125936663163138 ], [ -50.21216015756319, -22.126123239559337 ], [ -50.212198354305727, -22.126249582630816 ], [ -50.212245365681149, -22.126337728959754 ], [ -50.212279155107232, -22.126468479347647 ], [ -50.212299227714503, -22.126623353480294 ], [ -50.212386399807443, -22.126684437853527 ], [ -50.21244663313221, -22.126812250030465 ], [ -50.212449571343171, -22.126894519937444 ], [ -50.212414312811603, -22.126965037000591 ], [ -50.212401090862265, -22.127160428029736 ], [ -50.212436349393826, -22.127275018257322 ], [ -50.212509804667931, -22.127330844265639 ], [ -50.212647900583249, -22.127361695480761 ], [ -50.212744861545076, -22.127471878391933 ], [ -50.212800418045497, -22.12767157467465 ], [ -50.212809502186289, -22.127850907606312 ], [ -50.212900042533903, -22.1280296721044 ], [ -50.212988733055084, -22.128162357968513 ], [ -50.212916746886457, -22.128262257141287 ], [ -50.21286826640555, -22.128359218103117 ], [ -50.212894710304226, -22.128479684752644 ], [ -50.212947598101586, -22.128567831081561 ], [ -50.213034275325029, -22.128619249773436 ], [ -50.213195876928062, -22.128660384726942 ], [ -50.213346027980691, -22.128650875283768 ], [ -50.21344415575453, -22.128689766836587 ], [ -50.213457377703882, -22.128927761924679 ], [ -50.213403020801032, -22.129055574101621 ], [ -50.213457942009001, -22.129187513929605 ], [ -50.213521096847167, -22.129459029984901 ], [ -50.213363354953024, -22.129668191087667 ], [ -50.213211178779602, -22.129848423710495 ], [ -50.213254094123798, -22.130077008326602 ], [ -50.213422119172314, -22.130296968233996 ], [ -50.213516141923165, -22.130455631626067 ], [ -50.213527679443402, -22.130653437451102 ], [ -50.213472068758669, -22.130702441347051 ], [ -50.21345297036229, -22.130908116098805 ], [ -50.213546993138259, -22.131078532350475 ], [ -50.21364468865282, -22.131171820548587 ], [ -50.213748995142048, -22.131258497772027 ], [ -50.213805555703097, -22.131315792885836 ], [ -50.213828326838083, -22.131412753847648 ], [ -50.213768093513316, -22.131496492860126 ], [ -50.213731365876257, -22.131581700978085 ], [ -50.213684354500835, -22.131718327787929 ], [ -50.2137047052383, -22.131826165286302 ], [ -50.213790130095546, -22.131890213129338 ], [ -50.213847857763966, -22.132010803878359 ], [ -50.213881996718776, -22.132245384554306 ], [ -50.21662889, -22.13255528 ], [ -50.22750194000001, -22.13384194 ], [ -50.22367056, -22.12977278 ], [ -50.22228722, -22.12809694 ], [ -50.22266583, -22.1241475 ], [ -50.22295722, -22.12339889 ], [ -50.22388306, -22.12112889 ], [ -50.22491278, -22.12133639 ], [ -50.22388306, -22.12112889 ] ], [ [ -50.218816465140371, -22.122823907280573 ], [ -50.218597652257536, -22.122927612860931 ], [ -50.218405223926112, -22.12304376827684 ], [ -50.21825901978773, -22.123172468611479 ], [ -50.218033932687426, -22.12321452419755 ], [ -50.21800107059105, -22.123177395307838 ], [ -50.217915812807227, -22.123047586692117 ], [ -50.217777105539433, -22.123016112652675 ], [ -50.217585594766035, -22.122965899724417 ], [ -50.2173809938229, -22.122890976164964 ], [ -50.217163030599579, -22.122840635954983 ], [ -50.216918784979654, -22.122759359828443 ], [ -50.21683980119159, -22.122691199926944 ], [ -50.216932624071958, -22.122648511705421 ], [ -50.216998721875996, -22.122654990604669 ], [ -50.217196913245338, -22.122692912403366 ], [ -50.217369026201673, -22.122662927881741 ], [ -50.217547820300894, -22.122620651359448 ], [ -50.217627518598611, -22.122559414089878 ], [ -50.217786302949619, -22.122547851008026 ], [ -50.217964722853893, -22.122573353322522 ], [ -50.218031126609063, -22.122524376010809 ], [ -50.218077146952027, -22.122573891742476 ], [ -50.218116418189986, -22.122648022813571 ], [ -50.218235523503324, -22.12263626928398 ], [ -50.218308744259822, -22.122550352989496 ], [ -50.218302810673052, -22.12242708622361 ], [ -50.218336114399477, -22.12238411223322 ], [ -50.218441789289322, -22.122409265761029 ], [ -50.218553941520462, -22.122459097894293 ], [ -50.218659514616469, -22.122502736551059 ], [ -50.218718863428037, -22.122533830131811 ], [ -50.218831423342358, -22.122509721007475 ], [ -50.218917768173277, -22.12244235297171 ], [ -50.219004282667683, -22.122344176105241 ], [ -50.219057663305342, -22.122258164558151 ], [ -50.219177243412403, -22.122160145734512 ], [ -50.219283359479057, -22.122105195877182 ], [ -50.219422337683049, -22.122087374566458 ], [ -50.219448620683927, -22.122118309808023 ], [ -50.219454996343849, -22.122161473721938 ], [ -50.219401548118192, -22.12225980892217 ], [ -50.219327988814001, -22.122407343302239 ], [ -50.219288106134158, -22.122444124126513 ], [ -50.21919518223136, -22.122505298982649 ], [ -50.219102156413847, -22.12258495905229 ], [ -50.218975725043713, -22.122726078463653 ], [ -50.218816465140371, -22.122823907280573 ] ], [ [ -50.217952450036776, -22.124797746471067 ], [ -50.217826253535847, -22.124895732594119 ], [ -50.217686694229009, -22.125018302246648 ], [ -50.217553952083044, -22.125103932952154 ], [ -50.217434198230507, -22.125232759206483 ], [ -50.217307762792323, -22.125373877163597 ], [ -50.217003210052354, -22.12543403598746 ], [ -50.216884885372579, -22.125304068269145 ], [ -50.216879225360316, -22.125131507516045 ], [ -50.216846805762714, -22.12501427563279 ], [ -50.216768059144343, -22.124902983421169 ], [ -50.216768399649204, -22.124841365908956 ], [ -50.216973547688752, -22.124817702266665 ], [ -50.217065861383901, -22.124867440295063 ], [ -50.217217558633237, -22.124942110658335 ], [ -50.217356709956682, -22.124893482440605 ], [ -50.217403343211622, -22.124832086825048 ], [ -50.217595400644392, -22.124783711987813 ], [ -50.217695144075456, -22.124685599294487 ], [ -50.217761752975498, -22.124599651619263 ], [ -50.21772916270848, -22.124513228650574 ], [ -50.217716820385547, -22.12435295970085 ], [ -50.21777671383186, -22.124285465584027 ], [ -50.217909421066352, -22.124205996416023 ], [ -50.21801536917993, -22.124181856223323 ], [ -50.218061967918366, -22.124126622152861 ], [ -50.218122031056446, -22.124028319130773 ], [ -50.218049795203299, -22.123935544441768 ], [ -50.218076622098344, -22.123867891836642 ], [ -50.218275019385125, -22.123868841853962 ], [ -50.218281394746967, -22.123912005796427 ], [ -50.218260943298908, -22.124022822380088 ], [ -50.218300690765354, -22.124010688851026 ], [ -50.218360481851569, -22.123961679767689 ], [ -50.218459578639703, -22.123980639899131 ], [ -50.218439297200987, -22.124060647736506 ], [ -50.218412300548614, -22.124159109174609 ], [ -50.218352305510955, -22.12424508879813 ], [ -50.218305265066562, -22.124380425753412 ], [ -50.218245507765914, -22.124423273054607 ], [ -50.218225328095031, -22.124484795594778 ], [ -50.218158651547029, -22.12458306697712 ], [ -50.218105201466585, -22.124681401671303 ], [ -50.217952450036776, -22.124797746471067 ] ], [ [ -50.219620730076819, -22.1304962579812 ], [ -50.219577470469595, -22.130545346469379 ], [ -50.219474468175811, -22.130634201722867 ], [ -50.219344892675174, -22.130744496519224 ], [ -50.219212315777227, -22.130799319634999 ], [ -50.21908981195368, -22.13082646222394 ], [ -50.218977228441268, -22.13085365218614 ], [ -50.218904071556516, -22.130927245081264 ], [ -50.218798135479112, -22.13094830481376 ], [ -50.218655484921292, -22.13103080785864 ], [ -50.218638611179827, -22.131092346207144 ], [ -50.218591942315037, -22.131159903833726 ], [ -50.218529181238623, -22.131147279550909 ], [ -50.218433301279049, -22.131143739537748 ], [ -50.218351158374965, -22.131047836576002 ], [ -50.218401066121338, -22.130992618351559 ], [ -50.218335287288461, -22.130927603296509 ], [ -50.218309240923062, -22.130853535625473 ], [ -50.218259979112993, -22.13079168059377 ], [ -50.218177445534806, -22.130766637662212 ], [ -50.218075054294786, -22.130744580523331 ], [ -50.218059115460534, -22.130636670717941 ], [ -50.218138648167312, -22.130606242127882 ], [ -50.218244499080846, -22.130600587190656 ], [ -50.218376855201946, -22.130585816235637 ], [ -50.218374024288124, -22.130499535911103 ], [ -50.218483691674678, -22.130401470407243 ], [ -50.21849730959476, -22.130330673613241 ], [ -50.218563784861452, -22.130269372731867 ], [ -50.218656170587749, -22.130306786447999 ], [ -50.218722000255859, -22.130362558749582 ], [ -50.218840670432726, -22.130430907727987 ], [ -50.218973009366749, -22.130419217157932 ], [ -50.21903922976864, -22.130404129206834 ], [ -50.219069279398695, -22.130351896710238 ], [ -50.219142571718706, -22.130253656722186 ], [ -50.219149711579426, -22.130158181222743 ], [ -50.219239520597938, -22.1300631011494 ], [ -50.219256427893939, -22.129995400968923 ], [ -50.219342471686055, -22.12998348865699 ], [ -50.219428176029702, -22.130033193812036 ], [ -50.219510828217395, -22.130036669977603 ], [ -50.219531008206943, -22.129975147326714 ], [ -50.219561379969512, -22.129864378089199 ], [ -50.219594566370283, -22.129842970051321 ], [ -50.219683645351154, -22.129880367378668 ], [ -50.21971637367173, -22.129942142964552 ], [ -50.219742200083985, -22.130056261821871 ], [ -50.219751679299861, -22.130136412011691 ], [ -50.219724767080685, -22.130219469208303 ], [ -50.219767653314477, -22.1302381599426 ], [ -50.219770756511281, -22.130275146257798 ], [ -50.219720730786889, -22.130351931058811 ], [ -50.219697379774558, -22.130388790918477 ], [ -50.219667347330862, -22.130437942661338 ], [ -50.219620730076819, -22.1304962579812 ] ], [ [ -50.218428547067766, -22.127209335232262 ], [ -50.218534939074992, -22.127105091996764 ], [ -50.218634581643705, -22.12702546404272 ], [ -50.21868796436025, -22.126939452723196 ], [ -50.218754573776991, -22.126853504679659 ], [ -50.218873546749876, -22.126866397803184 ], [ -50.218866389962272, -22.126964954204432 ], [ -50.21872011412519, -22.127105978290146 ], [ -50.218606905002638, -22.12724716050904 ], [ -50.218553386207276, -22.127357818802004 ], [ -50.218473617564968, -22.127431379924591 ], [ -50.218433665247751, -22.127480483973567 ], [ -50.218406497940848, -22.127609754108761 ], [ -50.218399476711696, -22.127683663464087 ], [ -50.218399000929651, -22.127769927984765 ], [ -50.218365593943204, -22.127831387177658 ], [ -50.218332424840234, -22.127849714103544 ], [ -50.218279517409336, -22.127849460764594 ], [ -50.218260594867722, -22.12768299847454 ], [ -50.218247979861076, -22.127572023612164 ], [ -50.218261784523911, -22.127467337176011 ], [ -50.218295225451946, -22.127399716248888 ], [ -50.218374994165565, -22.127326155215357 ], [ -50.218428547067766, -22.127209335232262 ] ] ], [ [ [ -50.214522907009595, -22.124852935185636 ], [ -50.214522779807979, -22.124875887697723 ], [ -50.214510311511241, -22.12490308454683 ], [ -50.214491756140077, -22.124917340976573 ], [ -50.214467042141742, -22.124931567772855 ], [ -50.214443907549189, -22.124938629313458 ], [ -50.214411487310855, -22.124954253592488 ], [ -50.214399066694043, -22.124972843240347 ], [ -50.214395876061403, -22.124992911870496 ], [ -50.214400375759993, -22.125014452075114 ], [ -50.214448049462852, -22.12502472345512 ], [ -50.214481937815322, -22.125022017364739 ], [ -50.214506556424411, -22.125025004950462 ], [ -50.214546627253526, -22.1250180248805 ], [ -50.214575984078571, -22.12499951669712 ], [ -50.214617634300133, -22.124985371356161 ], [ -50.214657665369515, -22.124985563918607 ], [ -50.214690014053552, -22.124982850378547 ], [ -50.21470388685875, -22.124980047965646 ], [ -50.214722426321565, -22.124968660575615 ], [ -50.214734791260469, -22.124960112626336 ], [ -50.214737918260788, -22.124951520244572 ], [ -50.21473194244038, -22.124918496385774 ], [ -50.214715109552635, -22.124899766009364 ], [ -50.214681284820387, -22.124890995892756 ], [ -50.214650563249783, -22.124877936985317 ], [ -50.214626032102011, -22.124859169569472 ], [ -50.214598397802945, -22.124844690933099 ], [ -50.214584612453436, -22.124831713485076 ], [ -50.214546129032868, -22.124830093781043 ], [ -50.2145322164898, -22.124840068840985 ], [ -50.214522907009595, -22.124852935185636 ] ] ], [ [ [ -50.216095195744096, -22.124249364786898 ], [ -50.216132123520957, -22.124253845795202 ], [ -50.216187447760504, -22.124272760819935 ], [ -50.216208860060874, -22.124298685886586 ], [ -50.216242637163326, -22.124316062882141 ], [ -50.216270255674068, -22.124333410308434 ], [ -50.216298048694028, -22.124319198010571 ], [ -50.216313548305841, -22.124300622988301 ], [ -50.216324428965052, -22.124282025794098 ], [ -50.216327555853674, -22.124273433377923 ], [ -50.216327603443276, -22.12426482618153 ], [ -50.216317040053966, -22.124226042066827 ], [ -50.216292572242438, -22.124195798634897 ], [ -50.216268056848278, -22.124174162395885 ], [ -50.216243509732003, -22.12415826428424 ], [ -50.2161973202886, -22.12415804255242 ], [ -50.21616182905003, -22.124172217876115 ], [ -50.216129417101349, -22.124186407975735 ], [ -50.216093925849286, -22.124200583284225 ], [ -50.21606456938229, -22.124219091752991 ], [ -50.216095195744096, -22.124249364786898 ] ] ], [ [ [ -50.216169788457393, -22.123846608514441 ], [ -50.216168383674351, -22.123822214066177 ], [ -50.216157717227183, -22.123802078867172 ], [ -50.216148630093066, -22.123774778395337 ], [ -50.216141027072929, -22.123757527044017 ], [ -50.21613190027778, -22.123737399235054 ], [ -50.216116670446596, -22.123707200128862 ], [ -50.216109075367321, -22.123688514243369 ], [ -50.216093750341251, -22.123675529528235 ], [ -50.216067663687241, -22.123659624000172 ], [ -50.216040013593926, -22.123648014673726 ], [ -50.216004681162659, -22.123633499312788 ], [ -50.215978586591831, -22.123619028303654 ], [ -50.215949420677582, -22.123603107970911 ], [ -50.215929437073299, -22.123597273724108 ], [ -50.215906421800604, -22.123582817490998 ], [ -50.215889517484449, -22.123576998027104 ], [ -50.215861780126218, -22.12358116853089 ], [ -50.215834066575475, -22.123581035431862 ], [ -50.215804805446638, -22.123582329466029 ], [ -50.215783163157589, -22.12359800579673 ], [ -50.215756957497497, -22.123603618210126 ], [ -50.215744592738744, -22.123612166243504 ], [ -50.215726164659252, -22.12360347030215 ], [ -50.215701641516176, -22.123583268514636 ], [ -50.215690959277673, -22.123566002352298 ], [ -50.215672570897304, -22.123550133741936 ], [ -50.215654222211676, -22.123527092466439 ], [ -50.215643500291932, -22.123516998964291 ], [ -50.215618913667875, -22.123508273425962 ], [ -50.215583509867734, -22.123506668769394 ], [ -50.215568073764821, -22.123513767463081 ], [ -50.215543479207113, -22.123506476446128 ], [ -50.215535812760429, -22.123500701329395 ], [ -50.215511194388114, -22.123497713905437 ], [ -50.215485012556869, -22.123499022677763 ], [ -50.215445053361364, -22.123485919537334 ], [ -50.215418863591559, -22.123488662831669 ], [ -50.21539422934292, -22.123488544455281 ], [ -50.215369587153461, -22.123489860607748 ], [ -50.215340294276899, -22.12349689268919 ], [ -50.215332508718845, -22.123512635551027 ], [ -50.215315477371831, -22.12352976854881 ], [ -50.21530769180913, -22.123545511409237 ], [ -50.215306064809823, -22.123561283867343 ], [ -50.215310604317565, -22.123575651390794 ], [ -50.215307429734843, -22.123592850981872 ], [ -50.215327318012825, -22.123615899694073 ], [ -50.215321040322294, -22.123637388084191 ], [ -50.215320937082268, -22.123656037006612 ], [ -50.21533465885927, -22.123680490652895 ], [ -50.215354563036065, -22.12370067029704 ], [ -50.21536991181793, -22.123709351482098 ], [ -50.21540053792048, -22.123739624640649 ], [ -50.215403617207009, -22.123739639437936 ], [ -50.215443600290108, -22.123748438992507 ], [ -50.215463663294862, -22.12373992797346 ], [ -50.215480647010857, -22.123731402156082 ], [ -50.215499138608905, -22.12372862186476 ], [ -50.215519106332899, -22.123737325229246 ], [ -50.215539018483788, -22.123756070319228 ], [ -50.215555906927015, -22.123764758884622 ], [ -50.215588231503766, -22.123766348755233 ], [ -50.215629746312601, -22.123776590194218 ], [ -50.215646634764113, -22.123785278750429 ], [ -50.215671277003864, -22.123783962557646 ], [ -50.215702125445063, -22.123774068748922 ], [ -50.215732950069878, -22.123768478532067 ], [ -50.215739164206163, -22.123758466385777 ], [ -50.215748544938293, -22.123732689171085 ], [ -50.215750156016675, -22.12371978577281 ], [ -50.215777972774212, -22.123701269962545 ], [ -50.215801099165901, -22.123695642756633 ], [ -50.215824233492327, -22.123688581014729 ], [ -50.215856565992667, -22.123688736299098 ], [ -50.21587344651261, -22.123698859364744 ], [ -50.215887216005449, -22.123714705771309 ], [ -50.215888620739562, -22.123739100220856 ], [ -50.215883882770989, -22.123760596028674 ], [ -50.215874525869175, -22.123782069653704 ], [ -50.215863669000846, -22.123796363220492 ], [ -50.215862026187139, -22.123815004750657 ], [ -50.215874263981092, -22.123829409231373 ], [ -50.215881922523486, -22.123836618865592 ], [ -50.215891033416874, -22.1238596157527 ], [ -50.215887874768477, -22.123873946291049 ], [ -50.215878565475158, -22.123886812719952 ], [ -50.215864605500052, -22.123905395095861 ], [ -50.215861430975458, -22.123922594698779 ], [ -50.215858232641374, -22.123944097899447 ], [ -50.215862756344201, -22.123961334474142 ], [ -50.215868835566354, -22.123975709377753 ], [ -50.215873359271363, -22.123992945952164 ], [ -50.215880938462114, -22.124014500912747 ], [ -50.215893192146375, -22.124026036327017 ], [ -50.215922429559868, -22.124029045877641 ], [ -50.215953238362609, -22.124026324686032 ], [ -50.215971706186536, -22.124027847940077 ], [ -50.216000927732928, -22.124033726542038 ], [ -50.216042490259149, -22.124035360682878 ], [ -50.216053236049021, -22.124041150562114 ], [ -50.216083933777028, -22.124058512803451 ], [ -50.21610077468808, -22.12407580851032 ], [ -50.216129964516313, -22.12408742522036 ], [ -50.216146884770062, -22.124090375595696 ], [ -50.216165424003655, -22.124078988033769 ], [ -50.216190098024043, -22.124071933633182 ], [ -50.216205557957771, -22.124060531283842 ], [ -50.216217898932051, -22.12405628681454 ], [ -50.21622717647675, -22.124049158496916 ], [ -50.216228739921213, -22.124044862289661 ], [ -50.216244342631136, -22.12400763834701 ], [ -50.216242945766915, -22.123981809366711 ], [ -50.2162353506573, -22.123963123486803 ], [ -50.216232374487014, -22.123944459779231 ], [ -50.216230961760338, -22.123921499864231 ], [ -50.216223366655285, -22.123902813983761 ], [ -50.216212660531461, -22.123889851451921 ], [ -50.216188073805561, -22.123881125996789 ], [ -50.216172756684777, -22.123866706755795 ], [ -50.216169788457393, -22.123846608514441 ] ] ], [ [ [ -50.216118786097653, -22.119905454922179 ], [ -50.216174734302633, -22.119815615002985 ], [ -50.21612232946066, -22.119849706693028 ], [ -50.216118786097653, -22.119905454922179 ] ] ], [ [ [ -50.217209741343162, -22.11960955649565 ], [ -50.217206449570398, -22.119612430255373 ], [ -50.217074958219975, -22.119695736361045 ], [ -50.217101432868887, -22.119690475493769 ], [ -50.217231509687601, -22.119720510592032 ], [ -50.21732259422749, -22.119685252060467 ], [ -50.217303801739639, -22.119567805434151 ], [ -50.217283715081159, -22.119521152552803 ], [ -50.217209741343162, -22.11960955649565 ] ] ], [ [ [ -50.217879246338924, -22.118584481659038 ], [ -50.217772390429971, -22.118666701049673 ], [ -50.217807399036573, -22.118671569277794 ], [ -50.217879246338924, -22.118584481659038 ] ] ], [ [ [ -50.214369636751137, -22.119146907565003 ], [ -50.214487683419641, -22.119172703565081 ], [ -50.214568376541102, -22.119228769063788 ], [ -50.214813672984818, -22.119296756021015 ], [ -50.215018612785002, -22.119335687237538 ], [ -50.215114104448162, -22.119438524413255 ], [ -50.215140904614984, -22.11950440815669 ], [ -50.215002085381741, -22.119606002099424 ], [ -50.21491834653866, -22.119642729662182 ], [ -50.214919815641167, -22.119714715685198 ], [ -50.214911001026117, -22.11980139273329 ], [ -50.214916877436153, -22.119885131576378 ], [ -50.214959979057298, -22.119944390984504 ], [ -50.215219512553254, -22.119992376059631 ], [ -50.215469994531261, -22.120045998301261 ], [ -50.215588991834593, -22.120031307276147 ], [ -50.215754265866998, -22.120029103622382 ], [ -50.215802124627203, -22.11999952912198 ], [ -50.215874732272837, -22.119988703303353 ], [ -50.21600668631028, -22.120000362696562 ], [ -50.21606771429353, -22.119994667391396 ], [ -50.216088129217106, -22.119929366939015 ], [ -50.216093710728835, -22.119841552492645 ], [ -50.216094616850668, -22.119837581798841 ], [ -50.216096744567672, -22.119834039361361 ], [ -50.216099902922501, -22.119831243105057 ], [ -50.216197966301515, -22.119767448483589 ], [ -50.216221440465269, -22.119716919338959 ], [ -50.216346382964964, -22.119719660791489 ], [ -50.216482911533639, -22.119722656462191 ], [ -50.216613690835487, -22.119794781772001 ], [ -50.216688615063511, -22.119797719977019 ], [ -50.2168763534373, -22.119735201646858 ], [ -50.216999590321628, -22.119710712946983 ], [ -50.217188207056104, -22.119591215226347 ], [ -50.217275114448732, -22.119487354639041 ], [ -50.217271580028076, -22.119470888052088 ], [ -50.217299394432111, -22.119388574927918 ], [ -50.217324369174783, -22.11936727294152 ], [ -50.217338325648633, -22.119289410508475 ], [ -50.217344569334301, -22.119224769998006 ], [ -50.217329878309201, -22.119167475000115 ], [ -50.217386877010625, -22.119150963748503 ], [ -50.217410678947267, -22.119083736157037 ], [ -50.217413617152282, -22.119010281031539 ], [ -50.217387173307088, -22.118929480393462 ], [ -50.217475891113303, -22.118736776885996 ], [ -50.217507639712927, -22.1186621037366 ], [ -50.217581094838451, -22.118628314378856 ], [ -50.21764867355391, -22.118632721686389 ], [ -50.217734622366336, -22.118660614112969 ], [ -50.218096703950216, -22.118382012971644 ], [ -50.218196648790226, -22.118292624455265 ], [ -50.218323542519514, -22.118127350422878 ], [ -50.218108319001765, -22.117906985046314 ], [ -50.218057634965163, -22.117804882421879 ], [ -50.218002543621033, -22.117762278449071 ], [ -50.217953328689376, -22.117710859779653 ], [ -50.217653454952625, -22.117488243753719 ], [ -50.217474401268589, -22.117323016798505 ], [ -50.217417106270695, -22.117234136096634 ], [ -50.217289294352298, -22.117140848087239 ], [ -50.217276096586424, -22.117104824205786 ], [ -50.217327491017571, -22.117018912578899 ], [ -50.217352465760243, -22.116943988350869 ], [ -50.217343651145178, -22.116869798674113 ], [ -50.217366973147548, -22.116807729093054 ], [ -50.217441897375565, -22.116778347042832 ], [ -50.217535919936225, -22.1167856925554 ], [ -50.217643164419471, -22.116750434095152 ], [ -50.217675484674707, -22.116725459352473 ], [ -50.217721026852523, -22.11675924871021 ], [ -50.21772837236508, -22.116800383580486 ], [ -50.217694583007344, -22.116837111143255 ], [ -50.217665200957136, -22.116900282551185 ], [ -50.21768136108475, -22.116954639344069 ], [ -50.217688706597301, -22.117006057931938 ], [ -50.21766667005965, -22.117041316392175 ], [ -50.217660793649607, -22.117101549595088 ], [ -50.217701193968637, -22.117119178825206 ], [ -50.217734983326373, -22.117143419016639 ], [ -50.217731310570095, -22.117167291932422 ], [ -50.217739390633902, -22.117186757540686 ], [ -50.217772445440389, -22.117169128310568 ], [ -50.217791543773018, -22.117132400747806 ], [ -50.217769507235367, -22.117094204082534 ], [ -50.21773571787763, -22.117067760237351 ], [ -50.217753347107752, -22.117032501777125 ], [ -50.217747470697709, -22.116967861266669 ], [ -50.217741594287666, -22.116909097166246 ], [ -50.217773914542896, -22.116857678578395 ], [ -50.217793012875525, -22.11682829652819 ], [ -50.21783120954079, -22.116776877940332 ], [ -50.217820925823219, -22.116710768327358 ], [ -50.217820925823219, -22.116660818842018 ], [ -50.217875282616099, -22.116646127816914 ], [ -50.217888504538692, -22.11660352384412 ], [ -50.217864998898527, -22.116555043461283 ], [ -50.217815049413183, -22.116519785001035 ], [ -50.217753347107752, -22.116484526540788 ], [ -50.217691644802322, -22.116493341155852 ], [ -50.217657855444585, -22.116533006923628 ], [ -50.217632880701899, -22.116563858076354 ], [ -50.217593214934126, -22.116588832819041 ], [ -50.217546203653797, -22.116599116536598 ], [ -50.217546858252796, -22.116534820790719 ], [ -50.217575585704004, -22.11648746474582 ], [ -50.217634349804413, -22.116449268080554 ], [ -50.217750582668806, -22.11640074387649 ], [ -50.217809173003133, -22.11633320898224 ], [ -50.217816518515683, -22.116264161164267 ], [ -50.217808438451861, -22.11621127347389 ], [ -50.217401864332174, -22.116322741626849 ], [ -50.21712514137586, -22.116407520005424 ], [ -50.216750136433703, -22.116653349668294 ], [ -50.216750046846698, -22.116653405644794 ], [ -50.216749954056802, -22.116653456891303 ], [ -50.2167498583512, -22.1166535032492 ], [ -50.216749760026303, -22.116653544574895 ], [ -50.216543925127098, -22.116732792101505 ], [ -50.216442322663802, -22.116938383882896 ], [ -50.216442265771207, -22.116938490820989 ], [ -50.216442201422701, -22.116938594024493 ], [ -50.216442129899399, -22.116938693042599 ], [ -50.216442051513503, -22.116938787442901 ], [ -50.216441966607398, -22.116938876813204 ], [ -50.216441875551808, -22.116938960763306 ], [ -50.216441778744397, -22.116939038926493 ], [ -50.2164416766079, -22.116939110961496 ], [ -50.216189697383903, -22.117103014094894 ], [ -50.215916252369297, -22.117368755602598 ], [ -50.215916152515199, -22.117368846929089 ], [ -50.215916045850904, -22.117368931306096 ], [ -50.215915932932198, -22.117369008294098 ], [ -50.215915814347397, -22.117369077491901 ], [ -50.215752422398502, -22.117455928346704 ], [ -50.215602413667902, -22.117597380071395 ], [ -50.215602332438401, -22.117597453169505 ], [ -50.215602246778303, -22.117597521736091 ], [ -50.2156021569782, -22.117597585538391 ], [ -50.215602063343098, -22.117597644359893 ], [ -50.215601966190597, -22.117597698000992 ], [ -50.215601865850502, -22.117597746279497 ], [ -50.215601762663397, -22.117597789031798 ], [ -50.215601656979501, -22.117597826112494 ], [ -50.215279954887009, -22.117699652656089 ], [ -50.214990440827002, -22.117851141222296 ], [ -50.214990300774097, -22.117851208492397 ], [ -50.214990155320201, -22.1178512649415 ], [ -50.214990005426401, -22.117851310196695 ], [ -50.214989852083001, -22.117851343958893 ], [ -50.214279692841203, -22.117978082191005 ], [ -50.214114142558898, -22.118146291637895 ], [ -50.214023073948901, -22.118449019324501 ], [ -50.214023042011398, -22.118449116094997 ], [ -50.214023004304899, -22.118449211045991 ], [ -50.214022960947602, -22.118449303879292 ], [ -50.214022912075897, -22.118449394303099 ], [ -50.214022857843297, -22.118449482033398 ], [ -50.214022798420203, -22.118449566794503 ], [ -50.214022733993403, -22.118449648320105 ], [ -50.21402266476511, -22.118449726354001 ], [ -50.213904647568697, -22.118573967220094 ], [ -50.213904572771497, -22.118574042453801 ], [ -50.213904493512111, -22.118574113610588 ], [ -50.213904410045899, -22.118574180461096 ], [ -50.2139043226422, -22.118574242789794 ], [ -50.213904231582603, -22.118574300395796 ], [ -50.213904137160803, -22.118574353093308 ], [ -50.213904039681204, -22.118574400712497 ], [ -50.213903939458, -22.118574443099799 ], [ -50.213903836814303, -22.11857448011849 ], [ -50.213903732081199, -22.118574511649296 ], [ -50.213903625596203, -22.118574537590604 ], [ -50.213903517702697, -22.1185745578587 ], [ -50.2139034087485, -22.118574572388191 ], [ -50.213903299084798, -22.118574581132386 ], [ -50.213903189065299, -22.118574584062994 ], [ -50.213903079044606, -22.118574581170694 ], [ -50.213522341888002, -22.118554709765089 ], [ -50.213429484243903, -22.118561960835393 ], [ -50.213325406105199, -22.118695463568908 ], [ -50.2133253278529, -22.118695558324596 ], [ -50.213325243043698, -22.118695648048902 ], [ -50.2133251520493, -22.118695732348396 ], [ -50.213325055268598, -22.11869581085379 ], [ -50.213324953125401, -22.118695883221097 ], [ -50.2133248460676, -22.118695949133194 ], [ -50.213324734564097, -22.1186960083012 ], [ -50.213324619103702, -22.11869606046589 ], [ -50.213324500192201, -22.118696105398698 ], [ -50.213324378350698, -22.11869614290271 ], [ -50.213324254113203, -22.118696172813497 ], [ -50.213324128023999, -22.118696195000101 ], [ -50.213324000635708, -22.118696209365201 ], [ -50.2133238725064, -22.118696215845894 ], [ -50.213323744197801, -22.118696214413902 ], [ -50.2133236162719, -22.118696205075288 ], [ -50.213154637101908, -22.118678811375794 ], [ -50.213154505289502, -22.1186787933581 ], [ -50.213154375116602, -22.118678766947006 ], [ -50.213154247198098, -22.118678732267192 ], [ -50.213154122138199, -22.118678689482696 ], [ -50.213154000527702, -22.118678638795394 ], [ -50.213153882940901, -22.1186785804449 ], [ -50.213153769933299, -22.118678514706595 ], [ -50.2131536620386, -22.118678441891198 ], [ -50.213011936246801, -22.118576873548001 ], [ -50.2128797056059, -22.118562173626589 ], [ -50.212799916308299, -22.118710008231702 ], [ -50.212708797233603, -22.118970695925295 ], [ -50.212655174899801, -22.119201688894798 ], [ -50.212655149851599, -22.119201785079408 ], [ -50.212655119186103, -22.119201879841203 ], [ -50.212655082995703, -22.119201972895596 ], [ -50.2126550413888, -22.119202063963101 ], [ -50.212654994490499, -22.119202152770196 ], [ -50.212654942441603, -22.119202239050399 ], [ -50.2126548853984, -22.119202322544396 ], [ -50.212654823532098, -22.119202403001506 ], [ -50.212654757028602, -22.119202480180199 ], [ -50.21265468608761, -22.119202553848691 ], [ -50.212654610922101, -22.119202623785799 ], [ -50.212654531757799, -22.119202689781396 ], [ -50.21265444883241, -22.119202751637385 ], [ -50.212654362395, -22.119202809167991 ], [ -50.212654272705102, -22.119202862200499 ], [ -50.212654180032096, -22.119202910575492 ], [ -50.212469401979597, -22.119292221251495 ], [ -50.2122952968177, -22.119468400929705 ], [ -50.212295235088902, -22.119468461261196 ], [ -50.212295170438402, -22.119468518874701 ], [ -50.212295103003797, -22.119468573647701 ], [ -50.212295032928907, -22.119468625463409 ], [ -50.212170773049053, -22.119555225259958 ], [ -50.211844249536043, -22.119823796546598 ], [ -50.211802747390152, -22.119943895676819 ], [ -50.211755736109822, -22.12006289298014 ], [ -50.211705786624478, -22.1201422245157 ], [ -50.21166905906172, -22.120245061691424 ], [ -50.211710928483257, -22.120261221819028 ], [ -50.211790260018809, -22.120241388935135 ], [ -50.21192762110352, -22.12018482848849 ], [ -50.2119966689215, -22.120142224515696 ], [ -50.212045149304338, -22.120098151440391 ], [ -50.212089222379646, -22.120029103622411 ], [ -50.212118604429854, -22.119946833881837 ], [ -50.212142477345616, -22.119870807826924 ], [ -50.21218177583777, -22.119754748728621 ], [ -50.212254863687647, -22.119645300591603 ], [ -50.212338602530735, -22.119589474696216 ], [ -50.212478901820461, -22.119555685338483 ], [ -50.212530320408327, -22.119531445147075 ], [ -50.212547949638449, -22.119493248481792 ], [ -50.212547949638441, -22.119444033547712 ], [ -50.2125846772012, -22.119410244189975 ], [ -50.212669885146795, -22.119370578422174 ], [ -50.212731587452225, -22.119351480089566 ], [ -50.212803573475227, -22.119376454832231 ], [ -50.212921101676045, -22.119366171114667 ], [ -50.21306066641452, -22.119302999706726 ], [ -50.213119430514929, -22.11924570470882 ], [ -50.213159096282702, -22.119220729966145 ], [ -50.213213453075582, -22.119206038941044 ], [ -50.213319228456321, -22.119197224325987 ], [ -50.213376523454215, -22.11917004592954 ], [ -50.213413251016974, -22.119160496763225 ], [ -50.213457324092282, -22.119150947596907 ], [ -50.213480905611682, -22.119126225796165 ], [ -50.213507273577626, -22.119126707405474 ], [ -50.21352784101277, -22.11914507118686 ], [ -50.213609376202086, -22.119129645610521 ], [ -50.21363655459853, -22.119115689136667 ], [ -50.21368430043011, -22.119071616061348 ], [ -50.213699796684956, -22.119031180953002 ], [ -50.213743799081769, -22.119024604781018 ], [ -50.213795217669634, -22.118996691833328 ], [ -50.21384810536, -22.118937193181655 ], [ -50.213893647537823, -22.118886876420696 ], [ -50.214009339360501, -22.118883938215657 ], [ -50.21406993983905, -22.11895004782864 ], [ -50.214369636751137, -22.119146907565003 ] ] ], [ [ [ -50.214664742717751, -22.116133043765217 ], [ -50.214529585286812, -22.11613892017526 ], [ -50.214495946704901, -22.116163404791699 ], [ -50.214549410887848, -22.116158555068637 ], [ -50.2146703317812, -22.116133354270488 ], [ -50.214664742717751, -22.116133043765217 ] ] ], [ [ [ -50.216304608632569, -22.115731581411197 ], [ -50.216269737210197, -22.115723164164862 ], [ -50.216210940124824, -22.115756597806246 ], [ -50.216304608632569, -22.115731581411197 ] ] ], [ [ [ -50.218911930137679, -22.115049753366822 ], [ -50.218918614029498, -22.114982914448625 ], [ -50.218928639867222, -22.114946153043618 ], [ -50.218915272083585, -22.114912733584536 ], [ -50.218885194570397, -22.114882656071334 ], [ -50.218828381489935, -22.114849236612248 ], [ -50.218828381489935, -22.114795765477687 ], [ -50.218818355652203, -22.114728926559501 ], [ -50.218878510678579, -22.114692165154487 ], [ -50.218891878462216, -22.114665429587212 ], [ -50.218938665704954, -22.114678797370857 ], [ -50.218938665704954, -22.11470887488403 ], [ -50.218982111001779, -22.114802449369517 ], [ -50.219072343541342, -22.114822501044973 ], [ -50.219081965092968, -22.114819494313409 ], [ -50.219141296898393, -22.114704245780889 ], [ -50.219153216545983, -22.114657406137137 ], [ -50.219149208297267, -22.114652061803568 ], [ -50.219132498567717, -22.114601932614928 ], [ -50.219095737162711, -22.114558487318103 ], [ -50.219052291865886, -22.114484964508087 ], [ -50.219022214352698, -22.114418125589893 ], [ -50.219029315987747, -22.114402042475188 ], [ -50.219022214352698, -22.114391390022615 ], [ -50.219002162677235, -22.114371338347148 ], [ -50.218952033488591, -22.114344602779884 ], [ -50.218868484840847, -22.114357970563521 ], [ -50.218858459003123, -22.114458228940808 ], [ -50.218804987868566, -22.114505016183557 ], [ -50.218731465058553, -22.114595248723102 ], [ -50.218657942248541, -22.114638694019927 ], [ -50.21857773554671, -22.114715558775856 ], [ -50.218507554682603, -22.114802449369506 ], [ -50.21843403187259, -22.114879314125421 ], [ -50.218353825170759, -22.114966204719082 ], [ -50.218340457387121, -22.115012991961812 ], [ -50.218317063765753, -22.115113250339114 ], [ -50.218313367119841, -22.115133581892557 ], [ -50.218316635411711, -22.115136043935944 ], [ -50.218319470482804, -22.115138896982682 ], [ -50.218321319338294, -22.115142382744942 ], [ -50.218322029750745, -22.115146214218957 ], [ -50.218324121599011, -22.115218093441026 ], [ -50.218354268316261, -22.115274267778005 ], [ -50.21836385100849, -22.115277005688682 ], [ -50.218444057710322, -22.115280347634585 ], [ -50.218510896628516, -22.115260295959132 ], [ -50.21853763219579, -22.115216850662303 ], [ -50.218571051654891, -22.115156695635935 ], [ -50.21857773554671, -22.115093198663651 ], [ -50.218601129168079, -22.115039727529105 ], [ -50.21866462614036, -22.115026359745457 ], [ -50.218748174788104, -22.115056437258634 ], [ -50.218804987868566, -22.115073146988198 ], [ -50.218911930137679, -22.115049753366822 ] ] ], [ [ [ -50.219168197816671, -22.11471465222607 ], [ -50.219120408160336, -22.114807480861558 ], [ -50.219179285810448, -22.114789081585869 ], [ -50.219182627756361, -22.114735610451305 ], [ -50.219179285810448, -22.11469216515448 ], [ -50.219175535230399, -22.114687164382904 ], [ -50.219169236022786, -22.114711917869585 ], [ -50.219168197816671, -22.11471465222607 ] ] ], [ [ [ -50.219155892189086, -22.114017092080736 ], [ -50.219129156621804, -22.113987014567545 ], [ -50.219102421054529, -22.113960279000274 ], [ -50.219075685487248, -22.113916833703449 ], [ -50.219055633811791, -22.113836627001607 ], [ -50.219052291865886, -22.113806549488416 ], [ -50.219028898244517, -22.113736368624323 ], [ -50.219005504623148, -22.113706291111122 ], [ -50.218938665704954, -22.113699607219303 ], [ -50.218937578638645, -22.113700105458395 ], [ -50.218910679839901, -22.113705661165696 ], [ -50.218876719188003, -22.113721996347245 ], [ -50.218845621430148, -22.113754128104361 ], [ -50.218841783308484, -22.11377562576142 ], [ -50.218851226119625, -22.113796135911397 ], [ -50.218858459003123, -22.113823259217977 ], [ -50.218838407327667, -22.113876730352519 ], [ -50.218741490896285, -22.113953595108459 ], [ -50.218701387545366, -22.114010408188904 ], [ -50.218661284194447, -22.114080589053007 ], [ -50.218674651978091, -22.114097298782568 ], [ -50.218791620084929, -22.114130718241665 ], [ -50.218858459003123, -22.114134060187563 ], [ -50.218972085164047, -22.114147427971215 ], [ -50.219035582136335, -22.114167479646664 ], [ -50.219099079108616, -22.114184189376207 ], [ -50.219152550243173, -22.11417082159257 ], [ -50.21916591802681, -22.114130718241675 ], [ -50.219179285810448, -22.114097298782561 ], [ -50.219189311648179, -22.114050511539833 ], [ -50.219155892189086, -22.114017092080736 ] ] ], [ [ [ -50.216761827102395, -22.113504609797108 ], [ -50.216793472255105, -22.113472315481353 ], [ -50.216797758296323, -22.113453498755923 ], [ -50.216761827102395, -22.113504609797108 ] ] ], [ [ [ -50.216983053065086, -22.113169535290179 ], [ -50.216925479715663, -22.113245893129424 ], [ -50.216940382506124, -22.113251215553564 ], [ -50.216970499107582, -22.113251215553571 ], [ -50.216999881157776, -22.113237993630982 ], [ -50.217011633977862, -22.113209346132038 ], [ -50.216998779330901, -22.113184371389345 ], [ -50.216983053065086, -22.113169535290179 ] ] ], [ [ [ -50.21708508194299, -22.113125055659125 ], [ -50.217029266649639, -22.11314818937257 ], [ -50.217039546925555, -22.113149847480372 ], [ -50.217100514679728, -22.113153520236644 ], [ -50.217143853204028, -22.113127810942803 ], [ -50.217153243755426, -22.113112692428427 ], [ -50.21708508194299, -22.113125055659125 ] ] ], [ [ [ -50.21815689972027, -22.112857041013864 ], [ -50.218155847224182, -22.112857984911255 ], [ -50.218116881663121, -22.112889575040402 ], [ -50.218182508678524, -22.112856761529574 ], [ -50.218255963804033, -22.11284353960697 ], [ -50.218266247521605, -22.112781837301551 ], [ -50.218262999358437, -22.112751824572552 ], [ -50.21815689972027, -22.112857041013864 ] ] ], [ [ [ -50.221909115985639, -22.110936199863261 ], [ -50.221900757456737, -22.110964818717321 ], [ -50.221895526823523, -22.110983899580813 ], [ -50.2218892500617, -22.111006796616653 ], [ -50.221880928209707, -22.111028728621257 ], [ -50.221876754180663, -22.111042082783314 ], [ -50.221852108305015, -22.111049607689917 ], [ -50.221840831495072, -22.111049553969565 ], [ -50.221823382733241, -22.111053292001579 ], [ -50.221802853235467, -22.111057970643884 ], [ -50.221796644592914, -22.111068449243831 ], [ -50.22178729231657, -22.111091331622937 ], [ -50.22176568523151, -22.111105558015911 ], [ -50.221754329792411, -22.111119833248829 ], [ -50.221759350784865, -22.111138962949198 ], [ -50.221769518571413, -22.111154296014519 ], [ -50.221783792263167, -22.111168693351679 ], [ -50.221797040792325, -22.111183085803631 ], [ -50.221813354338373, -22.111199403434277 ], [ -50.221822565105242, -22.111202313181067 ], [ -50.221830651124492, -22.111223368058852 ], [ -50.221839798999859, -22.111237740972278 ], [ -50.221862321203872, -22.111243579996994 ], [ -50.221879806674366, -22.111233155113776 ], [ -50.221888123298783, -22.111212178374092 ], [ -50.22189025224182, -22.111197859181303 ], [ -50.221898516455369, -22.111186435080732 ], [ -50.221927294457885, -22.111173198116738 ], [ -50.221963222411361, -22.111164771648362 ], [ -50.221980734065625, -22.111149570433682 ], [ -50.221989019229454, -22.11113432527215 ], [ -50.221991142920842, -22.111120961341573 ], [ -50.221987173262853, -22.111097060210167 ], [ -50.221999648162004, -22.111065595090707 ], [ -50.222000704766636, -22.111059868389297 ], [ -50.222002933254977, -22.111027399177932 ], [ -50.222012269772684, -22.11100738257727 ], [ -50.222026721628758, -22.110989300916675 ], [ -50.222034975339355, -22.110979787336312 ], [ -50.222045300335523, -22.110966462464148 ], [ -50.222055593892179, -22.110958869175505 ], [ -50.222054689238995, -22.110936893220138 ], [ -50.222053669314818, -22.110935933073737 ], [ -50.222053711231617, -22.110928290961382 ], [ -50.222064130533582, -22.110897771334852 ], [ -50.222062116883322, -22.11089107472193 ], [ -50.2220478431895, -22.110876677408591 ], [ -50.22203351710138, -22.110871832734567 ], [ -50.222017114488601, -22.110871754614408 ], [ -50.221986349109763, -22.110873518662796 ], [ -50.221972002063708, -22.110872495039558 ], [ -50.221948402346918, -22.110876203788578 ], [ -50.221943260809375, -22.110879045165618 ], [ -50.221917532156596, -22.110897073104375 ], [ -50.221913389578482, -22.11090469568369 ], [ -50.221910209276736, -22.110923786314327 ], [ -50.221909115985639, -22.110936199863261 ] ] ], [ [ [ -50.222185410086546, -22.110093995477079 ], [ -50.222158755986023, -22.110093868560025 ], [ -50.222136160605892, -22.110101403278588 ], [ -50.222115667928719, -22.110099395115924 ], [ -50.222099254926796, -22.110101227534923 ], [ -50.222076827197789, -22.110078193792319 ], [ -50.22206867832994, -22.110068602094465 ], [ -50.222011206634221, -22.110079791858169 ], [ -50.221984468699958, -22.110094949138826 ], [ -50.221951663654529, -22.110094792892244 ], [ -50.221941548321361, -22.110069907196703 ], [ -50.221939613289464, -22.110048881620287 ], [ -50.221947908869545, -22.110031725928788 ], [ -50.221923472784226, -22.110001040287337 ], [ -50.221917363764533, -22.109993368876435 ], [ -50.22189486271651, -22.109983708807615 ], [ -50.221870300876915, -22.109975949497429 ], [ -50.221841565042347, -22.10998154434732 ], [ -50.221816898387402, -22.109992890311283 ], [ -50.221806521033955, -22.110015767812989 ], [ -50.221804344934839, -22.11003868438387 ], [ -50.221787879525415, -22.110050069412591 ], [ -50.221773422498046, -22.110069106320065 ], [ -50.22174655874695, -22.110107189898933 ], [ -50.221740282004802, -22.110130086931925 ], [ -50.22171758176539, -22.110156726872965 ], [ -50.221709275666591, -22.11017579307957 ], [ -50.221702988431517, -22.110200600638773 ], [ -50.221702873112505, -22.110221616447898 ], [ -50.221710948579293, -22.110244581860069 ], [ -50.221737508357378, -22.110261903603966 ], [ -50.221778441332503, -22.110275472663172 ], [ -50.221803034664639, -22.110277500403864 ], [ -50.221837900550831, -22.110275755920505 ], [ -50.221856395337937, -22.110268201710905 ], [ -50.221891250740534, -22.110268367744251 ], [ -50.221907621840579, -22.110274177459559 ], [ -50.221936242447789, -22.110289598409995 ], [ -50.221950458431415, -22.110314503637113 ], [ -50.221944244593786, -22.110325937508936 ], [ -50.221927789641583, -22.11033541202255 ], [ -50.221905194211338, -22.110342946707451 ], [ -50.221870317827573, -22.110346601732843 ], [ -50.221839625934393, -22.110334992060007 ], [ -50.221798692935913, -22.110321423015559 ], [ -50.221769977993887, -22.11032319679429 ], [ -50.221735080646134, -22.110330672847031 ], [ -50.221712506174271, -22.110334386448876 ], [ -50.2216653383609, -22.110336072289595 ], [ -50.221646791133502, -22.110353179117151 ], [ -50.221660954650446, -22.110387637008181 ], [ -50.221687493480644, -22.110408779816627 ], [ -50.22172016231211, -22.110433772983136 ], [ -50.221761074368715, -22.110451163103953 ], [ -50.221810240129436, -22.110459039644724 ], [ -50.221843087185142, -22.1104515538097 ], [ -50.221876039050919, -22.110424962686707 ], [ -50.221925267694147, -22.110421376023879 ], [ -50.221960102174563, -22.11042536309996 ], [ -50.22199293873576, -22.110419787762506 ], [ -50.222015418900206, -22.11043326887588 ], [ -50.222023504908378, -22.110454323745639 ], [ -50.222025471394275, -22.110469617736012 ], [ -50.222025314204082, -22.110498275658799 ], [ -50.222025188451745, -22.110521201996931 ], [ -50.222023022856789, -22.110542208041938 ], [ -50.222014716774218, -22.110561274263731 ], [ -50.222032855294216, -22.110618677992782 ], [ -50.222040899397783, -22.110647374974207 ], [ -50.222040836522424, -22.11065883814311 ], [ -50.222034538841356, -22.110685556242828 ], [ -50.222022153061928, -22.110700781878496 ], [ -50.221995467408824, -22.11070638651584 ], [ -50.221985142427826, -22.110719711385709 ], [ -50.22197476504406, -22.110742588895334 ], [ -50.22196431429461, -22.110778840100785 ], [ -50.221972347911965, -22.110809447612962 ], [ -50.221996826061201, -22.11083249113608 ], [ -50.222021398534714, -22.11083833990287 ], [ -50.222052184864033, -22.110832754791414 ], [ -50.222087050885676, -22.11083101025887 ], [ -50.222128046928518, -22.110833116066381 ], [ -50.222167034557259, -22.110827569987759 ], [ -50.222193688795706, -22.11082769690745 ], [ -50.222220311603643, -22.110833555407392 ], [ -50.222248984740148, -22.110839423665222 ], [ -50.222289876029421, -22.110860634714442 ], [ -50.222293672880227, -22.110916059555937 ], [ -50.222301685624245, -22.110950488110102 ], [ -50.222305566287645, -22.110990628725386 ], [ -50.22230128754039, -22.111023088181433 ], [ -50.222303149303194, -22.111057487450285 ], [ -50.222300920882752, -22.111089956667598 ], [ -50.222294675608737, -22.111107122136012 ], [ -50.222333453797397, -22.111139786583294 ], [ -50.222349772639809, -22.11115514889801 ], [ -50.222376416465998, -22.111157186317833 ], [ -50.222409284607615, -22.111145879317011 ], [ -50.222438146350086, -22.111117358035571 ], [ -50.222456704061912, -22.111098340591621 ], [ -50.222473232386179, -22.111075492329419 ], [ -50.222485607678941, -22.111062177188032 ], [ -50.222497951549535, -22.111054593630431 ], [ -50.22250008566499, -22.111039319163439 ], [ -50.222502177887094, -22.111031686809444 ], [ -50.222498087702085, -22.111029756762942 ], [ -50.222477657725783, -22.11101628547231 ], [ -50.222463315897194, -22.111014306627613 ], [ -50.222457196332002, -22.111008545763962 ], [ -50.222449120703779, -22.110985580386071 ], [ -50.222445093364549, -22.110972187168706 ], [ -50.222457521019415, -22.110949319387743 ], [ -50.222459655137243, -22.110934044921166 ], [ -50.222465963224991, -22.110905416275568 ], [ -50.222466057487637, -22.110888221520955 ], [ -50.222449916717011, -22.110840380236993 ], [ -50.222437740446615, -22.11081739533898 ], [ -50.222435690120598, -22.110817385579146 ], [ -50.222456256223062, -22.110806020006475 ], [ -50.222460377822088, -22.110802218468979 ], [ -50.222482805725711, -22.110825252162012 ], [ -50.222499072183972, -22.110850167103369 ], [ -50.222515328174907, -22.110876992571495 ], [ -50.222529628099501, -22.110886613524571 ], [ -50.222550099952663, -22.110892442695221 ], [ -50.222581011941124, -22.11086393114374 ], [ -50.222595479418914, -22.110842983637454 ], [ -50.222599663846204, -22.110827718926185 ], [ -50.222606034730546, -22.110787627103612 ], [ -50.222581577430773, -22.110760762612255 ], [ -50.222557067778631, -22.110743450759252 ], [ -50.222540885101779, -22.110703251596476 ], [ -50.222518404843029, -22.110689770553165 ], [ -50.222504125884633, -22.110676328542784 ], [ -50.222500182332304, -22.110647651099487 ], [ -50.222518792336345, -22.110619081003502 ], [ -50.222520874077759, -22.11061335917708 ], [ -50.222500465103884, -22.110596066833537 ], [ -50.222473643333032, -22.110626508418896 ], [ -50.222444781700673, -22.110655029711413 ], [ -50.222391399964117, -22.110668149649683 ], [ -50.222370875776264, -22.110671873101605 ], [ -50.222331793918961, -22.110694613984954 ], [ -50.222311280201552, -22.110696426900969 ], [ -50.222278464538412, -22.110698181244203 ], [ -50.222262051468491, -22.110700013677512 ], [ -50.222241673944744, -22.110676989717643 ], [ -50.222249990480897, -22.110656012955651 ], [ -50.222282942321904, -22.110629421750367 ], [ -50.222311751602703, -22.110610453128572 ], [ -50.222330319737694, -22.110589525168098 ], [ -50.222342726424941, -22.110570478450988 ], [ -50.222342883551569, -22.110541820526315 ], [ -50.222320487140763, -22.1105130552303 ], [ -50.222287734375143, -22.110503346406897 ], [ -50.222259071780492, -22.110495567629243 ], [ -50.22223046157206, -22.110478236205232 ], [ -50.22218958087764, -22.110455114615355 ], [ -50.222183461347278, -22.110449353742126 ], [ -50.2221897275572, -22.110428367219612 ], [ -50.222239029531877, -22.110411406763966 ], [ -50.222278069420184, -22.110396308013506 ], [ -50.222300654365355, -22.110390683805072 ], [ -50.222340567513363, -22.110403292580969 ], [ -50.222385653604277, -22.110407328370513 ], [ -50.222398060267473, -22.110388281648106 ], [ -50.222414682780752, -22.110348238632227 ], [ -50.22242100132145, -22.11031769945745 ], [ -50.222419108111907, -22.110289031771526 ], [ -50.222439747453173, -22.110264292499071 ], [ -50.222454141573152, -22.110256718701653 ], [ -50.222472646800441, -22.110247253892808 ], [ -50.22247050222358, -22.110264438889612 ], [ -50.222470282285364, -22.110304559986727 ], [ -50.222461923910231, -22.110333178876072 ], [ -50.222451473317932, -22.110369430118958 ], [ -50.222449297315407, -22.110392346700305 ], [ -50.222471767047779, -22.110407738280458 ], [ -50.222490209455735, -22.110409736640818 ], [ -50.222525085843522, -22.11040608148307 ], [ -50.222535494530511, -22.110377472348915 ], [ -50.222531540505649, -22.110350705433845 ], [ -50.222519406151648, -22.110320078427613 ], [ -50.22252767026206, -22.110308654291039 ], [ -50.222548173449141, -22.110308751874513 ], [ -50.222560276392343, -22.110345110464209 ], [ -50.222568393893624, -22.110360433724029 ], [ -50.222582735658172, -22.110362412557787 ], [ -50.222605278701337, -22.110364430420599 ], [ -50.222623731577301, -22.110364518237304 ], [ -50.222636096320997, -22.110353113609655 ], [ -50.222640364495597, -22.110322564667889 ], [ -50.222642540465891, -22.110299648082865 ], [ -50.222640647211605, -22.110270980398177 ], [ -50.222634663793315, -22.110240382670668 ], [ -50.222634768503376, -22.110221277385456 ], [ -50.22263686070476, -22.110213645028459 ], [ -50.222638931964021, -22.110209833728454 ], [ -50.222605284977483, -22.110176238484769 ], [ -50.222564372888485, -22.110158848574137 ], [ -50.222531599240824, -22.110152960858077 ], [ -50.222494714490537, -22.110148964146447 ], [ -50.222457766902522, -22.110156430597279 ], [ -50.222424878048805, -22.11017155867285 ], [ -50.22238385076691, -22.11017518453033 ], [ -50.222353148390333, -22.110165485482021 ], [ -50.222334779341523, -22.110150113408302 ], [ -50.222312320139835, -22.110132811282025 ], [ -50.222304223629649, -22.110113666953435 ], [ -50.222283814752963, -22.110096374584629 ], [ -50.22224485875838, -22.110096189112451 ], [ -50.222218183703973, -22.110099883261821 ], [ -50.222185410086546, -22.110093995477079 ] ] ], [ [ [ -50.222218944093996, -22.109213378529432 ], [ -50.222192185394341, -22.109232356908212 ], [ -50.222175751540526, -22.109238010395128 ], [ -50.222157445489799, -22.109211175132515 ], [ -50.222151346966726, -22.109201593201693 ], [ -50.222112443606612, -22.109191855062402 ], [ -50.22208577919821, -22.109193638666873 ], [ -50.22203648811346, -22.109208688562017 ], [ -50.2220158383845, -22.109235338317564 ], [ -50.222021842590884, -22.1092621150094 ], [ -50.222046257619127, -22.109296621692778 ], [ -50.222099429308805, -22.109321712420975 ], [ -50.222126041354329, -22.109329481457529 ], [ -50.222161001297607, -22.109310542141472 ], [ -50.222200061839388, -22.109291622341999 ], [ -50.22223290860471, -22.109284136419078 ], [ -50.222277889583616, -22.109307277514244 ], [ -50.222320788848734, -22.109336140422496 ], [ -50.222355612603266, -22.109342037935939 ], [ -50.222370079950927, -22.109321090442215 ], [ -50.222376377500034, -22.109294372321546 ], [ -50.222362182484993, -22.109265646071975 ], [ -50.222372507320941, -22.109252321171841 ], [ -50.222421808862087, -22.109235360646135 ], [ -50.222460670366402, -22.109252740827323 ], [ -50.222470796210963, -22.109275715965428 ], [ -50.222487031080917, -22.109306362493488 ], [ -50.222546437544487, -22.10931619812462 ], [ -50.222560915333275, -22.109293340084335 ], [ -50.22257552924416, -22.109245645169182 ], [ -50.222569598232617, -22.109205494793532 ], [ -50.222545120259419, -22.109182451357118 ], [ -50.222522703068222, -22.109157507146573 ], [ -50.222520788901818, -22.109132660515108 ], [ -50.222553719387385, -22.109109890296025 ], [ -50.222561962478537, -22.109102287211424 ], [ -50.222553970703309, -22.109064037605965 ], [ -50.22254386580228, -22.109037241414967 ], [ -50.222527568117847, -22.109018058064667 ], [ -50.222496939283921, -22.108994985347756 ], [ -50.222431340167226, -22.108992762539817 ], [ -50.222382038712418, -22.109009723071381 ], [ -50.222351210895383, -22.109022950372793 ], [ -50.222330571726921, -22.109047689642583 ], [ -50.222361043432471, -22.109099420320025 ], [ -50.222366984855334, -22.109137660173296 ], [ -50.222354557354613, -22.109160527956579 ], [ -50.222315528293151, -22.109173716209067 ], [ -50.222280599829432, -22.109186923974271 ], [ -50.222249771964513, -22.109200151254864 ], [ -50.222218944093996, -22.109213378529432 ] ] ], [ [ [ -50.21981111, -22.10945722 ], [ -50.220685, -22.10657194 ], [ -50.220685, -22.10657194 ], [ -50.21981111, -22.10945722 ] ] ], [ [ [ -50.21602694, -22.10481972 ], [ -50.21444972, -22.10505194 ], [ -50.21602694, -22.10481972 ], [ -50.21615472, -22.1048 ], [ -50.21602694, -22.10481972 ] ] ], [ [ [ -50.213347799069624, -22.132077803263112 ], [ -50.213397928258267, -22.132091171046767 ], [ -50.213451399392824, -22.132097854938571 ], [ -50.213580064310342, -22.132119577586995 ], [ -50.213581735283299, -22.132109551749267 ], [ -50.213576722364436, -22.132102867857451 ], [ -50.213546644851249, -22.132082816181978 ], [ -50.213533277067611, -22.132062764506529 ], [ -50.213528264148742, -22.132049396722891 ], [ -50.213493173716692, -22.131997596561298 ], [ -50.213459754257599, -22.13195080931855 ], [ -50.21341965090668, -22.131917389859463 ], [ -50.213392915339405, -22.131909034994685 ], [ -50.213342786150761, -22.131897338183993 ], [ -50.213306024745755, -22.131885641373305 ], [ -50.213259237503017, -22.13187895748149 ], [ -50.213197411503685, -22.131883970400366 ], [ -50.213177359828229, -22.131920731805376 ], [ -50.213163992044592, -22.131969190021042 ], [ -50.213184043720048, -22.132044383804015 ], [ -50.213209108314373, -22.132057751587663 ], [ -50.21324586971938, -22.132059422560623 ], [ -50.213306024745755, -22.132069448398347 ], [ -50.213347799069624, -22.132077803263112 ] ] ], [ [ [ -50.20863167, -22.13165306 ], [ -50.208631670411592, -22.131653060046432 ], [ -50.20863167, -22.13165306 ], [ -50.208631669605616, -22.131653059960446 ], [ -50.20863167, -22.13165306 ] ] ], [ [ [ -50.207822864015576, -22.131080466964509 ], [ -50.207875128598069, -22.131093954598676 ], [ -50.207890302186534, -22.131092268644419 ], [ -50.207925707226281, -22.131082152918768 ], [ -50.207962798220308, -22.131078781010217 ], [ -50.207962798220308, -22.131077095055947 ], [ -50.207945938677575, -22.13102314451919 ], [ -50.207905475775, -22.130986053525159 ], [ -50.207900417912178, -22.130943904668335 ], [ -50.207907161729274, -22.130911871537126 ], [ -50.207903789820726, -22.130881524360177 ], [ -50.207893674095082, -22.130857921000345 ], [ -50.207871756689521, -22.130844433366168 ], [ -50.20783297974122, -22.130861292908904 ], [ -50.207804318518569, -22.130891640085832 ], [ -50.207777343250186, -22.130923673217044 ], [ -50.207757111798898, -22.130952334439687 ], [ -50.207735194393337, -22.130969193982423 ], [ -50.207701475307857, -22.130969193982423 ], [ -50.207666070268111, -22.130964136119605 ], [ -50.207617177594166, -22.13095907825678 ], [ -50.207585144462968, -22.130948962531146 ], [ -50.207553111331762, -22.130957392302513 ], [ -50.207531193926201, -22.130979309708078 ], [ -50.207519392246283, -22.13100459902217 ], [ -50.207529507971927, -22.131034946199108 ], [ -50.207524450109105, -22.131055177650399 ], [ -50.207519392246283, -22.131088896735871 ], [ -50.207524450109105, -22.131122615821344 ], [ -50.207521078200557, -22.131141161318372 ], [ -50.207517706292009, -22.131169822541015 ], [ -50.207546367514666, -22.13119173994658 ], [ -50.20757334278305, -22.131190053992313 ], [ -50.207600318051426, -22.131179938266655 ], [ -50.207654268588193, -22.131147905135457 ], [ -50.207674500039481, -22.131134417501261 ], [ -50.207709905079227, -22.13111081414144 ], [ -50.207768913478816, -22.131087210781605 ], [ -50.207802632564295, -22.131078781010221 ], [ -50.207822864015576, -22.131080466964509 ] ] ], [ [ [ -50.206292017534913, -22.131279409568823 ], [ -50.206332480437489, -22.131282781477353 ], [ -50.206379687157153, -22.131292897203011 ], [ -50.206480844413591, -22.131306384837195 ], [ -50.206635952206781, -22.131299641020114 ], [ -50.206639324115329, -22.131303012928658 ], [ -50.20672362182902, -22.131333360105582 ], [ -50.20681129145126, -22.131350219648333 ], [ -50.20689221725641, -22.131390682550879 ], [ -50.20698325878719, -22.131397426367982 ], [ -50.207020349781217, -22.131363707282521 ], [ -50.207101275586368, -22.131329988197031 ], [ -50.207148482306032, -22.131299641020114 ], [ -50.207226036202627, -22.131276037660264 ], [ -50.207246267653915, -22.131232202849148 ], [ -50.207246267653915, -22.131161392769641 ], [ -50.207212548568442, -22.131080466964509 ], [ -50.207182201391511, -22.131050119787577 ], [ -50.207168713757319, -22.131036632153382 ], [ -50.207114763220552, -22.131009656885009 ], [ -50.207074300317984, -22.13094896253115 ], [ -50.207057440775245, -22.130915243445671 ], [ -50.207043953141053, -22.130857921000359 ], [ -50.207060812683793, -22.130810714280692 ], [ -50.207060812683793, -22.130783739012315 ], [ -50.207010234055574, -22.13071630084135 ], [ -50.206973143061553, -22.130692697481521 ], [ -50.20694616779317, -22.130652234578946 ], [ -50.206885473439314, -22.13058479640798 ], [ -50.206888845347862, -22.130628631219121 ], [ -50.206871985805122, -22.130699441298617 ], [ -50.206828150993999, -22.130746648018274 ], [ -50.206797803817068, -22.130787110920849 ], [ -50.206764084731596, -22.130844433366168 ], [ -50.20672362182902, -22.130901755811479 ], [ -50.206669671292261, -22.130911871537112 ], [ -50.206639324115329, -22.130925359171311 ], [ -50.206608976938398, -22.130942218714051 ], [ -50.206585373578569, -22.130962450165349 ], [ -50.206517935407611, -22.130989425433725 ], [ -50.206463984870851, -22.131063607421769 ], [ -50.206457241053755, -22.13107709505595 ], [ -50.206406662425536, -22.131097326507245 ], [ -50.206342596163132, -22.131100698415793 ], [ -50.206234695089606, -22.131097326507248 ], [ -50.20619423218703, -22.131097326507245 ], [ -50.206130165924627, -22.131104070324341 ], [ -50.206066099662216, -22.131110814141437 ], [ -50.206035752485292, -22.131137789409827 ], [ -50.206052612028031, -22.131184996129473 ], [ -50.206103190656243, -22.131218715214967 ], [ -50.206163885010106, -22.131238946666237 ], [ -50.206241438906702, -22.131252434300432 ], [ -50.206292017534913, -22.131279409568823 ] ] ], [ [ [ -50.20202556, -22.13099056 ], [ -50.202025559151188, -22.130990558487206 ], [ -50.20202556, -22.13099056 ], [ -50.202025560173972, -22.130990560017445 ], [ -50.20202556, -22.13099056 ] ] ], [ [ [ -50.211900871287618, -22.130678472242337 ], [ -50.211877267927782, -22.130670042470967 ], [ -50.211858722430769, -22.130656554836794 ], [ -50.211846920750851, -22.130638009339759 ], [ -50.211840176933755, -22.130624521705595 ], [ -50.211803085939735, -22.130614405979934 ], [ -50.211776110671352, -22.130619463842756 ], [ -50.211759251128612, -22.130639695294047 ], [ -50.211728903951681, -22.130641381248303 ], [ -50.211713730363215, -22.130646439111146 ], [ -50.211693498911934, -22.130649811019687 ], [ -50.211664837689277, -22.13066667056243 ], [ -50.211632804558072, -22.130671728425241 ], [ -50.211583911884134, -22.130643067202591 ], [ -50.211558622570024, -22.130644753156869 ], [ -50.211508043941805, -22.130634637431225 ], [ -50.211462523176415, -22.130629579568392 ], [ -50.211432175999484, -22.130627893614133 ], [ -50.21130572942895, -22.13061946384277 ], [ -50.211278754160567, -22.130609348117119 ], [ -50.211239977212273, -22.130590802620105 ], [ -50.211213001943889, -22.130573943077373 ], [ -50.211199514309698, -22.13056719926027 ], [ -50.21116242331567, -22.13055202567179 ], [ -50.211120274458828, -22.130545281854719 ], [ -50.211096671098993, -22.130560455443185 ], [ -50.211081497510527, -22.130575629031647 ], [ -50.211042720562226, -22.130584058803006 ], [ -50.211012373385302, -22.130573943077366 ], [ -50.210985398116918, -22.130565513306006 ], [ -50.210955050939987, -22.130560455443181 ], [ -50.210933133534432, -22.130565513305992 ], [ -50.210912902083145, -22.130584058803009 ], [ -50.210877497043391, -22.130589116665831 ], [ -50.210842092003638, -22.130573943077366 ], [ -50.210826918415179, -22.130548653763256 ], [ -50.210803315055344, -22.130535166129068 ], [ -50.210772967878412, -22.130528422311976 ], [ -50.210724075204475, -22.13053348017478 ], [ -50.21066675275916, -22.130546967808993 ], [ -50.210616174130948, -22.130563827351725 ], [ -50.21058751290829, -22.130590802620105 ], [ -50.210535248325797, -22.13059417452865 ], [ -50.210488041606133, -22.130584058803002 ], [ -50.210462752292024, -22.13057731498591 ], [ -50.210418917480901, -22.130579000940187 ], [ -50.210395314121072, -22.130587430711547 ], [ -50.210358223127045, -22.130597546437208 ], [ -50.21031776022447, -22.130602604300016 ], [ -50.21027223945908, -22.130599232391482 ], [ -50.210238520373601, -22.130599232391475 ], [ -50.210204801288121, -22.130626207659855 ], [ -50.210144106934266, -22.130629579568417 ], [ -50.210118817620156, -22.13063126552268 ], [ -50.210108701894512, -22.130651496973964 ], [ -50.210100272123142, -22.130671728425263 ], [ -50.210100272123142, -22.130698703693628 ], [ -50.210117131665882, -22.130729050870563 ], [ -50.2101289333458, -22.130772885681687 ], [ -50.210132305254348, -22.130794803087248 ], [ -50.210130619300074, -22.130826836218443 ], [ -50.2101289333458, -22.130848753624004 ], [ -50.210132305254348, -22.130868985075296 ], [ -50.210155908614183, -22.130894274389398 ], [ -50.210166024339827, -22.130895960343679 ], [ -50.210176140065471, -22.130895960343679 ], [ -50.210208173196669, -22.130889216526562 ], [ -50.210228404647957, -22.130875728892388 ], [ -50.210238520373601, -22.130862241258193 ], [ -50.210252008007792, -22.13084538171546 ], [ -50.210284041138998, -22.130842009806909 ], [ -50.210311016407374, -22.130850439578278 ], [ -50.210332933812936, -22.130862241258193 ], [ -50.210356537172771, -22.130880786755206 ], [ -50.210373396715511, -22.130895960343672 ], [ -50.210391942212524, -22.130911133932134 ], [ -50.210410487709531, -22.130924621566326 ], [ -50.210413991350755, -22.130927774843837 ], [ -50.210474694364585, -22.130937051229967 ], [ -50.210545364051441, -22.130933051337706 ], [ -50.21059594267966, -22.130916191794956 ], [ -50.210670124667708, -22.130902704160764 ], [ -50.210729133067289, -22.130894274389401 ], [ -50.210756108335673, -22.130892588435128 ], [ -50.210796571238248, -22.130895960343665 ], [ -50.210870753226295, -22.13088921652658 ], [ -50.210887612769035, -22.130882472709487 ], [ -50.210890984677583, -22.130887530572306 ], [ -50.210924703763062, -22.130880786755199 ], [ -50.210960108802809, -22.130874042938125 ], [ -50.211003943613932, -22.130867299121007 ], [ -50.211039348653678, -22.1308622412582 ], [ -50.211056208196418, -22.130862241258196 ], [ -50.211079811556253, -22.130868985075296 ], [ -50.211105100870363, -22.130875728892381 ], [ -50.211138819955842, -22.1308740429381 ], [ -50.211165795224218, -22.130867299121029 ], [ -50.211192770492602, -22.130855497441104 ], [ -50.211218059806711, -22.130847067669727 ], [ -50.211231547440903, -22.130835265989813 ], [ -50.211236605303725, -22.130818406447073 ], [ -50.211263580572101, -22.130815034538514 ], [ -50.211280440114841, -22.130816720492799 ], [ -50.211293927749033, -22.130825150264165 ], [ -50.211310787291772, -22.130831894081254 ], [ -50.211334390651608, -22.130835265989816 ], [ -50.211369795691354, -22.130833580035532 ], [ -50.211390027142642, -22.130833580035549 ], [ -50.211403514776833, -22.130831894081275 ], [ -50.211443977679409, -22.130831894081254 ], [ -50.211482754627703, -22.13082852217272 ], [ -50.211509729896086, -22.130825150264158 ], [ -50.211541763027292, -22.130828522172703 ], [ -50.211558622570031, -22.130830208126994 ], [ -50.211592341655503, -22.130828522172717 ], [ -50.211619316923887, -22.130831894081254 ], [ -50.211664837689284, -22.130840323852635 ], [ -50.211695184866208, -22.130852125532556 ], [ -50.211718788226044, -22.130852125532552 ], [ -50.211727217997414, -22.130838637898353 ], [ -50.211737333723057, -22.130821778355628 ], [ -50.211747449448701, -22.130796489041522 ], [ -50.211755879220071, -22.130789745224412 ], [ -50.211786226396995, -22.130788059270145 ], [ -50.211813201665379, -22.130789745224419 ], [ -50.211836805025214, -22.130803232858604 ], [ -50.21186040838505, -22.130806604767162 ], [ -50.211900871287618, -22.130796489041511 ], [ -50.211927846556001, -22.13078300140732 ], [ -50.211942898445486, -22.130765633843865 ], [ -50.211949763961563, -22.130757712093221 ], [ -50.211954821824385, -22.130723993007734 ], [ -50.211944706098741, -22.130710505373553 ], [ -50.211931218464549, -22.130697017739362 ], [ -50.211919732901066, -22.130687744990855 ], [ -50.211917730830351, -22.13068353010517 ], [ -50.211916044876077, -22.130681844150892 ], [ -50.211900871287618, -22.130678472242337 ] ] ], [ [ [ -50.209355396450512, -22.13078795389799 ], [ -50.209368884084704, -22.130808185349274 ], [ -50.209429578438566, -22.130835160617657 ], [ -50.209466669432587, -22.130835160617661 ], [ -50.209500388518066, -22.130818301074921 ], [ -50.209517248060806, -22.130794697715093 ], [ -50.209527363786449, -22.130771094355243 ], [ -50.209520619969354, -22.130744119086877 ], [ -50.209513876152258, -22.130717143818487 ], [ -50.209544223329189, -22.130683424733018 ], [ -50.209557710963381, -22.130656449464645 ], [ -50.209561082871929, -22.130605870836405 ], [ -50.209554339054833, -22.130578895568028 ], [ -50.209527363786449, -22.130535060756916 ], [ -50.209523991877901, -22.130497969762878 ], [ -50.209527363786449, -22.130470994494512 ], [ -50.209554339054833, -22.130450763043232 ], [ -50.209557710963381, -22.130444019226115 ], [ -50.209554339054833, -22.130427159683386 ], [ -50.209567826689018, -22.13040355632355 ], [ -50.209589744094579, -22.130391754643629 ], [ -50.209584686231757, -22.13037658105516 ], [ -50.209534107603545, -22.13034623387825 ], [ -50.209463297524039, -22.130326002426958 ], [ -50.209395859353087, -22.130322630518414 ], [ -50.209331793090684, -22.130319258609866 ], [ -50.209260983011177, -22.130322630518396 ], [ -50.209193544840225, -22.130322630518407 ], [ -50.209139594303466, -22.130349605786797 ], [ -50.209089015675247, -22.13037658105517 ], [ -50.209041808955575, -22.130386696780818 ], [ -50.209014833687199, -22.13038669678081 ], [ -50.208960883150432, -22.130349605786794 ], [ -50.208950767424788, -22.130346233878257 ], [ -50.208920420247864, -22.130282167615842 ], [ -50.20891030452222, -22.1302518204389 ], [ -50.208906932613672, -22.13021472944488 ], [ -50.208893444979481, -22.130174266542312 ], [ -50.208873213528193, -22.130133803639733 ], [ -50.208852982076905, -22.13010682837135 ], [ -50.20882937871707, -22.130123687914082 ], [ -50.208802403448693, -22.130150663182473 ], [ -50.20875856863757, -22.130167522725209 ], [ -50.208738337186283, -22.130164150816661 ], [ -50.208711361917906, -22.130150663182473 ], [ -50.208707990009358, -22.130120316005534 ], [ -50.208711361917906, -22.130083225011518 ], [ -50.208691130466619, -22.13006299356022 ], [ -50.208667527106783, -22.130066365468782 ], [ -50.208613576570016, -22.130096712645724 ], [ -50.208616948478564, -22.130120316005545 ], [ -50.208630436112756, -22.130170894633757 ], [ -50.208647295655496, -22.130207985627791 ], [ -50.208670899015331, -22.1302518204389 ], [ -50.208681014740975, -22.130292283341479 ], [ -50.208704618100811, -22.130322630518418 ], [ -50.208704618100811, -22.130336118152595 ], [ -50.208731593369187, -22.130376581055181 ], [ -50.208731593369187, -22.130406928232098 ], [ -50.208728221460639, -22.130444019226125 ], [ -50.208731593369187, -22.130481110220156 ], [ -50.208761940546118, -22.130538432665457 ], [ -50.208772056271762, -22.13056540793384 ], [ -50.208785543905954, -22.130602498927868 ], [ -50.208799031540146, -22.1306261022877 ], [ -50.208812519174337, -22.13064633373898 ], [ -50.208812519174337, -22.130666565190285 ], [ -50.208805775357241, -22.130686796641562 ], [ -50.208826006808522, -22.130703656184298 ], [ -50.208842866351262, -22.130723887635586 ], [ -50.208893444979481, -22.130727259544141 ], [ -50.208957511241884, -22.130740747178333 ], [ -50.208987858418816, -22.130734003361223 ], [ -50.209068784223959, -22.130727259544138 ], [ -50.209122734760726, -22.130730631452671 ], [ -50.209180057206034, -22.130740747178319 ], [ -50.209213776291513, -22.130754234812514 ], [ -50.209217148200061, -22.130771094355261 ], [ -50.209237379651348, -22.13078795389799 ], [ -50.209308189730848, -22.130784581989431 ], [ -50.209355396450512, -22.13078795389799 ] ] ], [ [ [ -50.213254224584148, -22.131196365029446 ], [ -50.213279289178473, -22.131244823245147 ], [ -50.213289315016205, -22.131283255623092 ], [ -50.213290985989154, -22.13132670091991 ], [ -50.213269263340742, -22.131375159135608 ], [ -50.213264250421879, -22.131425288324266 ], [ -50.213252553611198, -22.131482101404718 ], [ -50.213227489016873, -22.131537243512241 ], [ -50.213225818043917, -22.131587372700874 ], [ -50.213254224584148, -22.131629147024757 ], [ -50.213282631124379, -22.131642514808387 ], [ -50.213342786150754, -22.131655882592021 ], [ -50.213398763744728, -22.131626640565315 ], [ -50.213423828339053, -22.13160157597099 ], [ -50.213448892933371, -22.131573169430759 ], [ -50.213442209041553, -22.131543091917568 ], [ -50.213440538068603, -22.131511343431434 ], [ -50.213447221960422, -22.131481265918243 ], [ -50.213432183203828, -22.131452859378015 ], [ -50.213447221960422, -22.131426123810737 ], [ -50.213460589744059, -22.131399388243445 ], [ -50.213453905852241, -22.131386020459804 ], [ -50.213458918771103, -22.131372652676177 ], [ -50.213514060878616, -22.131365968784355 ], [ -50.213527428662253, -22.131360955865503 ], [ -50.213569202986122, -22.131367639757322 ], [ -50.213577557850897, -22.131340904190033 ], [ -50.213626016066591, -22.13129912986615 ], [ -50.213614319255903, -22.131279078190712 ], [ -50.213587583688629, -22.131262368461162 ], [ -50.213555835202484, -22.131265710407067 ], [ -50.213542467418847, -22.131252342623423 ], [ -50.213510718932703, -22.131243987758658 ], [ -50.213438867095647, -22.131254013596379 ], [ -50.213423828339053, -22.131237303866833 ], [ -50.213438867095647, -22.131213910245457 ], [ -50.213427170284952, -22.131175477867497 ], [ -50.213442209041546, -22.131153755219081 ], [ -50.213452234879277, -22.13112534867885 ], [ -50.213443880014502, -22.13109360019271 ], [ -50.213427170284952, -22.13106018073363 ], [ -50.213378712069265, -22.13102676127453 ], [ -50.213350305529033, -22.130995012788382 ], [ -50.213338608718345, -22.130958251383362 ], [ -50.213348634556077, -22.13092650289725 ], [ -50.21338205401517, -22.130908122194725 ], [ -50.21340377666359, -22.130842954249495 ], [ -50.213402105690633, -22.130809534790387 ], [ -50.213402105690633, -22.130774444358345 ], [ -50.213395421798815, -22.130747708791073 ], [ -50.213390408879953, -22.130704263494245 ], [ -50.213397092771771, -22.130664160143304 ], [ -50.213410460555409, -22.13062405679241 ], [ -50.213423828339046, -22.130590637333309 ], [ -50.213435525149734, -22.130537166198764 ], [ -50.213410460555409, -22.130483695064207 ], [ -50.213383724988134, -22.130456959496929 ], [ -50.213338608718352, -22.130448604632146 ], [ -50.213328582880621, -22.130451946578066 ], [ -50.213263414935383, -22.130450275605114 ], [ -50.213231666449239, -22.130416856146017 ], [ -50.213196576017189, -22.130385107659862 ], [ -50.213164827531052, -22.130328294579407 ], [ -50.213144775855589, -22.130301559012135 ], [ -50.213118040288315, -22.130270646012466 ], [ -50.213092975693989, -22.13024892336405 ], [ -50.213079607910352, -22.130223023283246 ], [ -50.213056214288983, -22.13018375541882 ], [ -50.213043681991827, -22.130148664986759 ], [ -50.21304869491069, -22.130112739068238 ], [ -50.213041175532389, -22.130093522879253 ], [ -50.213015275451589, -22.130089345446862 ], [ -50.21298770439784, -22.130096029338684 ], [ -50.212951778479301, -22.130018329096281 ], [ -50.212946765560439, -22.129973212826496 ], [ -50.212965146262938, -22.129931438502638 ], [ -50.212996894749082, -22.129862928611487 ], [ -50.212998565722039, -22.12982950915238 ], [ -50.212998565722039, -22.129809457476924 ], [ -50.212998565722039, -22.129755986342374 ], [ -50.21300859155977, -22.129730921748038 ], [ -50.213045352964777, -22.129697502288948 ], [ -50.213098824099333, -22.129675779640543 ], [ -50.213153966206839, -22.129647373100301 ], [ -50.213180701774114, -22.129625650451892 ], [ -50.213192398584802, -22.129580534182107 ], [ -50.213247540692308, -22.129510353318015 ], [ -50.213257566530039, -22.12946189510232 ], [ -50.213222476097989, -22.129391714238217 ], [ -50.213202424422533, -22.129344926995483 ], [ -50.213174017882295, -22.129293126833883 ], [ -50.213169004963433, -22.129254694455913 ], [ -50.21316566301752, -22.129206236240233 ], [ -50.213128901612514, -22.129144410240905 ], [ -50.213092140207507, -22.129109319808844 ], [ -50.213090469234558, -22.129109319808848 ], [ -50.213042011018864, -22.129127700511336 ], [ -50.213035327127045, -22.129134384403169 ], [ -50.213015275451589, -22.129192868456581 ], [ -50.213016946424545, -22.129259707374793 ], [ -50.213016946424545, -22.129314849482288 ], [ -50.212986868911365, -22.129426804670285 ], [ -50.212976843073641, -22.129445185372767 ], [ -50.212966817235909, -22.129470249967099 ], [ -50.212935068749765, -22.129525392074608 ], [ -50.212888281507034, -22.129580534182104 ], [ -50.212859874966796, -22.12962397947895 ], [ -50.212831468426565, -22.129675779640543 ], [ -50.212818100642927, -22.12975765731532 ], [ -50.212816429669964, -22.129827838179427 ], [ -50.212819771615877, -22.129861257638531 ], [ -50.212831468426558, -22.12990136098945 ], [ -50.21285319107497, -22.129949819205148 ], [ -50.212881597615201, -22.129998277420821 ], [ -50.212916688047258, -22.130051748555385 ], [ -50.212945094587489, -22.130105219689938 ], [ -50.212968488208858, -22.130200465148363 ], [ -50.212995223776133, -22.130273987958365 ], [ -50.213047023937733, -22.130364220497945 ], [ -50.213062062694334, -22.13042103357839 ], [ -50.213077101450928, -22.130457794983403 ], [ -50.213077101450928, -22.130494556388413 ], [ -50.21305203685661, -22.130502911253181 ], [ -50.213030314208197, -22.130462807902266 ], [ -50.212991881830234, -22.130400981902934 ], [ -50.212956791398184, -22.130395968984072 ], [ -50.212898307344759, -22.130369233416811 ], [ -50.212869900804527, -22.130362549524978 ], [ -50.21283815231839, -22.130382601200438 ], [ -50.212781339237921, -22.130412678713625 ], [ -50.212759616589508, -22.130449440118618 ], [ -50.212739564914052, -22.130489543469547 ], [ -50.212714500319727, -22.130541343631148 ], [ -50.212686093779496, -22.130596485738653 ], [ -50.212659358212221, -22.130656640765029 ], [ -50.21263095167199, -22.130740189412769 ], [ -50.212644319455627, -22.130771937898906 ], [ -50.212672725995859, -22.130791989574366 ], [ -50.212711158373821, -22.130798673466202 ], [ -50.212757945616552, -22.130768595953004 ], [ -50.212777997292015, -22.130733505520958 ], [ -50.212798048967471, -22.1306833763323 ], [ -50.212828126480659, -22.130624892278878 ], [ -50.212843165237253, -22.130594814765701 ], [ -50.212878255669303, -22.13056306627956 ], [ -50.212931726803859, -22.130539672658195 ], [ -50.212961804317047, -22.130549698495926 ], [ -50.212980185019546, -22.130579776009114 ], [ -50.212986868911365, -22.130614866441157 ], [ -50.212990210857278, -22.130651627846159 ], [ -50.212993552803191, -22.130723479683216 ], [ -50.212980185019546, -22.130758570115276 ], [ -50.212958462371134, -22.130803686385057 ], [ -50.212951778479315, -22.130858828492563 ], [ -50.212975324597437, -22.130899193272796 ], [ -50.212986868911365, -22.130918983518939 ], [ -50.213026787379519, -22.130955945065384 ], [ -50.213026787379547, -22.13095594506542 ], [ -50.213031985181146, -22.130960757842811 ], [ -50.213055378802515, -22.130969112707593 ], [ -50.213087127288652, -22.13098582243714 ], [ -50.213118875774796, -22.131005874112596 ], [ -50.213158979125716, -22.131039293571686 ], [ -50.213194069557765, -22.131079396922598 ], [ -50.213229159989815, -22.131147906813759 ], [ -50.213254224584148, -22.131196365029446 ] ] ], [ [ [ -50.208139823419053, -22.130682581755892 ], [ -50.208156682961793, -22.130716300841364 ], [ -50.208170170595984, -22.130756763743943 ], [ -50.208153311053245, -22.130814086189247 ], [ -50.208129707693416, -22.130851177183271 ], [ -50.208106104333581, -22.130888268177301 ], [ -50.20812296387632, -22.130918615354215 ], [ -50.208173542504532, -22.13093210298841 ], [ -50.208224121132751, -22.130915243445674 ], [ -50.208305046937895, -22.130898383902945 ], [ -50.208332022206278, -22.130830945731983 ], [ -50.208325278389182, -22.130800598555055 ], [ -50.208305046937895, -22.130770251378109 ], [ -50.208315162663538, -22.130712928932816 ], [ -50.208338766023374, -22.130685953664436 ], [ -50.208358997474654, -22.130652234578957 ], [ -50.208385972743038, -22.13059828404219 ], [ -50.208385972743038, -22.130584796407994 ], [ -50.208385972743038, -22.130557821139615 ], [ -50.20839946037723, -22.13050049869431 ], [ -50.208416319919969, -22.130449920066091 ], [ -50.208429807554161, -22.130399341437862 ], [ -50.208433179462709, -22.130325159449825 ], [ -50.208439923279805, -22.130301556089993 ], [ -50.20839946037723, -22.130244233644689 ], [ -50.208392716560134, -22.13020377074211 ], [ -50.20839946037723, -22.130136332571155 ], [ -50.208426435645613, -22.130079010125833 ], [ -50.208446667096901, -22.130028431497632 ], [ -50.20845341091399, -22.12998796859506 ], [ -50.20845341091399, -22.129974480960868 ], [ -50.208436551371257, -22.129920530424094 ], [ -50.208412948011421, -22.129900298972803 ], [ -50.208385972743038, -22.129886811338622 ], [ -50.208369113200298, -22.129853092253146 ], [ -50.208369113200298, -22.129829488893318 ], [ -50.208369113200298, -22.129812629350575 ], [ -50.208342137931922, -22.129785654082202 ], [ -50.208301675029347, -22.129772166448006 ], [ -50.208224121132751, -22.129758678813801 ], [ -50.208170170595984, -22.129762050722359 ], [ -50.208136451510505, -22.129772166448006 ], [ -50.208079129065197, -22.129772166448003 ], [ -50.208048781888266, -22.129758678813818 ], [ -50.208008318985698, -22.129758678813797 ], [ -50.20798808753441, -22.129822745076225 ], [ -50.208001575168602, -22.129869951795879 ], [ -50.20800494707715, -22.129910414698458 ], [ -50.208011690894246, -22.129954249509591 ], [ -50.208045409979718, -22.130001456229255 ], [ -50.208075757156649, -22.130041919131816 ], [ -50.208089244790841, -22.130085753942939 ], [ -50.208095988607937, -22.130136332571155 ], [ -50.208102732425033, -22.130190283107915 ], [ -50.208126335784868, -22.130257721278884 ], [ -50.208133079601964, -22.130301556089993 ], [ -50.208143195327601, -22.130342018992568 ], [ -50.208112848150677, -22.1303723661695 ], [ -50.208109476242129, -22.130406085254972 ], [ -50.208129707693416, -22.130453291974646 ], [ -50.208133079601964, -22.130487011060119 ], [ -50.208129707693416, -22.130540961596864 ], [ -50.208116220059225, -22.130605027859279 ], [ -50.208116220059225, -22.13064211885332 ], [ -50.208139823419053, -22.130682581755892 ] ] ], [ [ [ -50.212239944000565, -22.127050681128487 ], [ -50.212219892325109, -22.127033971398934 ], [ -50.21217978897419, -22.127007235831645 ], [ -50.212159737298734, -22.127000551939823 ], [ -50.212086214488721, -22.126987184156196 ], [ -50.212032743354165, -22.126980500264377 ], [ -50.211985956111434, -22.126967132480747 ], [ -50.211925801085059, -22.126943738859378 ], [ -50.211848936329133, -22.126920345237998 ], [ -50.21181551687004, -22.126906977454379 ], [ -50.211701890709108, -22.12689695161664 ], [ -50.21167181319592, -22.126880241887093 ], [ -50.211628367899095, -22.126863532157525 ], [ -50.211618342061364, -22.12686019021162 ], [ -50.211471296441339, -22.127211094532143 ], [ -50.21148132227907, -22.127254539828968 ], [ -50.21156821287272, -22.127361482098092 ], [ -50.212430434917415, -22.128360723925081 ], [ -50.212530693294703, -22.128514453436907 ], [ -50.212589177348129, -22.128648131273309 ], [ -50.212635964590859, -22.128718312137416 ], [ -50.21266019369871, -22.128747554164125 ], [ -50.212706980941441, -22.128771783271961 ], [ -50.21274708429236, -22.128791834947425 ], [ -50.212814758697029, -22.128802696271634 ], [ -50.212863216912716, -22.128836115730728 ], [ -50.212896636371809, -22.128844470595496 ], [ -50.212916688047272, -22.128816064055272 ], [ -50.212906662209541, -22.128764263893665 ], [ -50.21287825566931, -22.128727502488665 ], [ -50.212819771615891, -22.128647295786827 ], [ -50.212796377994522, -22.128595495625227 ], [ -50.212784681183834, -22.128537011571808 ], [ -50.212762958535421, -22.128481869464299 ], [ -50.212681080860627, -22.128341507736089 ], [ -50.212657687239258, -22.128261301034261 ], [ -50.212656016266301, -22.128202816980835 ], [ -50.212624267780164, -22.128147674873322 ], [ -50.212585835402201, -22.1281042295765 ], [ -50.212549073997195, -22.128062455252632 ], [ -50.212527351348783, -22.128034048712397 ], [ -50.212522338429913, -22.128025693847626 ], [ -50.21254740302426, -22.12798308403729 ], [ -50.212567454699716, -22.127929612902722 ], [ -50.212574138591535, -22.127869457876354 ], [ -50.212574138591535, -22.127782567282694 ], [ -50.212554086916079, -22.127732438094046 ], [ -50.212520667456978, -22.127688992797236 ], [ -50.212487247997885, -22.127658915284048 ], [ -50.212410383241959, -22.127625495824955 ], [ -50.212336860431947, -22.127598760257673 ], [ -50.212249969838297, -22.127565340798576 ], [ -50.212216550379196, -22.127541947177196 ], [ -50.212159737298734, -22.127508527718103 ], [ -50.212139685623278, -22.12749181798856 ], [ -50.212099582272359, -22.127455056583546 ], [ -50.21209289838054, -22.127408269340815 ], [ -50.212106266164177, -22.127338088476705 ], [ -50.21212631783964, -22.127281275396264 ], [ -50.212186472866009, -22.127231146207606 ], [ -50.212209866487377, -22.127177675073067 ], [ -50.212229918162841, -22.127124203938489 ], [ -50.212236602054659, -22.127090784479392 ], [ -50.212239944000565, -22.127050681128487 ] ] ], [ [ [ -50.208918885252771, -22.127140078181561 ], [ -50.208831994659121, -22.127113342614287 ], [ -50.208755129903196, -22.127176839586557 ], [ -50.208725052390015, -22.127247020450667 ], [ -50.208711684606371, -22.127327227152499 ], [ -50.208725052390015, -22.127377356341157 ], [ -50.208778523524565, -22.127447537205249 ], [ -50.208811942983665, -22.127440853313434 ], [ -50.208878781901859, -22.127450879151159 ], [ -50.20892556914459, -22.127490982502067 ], [ -50.208992408062784, -22.127534427798913 ], [ -50.209065930872796, -22.127554479474369 ], [ -50.209226344276466, -22.127607950608915 ], [ -50.209283157356928, -22.127624660338473 ], [ -50.209349996275122, -22.127674789527124 ], [ -50.209406809355585, -22.127731602607568 ], [ -50.209487016057423, -22.127785073742132 ], [ -50.209530461354248, -22.127831860984866 ], [ -50.209567222759254, -22.127928777416244 ], [ -50.209590548768702, -22.128014306132101 ], [ -50.209550354326595, -22.128046674189449 ], [ -50.209534797410591, -22.128075290231116 ], [ -50.209517684795571, -22.128106767874915 ], [ -50.209489762341391, -22.128143931445106 ], [ -50.20947577710124, -22.128166816817227 ], [ -50.209461791856484, -22.128189702187953 ], [ -50.209443147523942, -22.128219737836858 ], [ -50.209424439158894, -22.128261249720463 ], [ -50.209404239111613, -22.128294146966947 ], [ -50.209381015697709, -22.128316987589454 ], [ -50.209356260589104, -22.128338386221664 ], [ -50.20931694244014, -22.12834823776754 ], [ -50.209297536214144, -22.128376835139392 ], [ -50.20927738014587, -22.12840184245573 ], [ -50.209258759759926, -22.128427574492154 ], [ -50.209245544299662, -22.128450463570889 ], [ -50.209233872529978, -22.128472642841878 ], [ -50.209230721099232, -22.12848553869107 ], [ -50.209229871201764, -22.128499880257262 ], [ -50.20922825946279, -22.128512783564684 ], [ -50.209225116035704, -22.128524244884137 ], [ -50.209213376211245, -22.128558617654122 ], [ -50.209217895225294, -22.128576571648672 ], [ -50.209230902568713, -22.128590980340615 ], [ -50.209257069356397, -22.128592541660524 ], [ -50.209273232137939, -22.128593337234928 ], [ -50.209294058025719, -22.128586265268698 ], [ -50.209305649752238, -22.128578431289156 ], [ -50.209318801181603, -22.128567018442428 ], [ -50.209325064009796, -22.128548399388254 ], [ -50.20932590989603, -22.128534775086163 ], [ -50.209329085331802, -22.128517575646313 ], [ -50.209356863835112, -22.128506233641133 ], [ -50.209377685704318, -22.128499878928444 ], [ -50.20939007527776, -22.1284870278174 ], [ -50.209396362103064, -22.128464105171126 ], [ -50.209406450136605, -22.128449808343856 ], [ -50.209430399398137, -22.128434861359736 ], [ -50.209456666195337, -22.128418491026608 ], [ -50.209466770224893, -22.128401325135993 ], [ -50.209473754855857, -22.128391316980821 ], [ -50.209481557346741, -22.128372705375433 ], [ -50.209490137683531, -22.128352662967838 ], [ -50.209495566614542, -22.128345516415003 ], [ -50.209512611246417, -22.128326232277573 ], [ -50.209514206952548, -22.128316198025558 ], [ -50.20952733833554, -22.128308371484632 ], [ -50.209534222932938, -22.12831629494741 ], [ -50.209541769350892, -22.1283435882882 ], [ -50.209550883469369, -22.128365868230087 ], [ -50.209557704056742, -22.128385267929296 ], [ -50.209573746793353, -22.128407581418394 ], [ -50.209587504001291, -22.128425580134525 ], [ -50.20960903568573, -22.128429988091696 ], [ -50.209642207073138, -22.128417954863394 ], [ -50.209659223692036, -22.128403691564465 ], [ -50.209671657235305, -22.128382950517537 ], [ -50.209683280926782, -22.128369378391017 ], [ -50.209691925238261, -22.128337859734192 ], [ -50.209684306787352, -22.128323477167019 ], [ -50.209659719736642, -22.128314750722527 ], [ -50.209642025293419, -22.12831251320312 ], [ -50.209621227466016, -22.128314564361737 ], [ -50.209599719802469, -22.128305852817537 ], [ -50.209594414899186, -22.128290764163779 ], [ -50.209596836453535, -22.128270691930254 ], [ -50.209600023851507, -22.12825134068887 ], [ -50.209609374008778, -22.128231302001385 ], [ -50.209617104462708, -22.128225601155833 ], [ -50.209640211811809, -22.128223561178967 ], [ -50.209657914244623, -22.128224364168528 ], [ -50.209681711433625, -22.128236673210264 ], [ -50.20969088157058, -22.128248911436899 ], [ -50.20969390094838, -22.128259685317776 ], [ -50.209697650170298, -22.128277635574232 ], [ -50.209709851691258, -22.128298495886021 ], [ -50.209718271989367, -22.128307144059974 ], [ -50.209732053206672, -22.128320839175228 ], [ -50.209748159962871, -22.128331676409989 ], [ -50.209756604264484, -22.128336020992826 ], [ -50.20977967163283, -22.128341153645454 ], [ -50.209800437465404, -22.128344840585786 ], [ -50.209835200501828, -22.128323490326494 ], [ -50.209846082323374, -22.128304893607162 ], [ -50.209867789967682, -22.12827774187452 ], [ -50.209909457589504, -22.128260728722953 ], [ -50.209948045821271, -22.128243700657396 ], [ -50.209963506703744, -22.128232298933099 ], [ -50.20998358665355, -22.128220919560775 ], [ -50.209996000140102, -22.12820376481142 ], [ -50.21001925542668, -22.128175185978158 ], [ -50.210033168609804, -22.128165211325822 ], [ -50.210032685023506, -22.128150661535201 ], [ -50.210038468020187, -22.128146766899626 ], [ -50.21004043061631, -22.128139962195974 ], [ -50.210041813829676, -22.128133513330781 ], [ -50.210044743728979, -22.128125816702493 ], [ -50.210048249012097, -22.128118481500543 ], [ -50.210047718609339, -22.128110050843503 ], [ -50.210045705025742, -22.12810432368936 ], [ -50.210048462970249, -22.128102558603551 ], [ -50.210061830753887, -22.128045745523092 ], [ -50.210021727402967, -22.127948829091704 ], [ -50.209984965997961, -22.12789869990306 ], [ -50.209961572376592, -22.127851912660322 ], [ -50.209928152917499, -22.127768364012585 ], [ -50.209954888484774, -22.127691499256656 ], [ -50.209974940160237, -22.127648053959835 ], [ -50.210058488807974, -22.127594582825285 ], [ -50.210138695509805, -22.127544453636641 ], [ -50.210238953887099, -22.127487640556172 ], [ -50.210292425021656, -22.127394066070693 ], [ -50.210375973669393, -22.127317201314781 ], [ -50.210369289777574, -22.127247020450675 ], [ -50.210364276858719, -22.127233652667034 ], [ -50.210355921993937, -22.127220284883386 ], [ -50.210355921993937, -22.12716681374884 ], [ -50.210315818643025, -22.12716347180293 ], [ -50.210262347508468, -22.12714676207338 ], [ -50.210222244157549, -22.127113342614287 ], [ -50.210155405239355, -22.127126710397924 ], [ -50.210108617996625, -22.127183523478383 ], [ -50.210041779078431, -22.12720023320793 ], [ -50.210021727402967, -22.127190207370209 ], [ -50.210001675727511, -22.127120026506102 ], [ -50.20992146902568, -22.12709663288474 ], [ -50.209841262323849, -22.127116684560189 ], [ -50.209771081459742, -22.127120026506102 ], [ -50.209667481136542, -22.127126710397917 ], [ -50.209577248596979, -22.127113342614287 ], [ -50.209503725786966, -22.12706655537156 ], [ -50.209470306327873, -22.127033135912448 ], [ -50.20939678351786, -22.127049845642002 ], [ -50.209313234870116, -22.127086607047005 ], [ -50.209233028168285, -22.127106658722457 ], [ -50.209122743953266, -22.127123368452011 ], [ -50.209002433900515, -22.127136736235652 ], [ -50.208918885252771, -22.127140078181561 ] ] ], [ [ [ -50.20096833, -22.12698 ], [ -50.20105778, -22.12725306 ], [ -50.20083667, -22.12741611 ], [ -50.20020639, -22.12759417 ], [ -50.19990056, -22.12776333 ], [ -50.19970417, -22.12789556 ], [ -50.19964167, -22.12805111 ], [ -50.19922444, -22.12832889 ], [ -50.19916111, -22.12840528 ], [ -50.1991675, -22.128546939999989 ], [ -50.19898056, -22.12884 ], [ -50.19897056, -22.12911139 ], [ -50.19888667, -22.12935694 ], [ -50.19859194, -22.12981778 ], [ -50.19855444, -22.13007917 ], [ -50.19849167, -22.13019194 ], [ -50.19825667, -22.13043333 ], [ -50.19803722, -22.13056639 ], [ -50.20189028, -22.130976939999986 ], [ -50.20181083, -22.13084194 ], [ -50.20145944, -22.13061528 ], [ -50.20128556, -22.13046222 ], [ -50.20092778, -22.13001167 ], [ -50.20071583, -22.12990972 ], [ -50.19985944, -22.12995667 ], [ -50.19964028, -22.12981528 ], [ -50.19956, -22.12963667 ], [ -50.19957889, -22.12917667 ], [ -50.199545, -22.12906111 ], [ -50.19930861, -22.12877694 ], [ -50.19921444, -22.12840806 ], [ -50.19933111, -22.12826944 ], [ -50.19964806, -22.12808944 ], [ -50.20023472, -22.12795778 ], [ -50.20114361, -22.1275725 ], [ -50.20147722, -22.12735 ], [ -50.20152028, -22.12727361 ], [ -50.20147222, -22.12721861 ], [ -50.20114417, -22.12706 ], [ -50.20103944, -22.12685361 ], [ -50.2010025, -22.12664889 ], [ -50.20107556, -22.12595222 ], [ -50.20126778, -22.12532667 ], [ -50.20134694, -22.12465667 ], [ -50.2013175, -22.12446556 ], [ -50.20114306, -22.12402861 ], [ -50.20088472, -22.12403833 ], [ -50.20093278, -22.12419083 ], [ -50.20098722, -22.12435611 ], [ -50.20127444, -22.124866669999989 ], [ -50.20121583, -22.12521944 ], [ -50.20106222, -22.12545583 ], [ -50.20080444, -22.12572417 ], [ -50.20064889, -22.12588667 ], [ -50.20094639, -22.12628556 ], [ -50.20098333, -22.12641139 ], [ -50.20096833, -22.12698 ] ] ], [ [ [ -50.209079780520149, -22.126528235418071 ], [ -50.209039829131505, -22.12651369617711 ], [ -50.209021369092007, -22.12651073760216 ], [ -50.208975178962397, -22.126510513804803 ], [ -50.208959606097132, -22.126541998858123 ], [ -50.208962541312836, -22.126567835314773 ], [ -50.208980729124264, -22.126619567909128 ], [ -50.208974346240588, -22.126659704902192 ], [ -50.209004915505851, -22.126700020936724 ], [ -50.209029406158805, -22.126725961829468 ], [ -50.209066198197576, -22.126754831453518 ], [ -50.20908768958202, -22.126766412121334 ], [ -50.20915859462896, -22.126752409928756 ], [ -50.209195610835479, -22.126741112689402 ], [ -50.209257133745403, -22.126752887241597 ], [ -50.209312642035435, -22.12673881040519 ], [ -50.209355832927436, -22.126724673897211 ], [ -50.209380627760325, -22.126696102603056 ], [ -50.209402327232162, -22.126670385452304 ], [ -50.209414772655435, -22.126647492622311 ], [ -50.209430313424065, -22.126621745643092 ], [ -50.209445870191288, -22.12659312960227 ], [ -50.209464554307409, -22.126555921291022 ], [ -50.209464682338869, -22.126532968811652 ], [ -50.209455556339151, -22.126512840658819 ], [ -50.209415572903346, -22.126504039628607 ], [ -50.209387826813263, -22.126509643538466 ], [ -50.209384667443381, -22.126523973925323 ], [ -50.209370766385923, -22.126531796732898 ], [ -50.209323000558925, -22.126538020961934 ], [ -50.209286128483058, -22.126523496694151 ], [ -50.209261573783493, -22.126509032078108 ], [ -50.209246225097822, -22.126500350323749 ], [ -50.209209321021959, -22.12649156415857 ], [ -50.20917533619496, -22.126511483499065 ], [ -50.209162938776394, -22.126525769131241 ], [ -50.209122811260031, -22.126542789566987 ], [ -50.209079780520149, -22.126528235418071 ] ] ], [ [ [ -50.208274700367028, -22.126356488605111 ], [ -50.208249857293431, -22.126393666905024 ], [ -50.208225206553614, -22.126396416491342 ], [ -50.208206698461609, -22.126402065002495 ], [ -50.208194445223633, -22.126390529026931 ], [ -50.208169874633654, -22.12637893330951 ], [ -50.208092843077395, -22.126387167084303 ], [ -50.208083476807374, -22.126410074745674 ], [ -50.207999933814982, -22.126481397898534 ], [ -50.207987520249901, -22.126498552497004 ], [ -50.207947280367563, -22.126535656052017 ], [ -50.207922549422889, -22.126552750885935 ], [ -50.207879262237476, -22.126584101365196 ], [ -50.207860625816679, -22.126612702306119 ], [ -50.207866640176277, -22.126638553717733 ], [ -50.207863352358707, -22.126675836540429 ], [ -50.20793711231795, -22.126702016645027 ], [ -50.20802963697723, -22.12667664328789 ], [ -50.20810657250491, -22.126685623901537 ], [ -50.208159097707259, -22.126654318169322 ], [ -50.208162337355461, -22.126625642515222 ], [ -50.208156338972472, -22.12659692205392 ], [ -50.208245832270599, -22.126562926457794 ], [ -50.208295181889788, -22.126548820099629 ], [ -50.208359848078231, -22.126549133682147 ], [ -50.208424450167847, -22.12656092347579 ], [ -50.208513863267775, -22.126541273026312 ], [ -50.208600148938302, -22.126530214777727 ], [ -50.208649402391856, -22.126533322667186 ], [ -50.208680307952612, -22.126513388512798 ], [ -50.208686546734469, -22.126499073067365 ], [ -50.208692833573551, -22.126476150443416 ], [ -50.208695976992281, -22.126464689131311 ], [ -50.208686787028874, -22.126456037176332 ], [ -50.208680644367497, -22.126453138265479 ], [ -50.208640644982452, -22.126447206106679 ], [ -50.208582169560096, -22.126441184373469 ], [ -50.20854524952334, -22.126435267119088 ], [ -50.208511424852922, -22.126426495726175 ], [ -50.208465362948942, -22.126403319311176 ], [ -50.208428474977346, -22.126391663912301 ], [ -50.208391635088631, -22.12637140132755 ], [ -50.20836090580832, -22.12635977577602 ], [ -50.208299351099164, -22.126353739011055 ], [ -50.208274700367028, -22.126356488605111 ] ] ], [ [ [ -50.209435111459982, -22.126315348592549 ], [ -50.209351562812238, -22.126352109997537 ], [ -50.209358246704056, -22.126382187510718 ], [ -50.209465188973169, -22.126435658645299 ], [ -50.209555421512732, -22.12646573615848 ], [ -50.209578815134101, -22.126505839509392 ], [ -50.209632286268651, -22.126522549238949 ], [ -50.209645654052295, -22.126592730103038 ], [ -50.209558763458638, -22.126626149562142 ], [ -50.209518660107726, -22.126652885129417 ], [ -50.209578815134101, -22.126723065993527 ], [ -50.20967238961957, -22.126746459614903 ], [ -50.20974257048367, -22.126759827398537 ], [ -50.209882932211883, -22.126749801560809 ], [ -50.210003242264627, -22.126706356263984 ], [ -50.210170339560115, -22.126682962642604 ], [ -50.210297333504684, -22.12665288512942 ], [ -50.210454404962434, -22.12656933648168 ], [ -50.210537953610178, -22.126539258968485 ], [ -50.210601450582459, -22.126512523401217 ], [ -50.210711734797485, -22.126482445888026 ], [ -50.210768547877947, -22.126459052266661 ], [ -50.210808651228859, -22.126425632807567 ], [ -50.21084207068796, -22.126375503618913 ], [ -50.21091225155206, -22.126281929133452 ], [ -50.210922277389791, -22.126225116052975 ], [ -50.210882174038872, -22.126181670756157 ], [ -50.210781915661585, -22.126168302972502 ], [ -50.210654921717015, -22.126154935188879 ], [ -50.210564689177453, -22.126168302972509 ], [ -50.210534611664265, -22.12621509021524 ], [ -50.210484482475621, -22.126281929133441 ], [ -50.21042098550334, -22.126322032484367 ], [ -50.210350804639234, -22.126342084159827 ], [ -50.21031738518014, -22.126352109997551 ], [ -50.210220468748759, -22.126332058322095 ], [ -50.210180365397839, -22.12627190329572 ], [ -50.210130236209196, -22.126238483836623 ], [ -50.210066739236915, -22.126251851620253 ], [ -50.209976506697352, -22.126268561349811 ], [ -50.209892958049608, -22.126265219403891 ], [ -50.209762622159133, -22.126241825782532 ], [ -50.209692441295026, -22.126241825782522 ], [ -50.209605550701376, -22.126231799944797 ], [ -50.209508634269994, -22.126255193566166 ], [ -50.209435111459982, -22.126315348592549 ] ] ], [ [ [ -50.210513828938169, -22.12533083221469 ], [ -50.210527196721806, -22.125390987241094 ], [ -50.210513828938169, -22.125457826159277 ], [ -50.210527196721806, -22.12549458756428 ], [ -50.210600719531818, -22.125511297293826 ], [ -50.210677584287737, -22.125511297293816 ], [ -50.210717687638656, -22.125551400644742 ], [ -50.210764474881394, -22.125624923454751 ], [ -50.210757790989575, -22.125708472102506 ], [ -50.210817946015943, -22.125738549615676 ], [ -50.210881442988232, -22.125715155994314 ], [ -50.210921546339144, -22.125688420427039 ], [ -50.210968333581881, -22.125634949292479 ], [ -50.210951623852331, -22.125528007023366 ], [ -50.211001753040982, -22.125431090591992 ], [ -50.211021804716438, -22.125357567781975 ], [ -50.211035172500075, -22.125284044971977 ], [ -50.211048540283713, -22.125220547999692 ], [ -50.211071933905082, -22.125150367135578 ], [ -50.211115379201907, -22.125050108758284 ], [ -50.211128746985544, -22.12498661178601 ], [ -50.211102011418269, -22.124886353408719 ], [ -50.211102011418269, -22.12481283059871 ], [ -50.211098669472364, -22.124786095031432 ], [ -50.211048540283713, -22.1247760691937 ], [ -50.210918204393238, -22.124809488652811 ], [ -50.210811262124125, -22.124862959787347 ], [ -50.21078452655685, -22.124939824543276 ], [ -50.2107678168273, -22.125046766812378 ], [ -50.210741081260025, -22.125130315460122 ], [ -50.210731055422293, -22.125203838270131 ], [ -50.210727713476388, -22.125267335242416 ], [ -50.210674242341831, -22.125307438593339 ], [ -50.210654190666375, -22.125310780539241 ], [ -50.210590693694087, -22.125310780539259 ], [ -50.210570642018631, -22.125300754701524 ], [ -50.210513828938169, -22.12533083221469 ] ] ], [ [ [ -50.214188884726902, -22.124558675540847 ], [ -50.21413656838461, -22.124552685453057 ], [ -50.214127195257099, -22.124577028030458 ], [ -50.214143948489884, -22.124610103784029 ], [ -50.214134519681899, -22.124644488084975 ], [ -50.214131281297028, -22.124673163901313 ], [ -50.214129526885756, -22.124711888851667 ], [ -50.214147787972294, -22.124750710143349 ], [ -50.214159914312937, -22.124785198194733 ], [ -50.214178199277406, -22.124819715887494 ], [ -50.214210404770974, -22.124842824015822 ], [ -50.214242721616202, -22.124845848691294 ], [ -50.214276657643765, -22.124834535450773 ], [ -50.214316720475956, -22.124828989967803 ], [ -50.214339831200348, -22.124826232040625 ], [ -50.214370616342343, -22.124827814749786 ], [ -50.214384497089149, -22.124823577831737 ], [ -50.214384520943604, -22.12481927423585 ], [ -50.214373942150921, -22.124783359076293 ], [ -50.214369553785041, -22.124741735423086 ], [ -50.214348149716855, -22.124714375592465 ], [ -50.214343665937932, -22.124689966322222 ], [ -50.21434073771708, -22.12466269539679 ], [ -50.214323952623793, -22.124635357790009 ], [ -50.214311738780921, -22.124616649601137 ], [ -50.214284136371859, -22.124596432785559 ], [ -50.214244240613752, -22.124571853091446 ], [ -50.214188884726902, -22.124558675540847 ] ] ], [ [ [ -50.211201329873248, -22.122614143497568 ], [ -50.211233078359392, -22.122635866145984 ], [ -50.211256471980761, -22.122674298523936 ], [ -50.211273181710304, -22.12270938895599 ], [ -50.211299917277586, -22.122759518144644 ], [ -50.21131495603418, -22.122789595657814 ], [ -50.211326652844861, -22.122828028035798 ], [ -50.211346704520317, -22.122863118467848 ], [ -50.211370098141686, -22.122889854035115 ], [ -50.211398504681917, -22.12286311846783 ], [ -50.21141855635738, -22.122841395819407 ], [ -50.211438608032836, -22.122804634414418 ], [ -50.211445291924655, -22.122791266630774 ], [ -50.211477040410799, -22.122746150361007 ], [ -50.211487066248523, -22.122702705064167 ], [ -50.211487066248523, -22.122670956578038 ], [ -50.211483724302617, -22.122642550037796 ], [ -50.211485395275574, -22.122605788632782 ], [ -50.211507117923986, -22.122569027227762 ], [ -50.211518814734667, -22.122510543174361 ], [ -50.211518814734667, -22.122455401066855 ], [ -50.21150544695103, -22.122415297715939 ], [ -50.211467014573067, -22.122375194365006 ], [ -50.211416885384423, -22.122365168527292 ], [ -50.211373440087598, -22.122383549229795 ], [ -50.211316627007129, -22.122395246040472 ], [ -50.211253130034848, -22.122381878256835 ], [ -50.211204671819161, -22.122363497554339 ], [ -50.211166239441198, -22.122358484635477 ], [ -50.211141174846873, -22.122380207283886 ], [ -50.211127807063235, -22.12241028479707 ], [ -50.211139503873916, -22.122442033283217 ], [ -50.211146187765742, -22.122470439823442 ], [ -50.211139503873916, -22.122515556093241 ], [ -50.211139503873916, -22.122548975552327 ], [ -50.211166239441198, -22.122590749876199 ], [ -50.211201329873248, -22.122614143497568 ] ] ], [ [ [ -50.19795972, -22.11801222 ], [ -50.19793333, -22.11831083 ], [ -50.19802722, -22.1186775 ], [ -50.19833889, -22.119215 ], [ -50.19851139, -22.11982833 ], [ -50.19853861, -22.12001472 ], [ -50.19870917, -22.12032917 ], [ -50.19880472, -22.12072139 ], [ -50.19895694, -22.12091694 ], [ -50.19938722, -22.12124944 ], [ -50.19990694, -22.12148694 ], [ -50.20004861000001, -22.12157167 ], [ -50.20023306, -22.12183917 ], [ -50.2004475, -22.12235861 ], [ -50.20082333, -22.12295472 ], [ -50.20143083, -22.12443806 ], [ -50.20146417, -22.124655 ], [ -50.20138222, -22.1253475 ], [ -50.20119056, -22.1259725 ], [ -50.20111972, -22.126645 ], [ -50.20115167, -22.12682083 ], [ -50.2012325, -22.12698056 ], [ -50.20154722, -22.12713278 ], [ -50.20165889, -22.12726056 ], [ -50.2015675, -22.12742306 ], [ -50.20120222, -22.12766667 ], [ -50.20027278, -22.12806083 ], [ -50.19969306, -22.12819083 ], [ -50.19940944, -22.12835194 ], [ -50.19934056, -22.12843361 ], [ -50.19941611, -22.128729169999989 ], [ -50.19965139, -22.12901167 ], [ -50.19969583, -22.12916417 ], [ -50.19967722, -22.12961694 ], [ -50.19973444, -22.12974417 ], [ -50.1998925, -22.12984611 ], [ -50.20074083, -22.1298 ], [ -50.201005, -22.12992694 ], [ -50.20137278, -22.13039 ], [ -50.20153306000001, -22.13053083 ], [ -50.20190056, -22.13076778 ], [ -50.20202554974238, -22.130990541718457 ], [ -50.202090423215303, -22.130997064868996 ], [ -50.204908666462977, -22.1312796950631 ], [ -50.204909387456155, -22.131245275822696 ], [ -50.204929954932901, -22.131235726637055 ], [ -50.204971089886399, -22.131251152244623 ], [ -50.20501295939264, -22.13127318882686 ], [ -50.205034995974877, -22.13125482500832 ], [ -50.205021774025539, -22.131194591683556 ], [ -50.204980639072041, -22.1311343583588 ], [ -50.204973293544626, -22.131074125034022 ], [ -50.205030588658431, -22.131030051869566 ], [ -50.205142240675066, -22.130985978705102 ], [ -50.205242139847847, -22.130941905540642 ], [ -50.205406679661841, -22.130880203110397 ], [ -50.205631452800581, -22.130802340519846 ], [ -50.20569462433631, -22.13075532914441 ], [ -50.205866509677726, -22.130664244604532 ], [ -50.205911971504477, -22.13060102364653 ], [ -50.20600901290949, -22.130567283642719 ], [ -50.206150047035756, -22.130513661292589 ], [ -50.206252149866764, -22.130485748288439 ], [ -50.20637853510987, -22.130438718942838 ], [ -50.206487848036886, -22.130380780917992 ], [ -50.206598858760536, -22.130321943027187 ], [ -50.206705839619559, -22.1302985312287 ], [ -50.206798289829734, -22.130254731451377 ], [ -50.206829451347232, -22.130290878856169 ], [ -50.206945200377945, -22.130425147687305 ], [ -50.207031877601395, -22.130511824910748 ], [ -50.207133245879653, -22.130632291560282 ], [ -50.207196417415389, -22.130742474471447 ], [ -50.207190540993459, -22.130826213483918 ], [ -50.207188704611603, -22.130879468557648 ], [ -50.207202293837312, -22.130912890707364 ], [ -50.207262527162079, -22.130914359812849 ], [ -50.207278687322386, -22.130840904538736 ], [ -50.207284563744309, -22.130773325686562 ], [ -50.207302193010101, -22.13069987041246 ], [ -50.207255181634672, -22.130632291560278 ], [ -50.207189071887974, -22.130550021653288 ], [ -50.207133245879653, -22.130485381012054 ], [ -50.207053914183597, -22.130374463548169 ], [ -50.207070808896638, -22.130295866404872 ], [ -50.207128104010451, -22.130225349341735 ], [ -50.207116318658436, -22.130156716999473 ], [ -50.207115616613848, -22.130152628620376 ], [ -50.207061259711011, -22.130109290008644 ], [ -50.207043721868644, -22.130070900514138 ], [ -50.207068920135498, -22.130057131418191 ], [ -50.207137653196057, -22.129990292464587 ], [ -50.207209639364677, -22.129985150595409 ], [ -50.207278687322336, -22.129929324587078 ], [ -50.207319087723093, -22.129875702236991 ], [ -50.207416783237655, -22.129811796148527 ], [ -50.207503920421225, -22.129802739827923 ], [ -50.207599686870161, -22.129775803064202 ], [ -50.20763722516805, -22.129719448289375 ], [ -50.20772749904711, -22.129686187629783 ], [ -50.207790670582838, -22.129636238043403 ], [ -50.207865594962428, -22.129581881140563 ], [ -50.207889100650135, -22.129530462448688 ], [ -50.207870002278874, -22.129470229123928 ], [ -50.207905995363184, -22.129396773849823 ], [ -50.207966963240693, -22.129293936466073 ], [ -50.208041153067541, -22.129185222660404 ], [ -50.208055109569621, -22.129145556812386 ], [ -50.208036011198352, -22.129102218200654 ], [ -50.208008832746934, -22.129063286905385 ], [ -50.20797724697907, -22.128981016998388 ], [ -50.207975043320843, -22.128916743633546 ], [ -50.207960719542392, -22.12883924831937 ], [ -50.207912239061486, -22.128779014994599 ], [ -50.207828500049004, -22.128704090615031 ], [ -50.207721255348815, -22.128623289813497 ], [ -50.207658083813079, -22.12855864917228 ], [ -50.20762943625617, -22.128463891868677 ], [ -50.207597115935563, -22.128372807328795 ], [ -50.207568468378653, -22.128301555712913 ], [ -50.207520722450489, -22.12817447808871 ], [ -50.207467100100395, -22.128018018354869 ], [ -50.207454612703799, -22.127888002519704 ], [ -50.207519253345012, -22.127791041557874 ], [ -50.207642658205508, -22.127711709861853 ], [ -50.207783750020795, -22.127681879076615 ], [ -50.207806676781416, -22.127677031700635 ], [ -50.207844579962597, -22.127692854302577 ], [ -50.207869214897087, -22.127692973839423 ], [ -50.207892318166657, -22.127691651372658 ], [ -50.207920072558338, -22.127684613197147 ], [ -50.207935533534943, -22.127673211667137 ], [ -50.207992549918444, -22.127664880883028 ], [ -50.20801878065145, -22.127654966162122 ], [ -50.208040352247913, -22.127652201675382 ], [ -50.208083503454986, -22.127645238163961 ], [ -50.208120511958569, -22.127635375708302 ], [ -50.208157512441637, -22.127626947773432 ], [ -50.208176044743375, -22.127616995685507 ], [ -50.208205354820763, -22.127607095869919 ], [ -50.208240759506026, -22.127608702153445 ], [ -50.208325558253676, -22.127588312162871 ], [ -50.208337899754618, -22.127584068307058 ], [ -50.208361015024607, -22.127580593979182 ], [ -50.208381050928878, -22.127577104715886 ], [ -50.208387241711392, -22.127571396462447 ], [ -50.20841882523073, -22.127567963189122 ], [ -50.208445793708407, -22.127563790248633 ], [ -50.208458139210158, -22.127558829118836 ], [ -50.20848206037013, -22.127548903123792 ], [ -50.20850214834612, -22.127536089403964 ], [ -50.208513812134456, -22.127515344713299 ], [ -50.208522356496886, -22.127501757739605 ], [ -50.208533214385689, -22.127487464697573 ], [ -50.208544044231473, -22.127478192507905 ], [ -50.208563410420005, -22.127456767870811 ], [ -50.208577379708274, -22.127436751636157 ], [ -50.208581288994971, -22.12742601132534 ], [ -50.208576253755908, -22.127407266694128 ], [ -50.208593169452428, -22.127392913972226 ], [ -50.208625489773034, -22.127313582276194 ], [ -50.208610798718212, -22.127246003424023 ], [ -50.208544688971521, -22.127179893677344 ], [ -50.208453604431625, -22.127168140833476 ], [ -50.20821120202708, -22.127128474985451 ], [ -50.208015810997949, -22.127069710766165 ], [ -50.207849802078478, -22.127019761179785 ], [ -50.207705829741229, -22.126933083956331 ], [ -50.207569202931388, -22.126778460604321 ], [ -50.207511173240853, -22.126719696394854 ], [ -50.207519091212156, -22.126699988010181 ], [ -50.207534560131165, -22.126687151985315 ], [ -50.207560710497468, -22.126691582625181 ], [ -50.207574479316492, -22.126707429708379 ], [ -50.207586724507891, -22.126720400258613 ], [ -50.207611271043021, -22.126736299651526 ], [ -50.207637389339006, -22.126746468396561 ], [ -50.207648239234167, -22.126733609942306 ], [ -50.207656073944541, -22.126709260307585 ], [ -50.207676201970791, -22.126689274040253 ], [ -50.207697909763056, -22.126662122595796 ], [ -50.20771956140927, -22.126645012853501 ], [ -50.207731967, -22.126629292806417 ], [ -50.207733602906018, -22.126612085926158 ], [ -50.207756810250203, -22.126592114591613 ], [ -50.207759993843084, -22.126573480653185 ], [ -50.207747732608915, -22.126563379174325 ], [ -50.207710876739519, -22.126545985496644 ], [ -50.207695536169744, -22.126535869069837 ], [ -50.20767410910026, -22.126512811988082 ], [ -50.207638720739844, -22.126508336531042 ], [ -50.207606379639685, -22.126509614129784 ], [ -50.207577117880071, -22.126510906668742 ], [ -50.207547848098741, -22.126513633731754 ], [ -50.20750626095252, -22.126516300998063 ], [ -50.207455379625998, -22.126528965112058 ], [ -50.207433760057384, -22.126540336702107 ], [ -50.207382926854677, -22.126544393617632 ], [ -50.207367441892053, -22.126560098686848 ], [ -50.207333166202559, -22.1265744968528 ], [ -50.207316516788467, -22.126562502098466 ], [ -50.207206333877309, -22.126458195609231 ], [ -50.207149038763511, -22.126361234647419 ], [ -50.207093212755197, -22.126278230187687 ], [ -50.206996251793377, -22.126168047276529 ], [ -50.206913247333645, -22.126124708664815 ], [ -50.206837588401314, -22.12605051883796 ], [ -50.206779955196083, -22.126059546752561 ], [ -50.206725201831937, -22.125988816407709 ], [ -50.206713448988076, -22.125874226180105 ], [ -50.206760460363505, -22.125742006686714 ], [ -50.206752380283341, -22.125672224176324 ], [ -50.20671638719903, -22.125603176218664 ], [ -50.206760269913666, -22.125578665557022 ], [ -50.206939691232321, -22.12554514655211 ], [ -50.20708366356957, -22.125477567699928 ], [ -50.207215883062958, -22.125401174214876 ], [ -50.207218821273919, -22.125313027885941 ], [ -50.207251141594526, -22.125236634400856 ], [ -50.207189439164281, -22.125177870181584 ], [ -50.207072633977646, -22.12516326953326 ], [ -50.207152292994891, -22.12500504465039 ], [ -50.207257018016456, -22.124942813304454 ], [ -50.207315782235739, -22.124834099498781 ], [ -50.207339287923453, -22.124687188950563 ], [ -50.207271709071271, -22.124613733676458 ], [ -50.207154180632706, -22.124640177575134 ], [ -50.207092478202455, -22.124760644224679 ], [ -50.206977887974858, -22.124884049085168 ], [ -50.206766336785435, -22.125004515734702 ], [ -50.206648808346863, -22.12511029132941 ], [ -50.206490144954799, -22.125154364493877 ], [ -50.206390245782018, -22.125204314080268 ], [ -50.206287408398268, -22.12525132545569 ], [ -50.206114053951381, -22.125254263666662 ], [ -50.205937761293526, -22.125280707565341 ], [ -50.20580715902522, -22.125334269933131 ], [ -50.205635125564214, -22.125286583987251 ], [ -50.205420636163829, -22.125227819767982 ], [ -50.205259034560797, -22.125216066924111 ], [ -50.205114052213446, -22.125214873275848 ], [ -50.204996523774874, -22.125191367588137 ], [ -50.204883402652754, -22.125110566786621 ], [ -50.204771750636127, -22.124982754609686 ], [ -50.204624840087916, -22.124777079842193 ], [ -50.204542570180919, -22.124603725395307 ], [ -50.20443091816427, -22.124356915674301 ], [ -50.204382437683357, -22.124199721387708 ], [ -50.204400851092792, -22.124151212587954 ], [ -50.20447499132873, -22.124110105953321 ], [ -50.204537563609314, -22.124096141151579 ], [ -50.204553221195646, -22.124143895379394 ], [ -50.204616392731374, -22.124199721387708 ], [ -50.204672218739695, -22.124210005126077 ], [ -50.20473979759187, -22.124187968543847 ], [ -50.204750081330246, -22.124098353109449 ], [ -50.204713353693187, -22.124029305151787 ], [ -50.204752284988466, -22.124006166740443 ], [ -50.204794811784232, -22.12400569222816 ], [ -50.204979261785454, -22.124021959624375 ], [ -50.20503325141194, -22.123980824670895 ], [ -50.205030313200979, -22.123880925498113 ], [ -50.205042066044832, -22.123801593802071 ], [ -50.205103768475084, -22.123734014949896 ], [ -50.205285937554862, -22.123651745042899 ], [ -50.205579299556064, -22.123592705366431 ], [ -50.205773680574929, -22.123484267017947 ], [ -50.205845207648323, -22.123517780986841 ], [ -50.20589368812923, -22.123497213510095 ], [ -50.205977298594959, -22.123446088639195 ], [ -50.206149771578353, -22.123413749954803 ], [ -50.20629668212657, -22.123500427178268 ], [ -50.206367199189707, -22.12353568570984 ], [ -50.206443592674781, -22.123522463760494 ], [ -50.206480320311833, -22.123471045068616 ], [ -50.206547899164008, -22.12343578653703 ], [ -50.206752839378751, -22.123343967444423 ], [ -50.206840251154937, -22.123296221516259 ], [ -50.206860818631682, -22.12326537030112 ], [ -50.206848331235086, -22.1232396609552 ], [ -50.206810134492549, -22.123230846322283 ], [ -50.206743290193117, -22.123220562583921 ], [ -50.206659551180643, -22.123230111769551 ], [ -50.206555244691408, -22.123233784533255 ], [ -50.206491338609354, -22.12325361744929 ], [ -50.206408334143198, -22.123209544292799 ], [ -50.206435512594616, -22.12317648941946 ], [ -50.206455345518634, -22.123119928858397 ], [ -50.206572873957207, -22.123037658951393 ], [ -50.206627230860043, -22.122962734571807 ], [ -50.206666896708064, -22.122820231340039 ], [ -50.206717234754919, -22.12274814538905 ], [ -50.206879182450223, -22.122717393956282 ], [ -50.207022420234729, -22.122661567947979 ], [ -50.207106893799946, -22.122586643568376 ], [ -50.207201716877144, -22.122552334837174 ], [ -50.20765413559203, -22.122379499695406 ], [ -50.207715838022303, -22.122317797265175 ], [ -50.207721633130625, -22.1222077837621 ], [ -50.207723304103588, -22.122140109357421 ], [ -50.207760900995076, -22.122104183438886 ], [ -50.207806852757244, -22.122107525388376 ], [ -50.207906275642145, -22.122165173951753 ], [ -50.20795556933713, -22.12216266748705 ], [ -50.208009040478871, -22.122135096438548 ], [ -50.208051650290173, -22.122099170521036 ], [ -50.208075879397065, -22.122037344520702 ], [ -50.208085069748314, -22.121977189494327 ], [ -50.208055827721594, -22.121908679603184 ], [ -50.208040788965, -22.121816776090661 ], [ -50.207945543364382, -22.121788369545563 ], [ -50.207748368697899, -22.121790040523397 ], [ -50.207661478104249, -22.12178502760452 ], [ -50.207547851943318, -22.121796724415205 ], [ -50.207454277457849, -22.121858550414544 ], [ -50.20736070297238, -22.12194377003523 ], [ -50.207287180162368, -22.122010608953424 ], [ -50.207237050973717, -22.122037344520709 ], [ -50.207262115568042, -22.122090815655262 ], [ -50.207322270594418, -22.122150970681634 ], [ -50.207286859221512, -22.122206145248519 ], [ -50.207051802344374, -22.122220836303335 ], [ -50.206825560100128, -22.122288415155527 ], [ -50.206721253610887, -22.122383907011855 ], [ -50.206525862581778, -22.122514657399762 ], [ -50.206462691046035, -22.122489682606577 ], [ -50.206415679670606, -22.122430918387295 ], [ -50.206352508134877, -22.122410350910535 ], [ -50.206267300016911, -22.122403005383127 ], [ -50.206174746371545, -22.122480867973675 ], [ -50.206092476464548, -22.122601334623198 ], [ -50.206043995983634, -22.12268360453022 ], [ -50.205932343966985, -22.122771750859126 ], [ -50.205772211469437, -22.122887810192211 ], [ -50.205638522870565, -22.122946574411493 ], [ -50.205534216381345, -22.123052350006201 ], [ -50.20544607005241, -22.123012684158201 ], [ -50.205347639985114, -22.122993585786908 ], [ -50.205156656272436, -22.123067041061017 ], [ -50.205039862386599, -22.123081732115843 ], [ -50.204952450610413, -22.12303472074041 ], [ -50.204893686391131, -22.123009745947218 ], [ -50.204808478273165, -22.123053819111671 ], [ -50.204635491102636, -22.123043535373284 ], [ -50.204452404629166, -22.122996557683503 ], [ -50.204153624504499, -22.122789380124885 ], [ -50.204101471259889, -22.122717393956254 ], [ -50.20407062004476, -22.122636593154752 ], [ -50.204088249310544, -22.122580032593692 ], [ -50.204150686293531, -22.122543304956647 ], [ -50.204212388723782, -22.122449282205778 ], [ -50.204288782208849, -22.122296495235648 ], [ -50.204326978951386, -22.122131955421661 ], [ -50.204413656174829, -22.122108449733933 ], [ -50.204450383811881, -22.122061438358514 ], [ -50.204429816335136, -22.121971822924095 ], [ -50.204418063491268, -22.121877800173241 ], [ -50.204468013077658, -22.121791122949791 ], [ -50.204525308191457, -22.121785246527864 ], [ -50.20460023257106, -22.121871923751304 ], [ -50.204714822798664, -22.121921873337715 ], [ -50.20483822765916, -22.121942440814461 ], [ -50.20498513820737, -22.121960070080235 ], [ -50.205158492654256, -22.121977699346019 ], [ -50.205293650358612, -22.121954193658301 ], [ -50.205437622695854, -22.121892491228056 ], [ -50.205778455167703, -22.121877800173241 ], [ -50.206025264888694, -22.121819035953958 ], [ -50.20610753479567, -22.121726482308592 ], [ -50.206195681124598, -22.121675063616721 ], [ -50.206271340056873, -22.121634663215939 ], [ -50.206340388014532, -22.121635397768678 ], [ -50.206426330685233, -22.121620706713866 ], [ -50.206491705879188, -22.121581775418591 ], [ -50.206554510138538, -22.121562677047326 ], [ -50.206670569471626, -22.121555331519897 ], [ -50.206824825547244, -22.121605281106291 ], [ -50.206943823091308, -22.121702242068118 ], [ -50.207067227951804, -22.121711056701013 ], [ -50.207311099461833, -22.121784511975108 ], [ -50.20753734170605, -22.121734562388724 ], [ -50.207580591443069, -22.121683937884885 ], [ -50.207831698999769, -22.121715840122633 ], [ -50.208129391215351, -22.121753660759982 ], [ -50.208233697704578, -22.121759537181919 ], [ -50.208401175729541, -22.121727216861306 ], [ -50.208574782065106, -22.121680219867979 ], [ -50.208702342353369, -22.1216625762201 ], [ -50.208781674049405, -22.121689020118772 ], [ -50.20889920248797, -22.121696365646176 ], [ -50.209055378403818, -22.121687156443876 ], [ -50.209122506521254, -22.121713994911971 ], [ -50.209172660179448, -22.121791945613833 ], [ -50.209257780135843, -22.121840075475113 ], [ -50.209392821950054, -22.121862374590386 ], [ -50.209560299954916, -22.121821239612171 ], [ -50.209657260916735, -22.121771290025773 ], [ -50.209881547710573, -22.121681054544279 ], [ -50.210065672240759, -22.121643477848835 ], [ -50.210177324257401, -22.121677267274919 ], [ -50.210265470586322, -22.121681674591361 ], [ -50.210352331981596, -22.121686278389078 ], [ -50.210400086836756, -22.121714898373462 ], [ -50.210477021775745, -22.121761006287397 ], [ -50.210509342096351, -22.121821239612164 ], [ -50.210551946155334, -22.121869720093066 ], [ -50.210597488425279, -22.121913793257534 ], [ -50.210666536382938, -22.121916731468506 ], [ -50.210750275400969, -22.121896164010913 ], [ -50.210926568053267, -22.121865312776634 ], [ -50.211053839456184, -22.121846390345411 ], [ -50.21113811924269, -22.12186384367115 ], [ -50.211217450938726, -22.121894694886276 ], [ -50.211268869630601, -22.121929953417837 ], [ -50.21135285696058, -22.121997043334837 ], [ -50.211411372862365, -22.122090085915389 ], [ -50.211448100499418, -22.122142973712741 ], [ -50.211489235452916, -22.122225243619742 ], [ -50.211559752516052, -22.122281069628063 ], [ -50.211630269579196, -22.122323673687053 ], [ -50.211689033798478, -22.122329550108983 ], [ -50.211761019967106, -22.122289884260951 ], [ -50.211790402076744, -22.122225243619749 ], [ -50.211799216709636, -22.122151788345626 ], [ -50.21181684597542, -22.12209890054827 ], [ -50.211862388245365, -22.122046012750921 ], [ -50.21186973377278, -22.122001939586458 ], [ -50.211876402947013, -22.121994630274568 ], [ -50.211913268787832, -22.121957137818889 ], [ -50.21194334630102, -22.121915363495017 ], [ -50.211938333382157, -22.121830143874313 ], [ -50.21190825586897, -22.121753279118394 ], [ -50.211879849328739, -22.121691453119066 ], [ -50.211911597814897, -22.121687275686675 ], [ -50.211980943192522, -22.121679756308389 ], [ -50.211999323895022, -22.121647172335752 ], [ -50.212005172300358, -22.121611246417213 ], [ -50.21201937557047, -22.121559446255631 ], [ -50.212041098218883, -22.121513494499368 ], [ -50.21204109821889, -22.121467542743112 ], [ -50.212103759704689, -22.121450833013565 ], [ -50.212174776055271, -22.121465871770162 ], [ -50.212229918162784, -22.121450833013565 ], [ -50.212274198946098, -22.121419502270648 ], [ -50.212300516770128, -22.121404463514061 ], [ -50.212319732959109, -22.121394019933096 ], [ -50.212334771715014, -22.12138023440647 ], [ -50.212269186054328, -22.121205617724176 ], [ -50.212178953487673, -22.12100343000489 ], [ -50.211956714084664, -22.120909020032954 ], [ -50.211865646058627, -22.120868916682038 ], [ -50.211885279990845, -22.120824635898732 ], [ -50.211885279990845, -22.120782443831626 ], [ -50.211872329950445, -22.120746100169853 ], [ -50.211858962166808, -22.120708503278365 ], [ -50.211858126680333, -22.120666311211259 ], [ -50.211850297076474, -22.120625027872318 ], [ -50.211848100842602, -22.120534304347828 ], [ -50.211840581464308, -22.120506733294071 ], [ -50.211792958735096, -22.120490859050999 ], [ -50.211743665032927, -22.120486681618619 ], [ -50.211707181263868, -22.120475416987997 ], [ -50.211709410087352, -22.120425691105766 ], [ -50.211677661482256, -22.120393942630223 ], [ -50.211550667656638, -22.120439058889396 ], [ -50.211483828738444, -22.120584433536461 ], [ -50.2114220027348, -22.120661298291544 ], [ -50.211283560685409, -22.120616573116838 ], [ -50.211254178575771, -22.120496106467296 ], [ -50.211230672888036, -22.120274271539511 ], [ -50.211208636305805, -22.120199347159918 ], [ -50.211174846879715, -22.12013764472966 ], [ -50.211199821672906, -22.120077411404907 ], [ -50.211189537934537, -22.119995141497903 ], [ -50.211113144449449, -22.119951068333446 ], [ -50.211093572511381, -22.119915065838885 ], [ -50.211145464770055, -22.119843823633254 ], [ -50.211173377774216, -22.119789466730428 ], [ -50.211223327360607, -22.119710135034374 ], [ -50.211286498896342, -22.119623457810938 ], [ -50.211311473689534, -22.119527965954592 ], [ -50.211312942795018, -22.119455979785975 ], [ -50.211295313529234, -22.119369302562536 ], [ -50.211274746052482, -22.119291439971981 ], [ -50.211352608643033, -22.119264996073305 ], [ -50.211471606187082, -22.119210639170458 ], [ -50.211547999672156, -22.119178318849848 ], [ -50.211644960633976, -22.119222392014311 ], [ -50.211705193958743, -22.119273810706193 ], [ -50.211783056549294, -22.119381055406397 ], [ -50.211846948434008, -22.119507953589629 ], [ -50.211871202878221, -22.119644025287677 ], [ -50.211857246376141, -22.119701320401489 ], [ -50.211836295874555, -22.11975441335932 ], [ -50.211843657150418, -22.119820868860096 ], [ -50.212164445432613, -22.11955512419264 ], [ -50.212292558740501, -22.119465838847791 ], [ -50.212466773361399, -22.119289548409604 ], [ -50.212466892553202, -22.119289436610782 ], [ -50.212467021750101, -22.119289334917895 ], [ -50.212467159968597, -22.119289244104994 ], [ -50.212467306156498, -22.119289164863197 ], [ -50.2126515774168, -22.119200099141803 ], [ -50.212705027892497, -22.118969846523303 ], [ -50.212705050724502, -22.118969758001292 ], [ -50.212705078314698, -22.118969670663809 ], [ -50.21279627342421, -22.118708765457196 ], [ -50.212796323077903, -22.118708638292802 ], [ -50.212796382810197, -22.118708514948988 ], [ -50.2128768490821, -22.118559426042992 ], [ -50.212876920451002, -22.118559304249601 ], [ -50.2128770016445, -22.118559187920791 ], [ -50.212877092183298, -22.118559077743406 ], [ -50.212877191533003, -22.11855897436779 ], [ -50.212877299107198, -22.118558878404095 ], [ -50.2128774142708, -22.118558790418692 ], [ -50.212877536344202, -22.118558710931097 ], [ -50.212877664606708, -22.118558640410303 ], [ -50.2128777983012, -22.118558579272811 ], [ -50.212877936638598, -22.118558527879301 ], [ -50.212878078802298, -22.118558486533296 ], [ -50.212878223953098, -22.118558455478695 ], [ -50.212878371234297, -22.118558434898901 ], [ -50.212878519776602, -22.118558424915392 ], [ -50.212878668703006, -22.118558425587096 ], [ -50.212878817134502, -22.118558436909996 ], [ -50.213012927583499, -22.118573345807807 ], [ -50.213013057121003, -22.11857336453529 ], [ -50.213013185003902, -22.118573391377602 ], [ -50.213013310647298, -22.118573426211903 ], [ -50.213013433476604, -22.118573468878992 ], [ -50.213013552930001, -22.118573519183599 ], [ -50.2130136684614, -22.118573576895795 ], [ -50.213013779542301, -22.118573641751492 ], [ -50.2130138856648, -22.118573713454296 ], [ -50.213155604239802, -22.118675276625385 ], [ -50.2133229251031, -22.118692499628889 ], [ -50.213426863163605, -22.118559176577897 ], [ -50.2134269264427, -22.118559098974984 ], [ -50.213426994122202, -22.118559024665508 ], [ -50.213427066005103, -22.118558953865698 ], [ -50.2134271418821, -22.118558886781901 ], [ -50.2134272215322, -22.118558823609192 ], [ -50.21342730472351, -22.118558764531695 ], [ -50.213427391213799, -22.118558709721395 ], [ -50.213427480751207, -22.1185586593379 ], [ -50.213427573075002, -22.118558613527888 ], [ -50.213427667916399, -22.118558572424799 ], [ -50.213427764999302, -22.118558536148196 ], [ -50.213427864041002, -22.118558504803783 ], [ -50.213427964753002, -22.118558478482797 ], [ -50.213428066842198, -22.118558457261994 ], [ -50.213428170011198, -22.118558441202989 ], [ -50.213428273959707, -22.118558430352593 ], [ -50.213522151273999, -22.118551099658784 ], [ -50.213522287914998, -22.118551093379487 ], [ -50.2135224246909, -22.11855109609559 ], [ -50.213902359580203, -22.118570925630291 ], [ -50.214019459482401, -22.118447650434188 ], [ -50.214110532965499, -22.118144906573004 ], [ -50.214110566275401, -22.118144806037606 ], [ -50.214110605811697, -22.1181447074799 ], [ -50.214110651440102, -22.118144611234605 ], [ -50.2141107030059, -22.118144517628203 ], [ -50.214110760334101, -22.118144426978397 ], [ -50.214110823230101, -22.118144339592892 ], [ -50.214110891480402, -22.118144255767998 ], [ -50.214110964853496, -22.118144175788395 ], [ -50.214277261812697, -22.117975207674405 ], [ -50.214277370978301, -22.117975104150201 ], [ -50.214277488712099, -22.117975009126905 ], [ -50.214277614254001, -22.117974923218199 ], [ -50.2142777467934, -22.117974846978893 ], [ -50.214277885474402, -22.117974780901005 ], [ -50.214278029401697, -22.117974725411404 ], [ -50.214278177645802, -22.117974680868297 ], [ -50.214278329249602, -22.117974647559286 ], [ -50.214988809152999, -22.117847852102592 ], [ -50.215278204457498, -22.117696425675785 ], [ -50.215278283673698, -22.117696385981098 ], [ -50.2152783647809, -22.117696349753206 ], [ -50.215278447604405, -22.117696317069903 ], [ -50.2152785319659, -22.117696288001799 ], [ -50.215599970049503, -22.117594545024211 ], [ -50.21574984406071, -22.117453220335591 ], [ -50.215749939924798, -22.117453134940998 ], [ -50.215750041831207, -22.117453055854099 ], [ -50.215750149302998, -22.117452983444995 ], [ -50.215750261837101, -22.117452918052802 ], [ -50.215913640843603, -22.117366074078603 ], [ -50.216187023883698, -22.11710039280349 ], [ -50.216187091351202, -22.117100329670095 ], [ -50.216187162077901, -22.117100269713596 ], [ -50.216187235891702, -22.117100213079791 ], [ -50.216187312613002, -22.117100159906407 ], [ -50.216439017682198, -22.116936435103195 ], [ -50.216540718147904, -22.116730645023399 ], [ -50.2165407575893, -22.116730569047192 ], [ -50.216540800796899, -22.11673049487079 ], [ -50.2165408476761, -22.116730422656005 ], [ -50.216540898124798, -22.116730352560591 ], [ -50.216540952032602, -22.116730284737699 ], [ -50.216541009281897, -22.116730219335309 ], [ -50.216541069747699, -22.116730156496203 ], [ -50.216541133298001, -22.116730096357706 ], [ -50.216541199794108, -22.116730039050996 ], [ -50.216541269090598, -22.116729984701212 ], [ -50.216541341036397, -22.116729933427205 ], [ -50.216541415474197, -22.116729885340703 ], [ -50.216541492241703, -22.116729840546888 ], [ -50.216541571171099, -22.1167297991434 ], [ -50.2165416520902, -22.116729761220789 ], [ -50.216541734822101, -22.116729726861802 ], [ -50.216748073283497, -22.116650285462203 ], [ -50.217125402001372, -22.11640293247952 ], [ -50.217400946143073, -22.116316681579004 ], [ -50.217808622089663, -22.116205764339469 ], [ -50.217790992859555, -22.115998620885538 ], [ -50.217824782217292, -22.115994213578002 ], [ -50.217923212085473, -22.116023595628203 ], [ -50.217977568878354, -22.115985398962938 ], [ -50.218026049261191, -22.115923696657518 ], [ -50.218093627976664, -22.115857587044559 ], [ -50.218112726309286, -22.115770909996446 ], [ -50.218123010026858, -22.115681294743322 ], [ -50.21805983861892, -22.115626937950442 ], [ -50.218021641953655, -22.11557551936259 ], [ -50.218051024003856, -22.115528508082264 ], [ -50.218052493106363, -22.115475620391884 ], [ -50.218075998746528, -22.115428609111564 ], [ -50.218105380796736, -22.115386005138767 ], [ -50.218149453872044, -22.115352215781023 ], [ -50.218205279767432, -22.115324302833343 ], [ -50.218233192715125, -22.115280229758032 ], [ -50.21820968707496, -22.115258193220381 ], [ -50.218167083102166, -22.115265538732924 ], [ -50.218103911694222, -22.115265538732935 ], [ -50.218040740286284, -22.1152890443731 ], [ -50.218017234646119, -22.115324302833336 ], [ -50.217996667210976, -22.115358092191066 ], [ -50.21791145926538, -22.115369845011159 ], [ -50.217783647346991, -22.115390412446303 ], [ -50.217699908503917, -22.11546680577683 ], [ -50.217633019050886, -22.115606158810181 ], [ -50.217626812962905, -22.115621451894778 ], [ -50.217579442098071, -22.11576356448391 ], [ -50.217569266306128, -22.115762176876665 ], [ -50.217568312126446, -22.115763734793763 ], [ -50.217564946160444, -22.115766587353242 ], [ -50.217560798912906, -22.115768331112211 ], [ -50.21755627634542, -22.115768795379353 ], [ -50.217551821158494, -22.115767934708938 ], [ -50.217547869456993, -22.115765833349439 ], [ -50.217544808061056, -22.115762696996622 ], [ -50.217542936641415, -22.115758832658564 ], [ -50.2175424383856, -22.11575461860367 ], [ -50.217543362066223, -22.115750467333001 ], [ -50.217544060097751, -22.115748747242407 ], [ -50.217536103576137, -22.115721695056759 ], [ -50.217523616202676, -22.115689374807125 ], [ -50.217488841485768, -22.115661413001323 ], [ -50.217426655436995, -22.115650443590606 ], [ -50.217346589388761, -22.115660727319352 ], [ -50.217114471153586, -22.115665869166968 ], [ -50.21691173500718, -22.115677621987043 ], [ -50.216736911808454, -22.11573197877992 ], [ -50.216645827452815, -22.115777520957746 ], [ -50.216535644764548, -22.115796619290389 ], [ -50.216359587577458, -22.115745090360772 ], [ -50.216146104850495, -22.115802105963446 ], [ -50.216102259524028, -22.11583481595563 ], [ -50.216019989783454, -22.115928838516297 ], [ -50.215854757937919, -22.116068286829574 ], [ -50.215696052679945, -22.116041959409582 ], [ -50.215603499221785, -22.115999355436788 ], [ -50.215508007558633, -22.116039021204564 ], [ -50.215390479357815, -22.116124229150156 ], [ -50.215261198336904, -22.116197684275662 ], [ -50.215175990391309, -22.116162425815418 ], [ -50.21507021501057, -22.116119821842631 ], [ -50.214996759885061, -22.116115414535106 ], [ -50.214917428349509, -22.11614626568781 ], [ -50.214855869292762, -22.116200346266595 ], [ -50.21477194597135, -22.116139947796789 ], [ -50.214554885495524, -22.116185184852224 ], [ -50.214553120325007, -22.116185447825551 ], [ -50.214453211591668, -22.116194510508151 ], [ -50.214451857566623, -22.116195496065462 ], [ -50.21444086730385, -22.116195630249461 ], [ -50.214401405941594, -22.116199209754438 ], [ -50.214397689875334, -22.116199101920561 ], [ -50.214394124590747, -22.116198119659419 ], [ -50.214320649323582, -22.116167901376617 ], [ -50.214316460594524, -22.116165289010723 ], [ -50.214303563789521, -22.116153775165394 ], [ -50.214247517604846, -22.116127167355177 ], [ -50.214138804019086, -22.116005231846827 ], [ -50.214062410688555, -22.115856852493295 ], [ -50.214081034996191, -22.115822197174939 ], [ -50.214079946397241, -22.115803828460511 ], [ -50.214080822104989, -22.11579839384331 ], [ -50.214091479943704, -22.115771458268608 ], [ -50.214092734063883, -22.115769052002527 ], [ -50.21412271757201, -22.115723581321575 ], [ -50.21412278659492, -22.115723477695141 ], [ -50.214167288062747, -22.115657332332898 ], [ -50.214192958093001, -22.115581826755186 ], [ -50.214213075363475, -22.11549981020173 ], [ -50.214235468073717, -22.115404486485886 ], [ -50.214235651474972, -22.11540379363981 ], [ -50.2142649074068, -22.115304584521478 ], [ -50.214266464235067, -22.115301196665907 ], [ -50.214305760332365, -22.115240247329417 ], [ -50.21430691754464, -22.115238705993949 ], [ -50.21432287030791, -22.115220320655784 ], [ -50.214345947473042, -22.115170781621007 ], [ -50.214510486954183, -22.115023871369988 ], [ -50.214526119139265, -22.115010997836517 ], [ -50.214538809775, -22.114991130701085 ], [ -50.214540637030353, -22.114988853417408 ], [ -50.214608680589485, -22.114920399951615 ], [ -50.214611199933238, -22.114918385110748 ], [ -50.214689389522142, -22.114869086145177 ], [ -50.214691381852951, -22.114868032932218 ], [ -50.214709077244947, -22.114860326563551 ], [ -50.214810183866277, -22.114777062148281 ], [ -50.214915551676398, -22.114638379642628 ], [ -50.214915891111822, -22.114637746151995 ], [ -50.214984167000274, -22.114527260988439 ], [ -50.214986304479233, -22.114524613648751 ], [ -50.214989067476225, -22.114522528709688 ], [ -50.215106319593211, -22.114454311528604 ], [ -50.215107193199906, -22.114453841692015 ], [ -50.215214108749507, -22.114400859355825 ], [ -50.215214840076904, -22.114400521131881 ], [ -50.215311440249103, -22.114358952614339 ], [ -50.215313554865205, -22.11435822214418 ], [ -50.215439186927036, -22.114324889504434 ], [ -50.215519924945411, -22.114282146092094 ], [ -50.215520226826094, -22.114281990656949 ], [ -50.215578555245521, -22.114252793846415 ], [ -50.215620397073415, -22.114229673516448 ], [ -50.215670159748207, -22.114195297554211 ], [ -50.21579538657199, -22.114125203547676 ], [ -50.215875221723707, -22.114091364941643 ], [ -50.215961817394373, -22.114044738317144 ], [ -50.216028010236535, -22.113985641182936 ], [ -50.21606910697151, -22.113986969156411 ], [ -50.216102741458762, -22.113968858930598 ], [ -50.21633504291183, -22.113838211296326 ], [ -50.216336182680131, -22.113837633293592 ], [ -50.216370818693669, -22.113821892504113 ], [ -50.216377898521337, -22.11381558553628 ], [ -50.216413022733455, -22.11380271231257 ], [ -50.216495201061647, -22.113765365227227 ], [ -50.216573397972134, -22.113691283984739 ], [ -50.216658319285834, -22.113602388030124 ], [ -50.216775223376601, -22.113436095649984 ], [ -50.216878442201242, -22.113261275940246 ], [ -50.216879284410304, -22.113260017816707 ], [ -50.216963971502246, -22.113147699861358 ], [ -50.216966631477739, -22.113145025422803 ], [ -50.216969960469314, -22.113143108713039 ], [ -50.217074771265921, -22.113099667898208 ], [ -50.217077902866301, -22.113098747989593 ], [ -50.217170263818794, -22.113081995497637 ], [ -50.217174324621041, -22.113081798621199 ], [ -50.217272699539308, -22.113089912381163 ], [ -50.217276826303397, -22.113090831798861 ], [ -50.217318444254715, -22.11310637054315 ], [ -50.21740094614308, -22.113105039853806 ], [ -50.217514635079375, -22.113101172883173 ], [ -50.217616904212086, -22.11309769434126 ], [ -50.217782912795741, -22.113081534213645 ], [ -50.217826338697748, -22.113067852089969 ], [ -50.217949966342886, -22.112988973271335 ], [ -50.21795115122076, -22.112988012670858 ], [ -50.217967291309023, -22.11296402569868 ], [ -50.21800209956892, -22.112946707967357 ], [ -50.218136204678579, -22.112837986476219 ], [ -50.218327208909855, -22.112648572090531 ], [ -50.218474749409971, -22.112487950282055 ], [ -50.218571171918448, -22.112340559602821 ], [ -50.218637792696626, -22.112228568918415 ], [ -50.218666466075177, -22.11216502250204 ], [ -50.218670901804629, -22.112118321575931 ], [ -50.218657763340566, -22.111935634255659 ], [ -50.218694074702974, -22.111859152461093 ], [ -50.218695017653125, -22.111848228499294 ], [ -50.218696296730421, -22.111843661900082 ], [ -50.218746062650133, -22.111742639367613 ], [ -50.218746325979431, -22.111742132839414 ], [ -50.218771163328753, -22.111696782220182 ], [ -50.218809815450385, -22.111615369908428 ], [ -50.218838462950281, -22.111547791193811 ], [ -50.219088210281328, -22.111034339850569 ], [ -50.219365870750472, -22.110319621494401 ], [ -50.219418758440845, -22.110169773038358 ], [ -50.219524533821577, -22.109823064845937 ], [ -50.219684665995196, -22.109228078329298 ], [ -50.220133051636275, -22.107682494450962 ], [ -50.220149830339615, -22.107603649629237 ], [ -50.220150126775827, -22.107602515232497 ], [ -50.220241922028066, -22.107307215336899 ], [ -50.220447130197982, -22.106599853938484 ], [ -50.220455917319704, -22.106591325262269 ], [ -50.220473449795612, -22.106530791806399 ], [ -50.220474602241296, -22.106516616726033 ], [ -50.220450068403018, -22.106467634712558 ], [ -50.220443824717329, -22.106427418031352 ], [ -50.220491986557924, -22.106405405216581 ], [ -50.220493774202687, -22.106318704445581 ], [ -50.220458507537799, -22.106217731348387 ], [ -50.220468396298266, -22.106144558122018 ], [ -50.220468284630186, -22.10614436543495 ], [ -50.220467355207433, -22.106142404987821 ], [ -50.220453357197322, -22.106105154835863 ], [ -50.220428950870229, -22.106068419365123 ], [ -50.220428580980609, -22.106013205962526 ], [ -50.220413282450359, -22.105952245857253 ], [ -50.220413267867194, -22.105952187159449 ], [ -50.220360312794824, -22.105736863217107 ], [ -50.220328422514875, -22.105706840298023 ], [ -50.220319841507681, -22.105682678292528 ], [ -50.220300471751052, -22.105663002423697 ], [ -50.220290559468935, -22.105647909311951 ], [ -50.220291905188766, -22.105636213440121 ], [ -50.220317053564187, -22.105630362897614 ], [ -50.220319689875069, -22.105617001428168 ], [ -50.220317070277623, -22.105580687932495 ], [ -50.220322432027274, -22.105551976799887 ], [ -50.220317145785195, -22.105523391831735 ], [ -50.220304250279035, -22.105488441331694 ], [ -50.220262532584606, -22.105431402522409 ], [ -50.220285303180589, -22.105391866686503 ], [ -50.220288525551595, -22.105365133963328 ], [ -50.220279420195489, -22.105343118853909 ], [ -50.220252167971481, -22.105321245772537 ], [ -50.220229428066695, -22.105299414598242 ], [ -50.220235711373867, -22.105275323530456 ], [ -50.220251713651692, -22.105254861182114 ], [ -50.220268737109386, -22.105235120172612 ], [ -50.220274770688825, -22.1052098337994 ], [ -50.22026746980778, -22.105185916722316 ], [ -50.220245346667951, -22.105154286590128 ], [ -50.220239343603332, -22.105127390426478 ], [ -50.220225096912252, -22.105108216644524 ], [ -50.22020614819904, -22.105105318214584 ], [ -50.220183298282649, -22.105112554771239 ], [ -50.220162191408328, -22.105129171591347 ], [ -50.220131942452319, -22.105130460141563 ], [ -50.220110446411127, -22.105124625797533 ], [ -50.220098223724214, -22.105110238113056 ], [ -50.220084731453902, -22.105093694966214 ], [ -50.220063486449163, -22.105088817103859 ], [ -50.220039658949901, -22.105087509245401 ], [ -50.220019773378681, -22.105101659633654 ], [ -50.220008741199678, -22.105117214437918 ], [ -50.219990254879981, -22.105123335563285 ], [ -50.219971355787962, -22.105111304218688 ], [ -50.219951983530301, -22.105092105942983 ], [ -50.21992948339156, -22.10508244562422 ], [ -50.219901240039995, -22.105091863666843 ], [ -50.219875383352729, -22.105115321669469 ], [ -50.219835082964437, -22.105098234799616 ], [ -50.219802030690929, -22.105096644034798 ], [ -50.219772328448641, -22.105091725748828 ], [ -50.219756411492462, -22.105096665005881 ], [ -50.219735085067931, -22.105106593696192 ], [ -50.219734248204894, -22.105121385899746 ], [ -50.219738269608776, -22.105133357004579 ], [ -50.219757339415708, -22.105162189690926 ], [ -50.219771349644837, -22.105176502999019 ], [ -50.219773807379923, -22.105195620521577 ], [ -50.219777836945653, -22.105208536169968 ], [ -50.21979448140781, -22.10521834666541 ], [ -50.219820444604082, -22.105220203106903 ], [ -50.219849905040192, -22.10522249318457 ], [ -50.219876355218588, -22.105236232354969 ], [ -50.219885388831095, -22.10524797778281 ], [ -50.219885287059796, -22.105266486026956 ], [ -50.219903167607804, -22.105277318406756 ], [ -50.219921118410475, -22.105275374125736 ], [ -50.219959576255079, -22.105272691873761 ], [ -50.219974702718105, -22.105271689391703 ], [ -50.219995483766162, -22.105267728624987 ], [ -50.220012132812869, -22.105269479865242 ], [ -50.220022842766383, -22.105279322710043 ], [ -50.220030874536178, -22.105288549067463 ], [ -50.220036124561986, -22.105306463689622 ], [ -50.220029867478452, -22.105325778427407 ], [ -50.219998363074325, -22.10533775844215 ], [ -50.219953271468306, -22.105347293748856 ], [ -50.219920917068151, -22.105358602744044 ], [ -50.219899041284364, -22.105375215856782 ], [ -50.219876655560299, -22.105391348886887 ], [ -50.219855530223484, -22.105411309089206 ], [ -50.219843370771081, -22.105432028568764 ], [ -50.219834901284024, -22.105452341087997 ], [ -50.219836595317005, -22.105475700692597 ], [ -50.219847660303039, -22.105493479452093 ], [ -50.219841332620121, -22.105504912707911 ], [ -50.219838198057616, -22.105515391099967 ], [ -50.219845512865909, -22.105526678767511 ], [ -50.219846870067521, -22.105528436611941 ], [ -50.219847743985291, -22.105530046201682 ], [ -50.219862443969383, -22.105539284517867 ], [ -50.219870468441144, -22.105545532214798 ], [ -50.21987771152191, -22.105554058260068 ], [ -50.219884080735085, -22.105555786964331 ], [ -50.219893188282519, -22.105556679597417 ], [ -50.219935931661546, -22.105572168311664 ], [ -50.21995500195645, -22.105584147406887 ], [ -50.219973123683616, -22.105602915139343 ], [ -50.219982114520256, -22.105625035860772 ], [ -50.219985661368874, -22.105642884860764 ], [ -50.219984666112296, -22.105658164737413 ], [ -50.219976367070132, -22.10567595718161 ], [ -50.219958086596399, -22.105686059655813 ], [ -50.219935385404746, -22.105671515786771 ], [ -50.219919997341094, -22.105652761102558 ], [ -50.219909165392281, -22.105634028171163 ], [ -50.219904693324345, -22.105618722190123 ], [ -50.219892950158098, -22.105599984906888 ], [ -50.219877571446034, -22.105579531971451 ], [ -50.219863963819641, -22.105568428097623 ], [ -50.219853099199035, -22.105555639028722 ], [ -50.219837701819721, -22.105538582584572 ], [ -50.219834986832907, -22.105535173036042 ], [ -50.219833939142809, -22.105534093332775 ], [ -50.219832934749917, -22.105532907692929 ], [ -50.219832043967884, -22.105531775667291 ], [ -50.219823786234905, -22.105526836052995 ], [ -50.219819721548745, -22.105519987995923 ], [ -50.219816457396178, -22.105492162877049 ], [ -50.21979595051031, -22.105456341272067 ], [ -50.219801460609503, -22.105443689940241 ], [ -50.219799704709935, -22.105431581224572 ], [ -50.219763933304513, -22.105391075963908 ], [ -50.219750419103157, -22.105362989607009 ], [ -50.219722337058975, -22.105332710811258 ], [ -50.219694152281576, -22.105321112732394 ], [ -50.219663647425108, -22.105317145881678 ], [ -50.219629724239354, -22.105321149984388 ], [ -50.219584948565867, -22.105323967502354 ], [ -50.219495333329519, -22.105338658521891 ], [ -50.219456344505851, -22.105344681639398 ], [ -50.219455971218501, -22.105319364691823 ], [ -50.219482369359852, -22.105272681633437 ], [ -50.219502643028569, -22.105221192866562 ], [ -50.219501028181362, -22.105176844519491 ], [ -50.219495886322576, -22.105128364136647 ], [ -50.219504333662009, -22.105112938560293 ], [ -50.219515351930838, -22.105097880259564 ], [ -50.219514984655213, -22.105072538241263 ], [ -50.219495886322576, -22.105066661831216 ], [ -50.21946870792614, -22.105074007343763 ], [ -50.219450344144761, -22.105100083913324 ], [ -50.219427205780228, -22.105112204009046 ], [ -50.2193401614565, -22.105082454683203 ], [ -50.219253484408398, -22.105053072633027 ], [ -50.219174152872846, -22.10505601083803 ], [ -50.219087108549111, -22.105063356350584 ], [ -50.218740033081069, -22.10507657827316 ], [ -50.218568729986238, -22.105071973894717 ], [ -50.218483674693033, -22.105064825453084 ], [ -50.21842344149011, -22.105086861990735 ], [ -50.218331622583221, -22.105064090901834 ], [ -50.218217392646316, -22.105062530457186 ], [ -50.218133661019969, -22.105044625293576 ], [ -50.21806020589446, -22.105045359844826 ], [ -50.218017384838433, -22.105090874007356 ], [ -50.217945296440583, -22.10512067241535 ], [ -50.217895266364557, -22.10514135281139 ], [ -50.217847920581718, -22.105132771444197 ], [ -50.21776344718738, -22.105173171763212 ], [ -50.217744112014799, -22.105203833864103 ], [ -50.217282772064202, -22.105328086398593 ], [ -50.217121839523301, -22.105338026596591 ], [ -50.217070030802539, -22.105369664223961 ], [ -50.217058277982481, -22.105385824351561 ], [ -50.217008328497116, -22.105446057554481 ], [ -50.216742420942758, -22.105245525061839 ], [ -50.216560556554974, -22.105123251621656 ], [ -50.216448600440714, -22.105088331093231 ], [ -50.216320788522324, -22.10509200384951 ], [ -50.216118052375911, -22.105008265006422 ], [ -50.215865366744154, -22.104973006546182 ], [ -50.215627372137497, -22.10499504308385 ], [ -50.215430879676752, -22.105076578273152 ], [ -50.215283602150102, -22.10504756349858 ], [ -50.21513963011104, -22.105036177948381 ], [ -50.214282484066146, -22.105160848267023 ], [ -50.214202709978196, -22.105186760961423 ], [ -50.214094741323628, -22.105175366077745 ], [ -50.213841310760678, -22.105219081216649 ], [ -50.213723782559853, -22.105227895831714 ], [ -50.213601847051507, -22.105263154291965 ], [ -50.213525453720976, -22.10531604198232 ], [ -50.213393234495051, -22.10540418813294 ], [ -50.213322717574563, -22.105465890438381 ], [ -50.213261015269133, -22.105555505691488 ], [ -50.213175807323537, -22.10569947773751 ], [ -50.213114105018107, -22.10573473619775 ], [ -50.213052402712677, -22.105750896325368 ], [ -50.213023020662476, -22.105711230557585 ], [ -50.212958380152024, -22.10571563786511 ], [ -50.21291577617923, -22.105775871068047 ], [ -50.212840851951206, -22.105819944143342 ], [ -50.212674843367552, -22.105899275678894 ], [ -50.212520587603976, -22.105952163369263 ], [ -50.212450070683481, -22.105965385291871 ], [ -50.212403059403151, -22.10593747234417 ], [ -50.212363393635378, -22.105914701255262 ], [ -50.212320789662577, -22.105920577665302 ], [ -50.212240269656448, -22.105935567453571 ], [ -50.212187835885402, -22.105904417537694 ], [ -50.212140824605079, -22.105889726512597 ], [ -50.212084998709685, -22.105916170357769 ], [ -50.21202843826304, -22.105914701255266 ], [ -50.211968939611381, -22.105933799587895 ], [ -50.211901360895908, -22.105905886640205 ], [ -50.211851411410557, -22.105899275678894 ], [ -50.211780894490069, -22.105932330485373 ], [ -50.211695686544473, -22.105957305228049 ], [ -50.211628107829007, -22.105973465355675 ], [ -50.211567140074827, -22.105948490613002 ], [ -50.211507641423168, -22.105897072025144 ], [ -50.211464302899117, -22.105871362731211 ], [ -50.211393785978622, -22.105869159077436 ], [ -50.211346774698292, -22.10584344978351 ], [ -50.211268177713997, -22.105823616899624 ], [ -50.211221166433667, -22.105824351450888 ], [ -50.211170482397065, -22.105844918886024 ], [ -50.211124861089615, -22.105853346986759 ], [ -50.211083070797706, -22.105798642156955 ], [ -50.211068429033446, -22.105789113392877 ], [ -50.211028439912887, -22.105792698794399 ], [ -50.211025812484387, -22.105792712149032 ], [ -50.210955676789418, -22.105787142652495 ], [ -50.210937629649187, -22.10580158036198 ], [ -50.210887680163843, -22.105807456772016 ], [ -50.210803941320762, -22.105791296644401 ], [ -50.210711387862617, -22.105764852799201 ], [ -50.210649685557186, -22.105807456772016 ], [ -50.210605612481878, -22.105836838822217 ], [ -50.210587983251756, -22.105900010230151 ], [ -50.21056888491912, -22.105983749073239 ], [ -50.210546848381469, -22.106082178941424 ], [ -50.21053142280509, -22.106171794194548 ], [ -50.210514528126225, -22.10625039117885 ], [ -50.210499653463593, -22.106327519060699 ], [ -50.210496291654707, -22.106408202449728 ], [ -50.210489148582155, -22.106466210328797 ], [ -50.210468571579675, -22.106479484914839 ], [ -50.210434165922059, -22.106516375834232 ], [ -50.210440414540003, -22.106539757507431 ], [ -50.210446183917462, -22.106567382586924 ], [ -50.210445588890842, -22.106592429474702 ], [ -50.210438631819798, -22.106614473609767 ], [ -50.210360270105333, -22.10677713062277 ], [ -50.210344915312916, -22.106916316101419 ], [ -50.210329881900265, -22.106997761305671 ], [ -50.210310749776916, -22.107160704562315 ], [ -50.21027718917496, -22.107296405444544 ], [ -50.210258359480662, -22.107405004906525 ], [ -50.210243269229537, -22.107496639553585 ], [ -50.210213523595293, -22.107601789658347 ], [ -50.210198433290095, -22.107693424297601 ], [ -50.210168630842695, -22.107808763847501 ], [ -50.210139244410328, -22.107849380698251 ], [ -50.210084116433507, -22.107930632006088 ], [ -50.210003738621438, -22.10796420911085 ], [ -50.209901339785361, -22.108024852291511 ], [ -50.20981365307469, -22.108061790528087 ], [ -50.209769705636404, -22.108098940298689 ], [ -50.20970732530548, -22.108173363233789 ], [ -50.209593858877184, -22.108257728710431 ], [ -50.209502356648329, -22.108325217504007 ], [ -50.209472181715213, -22.108343752660332 ], [ -50.209454756999456, -22.108363623228321 ], [ -50.209421919326076, -22.108369408326439 ], [ -50.209392653244585, -22.108388372437769 ], [ -50.209390695889567, -22.108412563574166 ], [ -50.209387366944306, -22.10843759721666 ], [ -50.209366320916985, -22.10845320452772 ], [ -50.209345787299057, -22.108458624585918 ], [ -50.209326679699494, -22.108453437241213 ], [ -50.209285173406862, -22.108461303215321 ], [ -50.209258242185093, -22.108470088872878 ], [ -50.20923354408626, -22.108486952204938 ], [ -50.20922605773508, -22.108522155448654 ], [ -50.209227187910585, -22.108564618126557 ], [ -50.209224338219833, -22.10858540836367 ], [ -50.209223712188113, -22.108615974522085 ], [ -50.209260935715861, -22.108640779884201 ], [ -50.209268949898103, -22.108674359869529 ], [ -50.209286040979677, -22.108714352370491 ], [ -50.2092674375115, -22.108782193853532 ], [ -50.209237690857897, -22.108887343734946 ], [ -50.209211570187911, -22.10899590773759 ], [ -50.209187702753738, -22.109027210529838 ], [ -50.209181965464282, -22.109075583968647 ], [ -50.209170765451134, -22.109123081817504 ], [ -50.209163257741771, -22.109162106099358 ], [ -50.20915748729746, -22.109216423384144 ], [ -50.209164880164941, -22.109279720406693 ], [ -50.209179261224065, -22.109315454077105 ], [ -50.209179119200613, -22.109340927711244 ], [ -50.209160704958983, -22.109374804327906 ], [ -50.209138588919636, -22.10941885274913 ], [ -50.209116434990001, -22.109469694135605 ], [ -50.209096245573107, -22.109495070708988 ], [ -50.209052212267956, -22.109547504441096 ], [ -50.209037499768797, -22.109571209236833 ], [ -50.208993646358969, -22.109591376350597 ], [ -50.208928473385939, -22.10959445733085 ], [ -50.20887184831188, -22.109617109994243 ], [ -50.208857206817243, -22.109628077956931 ], [ -50.208837971203202, -22.109645816819782 ], [ -50.208828714291322, -22.109671670877599 ], [ -50.208814955615161, -22.109687737975609 ], [ -50.208798970922459, -22.109694453707203 ], [ -50.208791515177623, -22.109724137634171 ], [ -50.208785022777974, -22.10974448564312 ], [ -50.208773067635498, -22.109763958048443 ], [ -50.208736513574642, -22.109782462157483 ], [ -50.208710040060033, -22.109790825361308 ], [ -50.208659390087448, -22.109804166307807 ], [ -50.208605569693546, -22.109814095303083 ], [ -50.208551841683409, -22.109807466421717 ], [ -50.208498106571426, -22.109802111204242 ], [ -50.208436094427825, -22.109810302163801 ], [ -50.208426051761712, -22.109813650075505 ], [ -50.208401419673244, -22.109818625576182 ], [ -50.208375895292789, -22.109820200173463 ], [ -50.208351343767852, -22.1098107406109 ], [ -50.208328666871559, -22.109791949547105 ], [ -50.208324716875801, -22.109785676381321 ], [ -50.208324716875651, -22.10978567638136 ], [ -50.208324025526352, -22.109785854182704 ], [ -50.208319480374165, -22.109785664031769 ], [ -50.20831522073663, -22.109784174413658 ], [ -50.208311663576843, -22.109781531142648 ], [ -50.208309157094405, -22.109777992960527 ], [ -50.208057361968635, -22.109261457634666 ], [ -50.207797599979301, -22.108894251637288 ], [ -50.207796784620569, -22.108892946036402 ], [ -50.207681946653928, -22.108682940513969 ], [ -50.20739312928162, -22.108336097412185 ], [ -50.207391356466438, -22.10833334973595 ], [ -50.207203983249101, -22.107945230915163 ], [ -50.207203675546602, -22.107944543675622 ], [ -50.207074204480847, -22.107631430357756 ], [ -50.207074193549694, -22.10763140383893 ], [ -50.206973756221863, -22.107386978733199 ], [ -50.20689755283216, -22.107244777045576 ], [ -50.206886497356898, -22.107234367199283 ], [ -50.206884325107666, -22.107231746632202 ], [ -50.206851805696118, -22.107180640120138 ], [ -50.206850375366606, -22.107177591193192 ], [ -50.20683246412711, -22.107121460734874 ], [ -50.206831873138789, -22.107117044405005 ], [ -50.206833277961778, -22.107085062788215 ], [ -50.206812252185422, -22.107086764480208 ], [ -50.206807798855401, -22.107032688265605 ], [ -50.206746096549971, -22.106910752757262 ], [ -50.206659419501861, -22.106775595326319 ], [ -50.206668968668176, -22.106644845202894 ], [ -50.206715245397248, -22.106544946232201 ], [ -50.2067426234523, -22.106511664790208 ], [ -50.206798249689079, -22.106509687771947 ], [ -50.206870970263338, -22.106475898414224 ], [ -50.206916512441168, -22.106425948928862 ], [ -50.206925327056226, -22.106382610404822 ], [ -50.206959116383501, -22.106381141282995 ], [ -50.207047262564565, -22.106306217074287 ], [ -50.207163321662883, -22.106246718422614 ], [ -50.207229431275842, -22.106187954322213 ], [ -50.207247060505964, -22.106123313811775 ], [ -50.207238245890899, -22.10606014240383 ], [ -50.206895945006018, -22.106123313811768 ], [ -50.206768133087628, -22.106152695861976 ], [ -50.206489003610677, -22.106180608809662 ], [ -50.206227503363856, -22.106211459962374 ], [ -50.206161393750897, -22.106227620089985 ], [ -50.206133480803203, -22.106280507780365 ], [ -50.206121727983124, -22.106355432008375 ], [ -50.2061623334885, -22.106401622828784 ], [ -50.206151317976961, -22.106461836536134 ], [ -50.206114382470567, -22.106531724309626 ], [ -50.206096753240445, -22.106612524947671 ], [ -50.206051945613879, -22.106627950524025 ], [ -50.20603284728125, -22.106666881740548 ], [ -50.206022563563678, -22.106705812957063 ], [ -50.206058556575179, -22.106733725904757 ], [ -50.206104098752995, -22.106747682378611 ], [ -50.206143397245135, -22.106789919075794 ], [ -50.206202161345544, -22.106830319394806 ], [ -50.206180124807887, -22.10700734624729 ], [ -50.206150742757686, -22.10713515816569 ], [ -50.206150742757671, -22.107277661109176 ], [ -50.206112546092406, -22.107443669692834 ], [ -50.206034116128613, -22.107541364549018 ], [ -50.205959759431337, -22.10757074705997 ], [ -50.20579448539894, -22.107574419816252 ], [ -50.205691648223237, -22.107592049046371 ], [ -50.205591749252541, -22.107619961994068 ], [ -50.205417384190412, -22.107696159781078 ], [ -50.205303805160533, -22.107725737374825 ], [ -50.205186276959715, -22.107709577247189 ], [ -50.205114290936713, -22.10769929352962 ], [ -50.205109974466289, -22.107700209145186 ], [ -50.205114626665043, -22.107716531727817 ], [ -50.205123401168827, -22.107776863618074 ], [ -50.205110420280441, -22.107816710207288 ], [ -50.205092911767856, -22.107851439902987 ], [ -50.205063685689645, -22.107863185702183 ], [ -50.205025246758971, -22.107852172073304 ], [ -50.204940587742598, -22.107836475497162 ], [ -50.204863576116573, -22.107797676936936 ], [ -50.20482454066272, -22.107771163488103 ], [ -50.204768883562686, -22.107743083119306 ], [ -50.204685297737633, -22.107698520756099 ], [ -50.204597146284954, -22.107655634409173 ], [ -50.204543559784426, -22.107623955186796 ], [ -50.204498136296564, -22.107599108844859 ], [ -50.204462327383794, -22.107610211667783 ], [ -50.204434092945448, -22.107644650729625 ], [ -50.204414776115357, -22.107676824113025 ], [ -50.204400024961402, -22.107707321441804 ], [ -50.204377163197698, -22.107721645542458 ], [ -50.204341706109503, -22.107707037417033 ], [ -50.204323294950143, -22.107658971138569 ], [ -50.204271469055513, -22.107638339268931 ], [ -50.204222438794687, -22.107606682135554 ], [ -50.2041695826112, -22.107607273802927 ], [ -50.204119350550073, -22.107627408537279 ], [ -50.204091194084079, -22.107610925352198 ], [ -50.204071264909672, -22.107589811957002 ], [ -50.204027829850759, -22.10757601403925 ], [ -50.203977258905134, -22.107575343063754 ], [ -50.203959997928088, -22.10756591837907 ], [ -50.203944618978191, -22.107545888570055 ], [ -50.203905369258656, -22.107517392036939 ], [ -50.20388998748556, -22.107456886861879 ], [ -50.203859871589863, -22.107390060681873 ], [ -50.203860982482432, -22.107348055151395 ], [ -50.203856559768276, -22.107324257581102 ], [ -50.20384442347973, -22.107320111936239 ], [ -50.20383521336548, -22.107317201192561 ], [ -50.203818789789935, -22.107320942298404 ], [ -50.203794090085786, -22.107338017077176 ], [ -50.203782751960595, -22.107348947611957 ], [ -50.203774047353413, -22.107361775915827 ], [ -50.203752489079889, -22.107352621261199 ], [ -50.203748487741983, -22.107334928960839 ], [ -50.203728677272771, -22.107302830310548 ], [ -50.203710884904922, -22.107276473212853 ], [ -50.203678778223832, -22.107243359336085 ], [ -50.203695349255298, -22.107213348587216 ], [ -50.20370030711026, -22.107197610527535 ], [ -50.203695547658022, -22.107178003957788 ], [ -50.203718643552001, -22.10712120169185 ], [ -50.203755893212012, -22.10711142803726 ], [ -50.203773475938249, -22.107083810426108 ], [ -50.203777780206508, -22.10704753052001 ], [ -50.203772917272538, -22.107000697784564 ], [ -50.203736345001381, -22.106941291778334 ], [ -50.203694625661981, -22.106885681822188 ], [ -50.203633503969286, -22.106816603268985 ], [ -50.203570230181626, -22.106765664644495 ], [ -50.203460047479808, -22.106701024179898 ], [ -50.203422220911449, -22.10669759534964 ], [ -50.203395857377537, -22.106691496263235 ], [ -50.203381043974616, -22.106682348811681 ], [ -50.203363614109456, -22.106682741464429 ], [ -50.203343820037318, -22.1066933919154 ], [ -50.203322516433651, -22.106699019749236 ], [ -50.203293901354499, -22.1066831179815 ], [ -50.203264720067772, -22.106676766311391 ], [ -50.203223717616872, -22.106676088702415 ], [ -50.203199525157892, -22.106694121153833 ], [ -50.203134675304184, -22.106706914783956 ], [ -50.20306268928119, -22.106728951321607 ], [ -50.203043590948546, -22.106753191513025 ], [ -50.203030369025953, -22.106795060934566 ], [ -50.203054609217375, -22.106860435996271 ], [ -50.203102355048955, -22.106883207085172 ], [ -50.203140918989853, -22.10690046903968 ], [ -50.203142020816735, -22.106926545609241 ], [ -50.203061220178668, -22.10691773099418 ], [ -50.20299143780943, -22.106941236634338 ], [ -50.202968801680186, -22.106953735795667 ], [ -50.202956662325164, -22.106965352292669 ], [ -50.203018167798305, -22.107047170114342 ], [ -50.203032365808895, -22.107115170846811 ], [ -50.203017022883579, -22.107250958936586 ], [ -50.202990783333682, -22.107379900715397 ], [ -50.202975440331386, -22.10751568879488 ], [ -50.202909125592804, -22.107641038459896 ], [ -50.202821284732934, -22.107705144737675 ], [ -50.202744454935605, -22.107755718409823 ], [ -50.202652988093213, -22.107816410324123 ], [ -50.202492267485042, -22.107876764120917 ], [ -50.202277044663411, -22.107906282472673 ], [ -50.202123804711405, -22.107932706702087 ], [ -50.201981174676938, -22.108016924347233 ], [ -50.201867723075026, -22.108097887847073 ], [ -50.201765244384589, -22.108172111736142 ], [ -50.20169938701541, -22.108215945367309 ], [ -50.201633166399212, -22.108324312066699 ], [ -50.201556106437359, -22.108415642897324 ], [ -50.20146463867404, -22.108476334113547 ], [ -50.201431929771076, -22.108459191364961 ], [ -50.201399373851217, -22.108414876782046 ], [ -50.201396206955081, -22.108329947000684 ], [ -50.201396551147944, -22.108268810386821 ], [ -50.201389758437791, -22.108180466307086 ], [ -50.201379664994789, -22.108030967792434 ], [ -50.201362013995833, -22.107928984339214 ], [ -50.201336977548529, -22.10784394763855 ], [ -50.20131999590663, -22.107623087424098 ], [ -50.201334302930896, -22.10780916215036 ], [ -50.201264726015296, -22.107753797034984 ], [ -50.20126278, -22.10684333 ], [ -50.20128111, -22.1154225 ], [ -50.19976806, -22.11627417 ], [ -50.19968167, -22.11637444 ], [ -50.19955556, -22.11648861 ], [ -50.19883611, -22.11691889 ], [ -50.198615, -22.11711194 ], [ -50.19816639, -22.11758028 ], [ -50.19809139, -22.11770306 ], [ -50.19795972, -22.11801222 ] ], [ [ -50.205776117138925, -22.126150043603992 ], [ -50.205815589943455, -22.126187207038445 ], [ -50.205904645505186, -22.126227692594529 ], [ -50.206023426608631, -22.126274484572566 ], [ -50.206119078367465, -22.126318083044424 ], [ -50.206168195208647, -22.126404588509558 ], [ -50.206164284539454, -22.12651240278041 ], [ -50.206144151119005, -22.126564681047462 ], [ -50.206047360043421, -22.126724419806919 ], [ -50.205924805794076, -22.126760795158766 ], [ -50.205878495022674, -22.126763650847099 ], [ -50.205637780932129, -22.126642322690508 ], [ -50.205575662155844, -22.126515701446877 ], [ -50.205569152430002, -22.126497184065538 ], [ -50.205562677246164, -22.126472504950627 ], [ -50.205549761425679, -22.126416984986655 ], [ -50.205536759261321, -22.126376869355024 ], [ -50.205504037989755, -22.12631509110518 ], [ -50.205464582507183, -22.126274846730659 ], [ -50.205398639168152, -22.12624063533049 ], [ -50.205359235559492, -22.126191148331767 ], [ -50.205280134731609, -22.126144549039442 ], [ -50.205180658353683, -22.126193359983105 ], [ -50.204975092061886, -22.12629094947652 ], [ -50.204888703876847, -22.126364471575098 ], [ -50.20471651505018, -22.12640676617977 ], [ -50.204571436576202, -22.126332116582642 ], [ -50.204545501996051, -22.126239561714588 ], [ -50.20451253909421, -22.126220915402559 ], [ -50.204400077881203, -22.126226529289745 ], [ -50.204181734167449, -22.126243950799793 ], [ -50.203989947562484, -22.126243015805258 ], [ -50.203824441212717, -22.126273018249165 ], [ -50.203704708817895, -22.126395672286183 ], [ -50.203578501378743, -22.126493647044047 ], [ -50.203420058240958, -22.126443578835808 ], [ -50.203380932365981, -22.12634479753838 ], [ -50.203328406697587, -22.126276760339543 ], [ -50.203256179655014, -22.126183979381334 ], [ -50.203250016652568, -22.12610384461497 ], [ -50.20315770728098, -22.126054098900557 ], [ -50.203237413539277, -22.125992868921674 ], [ -50.203382871907074, -22.125999740641923 ], [ -50.203475389109435, -22.126012515847389 ], [ -50.203567837077564, -22.126037614462259 ], [ -50.20369996501281, -22.126062906569924 ], [ -50.203799026381112, -22.126088037312343 ], [ -50.203891439849222, -22.126119297477963 ], [ -50.204036863792105, -22.126132330351425 ], [ -50.204169268714722, -22.126108328232224 ], [ -50.204308217731665, -22.126096681699817 ], [ -50.204414203876794, -22.126066388717657 ], [ -50.204586426947785, -22.126017932688328 ], [ -50.204679290073457, -22.125969089891512 ], [ -50.204778973894364, -22.125883308856917 ], [ -50.204944514183289, -22.125847143691448 ], [ -50.20504447425396, -22.12571206862139 ], [ -50.20503862130434, -22.125576478289695 ], [ -50.204986786367087, -22.125385206937757 ], [ -50.205046340562006, -22.125379335025148 ], [ -50.205138822986463, -22.125398271014785 ], [ -50.205191418342267, -22.125453984187349 ], [ -50.205236847593255, -22.125608252887094 ], [ -50.205329261097056, -22.125639512240703 ], [ -50.205401834723332, -22.125670674982992 ], [ -50.205421501917435, -22.12570158021169 ], [ -50.205420811011422, -22.125824814884947 ], [ -50.205446849734656, -22.125898884432495 ], [ -50.205479501804746, -22.125972986160534 ], [ -50.205498892716832, -22.126053185249109 ], [ -50.205540137485436, -22.126069175834328 ], [ -50.205621083806939, -22.12608150840337 ], [ -50.205660763763873, -22.126081701471236 ], [ -50.205703681317225, -22.126094234084899 ], [ -50.205723417699581, -22.126112815811631 ], [ -50.205776117138925, -22.126150043603992 ] ], [ [ -50.219872406634906, -22.106249483481562 ], [ -50.219883271308348, -22.106262272549706 ], [ -50.219895944428508, -22.106277617690154 ], [ -50.219909533446973, -22.106292118056992 ], [ -50.219919528922553, -22.106297260659076 ], [ -50.219943192795753, -22.106302468522703 ], [ -50.219955926621729, -22.106306775051277 ], [ -50.219974113801271, -22.106313655053505 ], [ -50.219985936402686, -22.106317957229173 ], [ -50.220009656305059, -22.106312975599391 ], [ -50.220021492913112, -22.106314730401532 ], [ -50.22003603519066, -22.106321592995588 ], [ -50.22005781126331, -22.106338679873684 ], [ -50.220069601191923, -22.106348925909117 ], [ -50.220083208907809, -22.106360029767412 ], [ -50.220095900730819, -22.106371978398361 ], [ -50.220104073765121, -22.106377112289596 ], [ -50.220105882215016, -22.106379668360365 ], [ -50.220106886922814, -22.106383388170062 ], [ -50.220105844870851, -22.106386461349768 ], [ -50.220007553736103, -22.106363914318131 ], [ -50.219933879762664, -22.106338937331536 ], [ -50.219881107993864, -22.106324249873101 ], [ -50.219856616944014, -22.10630375342383 ], [ -50.219847616748616, -22.106283330943871 ], [ -50.219837724007938, -22.106259507617573 ], [ -50.219837808060639, -22.106244223392174 ], [ -50.219846953008044, -22.106238323039936 ], [ -50.219855144703338, -22.10624006044867 ], [ -50.219872406634906, -22.106249483481562 ] ], [ [ -50.211827241771751, -22.116677700946848 ], [ -50.211748092531828, -22.116640347453188 ], [ -50.211662398957472, -22.116590638501446 ], [ -50.211503552466532, -22.116614519316535 ], [ -50.211377907484021, -22.116613912644471 ], [ -50.211245820994279, -22.116582465191541 ], [ -50.211073851521896, -22.116587796463211 ], [ -50.21100772260251, -22.116587477000557 ], [ -50.210968319558489, -22.116537991319021 ], [ -50.2110085797663, -22.116433433275926 ], [ -50.211074982881698, -22.116384458742846 ], [ -50.211313183752402, -22.116360961576898 ], [ -50.211557689075121, -22.116392951735445 ], [ -50.211630430796383, -22.116393302895013 ], [ -50.211828611811939, -22.116431230939998 ], [ -50.211914065622892, -22.11652407205673 ], [ -50.212032481292823, -22.116635557916346 ], [ -50.212124822166665, -22.116679136830342 ], [ -50.212183961654802, -22.116747203198386 ], [ -50.212223433657186, -22.116784365098358 ], [ -50.212249337538736, -22.116883080700212 ], [ -50.212202773302998, -22.116932151413199 ], [ -50.2121827633922, -22.116962864464945 ], [ -50.212169366385254, -22.116993609415132 ], [ -50.21210292910051, -22.117048746142547 ], [ -50.21201048526536, -22.117023652461544 ], [ -50.21197128721986, -22.116937196510243 ], [ -50.211958438105768, -22.116869353440443 ], [ -50.211952064922059, -22.116826189279884 ], [ -50.211906254062761, -22.116739701403841 ], [ -50.211827241771751, -22.116677700946848 ] ], [ [ -50.213509481434471, -22.116223667150017 ], [ -50.21335752195872, -22.116198287614694 ], [ -50.213165885285925, -22.116172716786352 ], [ -50.21294748937656, -22.116202474032516 ], [ -50.212782099036964, -22.11621400073907 ], [ -50.212577168282401, -22.116200688974573 ], [ -50.212438674343716, -22.11613224009632 ], [ -50.212445595227273, -22.116076816222385 ], [ -50.212545472662356, -22.115954059489709 ], [ -50.212665188500694, -22.115831398328645 ], [ -50.212797856179193, -22.115758094838128 ], [ -50.212903901297636, -22.115715472521014 ], [ -50.21312195452721, -22.115747332836914 ], [ -50.213359709705607, -22.115803935431501 ], [ -50.213372730328082, -22.115840969651678 ], [ -50.213365912369362, -22.115877908318605 ], [ -50.213352276440318, -22.115951785650772 ], [ -50.21340490591659, -22.116001334480281 ], [ -50.213556420916717, -22.116106816756556 ], [ -50.213509481434471, -22.116223667150017 ] ], [ [ -50.212724680028103, -22.117027096920921 ], [ -50.212724885304965, -22.116990126413949 ], [ -50.21277799387515, -22.116953410926794 ], [ -50.212837715328241, -22.116916727295479 ], [ -50.212818287100262, -22.116842690655623 ], [ -50.212818868642394, -22.116737940880707 ], [ -50.212832607559896, -22.116645578355712 ], [ -50.212872490179571, -22.116608799083668 ], [ -50.212938379718501, -22.116652250053935 ], [ -50.212977646691392, -22.116726382287567 ], [ -50.213070022129429, -22.116763798925042 ], [ -50.213142729873219, -22.11677031116859 ], [ -50.213221982147374, -22.11678917874244 ], [ -50.213254875724488, -22.116820146790722 ], [ -50.213214651226465, -22.11691854367621 ], [ -50.213148248564366, -22.116967519090547 ], [ -50.213015579904578, -22.117040822827104 ], [ -50.21292920154626, -22.117114349551404 ], [ -50.212856185773788, -22.117163292969515 ], [ -50.212763262756972, -22.117224464224421 ], [ -50.212611165499283, -22.117223730973567 ], [ -50.212611268153573, -22.117205245721042 ], [ -50.212617881076831, -22.117205277604441 ], [ -50.21265793499262, -22.117137689638795 ], [ -50.21265796920855, -22.117131527887828 ], [ -50.212697954655376, -22.117076263412756 ], [ -50.212724680028103, -22.117027096920921 ] ], [ [ -50.214432214994808, -22.112007192942855 ], [ -50.214485116465283, -22.112007447355964 ], [ -50.214617643120739, -22.111958789251741 ], [ -50.214776347487387, -22.111959552257954 ], [ -50.214842337860077, -22.111984517164121 ], [ -50.214948413655939, -22.111935731640962 ], [ -50.215094301860034, -22.111862489671616 ], [ -50.215201059407171, -22.111690468802973 ], [ -50.215254369894495, -22.111616781856256 ], [ -50.215347083590402, -22.111592579558092 ], [ -50.215478859734993, -22.111679479436908 ], [ -50.215517990437334, -22.111778258139985 ], [ -50.215504287923274, -22.111864459251269 ], [ -50.215450704779627, -22.111987440350489 ], [ -50.215304543879689, -22.112109976708275 ], [ -50.215198127095114, -22.112220380046104 ], [ -50.215078621154618, -22.11230607272206 ], [ -50.214932800696744, -22.112366991143993 ], [ -50.214773891172975, -22.112403198822591 ], [ -50.214509314817022, -22.112414250546323 ], [ -50.214417556129327, -22.112265923145472 ], [ -50.214417760916042, -22.11222895260191 ], [ -50.214352111850083, -22.112142369951588 ], [ -50.21429961996315, -22.1120681744076 ], [ -50.214352862790534, -22.112006811291067 ], [ -50.214432214994808, -22.112007192942855 ] ] ], [ [ [ -50.207822329541649, -22.108879967793388 ], [ -50.2080822720404, -22.109247428867715 ], [ -50.208083370652112, -22.109249282514849 ], [ -50.208297137122216, -22.109687805606011 ], [ -50.208335637209274, -22.10976678474314 ], [ -50.208297137118826, -22.109687805520053 ], [ -50.208295723295905, -22.109653379434796 ], [ -50.208275960272069, -22.10960233501828 ], [ -50.20826343034426, -22.109561515382971 ], [ -50.208243648384823, -22.109513867446395 ], [ -50.208222024990285, -22.109469607157791 ], [ -50.208205897512322, -22.109420278641949 ], [ -50.208158948930794, -22.109341929835477 ], [ -50.208155446164497, -22.109316438539345 ], [ -50.208139195476996, -22.109289187161369 ], [ -50.208128402772111, -22.109263660527169 ], [ -50.208113946138205, -22.109241512706831 ], [ -50.208092237492707, -22.109212536578706 ], [ -50.20806506140179, -22.109183533942581 ], [ -50.208023400267059, -22.109137478199788 ], [ -50.207988962716676, -22.109103345483668 ], [ -50.20796359966824, -22.109076049909266 ], [ -50.207941957458658, -22.109035186069448 ], [ -50.207905792303308, -22.108984062082012 ], [ -50.207873262652846, -22.108934654003214 ], [ -50.207845241806709, -22.108893759221232 ], [ -50.207827244618521, -22.108852913042007 ], [ -50.20781553127668, -22.108829080211411 ], [ -50.207814750645952, -22.108797530729735 ], [ -50.20780510775414, -22.108770099077006 ], [ -50.207789855964862, -22.108735337586108 ], [ -50.207772225511178, -22.108710414627748 ], [ -50.207744354294555, -22.108683531429133 ], [ -50.207689812598595, -22.108618731971255 ], [ -50.20765720247249, -22.108583758907308 ], [ -50.207627784067668, -22.108548376746349 ], [ -50.207589723147173, -22.108510405227086 ], [ -50.207573726249528, -22.108488767186987 ], [ -50.207509804510423, -22.108420857441786 ], [ -50.2074681912177, -22.108366310356214 ], [ -50.207335592272905, -22.10812355486469 ], [ -50.20721592072055, -22.107891264017415 ], [ -50.207092644712546, -22.107600517800623 ], [ -50.207000663096693, -22.107376670654901 ], [ -50.207092645744581, -22.107600520324365 ], [ -50.207101348584587, -22.10762169957064 ], [ -50.207230670507336, -22.107934452054874 ], [ -50.207417169036226, -22.10832075892591 ], [ -50.207705767693149, -22.108667339294112 ], [ -50.207707235561493, -22.108669494164552 ], [ -50.207822329541649, -22.108879967793388 ] ] ], [ [ [ -50.206919889626725, -22.107227281478366 ], [ -50.206921199682505, -22.107228990680873 ], [ -50.206922515046926, -22.107230696341983 ], [ -50.20692252152871, -22.107230715266052 ], [ -50.206922533918657, -22.107230731430942 ], [ -50.206987869854473, -22.107352653551608 ], [ -50.206954876691746, -22.107274367677864 ], [ -50.206936851470658, -22.107238616131546 ], [ -50.206922442693255, -22.107207977002993 ], [ -50.206908033921891, -22.107177337873249 ], [ -50.206893625156567, -22.107146698742294 ], [ -50.206881076833689, -22.107109275490544 ], [ -50.206877602823624, -22.107078689443146 ], [ -50.206877916375319, -22.107081450031217 ], [ -50.206862489543028, -22.107082698584932 ], [ -50.206861031199935, -22.107115898772495 ], [ -50.206877739685282, -22.107168259992601 ], [ -50.206908428516293, -22.107216489606675 ], [ -50.206919860042447, -22.107227253540977 ], [ -50.206919872482594, -22.107227269672368 ], [ -50.206919889626725, -22.107227281478366 ] ] ], [ [ [ -50.21288472, -22.10529 ], [ -50.21301889, -22.10526528 ], [ -50.21444972, -22.10505194 ], [ -50.21301889, -22.10526528 ], [ -50.21288472, -22.10529 ] ] ] ] } }
]
}
