{
"type": "FeatureCollection",
"name": "Faz",
"crs": { "type": "name", "properties": { "name": "urn:ogc:def:crs:OGC:1.3:CRS84" } },
"features": [
{ "type": "Feature", "properties": { "id": null, "Área (ha)": 108.287 }, "geometry": { "type": "MultiPolygon", "coordinates": [ [ [ [ -46.166712075662154, -23.642714623726174, 0.0 ], [ -46.166706600563025, -23.64271719738495, 0.0 ], [ -46.166701103013686, -23.642717238748922, 0.0 ], [ -46.166695627914216, -23.642719812407339, 0.0 ], [ -46.166690130364742, -23.642719853770927, 0.0 ], [ -46.166684655264937, -23.642722427428957, 0.0 ], [ -46.166679157715329, -23.642722468792158, 0.0 ], [ -46.166673660165713, -23.642722510155178, 0.0 ], [ -46.166673615266788, -23.642717445565886, 0.0 ], [ -46.166668117717371, -23.642717486928689, 0.0 ], [ -46.166662620167941, -23.642717528291303, 0.0 ], [ -46.166657100169353, -23.642715037359064, 0.0 ], [ -46.166651602620007, -23.642715078721281, 0.0 ], [ -46.166651557721941, -23.642710014131953, 0.0 ], [ -46.166651512823883, -23.642704949542615, 0.0 ], [ -46.166645992826027, -23.64270245860995, 0.0 ], [ -46.166643199153889, -23.642697414701523, 0.0 ], [ -46.166637679156501, -23.642694923768538, 0.0 ], [ -46.166634885484854, -23.64268987985994, 0.0 ], [ -46.16662938793651, -23.642689921221329, 0.0 ], [ -46.166629343039347, -23.642684856631941, 0.0 ], [ -46.166626549368246, -23.642679812723159, 0.0 ], [ -46.166623755697351, -23.642674768814331, 0.0 ], [ -46.166620962026684, -23.642669724905421, 0.0 ], [ -46.166618168356237, -23.642664680996454, 0.0 ], [ -46.16661537468601, -23.64265963708743, 0.0 ], [ -46.166609854690726, -23.642657146153351, 0.0 ], [ -46.16660706102099, -23.64265210224416, 0.0 ], [ -46.166607016124765, -23.642647037654708, 0.0 ], [ -46.166604222455362, -23.642641993745443, 0.0 ], [ -46.166598702461023, -23.642639502810926, 0.0 ], [ -46.166598657565153, -23.642634438221457, 0.0 ], [ -46.166595863896355, -23.642629394312006, 0.0 ], [ -46.166593070227776, -23.642624350402485, 0.0 ], [ -46.166587550234389, -23.642621859467535, 0.0 ], [ -46.166584756566294, -23.642616815557847, 0.0 ], [ -46.166579236573369, -23.642614324622585, 0.0 ], [ -46.166576442905757, -23.642609280712723, 0.0 ], [ -46.166570922913294, -23.642606789777133, 0.0 ], [ -46.166565402921037, -23.642604298841338, 0.0 ], [ -46.16655990537614, -23.642604340200123, 0.0 ], [ -46.166554407831221, -23.642604381558709, 0.0 ], [ -46.166548910286295, -23.642604422917106, 0.0 ], [ -46.166543412741355, -23.642604464275305, 0.0 ], [ -46.1665379151964, -23.642604505633312, 0.0 ], [ -46.166532417651432, -23.64260454699113, 0.0 ], [ -46.166526920106456, -23.642604588348735, 0.0 ], [ -46.166521422561459, -23.642604629706163, 0.0 ], [ -46.166515925016455, -23.642604671063388, 0.0 ], [ -46.166510427471444, -23.642604712420418, 0.0 ], [ -46.166504952372513, -23.642607286072092, 0.0 ], [ -46.16649945482736, -23.642607327428738, 0.0 ], [ -46.166493934836318, -23.642604836490342, 0.0 ], [ -46.166488414845475, -23.642602345551754, 0.0 ], [ -46.166482894854838, -23.64259985461295, 0.0 ], [ -46.166477374864392, -23.642597363673946, 0.0 ], [ -46.166471854874146, -23.642594872734733, 0.0 ], [ -46.166466312438779, -23.64258984950045, 0.0 ], [ -46.16646351877597, -23.642584805588342, 0.0 ], [ -46.166458021231676, -23.642584846943485, 0.0 ], [ -46.166452501242311, -23.642582356003548, 0.0 ], [ -46.166446958808194, -23.6425773327685, 0.0 ], [ -46.166441438819341, -23.64257484182815, 0.0 ], [ -46.166438645157804, -23.642569797915545, 0.0 ], [ -46.166438600268243, -23.642564733325727, 0.0 ], [ -46.166433102724746, -23.642564774679951, 0.0 ], [ -46.166430309063756, -23.642559730767168, 0.0 ], [ -46.166424789075947, -23.642557239826164, 0.0 ], [ -46.16641924664394, -23.642552216590037, 0.0 ], [ -46.166419201755161, -23.642547152000184, 0.0 ], [ -46.166416408095102, -23.642542108087103, 0.0 ], [ -46.166413614435264, -23.642537064173951, 0.0 ], [ -46.166410820775646, -23.642532020260735, 0.0 ], [ -46.16640802711624, -23.642526976347465, 0.0 ], [ -46.16640523345707, -23.642521932434143, 0.0 ], [ -46.166405188568895, -23.642516867844229, 0.0 ], [ -46.166405143680734, -23.642511803254333, 0.0 ], [ -46.16640509879258, -23.642506738664423, 0.0 ], [ -46.166405053904448, -23.642501674074513, 0.0 ], [ -46.166405009016323, -23.642496609484596, 0.0 ], [ -46.166399489031647, -23.642494118542558, 0.0 ], [ -46.166399444143757, -23.642489053952627, 0.0 ], [ -46.166393924159507, -23.642486563010372, 0.0 ], [ -46.166388404175457, -23.642484072067905, 0.0 ], [ -46.166388359288007, -23.642479007477949, 0.0 ], [ -46.166382839304376, -23.642476516535265, 0.0 ], [ -46.166377319320951, -23.642474025592385, 0.0 ], [ -46.166377274433955, -23.642468961002393, 0.0 ], [ -46.166371732007562, -23.642463937764294, 0.0 ], [ -46.166371687120801, -23.642458873174299, 0.0 ], [ -46.166366189581588, -23.642458914525978, 0.0 ], [ -46.166366144695054, -23.642453849935972, 0.0 ], [ -46.166363351039131, -23.642448806021701, 0.0 ], [ -46.166363306152718, -23.642443741431688, 0.0 ], [ -46.166357786171034, -23.642441250488027, 0.0 ], [ -46.166352266189548, -23.642438759544152, 0.0 ], [ -46.166346768651138, -23.642438800895114, 0.0 ], [ -46.166346723765393, -23.642433736305051, 0.0 ], [ -46.166341226227182, -23.642433777655807, 0.0 ], [ -46.166335728688956, -23.642433819006364, 0.0 ], [ -46.166330208708182, -23.642431328061683, 0.0 ], [ -46.166324711170034, -23.642431369411838, 0.0 ], [ -46.166319191189544, -23.642428878466752, 0.0 ], [ -46.166313693651489, -23.642428919816524, 0.0 ], [ -46.166308196113413, -23.642428961166093, 0.0 ], [ -46.166302698575322, -23.642429002515474, 0.0 ], [ -46.166297223479141, -23.642431576159737, 0.0 ], [ -46.16629174838274, -23.642434149803815, 0.0 ], [ -46.166286250844408, -23.642434191152624, 0.0 ], [ -46.166286295727829, -23.642439255742786, 0.0 ], [ -46.166283591841875, -23.642444341007291, 0.0 ], [ -46.166280887955729, -23.64244942627175, 0.0 ], [ -46.166275390416736, -23.642449467620192, 0.0 ], [ -46.166275435299774, -23.642454532210383, 0.0 ], [ -46.166275480182819, -23.642459596800556, 0.0 ], [ -46.166272776296061, -23.64246468206489, 0.0 ], [ -46.166267278756415, -23.64246472341307, 0.0 ], [ -46.166261781216754, -23.642464764761062, 0.0 ], [ -46.166256283677086, -23.642464806108848, 0.0 ], [ -46.166250786137397, -23.642464847456452, 0.0 ], [ -46.166248082249574, -23.642469932720392, 0.0 ], [ -46.166242584709657, -23.642469974067712, 0.0 ], [ -46.166237087169726, -23.64247001541483, 0.0 ], [ -46.166231589629788, -23.642470056761756, 0.0 ], [ -46.166226092089836, -23.642470098108486, 0.0 ], [ -46.16622059454987, -23.642470139455018, 0.0 ], [ -46.166215097009896, -23.642470180801364, 0.0 ], [ -46.166209599469909, -23.642470222147505, 0.0 ], [ -46.166204057049583, -23.642465198903171, 0.0 ], [ -46.16619855950978, -23.642465240248917, 0.0 ], [ -46.166193061969963, -23.642465281594468, 0.0 ], [ -46.166187564430139, -23.642465322939824, 0.0 ], [ -46.166187519550455, -23.642460258349494, 0.0 ], [ -46.16618202201083, -23.642460299694655, 0.0 ], [ -46.166176479591947, -23.642455276449258, 0.0 ], [ -46.166170982052499, -23.64245531779401, 0.0 ], [ -46.166165439634234, -23.642450294548183, 0.0 ], [ -46.166159942094986, -23.642450335892534, 0.0 ], [ -46.166154422116527, -23.642447844941501, 0.0 ], [ -46.166148902138268, -23.642445353990251, 0.0 ], [ -46.166143382160222, -23.642442863038802, 0.0 ], [ -46.166137862182367, -23.64244037208714, 0.0 ], [ -46.166135068535318, -23.642435328168403, 0.0 ], [ -46.166135023657723, -23.642430263577953, 0.0 ], [ -46.166134978780143, -23.642425198987507, 0.0 ], [ -46.166134933902569, -23.642420134397057, 0.0 ], [ -46.166134889025017, -23.642415069806603, 0.0 ], [ -46.166137592916286, -23.642409984544464, 0.0 ], [ -46.166140296807349, -23.642404899282294, 0.0 ], [ -46.166143000698213, -23.642399814020074, 0.0 ], [ -46.166148475796376, -23.642397240381182, 0.0 ], [ -46.166151179686771, -23.642392155118834, 0.0 ], [ -46.166153883576968, -23.642387069856451, 0.0 ], [ -46.166153838698754, -23.642382005266008, 0.0 ], [ -46.166159336235168, -23.642381963921977, 0.0 ], [ -46.166164833771568, -23.642381922577762, 0.0 ], [ -46.166167537661032, -23.642376837315147, 0.0 ], [ -46.166173012757739, -23.642374263675446, 0.0 ], [ -46.16617851029379, -23.642374222330755, 0.0 ], [ -46.166183985390155, -23.64237164869067, 0.0 ], [ -46.166186689278668, -23.642366563427757, 0.0 ], [ -46.166192164374557, -23.642363989787398, 0.0 ], [ -46.166192119494909, -23.642358925197012, 0.0 ], [ -46.166197572150452, -23.642353819261288, 0.0 ], [ -46.166197527270626, -23.642348754670898, 0.0 ], [ -46.166197482390814, -23.642343690080509, 0.0 ], [ -46.166197437511009, -23.642338625490115, 0.0 ], [ -46.166197392631226, -23.642333560899722, 0.0 ], [ -46.166197347751449, -23.642328496309315, 0.0 ], [ -46.166200051638633, -23.642323411046203, 0.0 ], [ -46.166200006758771, -23.642318346455806, 0.0 ], [ -46.166199961878931, -23.642313281865405, 0.0 ], [ -46.166199916999098, -23.642308217274991, 0.0 ], [ -46.166199872119279, -23.642303152684583, 0.0 ], [ -46.166197078473061, -23.642298108766855, 0.0 ], [ -46.16619703359337, -23.642293044176441, 0.0 ], [ -46.1661969887137, -23.642287979586005, 0.0 ], [ -46.166194195067931, -23.642282935668195, 0.0 ], [ -46.166194150188389, -23.642277871077759, 0.0 ], [ -46.166191356542967, -23.642272827159879, 0.0 ], [ -46.166188562897759, -23.642267783241937, 0.0 ], [ -46.166185769252778, -23.642262739323936, 0.0 ], [ -46.166185724373598, -23.642257674733472, 0.0 ], [ -46.166182930728958, -23.642252630815403, 0.0 ], [ -46.166177433197994, -23.642252672160055, 0.0 ], [ -46.166177388319156, -23.642247607569551, 0.0 ], [ -46.166174594675063, -23.642242563651308, 0.0 ], [ -46.166174549796352, -23.642237499060801, 0.0 ], [ -46.166171756152593, -23.642232455142494, 0.0 ], [ -46.166171711274025, -23.64222739055198, 0.0 ], [ -46.16616619130491, -23.642224899600926, 0.0 ], [ -46.166163397661755, -23.642219855682416, 0.0 ], [ -46.16616060401882, -23.642214811763857, 0.0 ], [ -46.166157810376099, -23.64220976784523, 0.0 ], [ -46.166155016733612, -23.642204723926543, 0.0 ], [ -46.166149474326929, -23.642199700679548, 0.0 ], [ -46.166149429449284, -23.642194636088977, 0.0 ], [ -46.166143909481967, -23.642192145137059, 0.0 ], [ -46.166141115840396, -23.642187101218067, 0.0 ], [ -46.1661410709631, -23.642182036627467, 0.0 ], [ -46.16613827732187, -23.642176992708418, 0.0 ], [ -46.166135483680861, -23.642171948789301, 0.0 ], [ -46.166132690040079, -23.642166904870109, 0.0 ], [ -46.166127170074233, -23.642164413917527, 0.0 ], [ -46.166121650108593, -23.642161922964732, 0.0 ], [ -46.166116130143145, -23.642159432011727, 0.0 ], [ -46.16611063261594, -23.642159473353853, 0.0 ], [ -46.166107838976373, -23.642154429434168, 0.0 ], [ -46.166102341449367, -23.642154470775996, 0.0 ], [ -46.166096821484579, -23.642151979822284, 0.0 ], [ -46.166091323957644, -23.642152021163721, 0.0 ], [ -46.166085826430702, -23.642152062504959, 0.0 ], [ -46.166080306466306, -23.642149571550629, 0.0 ], [ -46.166074786502101, -23.642147080596093, 0.0 ], [ -46.166069266538109, -23.642144589641369, 0.0 ], [ -46.166063746574316, -23.642142098686424, 0.0 ], [ -46.166063701700089, -23.642137034095654, 0.0 ], [ -46.166060908062796, -23.64213199017502, 0.0 ], [ -46.166060863188711, -23.642126925584243, 0.0 ], [ -46.166060818314627, -23.642121860993466, 0.0 ], [ -46.166060773440556, -23.642116796402686, 0.0 ], [ -46.166055253478099, -23.642114305447375, 0.0 ], [ -46.166055208604256, -23.642109240856584, 0.0 ], [ -46.166052414967929, -23.642104196935744, 0.0 ], [ -46.166046872569403, -23.642099173684695, 0.0 ], [ -46.166041352607941, -23.642096682728852, 0.0 ], [ -46.16604130773468, -23.642091618138014, 0.0 ], [ -46.166035810210161, -23.642091659477376, 0.0 ], [ -46.166035765337121, -23.642086594886528, 0.0 ], [ -46.16603024537639, -23.642084103930262, 0.0 ], [ -46.166024725415852, -23.642081612973787, 0.0 ], [ -46.166024680543259, -23.642076548382907, 0.0 ], [ -46.166019160583154, -23.64207405742621, 0.0 ], [ -46.166016366948988, -23.642069013504624, 0.0 ], [ -46.166013573315034, -23.64206396958296, 0.0 ], [ -46.166008075791616, -23.642064010921299, 0.0 ], [ -46.166002555832328, -23.642061519963967, 0.0 ], [ -46.165997035873247, -23.642059029006443, 0.0 ], [ -46.165996991001769, -23.642053964415499, 0.0 ], [ -46.165991493478728, -23.642054005753234, 0.0 ], [ -46.165985973520158, -23.642051514795284, 0.0 ], [ -46.165980475997209, -23.642051556132625, 0.0 ], [ -46.165974956038937, -23.642049065174273, 0.0 ], [ -46.165969458516066, -23.642049106511219, 0.0 ], [ -46.16596391612299, -23.642044083256962, 0.0 ], [ -46.165958418600312, -23.642044124593507, 0.0 ], [ -46.165952898642729, -23.642041633634335, 0.0 ], [ -46.165947401120128, -23.642041674970478, 0.0 ], [ -46.165941881162851, -23.642039184010905, 0.0 ], [ -46.165936338771218, -23.6420341607556, 0.0 ], [ -46.165930841248894, -23.642034202091146, 0.0 ], [ -46.165925321292221, -23.642031711130958, 0.0 ], [ -46.165919801335747, -23.642029220170567, 0.0 ], [ -46.165919756467304, -23.642024155579467, 0.0 ], [ -46.165914258945357, -23.642024196914416, 0.0 ], [ -46.165908738989408, -23.642021705953606, 0.0 ], [ -46.165905945360578, -23.642016662029775, 0.0 ], [ -46.165900425405084, -23.642014171068638, 0.0 ], [ -46.165897631776744, -23.642009127144643, 0.0 ], [ -46.165892111821719, -23.642006636183186, 0.0 ], [ -46.165889318193862, -23.642001592259014, 0.0 ], [ -46.165886524566226, -23.641996548334777, 0.0 ], [ -46.165883730938816, -23.641991504410466, 0.0 ], [ -46.16588093731162, -23.641986460486105, 0.0 ], [ -46.165878143684644, -23.641981416561688, 0.0 ], [ -46.16587262373114, -23.641978925599471, 0.0 ], [ -46.165869830104654, -23.641973881674872, 0.0 ], [ -46.165864332584718, -23.641973923007964, 0.0 ], [ -46.165858790198783, -23.641968899749621, 0.0 ], [ -46.165853292679039, -23.641968941082311, 0.0 ], [ -46.165853247813274, -23.641963876491058, 0.0 ], [ -46.165847727860957, -23.64196138552791, 0.0 ], [ -46.165842207908831, -23.641958894564549, 0.0 ], [ -46.16583671038947, -23.641958935896636, 0.0 ], [ -46.165836665524367, -23.641953871305347, 0.0 ], [ -46.165831168005198, -23.641953912637234, 0.0 ], [ -46.165825648053691, -23.641951421673255, 0.0 ], [ -46.165820150534607, -23.641951463004748, 0.0 ], [ -46.165820105670157, -23.641946398413417, 0.0 ], [ -46.165814585719161, -23.641943907449033, 0.0 ], [ -46.165809065768357, -23.641941416484439, 0.0 ], [ -46.165809020904362, -23.641936351893087, 0.0 ], [ -46.165803500953984, -23.641933860928269, 0.0 ], [ -46.165797981003813, -23.641931369963253, 0.0 ], [ -46.165795187381214, -23.641926326037126, 0.0 ], [ -46.165789667431504, -23.641923835071793, 0.0 ], [ -46.1657841250505, -23.641918811810552, 0.0 ], [ -46.165784080187507, -23.641913747219135, 0.0 ], [ -46.165778582669915, -23.641913788549086, 0.0 ], [ -46.165775789048453, -23.641908744622558, 0.0 ], [ -46.165770269099831, -23.641906253656483, 0.0 ], [ -46.165764726720305, -23.641901230394474, 0.0 ], [ -46.165759206772194, -23.641898739427983, 0.0 ], [ -46.165753686824289, -23.641896248461297, 0.0 ], [ -46.165750893204162, -23.64189120453424, 0.0 ], [ -46.165745395687445, -23.641891245862983, 0.0 ], [ -46.165739898170713, -23.64189128719153, 0.0 ], [ -46.165734378223462, -23.641888796224123, 0.0 ], [ -46.165728880706816, -23.64188883755228, 0.0 ], [ -46.165723383190148, -23.641888878880231, 0.0 ], [ -46.165717908103666, -23.641891452503764, 0.0 ], [ -46.165712388156791, -23.641888961535557, 0.0 ], [ -46.165706868210108, -23.64188647056714, 0.0 ], [ -46.165701348263632, -23.641883979598518, 0.0 ], [ -46.165695828317354, -23.6418814886297, 0.0 ], [ -46.165693034699743, -23.641876444701502, 0.0 ], [ -46.16568753718353, -23.641876486028167, 0.0 ], [ -46.165687492324345, -23.641871421436544, 0.0 ], [ -46.165684698707274, -23.641866377508169, 0.0 ], [ -46.165681905090416, -23.641861333579737, 0.0 ], [ -46.165679111473793, -23.641856289651241, 0.0 ], [ -46.16567906661497, -23.641851225059586, 0.0 ], [ -46.165684564130146, -23.641851183733262, 0.0 ], [ -46.165684519271132, -23.641846119141629, 0.0 ], [ -46.165689994356477, -23.641843545519297, 0.0 ], [ -46.165695469441602, -23.641840971896791, 0.0 ], [ -46.165698173339443, -23.641835886641751, 0.0 ], [ -46.165703670853937, -23.641835845314777, 0.0 ], [ -46.165703625994226, -23.641830780723151, 0.0 ], [ -46.165706329891549, -23.641825695467986, 0.0 ], [ -46.165706285031753, -23.641820630876364, 0.0 ], [ -46.165708988928785, -23.64181554562116, 0.0 ], [ -46.16571169282561, -23.641810460365896, 0.0 ], [ -46.165714396722244, -23.6418053751106, 0.0 ], [ -46.16571989423543, -23.641805333783104, 0.0 ], [ -46.165719849375158, -23.641800269191499, 0.0 ], [ -46.165719812855052, -23.6417961461791, 0.0 ], [ -46.165591865277698, -23.641745630277796, 0.0 ], [ -46.165422719722201, -23.6416308475, 0.0 ], [ -46.165424765277798, -23.641352574166699, 0.0 ], [ -46.16558618, -23.641203335555502, 0.0 ], [ -46.165969166388898, -23.641288241944416, 0.0 ], [ -46.166312621944499, -23.641392591388907, 0.0 ], [ -46.166640285, -23.641451630555494, 0.0 ], [ -46.166963334722197, -23.641421563611104, 0.0 ], [ -46.167170067777803, -23.64116496, 0.0 ], [ -46.167253083467443, -23.64093946694485, 0.0 ], [ -46.167231945158711, -23.640926960083664, 0.0 ], [ -46.167227453195977, -23.640924144873065, 0.0 ], [ -46.167224555305594, -23.640920262470537, 0.0 ], [ -46.16722083043522, -23.640913537270851, 0.0 ], [ -46.167215403512735, -23.64090861871081, 0.0 ], [ -46.167213410639533, -23.640903463264156, 0.0 ], [ -46.167213350751773, -23.64089671047816, 0.0 ], [ -46.167209625882684, -23.640889985278136, 0.0 ], [ -46.167209565995158, -23.640883232492111, 0.0 ], [ -46.167205841126673, -23.640876507291956, 0.0 ], [ -46.167205781239382, -23.640869754505921, 0.0 ], [ -46.167201953069679, -23.640864296315073, 0.0 ], [ -46.16719836144744, -23.640859680498291, 0.0 ], [ -46.167194636580234, -23.640852955297806, 0.0 ], [ -46.167194576693582, -23.640846202511717, 0.0 ], [ -46.167194516806951, -23.640839449725625, 0.0 ], [ -46.167194456920342, -23.64083269693953, 0.0 ], [ -46.167194397033761, -23.64082594415342, 0.0 ], [ -46.167194337147194, -23.64081919136731, 0.0 ], [ -46.167194277260649, -23.640812438581204, 0.0 ], [ -46.167186887416065, -23.640805740965863, 0.0 ], [ -46.167183363540751, -23.640795848672411, 0.0 ], [ -46.167183277454754, -23.640786141542304, 0.0 ], [ -46.167191471255848, -23.640780170787501, 0.0 ], [ -46.167204488440269, -23.640775640998132, 0.0 ], [ -46.167221851806218, -23.640770356493508, 0.0 ], [ -46.167232284177835, -23.640758548689586, 0.0 ], [ -46.167238193914308, -23.640753333759868, 0.0 ], [ -46.167236743751317, -23.640744797609905, 0.0 ], [ -46.167233018885717, -23.640738072410198, 0.0 ], [ -46.167230545623575, -23.640734714408016, 0.0 ], [ -46.16723115645307, -23.640734709810303, 0.0 ], [ -46.167234806457977, -23.640732994027463, 0.0 ], [ -46.167240303923393, -23.640732952647831, 0.0 ], [ -46.167242106467484, -23.640729562461541, 0.0 ], [ -46.167247588960493, -23.64072783288514, 0.0 ], [ -46.167249391504335, -23.640724442698772, 0.0 ], [ -46.167253056481023, -23.640724415112039, 0.0 ], [ -46.167254859024673, -23.640721024925611, 0.0 ], [ -46.167258524001262, -23.640720997338754, 0.0 ], [ -46.167262174005408, -23.640719281555302, 0.0 ], [ -46.16726583898194, -23.640719253968271, 0.0 ], [ -46.167269488985937, -23.640717538184642, 0.0 ], [ -46.167273153962412, -23.64071751059744, 0.0 ], [ -46.16727680396626, -23.640715794813655, 0.0 ], [ -46.167276774021012, -23.640712418420655, 0.0 ], [ -46.167280438997331, -23.640712390833286, 0.0 ], [ -46.167284089000937, -23.640710675049331, 0.0 ], [ -46.1672858915436, -23.640707284862572, 0.0 ], [ -46.167285861598131, -23.640703908469572, 0.0 ], [ -46.167287664140666, -23.640700518282799, 0.0 ], [ -46.167283999164688, -23.640700545870331, 0.0 ], [ -46.167283969219284, -23.640697169477328, 0.0 ], [ -46.167280304243391, -23.640697197064771, 0.0 ], [ -46.167280274298086, -23.640693820671761, 0.0 ], [ -46.167280244352781, -23.64069044427875, 0.0 ], [ -46.167280214407491, -23.640687067885743, 0.0 ], [ -46.167280184462207, -23.64068369149274, 0.0 ], [ -46.167283819492347, -23.640680287512311, 0.0 ], [ -46.167283789546971, -23.640676911119307, 0.0 ], [ -46.167283759601609, -23.640673534726293, 0.0 ], [ -46.167283729656248, -23.640670158333279, 0.0 ], [ -46.167283699710893, -23.640666781940265, 0.0 ], [ -46.167280019763218, -23.640665121331143, 0.0 ], [ -46.16727998981797, -23.640661744938125, 0.0 ], [ -46.167279959872722, -23.640658368545107, 0.0 ], [ -46.167278097440118, -23.640655005945735, 0.0 ], [ -46.167278067494927, -23.64065162955271, 0.0 ], [ -46.167276205062478, -23.640648266953313, 0.0 ], [ -46.167276175117351, -23.640644890560282, 0.0 ], [ -46.167276145172231, -23.640641514167243, 0.0 ], [ -46.167276115227111, -23.640638137774207, 0.0 ], [ -46.167276085281998, -23.640634761381172, 0.0 ], [ -46.167276055336885, -23.64063138498814, 0.0 ], [ -46.167276025391779, -23.640628008595097, 0.0 ], [ -46.167275995446687, -23.640624632202051, 0.0 ], [ -46.167275965501595, -23.640621255809013, 0.0 ], [ -46.167275935556503, -23.640617879415966, 0.0 ], [ -46.167275905611433, -23.64061450302292, 0.0 ], [ -46.167275875666355, -23.640611126629871, 0.0 ], [ -46.167275845721285, -23.640607750236821, 0.0 ], [ -46.167275815776229, -23.640604373843772, 0.0 ], [ -46.167275785831166, -23.640600997450722, 0.0 ], [ -46.167275755886116, -23.640597621057665, 0.0 ], [ -46.167275725941067, -23.640594244664609, 0.0 ], [ -46.167275695996025, -23.640590868271548, 0.0 ], [ -46.167273833564565, -23.640587505672062, 0.0 ], [ -46.167271971133204, -23.640584143072545, 0.0 ], [ -46.167271941188275, -23.640580766679481, 0.0 ], [ -46.167271911243354, -23.640577390286413, 0.0 ], [ -46.167271881298426, -23.640574013893342, 0.0 ], [ -46.167273683839703, -23.640570623706736, 0.0 ], [ -46.167273653894753, -23.640567247313665, 0.0 ], [ -46.167275456435895, -23.640563857127042, 0.0 ], [ -46.167275426490903, -23.640560480733974, 0.0 ], [ -46.167277229031917, -23.640557090547322, 0.0 ], [ -46.167280879031352, -23.640555374763586, 0.0 ], [ -46.167280849086232, -23.640551998370523, 0.0 ], [ -46.167282651626998, -23.640548608183817, 0.0 ], [ -46.167284454167678, -23.640545217997101, 0.0 ], [ -46.167286256708266, -23.640541827810363, 0.0 ], [ -46.167286226763025, -23.640538451417289, 0.0 ], [ -46.167288029303478, -23.64053506123054, 0.0 ], [ -46.167287999358209, -23.640531684837466, 0.0 ], [ -46.167289801898534, -23.640528294650689, 0.0 ], [ -46.167289771953222, -23.640524918257626, 0.0 ], [ -46.167291574493419, -23.640521528070831, 0.0 ], [ -46.167291544548071, -23.640518151677767, 0.0 ], [ -46.167291514602731, -23.640514775284689, 0.0 ], [ -46.167291484657397, -23.640511398891615, 0.0 ], [ -46.167293287197374, -23.640508008704806, 0.0 ], [ -46.167293257252005, -23.640504632311735, 0.0 ], [ -46.167293227306644, -23.640501255918657, 0.0 ], [ -46.167293197361289, -23.64049787952559, 0.0 ], [ -46.167291334930816, -23.640494516926246, 0.0 ], [ -46.167291290012869, -23.640489452336613, 0.0 ], [ -46.167291260067579, -23.640486075943528, 0.0 ], [ -46.167291230122295, -23.640482699550443, 0.0 ], [ -46.167289367692106, -23.640479336951053, 0.0 ], [ -46.16728933774688, -23.640475960557961, 0.0 ], [ -46.167291140286466, -23.640472570371177, 0.0 ], [ -46.167291110341203, -23.640469193978088, 0.0 ], [ -46.167292912880662, -23.640465803791283, 0.0 ], [ -46.167294715420034, -23.640462413604471, 0.0 ], [ -46.167296502986623, -23.64045733522109, 0.0 ], [ -46.16729647304124, -23.640453958828001, 0.0 ], [ -46.167300108064872, -23.640450554847359, 0.0 ], [ -46.167301910603868, -23.640447164660461, 0.0 ], [ -46.167303713142772, -23.640443774473557, 0.0 ], [ -46.167303683197225, -23.640440398080464, 0.0 ], [ -46.167301820767378, -23.640437035481188, 0.0 ], [ -46.167299958337622, -23.640433672881887, 0.0 ], [ -46.167299928392183, -23.640430296488791, 0.0 ], [ -46.167296263423744, -23.640430324076316, 0.0 ], [ -46.16729623347841, -23.640426947683213, 0.0 ], [ -46.167292553537443, -23.640425287074091, 0.0 ], [ -46.167292523592209, -23.640421910680981, 0.0 ], [ -46.167287011167339, -23.640420263865387, 0.0 ], [ -46.167283331226663, -23.640418603256034, 0.0 ], [ -46.167279636313637, -23.640415254450016, 0.0 ], [ -46.167275971345582, -23.64041528203704, 0.0 ], [ -46.167274108916807, -23.640411919437387, 0.0 ], [ -46.167274078972071, -23.640408543044252, 0.0 ], [ -46.167272216543445, -23.64040518044456, 0.0 ], [ -46.167268521631087, -23.640401831638247, 0.0 ], [ -46.167266659202703, -23.640398469038477, 0.0 ], [ -46.167264796774425, -23.640395106438682, 0.0 ], [ -46.167262934346233, -23.640391743838865, 0.0 ], [ -46.167261071918148, -23.64038838123901, 0.0 ], [ -46.167259209490162, -23.640385018639137, 0.0 ], [ -46.167255529550815, -23.640383358029062, 0.0 ], [ -46.16725184961156, -23.640381697418889, 0.0 ], [ -46.167248184644414, -23.640381725005213, 0.0 ], [ -46.167244519677247, -23.640381752591463, 0.0 ], [ -46.167240854710087, -23.640381780177623, 0.0 ], [ -46.16723718974292, -23.640381807763685, 0.0 ], [ -46.167233524775753, -23.640381835349675, 0.0 ], [ -46.167229859808572, -23.64038186293557, 0.0 ], [ -46.167226194841383, -23.640381890521386, 0.0 ], [ -46.167222529874202, -23.640381918107114, 0.0 ], [ -46.16721884993536, -23.64038025749614, 0.0 ], [ -46.167215169996609, -23.640378596885075, 0.0 ], [ -46.167211475086411, -23.640375248077312, 0.0 ], [ -46.167205962664404, -23.640373601258716, 0.0 ], [ -46.167204100238024, -23.640370238658104, 0.0 ], [ -46.167200420299729, -23.640368578046665, 0.0 ], [ -46.167198557873562, -23.640365215445982, 0.0 ], [ -46.167198527930822, -23.64036183905273, 0.0 ], [ -46.167198497988096, -23.640358462659488, 0.0 ], [ -46.16719846804537, -23.640355086266233, 0.0 ], [ -46.167198438102652, -23.640351709872977, 0.0 ], [ -46.167200240643083, -23.640348319687181, 0.0 ], [ -46.167200210700322, -23.640344943293918, 0.0 ], [ -46.167200180757575, -23.640341566900666, 0.0 ], [ -46.167200135843466, -23.64033650231077, 0.0 ], [ -46.167200105900726, -23.640333125917515, 0.0 ], [ -46.167200075957993, -23.640329749524252, 0.0 ], [ -46.167201878498105, -23.640326359338431, 0.0 ], [ -46.167203681038131, -23.640322969152592, 0.0 ], [ -46.167207316060804, -23.640319565174117, 0.0 ], [ -46.167207286117907, -23.640316188780865, 0.0 ], [ -46.167210936111793, -23.640314472998952, 0.0 ], [ -46.167210906168812, -23.640311096605696, 0.0 ], [ -46.16721454119098, -23.640307692627065, 0.0 ], [ -46.167218206156107, -23.640307665041608, 0.0 ], [ -46.167221856149609, -23.640305949259446, 0.0 ], [ -46.167225521114688, -23.640305921673825, 0.0 ], [ -46.167229186079759, -23.640305894088112, 0.0 ], [ -46.167232821101287, -23.640302490109082, 0.0 ], [ -46.167236486066258, -23.640302462523202, 0.0 ], [ -46.167240136059348, -23.640300746740611, 0.0 ], [ -46.16724378605236, -23.640299030957951, 0.0 ], [ -46.167243756108554, -23.640295654564731, 0.0 ], [ -46.167247406101374, -23.640293938781983, 0.0 ], [ -46.167249208639788, -23.640290548595665, 0.0 ], [ -46.167252858632388, -23.640288832812807, 0.0 ], [ -46.167256523596947, -23.640288805226469, 0.0 ], [ -46.167258326135062, -23.640285415040054, 0.0 ], [ -46.167261961155269, -23.640282011060378, 0.0 ], [ -46.167265596175284, -23.640278607080631, 0.0 ], [ -46.167267398713037, -23.640275216894118, 0.0 ], [ -46.167271048704961, -23.640273501110848, 0.0 ], [ -46.167271018760495, -23.640270124717649, 0.0 ], [ -46.167272821297999, -23.640266734531085, 0.0 ], [ -46.167272791353497, -23.640263358137886, 0.0 ], [ -46.167272761409002, -23.640259981744681, 0.0 ], [ -46.167272731464514, -23.640256605351475, 0.0 ], [ -46.167272701520027, -23.640253228958269, 0.0 ], [ -46.167272671575546, -23.640249852565063, 0.0 ], [ -46.167274474112752, -23.640246462378478, 0.0 ], [ -46.167278124103795, -23.640244746595069, 0.0 ], [ -46.167281789067097, -23.64024471900818, 0.0 ], [ -46.167285469002785, -23.640246379617807, 0.0 ], [ -46.167289133966115, -23.640246352030747, 0.0 ], [ -46.167292798929445, -23.640246324443595, 0.0 ], [ -46.167296463892775, -23.640246296856358, 0.0 ], [ -46.167300128856091, -23.640246269269035, 0.0 ], [ -46.167301931392522, -23.640242879082162, 0.0 ], [ -46.167303733928868, -23.640239488895276, 0.0 ], [ -46.167305536465129, -23.640236098708368, 0.0 ], [ -46.167305506519831, -23.640232722315197, 0.0 ], [ -46.167305476574541, -23.640229345922013, 0.0 ], [ -46.16730544662925, -23.640225969528835, 0.0 ], [ -46.167305416683973, -23.640222593135654, 0.0 ], [ -46.167305386738704, -23.640219216742469, 0.0 ], [ -46.167305356793428, -23.640215840349285, 0.0 ], [ -46.167303494366983, -23.640212477749813, 0.0 ], [ -46.167301631940639, -23.640209115150316, 0.0 ], [ -46.167301587022905, -23.640204050560531, 0.0 ], [ -46.167301557077749, -23.640200674167332, 0.0 ], [ -46.167301527132608, -23.640197297774137, 0.0 ], [ -46.167301497187466, -23.640193921380938, 0.0 ], [ -46.167301467242339, -23.640190544987735, 0.0 ], [ -46.167301437297212, -23.640187168594533, 0.0 ], [ -46.167301407352085, -23.640183792201331, 0.0 ], [ -46.167303209887713, -23.640180402014455, 0.0 ], [ -46.16730317994255, -23.640177025621249, 0.0 ], [ -46.167304982478043, -23.640173635434351, 0.0 ], [ -46.167304952532852, -23.640170259041149, 0.0 ], [ -46.167306755068211, -23.640166868854237, 0.0 ], [ -46.167308557603484, -23.640163478667304, 0.0 ], [ -46.167308527658207, -23.640160102274098, 0.0 ], [ -46.167308497712945, -23.640156725880896, 0.0 ], [ -46.167308467767683, -23.640153349487683, 0.0 ], [ -46.167308437822427, -23.640149973094477, 0.0 ], [ -46.167308407877179, -23.640146596701264, 0.0 ], [ -46.167306545451716, -23.640143234101764, 0.0 ], [ -46.167304683026359, -23.640139871502239, 0.0 ], [ -46.167304653081217, -23.640136495109022, 0.0 ], [ -46.167306455616163, -23.640133104922118, 0.0 ], [ -46.167304593190956, -23.640129742322575, 0.0 ], [ -46.167302730765847, -23.640126379723004, 0.0 ], [ -46.167300868340845, -23.640123017123422, 0.0 ], [ -46.167300838395825, -23.640119640730191, 0.0 ], [ -46.167298975970972, -23.64011627813057, 0.0 ], [ -46.167297113546205, -23.640112915530917, 0.0 ], [ -46.167295251121551, -23.640109552931239, 0.0 ], [ -46.167295221176694, -23.640106176537994, 0.0 ], [ -46.167297023711505, -23.640102786351193, 0.0 ], [ -46.167300658725843, -23.640099382370771, 0.0 ], [ -46.167300628780865, -23.640096005977526, 0.0 ], [ -46.167304293739996, -23.640095978390271, 0.0 ], [ -46.167306096274444, -23.640092588203377, 0.0 ], [ -46.167307898808801, -23.640089198016458, 0.0 ], [ -46.167307868863652, -23.640085821623217, 0.0 ], [ -46.167311533822492, -23.640085794035798, 0.0 ], [ -46.167311503877251, -23.640082417642564, 0.0 ], [ -46.167315153863328, -23.640080701858448, 0.0 ], [ -46.167315123918002, -23.640077325465228, 0.0 ], [ -46.167315093972682, -23.64007394907199, 0.0 ], [ -46.167315064027378, -23.640070572678756, 0.0 ], [ -46.167315034082065, -23.640067196285514, 0.0 ], [ -46.167311339178553, -23.640063847479748, 0.0 ], [ -46.167311309233348, -23.640060471086503, 0.0 ], [ -46.16730761433012, -23.640057122280634, 0.0 ], [ -46.167307584385021, -23.640053745887386, 0.0 ], [ -46.16730755443993, -23.640050369494134, 0.0 ], [ -46.167307524494852, -23.640046993100878, 0.0 ], [ -46.167307494549767, -23.640043616707615, 0.0 ], [ -46.167307464604697, -23.640040240314359, 0.0 ], [ -46.167307434659627, -23.640036863921104, 0.0 ], [ -46.167309237193258, -23.640033473734178, 0.0 ], [ -46.167309207248152, -23.640030097340919, 0.0 ], [ -46.167309177303054, -23.640026720947656, 0.0 ], [ -46.167309147357962, -23.640023344554393, 0.0 ], [ -46.16730911741287, -23.640019968161123, 0.0 ], [ -46.167307254989339, -23.640016605561513, 0.0 ], [ -46.167307225044311, -23.640013229168247, 0.0 ], [ -46.167307195099283, -23.640009852774963, 0.0 ], [ -46.16730716515427, -23.640006476381689, 0.0 ], [ -46.167307135209256, -23.640003099988416, 0.0 ], [ -46.16730710526425, -23.639999723595146, 0.0 ], [ -46.167303440307812, -23.639999751182362, 0.0 ], [ -46.167299760378953, -23.639998090572853, 0.0 ], [ -46.167296080450186, -23.639996429963244, 0.0 ], [ -46.167292415493819, -23.639996457550197, 0.0 ], [ -46.167288720592921, -23.639993108743759, 0.0 ], [ -46.167285040664424, -23.639991448133888, 0.0 ], [ -46.167281360736013, -23.639989787523916, 0.0 ], [ -46.1672776808077, -23.639988126913853, 0.0 ], [ -46.167277650863468, -23.63998475052054, 0.0 ], [ -46.167273970935334, -23.639983089910391, 0.0 ], [ -46.167273940991208, -23.639979713517061, 0.0 ], [ -46.16727391104709, -23.639976337123738, 0.0 ], [ -46.167273881102972, -23.639972960730404, 0.0 ], [ -46.167273851158868, -23.639969584337077, 0.0 ], [ -46.167270171231209, -23.639967923726811, 0.0 ], [ -46.167270141287204, -23.639964547333474, 0.0 ], [ -46.167268278865492, -23.639961184733291, 0.0 ], [ -46.167266416443873, -23.639957822133091, 0.0 ], [ -46.167262736516641, -23.639956161522626, 0.0 ], [ -46.167262706572842, -23.639952785129278, 0.0 ], [ -46.167259026645795, -23.639951124518713, 0.0 ], [ -46.167258996702095, -23.639947748125355, 0.0 ], [ -46.167258966758396, -23.639944371731996, 0.0 ], [ -46.167257104337281, -23.639941009131661, 0.0 ], [ -46.167257074393646, -23.639937632738295, 0.0 ], [ -46.167255211972673, -23.639934270137928, 0.0 ], [ -46.167255182029095, -23.639930893744559, 0.0 ], [ -46.167255152085524, -23.63992751735119, 0.0 ], [ -46.16725512214196, -23.639924140957817, 0.0 ], [ -46.167255092198396, -23.639920764564444, 0.0 ], [ -46.167255062254846, -23.63991738817106, 0.0 ], [ -46.167251367357167, -23.639914039363589, 0.0 ], [ -46.167247687431363, -23.63991237875269, 0.0 ], [ -46.167244007505644, -23.639910718141717, 0.0 ], [ -46.167240327580011, -23.639909057530637, 0.0 ], [ -46.16723664765447, -23.63990739691949, 0.0 ], [ -46.167232982700511, -23.639907424504944, 0.0 ], [ -46.167229317746532, -23.639907452090306, 0.0 ], [ -46.16722565279256, -23.639907479675582, 0.0 ], [ -46.167221987838573, -23.639907507260773, 0.0 ], [ -46.167218322884587, -23.639907534845879, 0.0 ], [ -46.167212825453596, -23.639907576223372, 0.0 ], [ -46.167209175470781, -23.639909292004976, 0.0 ], [ -46.167205510516723, -23.63990931958978, 0.0 ], [ -46.167201860533751, -23.63991103537122, 0.0 ], [ -46.16719821055068, -23.639912751152576, 0.0 ], [ -46.167196408015641, -23.639916141338315, 0.0 ], [ -46.167192758032364, -23.639917857119546, 0.0 ], [ -46.167189093078044, -23.63991788470398, 0.0 ], [ -46.167189123019909, -23.639921261097427, 0.0 ], [ -46.167185473036383, -23.639922976878502, 0.0 ], [ -46.167181823052758, -23.639924692659491, 0.0 ], [ -46.16718186796529, -23.639929757249686, 0.0 ], [ -46.16717821798143, -23.639931473030593, 0.0 ], [ -46.167174567997471, -23.639933188811423, 0.0 ], [ -46.167174597938981, -23.639936565204884, 0.0 ], [ -46.167170932984121, -23.639936592788903, 0.0 ], [ -46.167167282999927, -23.639938308569572, 0.0 ], [ -46.167167312941253, -23.639941684963045, 0.0 ], [ -46.167163662956867, -23.639943400743629, 0.0 ], [ -46.167159998001807, -23.639943428327399, 0.0 ], [ -46.167156333046741, -23.639943455911077, 0.0 ], [ -46.16715266809166, -23.639943483494669, 0.0 ], [ -46.167148988166147, -23.639941822881429, 0.0 ], [ -46.167145323211109, -23.639941850464844, 0.0 ], [ -46.167141643285731, -23.63994018985143, 0.0 ], [ -46.167137963360432, -23.639938529237916, 0.0 ], [ -46.167134298405472, -23.639938556821072, 0.0 ], [ -46.167130633450505, -23.639938584404138, 0.0 ], [ -46.167126968495538, -23.63993861198712, 0.0 ], [ -46.167123303540556, -23.639938639570016, 0.0 ], [ -46.167119638585568, -23.639938667152823, 0.0 ], [ -46.16711597363058, -23.639938694735537, 0.0 ], [ -46.167112293705628, -23.639937034121406, 0.0 ], [ -46.167106796273195, -23.63993707549519, 0.0 ], [ -46.1671031163484, -23.639935414880831, 0.0 ], [ -46.167099451393476, -23.639935442463159, 0.0 ], [ -46.167097588976475, -23.639932079860735, 0.0 ], [ -46.167093909051928, -23.639930419246141, 0.0 ], [ -46.167090229127453, -23.639928758631466, 0.0 ], [ -46.167086564172706, -23.639928786213471, 0.0 ], [ -46.167082884248373, -23.639927125598611, 0.0 ], [ -46.167082854309221, -23.639923749205032, 0.0 ], [ -46.16707917438508, -23.63992208859008, 0.0 ], [ -46.167075509430504, -23.639922116171824, 0.0 ], [ -46.16707184447592, -23.639922143753488, 0.0 ], [ -46.167068179521323, -23.639922171335062, 0.0 ], [ -46.167064514566725, -23.639922198916544, 0.0 ], [ -46.167060849612128, -23.639922226497948, 0.0 ], [ -46.167057184657516, -23.639922254079266, 0.0 ], [ -46.167053519702897, -23.639922281660485, 0.0 ], [ -46.167049869717431, -23.639923997438437, 0.0 ], [ -46.167046219731859, -23.6399257132163, 0.0 ], [ -46.167040722299774, -23.639925754587729, 0.0 ], [ -46.167037057345034, -23.639925782168572, 0.0 ], [ -46.167035254805597, -23.639929172352591, 0.0 ], [ -46.167029772342239, -23.639930901920458, 0.0 ], [ -46.16702796980254, -23.6399342921044, 0.0 ], [ -46.167027999740299, -23.639937668498046, 0.0 ], [ -46.167028029678058, -23.639941044891685, 0.0 ], [ -46.167028059615824, -23.639944421285325, 0.0 ], [ -46.16702808955359, -23.639947797678964, 0.0 ], [ -46.167029951969091, -23.639951160282273, 0.0 ], [ -46.1670318143847, -23.639954522885567, 0.0 ], [ -46.16703184432258, -23.639957899279199, 0.0 ], [ -46.167035509278215, -23.639957871698442, 0.0 ], [ -46.167035539216187, -23.639961248092064, 0.0 ], [ -46.167035569154173, -23.639964624485682, 0.0 ], [ -46.167039234109993, -23.639964596904832, 0.0 ], [ -46.167039264048078, -23.63996797329845, 0.0 ], [ -46.167042958942169, -23.639971322111119, 0.0 ], [ -46.167046623898159, -23.639971294530081, 0.0 ], [ -46.167046653836444, -23.639974670923689, 0.0 ], [ -46.167050348730911, -23.639978019736173, 0.0 ], [ -46.167054028656324, -23.639979680351743, 0.0 ], [ -46.167055891072962, -23.63998304295469, 0.0 ], [ -46.167059570998582, -23.639984703570143, 0.0 ], [ -46.167059600937215, -23.639988079963711, 0.0 ], [ -46.167061463354123, -23.639991442566576, 0.0 ], [ -46.16706149329282, -23.639994818960158, 0.0 ], [ -46.167063355709878, -23.639998181562991, 0.0 ], [ -46.167065218127036, -23.640001544165806, 0.0 ], [ -46.167067080544292, -23.640004906768581, 0.0 ], [ -46.167068942961642, -23.640008269371329, 0.0 ], [ -46.167070805379097, -23.640011631974058, 0.0 ], [ -46.167070835318057, -23.640015008367616, 0.0 ], [ -46.167072697735662, -23.640018370970314, 0.0 ], [ -46.16707639263204, -23.640021719782073, 0.0 ], [ -46.167076422571164, -23.640025096175616, 0.0 ], [ -46.167080102498211, -23.640026756790508, 0.0 ], [ -46.167083797395016, -23.640030105602076, 0.0 ], [ -46.167087477322305, -23.640031766216776, 0.0 ], [ -46.167091142279922, -23.640031738634626, 0.0 ], [ -46.167094822207332, -23.640033399249145, 0.0 ], [ -46.167094852146946, -23.640036775642667, 0.0 ], [ -46.167098517104691, -23.640036748060336, 0.0 ], [ -46.167102197032335, -23.640038408674677, 0.0 ], [ -46.167105861990123, -23.640038381092175, 0.0 ], [ -46.167109541917888, -23.640040041706328, 0.0 ], [ -46.167109571857893, -23.640043418099822, 0.0 ], [ -46.16710960179789, -23.640046794493319, 0.0 ], [ -46.167109631737901, -23.640050170886809, 0.0 ], [ -46.167111494157012, -23.640053533488963, 0.0 ], [ -46.167111524097074, -23.640056909882453, 0.0 ], [ -46.167111554037149, -23.640060286275943, 0.0 ], [ -46.167113416456459, -23.640063648878062, 0.0 ], [ -46.167117111355154, -23.640066997688745, 0.0 ], [ -46.167117141295378, -23.640070374082221, 0.0 ], [ -46.167117171235617, -23.640073750475693, 0.0 ], [ -46.167117201175856, -23.640077126869166, 0.0 ], [ -46.167120881104864, -23.640078787483006, 0.0 ], [ -46.16712091104521, -23.640082163876471, 0.0 ], [ -46.167124576004191, -23.640082136293469, 0.0 ], [ -46.167124605944629, -23.640085512686927, 0.0 ], [ -46.167128270903696, -23.640085485103842, 0.0 ], [ -46.167128300844233, -23.640088861497301, 0.0 ], [ -46.167128330784784, -23.640092237890755, 0.0 ], [ -46.167131995744029, -23.640092210307571, 0.0 ], [ -46.16713202568468, -23.640095586701019, 0.0 ], [ -46.167132055625331, -23.640098963094466, 0.0 ], [ -46.167130253086221, -23.640102353279516, 0.0 ], [ -46.167130283026843, -23.640105729672957, 0.0 ], [ -46.167128480487598, -23.640109119858, 0.0 ], [ -46.167128510428185, -23.640112496251437, 0.0 ], [ -46.167128540368765, -23.640115872644884, 0.0 ], [ -46.167126737829356, -23.640119262829902, 0.0 ], [ -46.167124935289856, -23.640122653014902, 0.0 ], [ -46.167124965230364, -23.640126029408343, 0.0 ], [ -46.167121300270168, -23.640126056991395, 0.0 ], [ -46.167121330210584, -23.640129433384839, 0.0 ], [ -46.16711952767082, -23.640132823569783, 0.0 ], [ -46.167117725130957, -23.640136213754708, 0.0 ], [ -46.167117755071295, -23.640139590148149, 0.0 ], [ -46.167115952531312, -23.640142980333053, 0.0 ], [ -46.167114149991228, -23.640146370517943, 0.0 ], [ -46.167114179931495, -23.640149746911387, 0.0 ], [ -46.167114224841903, -23.640154811501553, 0.0 ], [ -46.167114254782184, -23.64015818789499, 0.0 ], [ -46.167114284722473, -23.640161564288434, 0.0 ], [ -46.167114314662761, -23.640164940681867, 0.0 ], [ -46.167114344603057, -23.640168317075304, 0.0 ], [ -46.16711437454336, -23.640171693468744, 0.0 ], [ -46.167114404483669, -23.640175069862174, 0.0 ], [ -46.167114434423979, -23.640178446255607, 0.0 ], [ -46.167110784432417, -23.640180162035186, 0.0 ], [ -46.167108981891737, -23.640183552220019, 0.0 ], [ -46.167107179350964, -23.640186942404839, 0.0 ], [ -46.167101696878092, -23.640188671975576, 0.0 ], [ -46.167098061856031, -23.640192075951596, 0.0 ], [ -46.167094411863872, -23.640193791730802, 0.0 ], [ -46.167092609322587, -23.640197181915465, 0.0 ], [ -46.167090806781218, -23.640200572100113, 0.0 ], [ -46.167089004239749, -23.640203962284737, 0.0 ], [ -46.167087201698202, -23.640207352469346, 0.0 ], [ -46.167087231637865, -23.640210728862797, 0.0 ], [ -46.167085429096183, -23.640214119047389, 0.0 ], [ -46.167085459035803, -23.64021749544084, 0.0 ], [ -46.167085488975431, -23.640220871834288, 0.0 ], [ -46.167085518915073, -23.640224248227735, 0.0 ], [ -46.16708371637317, -23.640227638412306, 0.0 ], [ -46.16708191383119, -23.640231028596862, 0.0 ], [ -46.16708011128911, -23.640234418781397, 0.0 ], [ -46.167080141228631, -23.640237795174844, 0.0 ], [ -46.167078353656166, -23.640242873556083, 0.0 ], [ -46.167080216077451, -23.640246236158458, 0.0 ], [ -46.16708024601698, -23.640249612551894, 0.0 ], [ -46.16707844347463, -23.640253002736419, 0.0 ], [ -46.167076640932194, -23.640256392920914, 0.0 ], [ -46.167074838389659, -23.6402597831054, 0.0 ], [ -46.167071188395333, -23.640261498884147, 0.0 ], [ -46.167071218334655, -23.640264875277591, 0.0 ], [ -46.167069415791879, -23.640268265462012, 0.0 ], [ -46.167067613249003, -23.640271655646416, 0.0 ], [ -46.167065810706049, -23.640275045830798, 0.0 ], [ -46.167062160711176, -23.640276761609353, 0.0 ], [ -46.167060358168015, -23.640280151793682, 0.0 ], [ -46.167060388107089, -23.640283528187133, 0.0 ], [ -46.167062250528545, -23.640286890789703, 0.0 ], [ -46.167064112950108, -23.640290253392241, 0.0 ], [ -46.167067807854231, -23.640293602203801, 0.0 ], [ -46.167069670276035, -23.640296964806261, 0.0 ], [ -46.167071532697932, -23.640300327408692, 0.0 ], [ -46.167073395119928, -23.640303690011098, 0.0 ], [ -46.167077060085134, -23.640303662428984, 0.0 ], [ -46.167080740020154, -23.640305323043489, 0.0 ], [ -46.167084404985395, -23.6403052954612, 0.0 ], [ -46.16708806995063, -23.640305267878819, 0.0 ], [ -46.16709174988582, -23.640306928493064, 0.0 ], [ -46.167095414851097, -23.640306900910506, 0.0 ], [ -46.16709727727379, -23.640310263512593, 0.0 ], [ -46.167097307213858, -23.640313639905983, 0.0 ], [ -46.167097337153926, -23.640317016299374, 0.0 ], [ -46.167097367094001, -23.640320392692765, 0.0 ], [ -46.167095564551218, -23.640323782877477, 0.0 ], [ -46.167091914555449, -23.640325498656754, 0.0 ], [ -46.167090112012453, -23.640328888841406, 0.0 ], [ -46.167090141952364, -23.6403322652348, 0.0 ], [ -46.167090171892276, -23.640335641628194, 0.0 ], [ -46.167090201832195, -23.640339018021582, 0.0 ], [ -46.167088399288986, -23.640342408206219, 0.0 ], [ -46.167088429228869, -23.640345784599614, 0.0 ], [ -46.16708845916876, -23.640349160993004, 0.0 ], [ -46.16708848910865, -23.640352537386388, 0.0 ], [ -46.167090351531883, -23.640355899988521, 0.0 ], [ -46.16709038147183, -23.640359276381908, 0.0 ], [ -46.167092243895198, -23.640362638983998, 0.0 ], [ -46.167092273835209, -23.640366015377378, 0.0 ], [ -46.167095968742245, -23.640369364188118, 0.0 ], [ -46.167095998682356, -23.640372740581491, 0.0 ], [ -46.167096028622481, -23.64037611697486, 0.0 ], [ -46.167096058562606, -23.640379493368222, 0.0 ], [ -46.167094256019048, -23.640382883552927, 0.0 ], [ -46.167094285959138, -23.640386259946293, 0.0 ], [ -46.167094315899234, -23.640389636339656, 0.0 ], [ -46.167094345839338, -23.640393012733025, 0.0 ], [ -46.167096208263331, -23.640396375335033, 0.0 ], [ -46.167098070687409, -23.640399737937024, 0.0 ], [ -46.167098100627626, -23.640403114330379, 0.0 ], [ -46.167098130567851, -23.640406490723738, 0.0 ], [ -46.167098160508068, -23.640409867117093, 0.0 ], [ -46.167098190448307, -23.640413243510437, 0.0 ], [ -46.16709638790438, -23.640416633695164, 0.0 ], [ -46.167092752876151, -23.64042003767122, 0.0 ], [ -46.167090950331996, -23.64042342785589, 0.0 ], [ -46.167090980272057, -23.640426804249241, 0.0 ], [ -46.167087330273425, -23.640428520028493, 0.0 ], [ -46.167085527729029, -23.640431910213106, 0.0 ], [ -46.167085557668962, -23.640435286606465, 0.0 ], [ -46.167085587608909, -23.640438662999816, 0.0 ], [ -46.167085617548857, -23.640442039393172, 0.0 ], [ -46.167085647488811, -23.640445415786523, 0.0 ], [ -46.167085677428766, -23.640448792179871, 0.0 ], [ -46.167087539853398, -23.640452154781947, 0.0 ], [ -46.167087569793416, -23.640455531175292, 0.0 ], [ -46.167087599733435, -23.640458907568636, 0.0 ], [ -46.167087629673468, -23.64046228396197, 0.0 ], [ -46.167087659613507, -23.640465660355311, 0.0 ], [ -46.16708768955354, -23.640469036748648, 0.0 ], [ -46.167087719493594, -23.640472413141989, 0.0 ], [ -46.167087749433641, -23.640475789535326, 0.0 ], [ -46.167087779373695, -23.640479165928657, 0.0 ], [ -46.167087809313756, -23.640482542321994, 0.0 ], [ -46.167087839253831, -23.640485918715324, 0.0 ], [ -46.1670878691939, -23.640489295108658, 0.0 ], [ -46.167087899133975, -23.640492671501978, 0.0 ], [ -46.167087929074057, -23.640496047895304, 0.0 ], [ -46.167087959014154, -23.640499424288635, 0.0 ], [ -46.167088003924299, -23.640504488878616, 0.0 ], [ -46.167088033864403, -23.640507865271932, 0.0 ], [ -46.167088063804513, -23.640511241665251, 0.0 ], [ -46.167084398833545, -23.640511269247856, 0.0 ], [ -46.167084428773563, -23.640514645641179, 0.0 ], [ -46.167084458713589, -23.640518022034495, 0.0 ], [ -46.167084488653622, -23.640521398427818, 0.0 ], [ -46.167084518593661, -23.640524774821138, 0.0 ], [ -46.167084548533701, -23.640528151214454, 0.0 ], [ -46.167080883562257, -23.640528178796995, 0.0 ], [ -46.167080913502211, -23.640531555190311, 0.0 ], [ -46.167079110956351, -23.640534945374871, 0.0 ], [ -46.167077308410398, -23.640538335559409, 0.0 ], [ -46.167077338350282, -23.640541711952725, 0.0 ], [ -46.167075535804202, -23.640545102137249, 0.0 ], [ -46.167073733258029, -23.640548492321749, 0.0 ], [ -46.167073763197827, -23.640551868715065, 0.0 ], [ -46.167073793137639, -23.640555245108381, 0.0 ], [ -46.167073823077445, -23.640558621501697, 0.0 ], [ -46.167073853017264, -23.640561997895016, 0.0 ], [ -46.167073882957091, -23.640565374288325, 0.0 ], [ -46.167073912896917, -23.640568750681631, 0.0 ], [ -46.167072110350404, -23.640572140866126, 0.0 ], [ -46.167070307803812, -23.64057553105059, 0.0 ], [ -46.16707033774356, -23.640578907443906, 0.0 ], [ -46.167070367683316, -23.640582283837215, 0.0 ], [ -46.167068565136546, -23.640585674021668, 0.0 ], [ -46.167064915133288, -23.640587389800555, 0.0 ], [ -46.167064945072916, -23.640590766193867, 0.0 ], [ -46.167061295069473, -23.640592481972664, 0.0 ], [ -46.167059492522334, -23.640595872157018, 0.0 ], [ -46.167055827548964, -23.640595899739044, 0.0 ], [ -46.167055857488371, -23.640599276132363, 0.0 ], [ -46.167052192514909, -23.6405993037143, 0.0 ], [ -46.167052222454231, -23.640602680107623, 0.0 ], [ -46.167048557480669, -23.640602707689478, 0.0 ], [ -46.167048587419899, -23.640606084082808, 0.0 ], [ -46.167044937415803, -23.640607799861243, 0.0 ], [ -46.167041287411614, -23.640609515639603, 0.0 ], [ -46.167041295831972, -23.640610465250219, 0.0 ], [ -46.16700589602857, -23.640596697584609, 0.0 ], [ -46.166998536143709, -23.640593376352641, 0.0 ], [ -46.166991176259209, -23.640590055120306, 0.0 ], [ -46.166983846312618, -23.640590110281025, 0.0 ], [ -46.166972851392693, -23.640590193021442, 0.0 ], [ -46.166958191499369, -23.640590303340787, 0.0 ], [ -46.166947196579322, -23.640590386079381, 0.0 ], [ -46.16693983669618, -23.640587064844556, 0.0 ], [ -46.166928781904069, -23.640580394794881, 0.0 ], [ -46.166917757048893, -23.640577101137868, 0.0 ], [ -46.166910427102835, -23.640577156295084, 0.0 ], [ -46.166903067221284, -23.64057383505844, 0.0 ], [ -46.166895707340096, -23.640570513821423, 0.0 ], [ -46.166884682486483, -23.640567220161991, 0.0 ], [ -46.16687735254088, -23.640567275317622, 0.0 ], [ -46.166869992660665, -23.64056395407934, 0.0 ], [ -46.166846546140981, -23.640554844802104, 0.0 ], [ -46.166835521289762, -23.640551551139072, 0.0 ], [ -46.166828191344912, -23.640551606292345, 0.0 ], [ -46.166790810997369, -23.640559907020599, 0.0 ], [ -46.16678348105193, -23.640559962171771, 0.0 ], [ -46.166766582933917, -23.640565998396482, 0.0 ], [ -46.166755558083487, -23.640562704727717, 0.0 ], [ -46.166748228137799, -23.640562759877234, 0.0 ], [ -46.16674086826081, -23.640559438632689, 0.0 ], [ -46.16673353831527, -23.640559493781506, 0.0 ], [ -46.166726178438807, -23.64055617253624, 0.0 ], [ -46.166707823644849, -23.640552934012113, 0.0 ], [ -46.166687810755612, -23.640556461198326, 0.0 ], [ -46.166671464284484, -23.640573045196778, 0.0 ], [ -46.166653747185251, -23.64059006158255, 0.0 ], [ -46.166639173335334, -23.640599879003968, 0.0 ], [ -46.16661953769735, -23.640607202039863, 0.0 ], [ -46.166596279439638, -23.640604269973906, 0.0 ], [ -46.166577804157313, -23.640589577707985, 0.0 ], [ -46.16656677930898, -23.640586284025698, 0.0 ], [ -46.166559449361486, -23.640586339166344, 0.0 ], [ -46.166548424513827, -23.640583045482732, 0.0 ], [ -46.166541064640285, -23.640579724228552, 0.0 ], [ -46.16653373469309, -23.640579779367968, 0.0 ], [ -46.166526404745873, -23.640579834507037, 0.0 ], [ -46.166517943521995, -23.640581480945823, 0.0 ], [ -46.16650787980705, -23.640583244957934, 0.0 ], [ -46.166498712774569, -23.640590152174024, 0.0 ], [ -46.166467882059173, -23.640593464646319, 0.0 ], [ -46.16646326624172, -23.640589595150757, 0.0 ], [ -46.166452241395874, -23.64058630146021, 0.0 ], [ -46.166444881524363, -23.640582980201387, 0.0 ], [ -46.166428796496255, -23.640583974749362, 0.0 ], [ -46.166404767595388, -23.64058655302853, 0.0 ], [ -46.166379343482205, -23.640593391976278, 0.0 ], [ -46.166371983611974, -23.640590070713934, 0.0 ], [ -46.166364653663756, -23.640590125845382, 0.0 ], [ -46.166357323715523, -23.640590180976481, 0.0 ], [ -46.166346328793125, -23.64059026367249, 0.0 ], [ -46.166338968923824, -23.640586942408532, 0.0 ], [ -46.166331638975699, -23.640586997538417, 0.0 ], [ -46.166324309027551, -23.64058705266795, 0.0 ], [ -46.16631694915894, -23.64058373140292, 0.0 ], [ -46.166305954236925, -23.64058381409604, 0.0 ], [ -46.166298624288885, -23.640583869224358, 0.0 ], [ -46.166287599447102, -23.640580575521927, 0.0 ], [ -46.166280269499204, -23.640580630649367, 0.0 ], [ -46.16627293955127, -23.640580685776456, 0.0 ], [ -46.166261944629333, -23.64058076846645, 0.0 ], [ -46.166254644600187, -23.640584199986964, 0.0 ], [ -46.16624731465199, -23.640584255112852, 0.0 ], [ -46.166239984703779, -23.640584310238399, 0.0 ], [ -46.166228989781409, -23.640584392926066, 0.0 ], [ -46.166221659833141, -23.640584448050742, 0.0 ], [ -46.166214329884845, -23.640584503175077, 0.0 ], [ -46.16621193489943, -23.64056445424962, 0.0 ], [ -46.166212011234933, -23.640529650547855, 0.0 ], [ -46.166220986679704, -23.640508479177921, 0.0 ], [ -46.166225923173158, -23.640496834924249, 0.0 ], [ -46.166219868491382, -23.640485695406444, 0.0 ], [ -46.166212249652652, -23.640478999464317, 0.0 ], [ -46.166201710990542, -23.640478867679768, 0.0 ], [ -46.166194351130933, -23.64047554640851, 0.0 ], [ -46.166190997029055, -23.640471878454715, 0.0 ], [ -46.166191628116643, -23.640465542547421, 0.0 ], [ -46.166197503291826, -23.640456423700023, 0.0 ], [ -46.166207811150876, -23.64044544286811, 0.0 ], [ -46.166212923267992, -23.640434009536278, 0.0 ], [ -46.166219338998374, -23.640419660649609, 0.0 ], [ -46.166225171374592, -23.640406616441322, 0.0 ], [ -46.166229821611658, -23.64039621610538, 0.0 ], [ -46.166230306651372, -23.640384001767213, 0.0 ], [ -46.166225902145051, -23.640378125807086, 0.0 ], [ -46.166219879256694, -23.64037057370798, 0.0 ], [ -46.166210429810732, -23.640364102571031, 0.0 ], [ -46.166194609677596, -23.640362533233024, 0.0 ], [ -46.16617518253998, -23.64036753321864, 0.0 ], [ -46.166167852603643, -23.640367588340304, 0.0 ], [ -46.166133192918963, -23.640398555112437, 0.0 ], [ -46.166114176193616, -23.640424022760048, 0.0 ], [ -46.166084102851165, -23.640442609268675, 0.0 ], [ -46.166062286902303, -23.640462399913734, 0.0 ], [ -46.166041591945984, -23.640479438623451, 0.0 ], [ -46.166025639956082, -23.640488844273548, 0.0 ], [ -46.166013330501471, -23.640495690068921, 0.0 ], [ -46.166003570626188, -23.64050589331255, 0.0 ], [ -46.165991261168806, -23.640512739106256, 0.0 ], [ -46.165983931223899, -23.640512794219543, 0.0 ], [ -46.165972906394991, -23.640509500494158, 0.0 ], [ -46.165965576450219, -23.640509555606567, 0.0 ], [ -46.165958246505433, -23.640509610718631, 0.0 ], [ -46.165947251588193, -23.640509693386075, 0.0 ], [ -46.165939921643343, -23.64050974849728, 0.0 ], [ -46.165932591698471, -23.640509803608133, 0.0 ], [ -46.165921596781125, -23.640509886273765, 0.0 ], [ -46.165914266836197, -23.640509941383751, 0.0 ], [ -46.165903271918758, -23.640510024048073, 0.0 ], [ -46.16589594197378, -23.640510079157202, 0.0 ], [ -46.16588861202878, -23.640510134265973, 0.0 ], [ -46.165877617111228, -23.64051021692849, 0.0 ], [ -46.165870287166165, -23.640510272036394, 0.0 ], [ -46.16586295722108, -23.640510327143961, 0.0 ], [ -46.165855627275981, -23.640510382251176, 0.0 ], [ -46.165848297330854, -23.640510437358042, 0.0 ], [ -46.165840937477583, -23.640507116069742, 0.0 ], [ -46.165833607532598, -23.640507171175912, 0.0 ], [ -46.165826277587591, -23.640507226281738, 0.0 ], [ -46.16581891773501, -23.640503904992357, 0.0 ], [ -46.165811587790145, -23.64050396009748, 0.0 ], [ -46.165804227938089, -23.640500638807385, 0.0 ], [ -46.165796868086396, -23.640497317516921, 0.0 ], [ -46.165789538141844, -23.640497372620988, 0.0 ], [ -46.165782178290669, -23.640494051329799, 0.0 ], [ -46.165774818439864, -23.640490730038259, 0.0 ], [ -46.165767458589414, -23.640487408746342, 0.0 ], [ -46.165760128645331, -23.640487463849002, 0.0 ], [ -46.165752798701227, -23.640487518951307, 0.0 ], [ -46.165745468757109, -23.640487574053264, 0.0 ], [ -46.165738108907512, -23.640484252759926, 0.0 ], [ -46.165723449019524, -23.640484362962091, 0.0 ], [ -46.16571608917063, -23.64048104166767, 0.0 ], [ -46.165708759226767, -23.640481096767882, 0.0 ], [ -46.165703861106458, -23.640471214766929, 0.0 ], [ -46.165690973897163, -23.640464558400986, 0.0 ], [ -46.165683056871721, -23.640450056240056, 0.0 ], [ -46.165672061958382, -23.640450138887807, 0.0 ], [ -46.165664702112615, -23.640446817590799, 0.0 ], [ -46.165657372170529, -23.640446872688511, 0.0 ], [ -46.165650042228421, -23.64044692778587, 0.0 ], [ -46.165642712286285, -23.640446982882885, 0.0 ], [ -46.165635382344128, -23.640447037979555, 0.0 ], [ -46.165628052401956, -23.640447093075878, 0.0 ], [ -46.165620722459757, -23.640447148171855, 0.0 ], [ -46.165613392517535, -23.640447203267481, 0.0 ], [ -46.1656060625753, -23.640447258362766, 0.0 ], [ -46.165598732633029, -23.640447313457706, 0.0 ], [ -46.165591402690737, -23.640447368552291, 0.0 ], [ -46.16558407274843, -23.640447423646538, 0.0 ], [ -46.165576742806103, -23.640447478740438, 0.0 ], [ -46.165569412863746, -23.640447533833989, 0.0 ], [ -46.165562082921369, -23.640447588927191, 0.0 ], [ -46.165554752978977, -23.640447644020053, 0.0 ], [ -46.165543758065333, -23.640447726658692, 0.0 ], [ -46.165536428122877, -23.640447781750687, 0.0 ], [ -46.165533368108363, -23.640438519044785, 0.0 ], [ -46.165526004528964, -23.640434775691634, 0.0 ], [ -46.165518633475038, -23.640430188239293, 0.0 ], [ -46.165511303533492, -23.640430243330062, 0.0 ], [ -46.165500434903073, -23.64041871788525, 0.0 ], [ -46.165495488214589, -23.64040334923456, 0.0 ], [ -46.1654843998706, -23.640392880633538, 0.0 ], [ -46.165477829205678, -23.640375202761089, 0.0 ], [ -46.165477658598867, -23.640360116342329, 0.0 ], [ -46.165470673353326, -23.640343178651094, 0.0 ], [ -46.165455435766646, -23.640329786688916, 0.0 ], [ -46.165432846111102, -23.640438441944504, 0.0 ], [ -46.165417951944399, -23.640527784444402, 0.0 ], [ -46.165405212499998, -23.640616930277801, 0.0 ], [ -46.165391884444396, -23.64070599, 0.0 ], [ -46.165382675555612, -23.640795289722192, 0.0 ], [ -46.165374271111112, -23.640886841388905, 0.0 ], [ -46.16536742638889, -23.640977387777802, 0.0 ], [ -46.165357545, -23.641068227777804, 0.0 ], [ -46.165348077222191, -23.641161503333304, 0.0 ], [ -46.165334276388897, -23.6412525536111, 0.0 ], [ -46.165321170555607, -23.641344591666698, 0.0 ], [ -46.1653002455555, -23.641439308055503, 0.0 ], [ -46.16526885166671, -23.6415363611111, 0.0 ], [ -46.165242330277813, -23.641574763333299, 0.0 ], [ -46.16530062611109, -23.641581911666588, 0.0 ], [ -46.165423644444502, -23.642399505555602, 0.0 ], [ -46.165483161666707, -23.642522427777795, 0.0 ], [ -46.165795069444506, -23.642938509166701, 0.0 ], [ -46.1660239922222, -23.643371199444395, 0.0 ], [ -46.166133049722191, -23.643564013333297, 0.0 ], [ -46.166202992222203, -23.643690559444504, 0.0 ], [ -46.166324854166589, -23.643912177499995, 0.0 ], [ -46.166483491666597, -23.643858601944398, 0.0 ], [ -46.166793249166687, -23.6437992830555, 0.0 ], [ -46.166799408333397, -23.643587268888897, 0.0 ], [ -46.1667715930555, -23.643347061666692, 0.0 ], [ -46.1668254194445, -23.643126470555604, 0.0 ], [ -46.166818583888897, -23.642941558333398, 0.0 ], [ -46.166762638333402, -23.642746178055599, 0.0 ], [ -46.166732644031086, -23.642704955229547, 0.0 ], [ -46.166728500958222, -23.642706902748721, 0.0 ], [ -46.166723025859753, -23.642709476408065, 0.0 ], [ -46.166717550761064, -23.642712050067207, 0.0 ], [ -46.166712075662154, -23.642714623726174, 0.0 ] ] ], [ [ [ -46.163777831893476, -23.644594817050571, 0.0 ], [ -46.1637777721715, -23.644588064259512, 0.0 ], [ -46.163770412133054, -23.644584742881552, 0.0 ], [ -46.163770352411497, -23.644577990090461, 0.0 ], [ -46.163762992373805, -23.644574668712121, 0.0 ], [ -46.163759267564366, -23.644567943429465, 0.0 ], [ -46.163751907527512, -23.644564622050559, 0.0 ], [ -46.16374818271894, -23.644557896767598, 0.0 ], [ -46.163748122998591, -23.644551143976436, 0.0 ], [ -46.163740762962938, -23.644547822596945, 0.0 ], [ -46.163740703243, -23.644541069805744, 0.0 ], [ -46.163733313348338, -23.644534372030265, 0.0 ], [ -46.16373325362882, -23.644527619239039, 0.0 ], [ -46.163725863735301, -23.644520921463155, 0.0 ], [ -46.163718533561259, -23.64452097647813, 0.0 ], [ -46.163718473842536, -23.644514223686862, 0.0 ], [ -46.16371474903719, -23.644507498402938, 0.0 ], [ -46.163711024232221, -23.644500773118896, 0.0 ], [ -46.163710964513946, -23.644494020327588, 0.0 ], [ -46.163703604482414, -23.644490698946147, 0.0 ], [ -46.163696214592505, -23.64448400116866, 0.0 ], [ -46.16368885456189, -23.644480679786476, 0.0 ], [ -46.163681494531637, -23.644477358403925, 0.0 ], [ -46.163674134501733, -23.644474037021009, 0.0 ], [ -46.163666774472198, -23.644470715637727, 0.0 ], [ -46.163659414443018, -23.644467394254082, 0.0 ], [ -46.163648419186153, -23.644467476771538, 0.0 ], [ -46.163641059157577, -23.644464155386995, 0.0 ], [ -46.16363369912937, -23.644460834002082, 0.0 ], [ -46.163629974329893, -23.644454108715841, 0.0 ], [ -46.163622644159318, -23.644454163726145, 0.0 ], [ -46.163615313988721, -23.644454218736097, 0.0 ], [ -46.163607983818103, -23.644454273745708, 0.0 ], [ -46.16360059393498, -23.644447575963376, 0.0 ], [ -46.163593233908649, -23.644444254576456, 0.0 ], [ -46.163585903738529, -23.644444309585001, 0.0 ], [ -46.16357857356838, -23.644444364593198, 0.0 ], [ -46.163571243398216, -23.644444419601054, 0.0 ], [ -46.163563913228025, -23.644444474608559, 0.0 ], [ -46.163556583057812, -23.644444529615718, 0.0 ], [ -46.163549252887584, -23.644444584622534, 0.0 ], [ -46.163541922717329, -23.644444639629, 0.0 ], [ -46.163534592547052, -23.644444694635116, 0.0 ], [ -46.163527262376753, -23.644444749640897, 0.0 ], [ -46.163519902352277, -23.644441428250417, 0.0 ], [ -46.163512572182114, -23.644441483255495, 0.0 ], [ -46.163505242011937, -23.644441538260221, 0.0 ], [ -46.163497881988143, -23.644438216868664, 0.0 ], [ -46.163494157196155, -23.64443149157885, 0.0 ], [ -46.163494097489199, -23.644424738786967, 0.0 ], [ -46.163490372697815, -23.644418013497013, 0.0 ], [ -46.163490312991094, -23.644411260705105, 0.0 ], [ -46.163486588200307, -23.644404535415038, 0.0 ], [ -46.163482863409918, -23.644397810124854, 0.0 ], [ -46.163482773850504, -23.644387680936937, 0.0 ], [ -46.163479049060818, -23.644380955646618, 0.0 ], [ -46.163475324271531, -23.644374230356192, 0.0 ], [ -46.163471599482634, -23.644367505065656, 0.0 ], [ -46.163467874694128, -23.64436077977501, 0.0 ], [ -46.163464149906012, -23.644354054484253, 0.0 ], [ -46.163464090200819, -23.644347301692221, 0.0 ], [ -46.163464030495646, -23.644340548900203, 0.0 ], [ -46.163456700330961, -23.644340603902414, 0.0 ], [ -46.163456640626187, -23.64433385111036, 0.0 ], [ -46.163456580921434, -23.6443270983183, 0.0 ], [ -46.163456521216702, -23.644320345526232, 0.0 ], [ -46.163456461511998, -23.644313592734154, 0.0 ], [ -46.163456401807309, -23.644306839942086, 0.0 ], [ -46.163460007183865, -23.644300059648984, 0.0 ], [ -46.163463612560058, -23.644293279355811, 0.0 ], [ -46.163463552855063, -23.644286526563736, 0.0 ], [ -46.163467158230731, -23.644279746270492, 0.0 ], [ -46.163467098525594, -23.644272993478413, 0.0 ], [ -46.163467038820471, -23.644266240686321, 0.0 ], [ -46.163470644195449, -23.644259460393013, 0.0 ], [ -46.163470584490192, -23.64425270760092, 0.0 ], [ -46.163477884797139, -23.644249276202206, 0.0 ], [ -46.163477825091533, -23.644242523410124, 0.0 ], [ -46.163481430465353, -23.644235743116592, 0.0 ], [ -46.163485005985848, -23.644225586426941, 0.0 ], [ -46.163484946279944, -23.644218833634856, 0.0 ], [ -46.163488551652797, -23.644212053341171, 0.0 ], [ -46.163495881810235, -23.644211998337738, 0.0 ], [ -46.163499487182335, -23.644205218043819, 0.0 ], [ -46.163499427475756, -23.644198465251748, 0.0 ], [ -46.163499367769191, -23.644191712459676, 0.0 ], [ -46.163499308062647, -23.644184959667591, 0.0 ], [ -46.16350663821855, -23.64418490466371, 0.0 ], [ -46.163510243589414, -23.644178124369574, 0.0 ], [ -46.163510183882345, -23.644171371577507, 0.0 ], [ -46.16351378925269, -23.644164591283303, 0.0 ], [ -46.163513729545485, -23.644157838491228, 0.0 ], [ -46.163513669838295, -23.644151085699161, 0.0 ], [ -46.16351361013114, -23.644144332907075, 0.0 ], [ -46.163517215500612, -23.644137552612811, 0.0 ], [ -46.163517155793315, -23.644130799820722, 0.0 ], [ -46.163517096086032, -23.64412404702863, 0.0 ], [ -46.163517036378771, -23.64411729423653, 0.0 ], [ -46.163513311595665, -23.644110568946576, 0.0 ], [ -46.163509586812964, -23.644103843656506, 0.0 ], [ -46.16350586203064, -23.644097118366329, 0.0 ], [ -46.16350213724872, -23.644090393076048, 0.0 ], [ -46.163498412467185, -23.644083667785655, 0.0 ], [ -46.163494657833056, -23.644073566099049, 0.0 ], [ -46.163494598127087, -23.644066813306853, 0.0 ], [ -46.163494538421148, -23.644060060514661, 0.0 ], [ -46.163494478715229, -23.644053307722455, 0.0 ], [ -46.163490753935221, -23.64404658243178, 0.0 ], [ -46.16349069422953, -23.64403982963956, 0.0 ], [ -46.163490634523868, -23.644033076847322, 0.0 ], [ -46.163490574818219, -23.644026324055076, 0.0 ], [ -46.163486850039234, -23.644019598764256, 0.0 ], [ -46.16348679033382, -23.644012845971993, 0.0 ], [ -46.163479430334938, -23.644009524578422, 0.0 ], [ -46.163479370629936, -23.644002771786134, 0.0 ], [ -46.163479310924956, -23.643996018993839, 0.0 ], [ -46.163475586147463, -23.643989293702667, 0.0 ], [ -46.163471861370361, -23.643982568411378, 0.0 ], [ -46.163471801665828, -23.643975815619047, 0.0 ], [ -46.163471741961303, -23.643969062826713, 0.0 ], [ -46.163464411817337, -23.643969117828476, 0.0 ], [ -46.163464352113216, -23.643962365036128, 0.0 ], [ -46.163460627337507, -23.64395563974449, 0.0 ], [ -46.163453297194245, -23.643955694745703, 0.0 ], [ -46.163449572419296, -23.643948969453767, 0.0 ], [ -46.163449512715999, -23.643942216661365, 0.0 ], [ -46.163442182573455, -23.643942271662016, 0.0 ], [ -46.163438457799472, -23.643935546369761, 0.0 ], [ -46.163434733025873, -23.643928821077409, 0.0 ], [ -46.163431008252672, -23.643922095784941, 0.0 ], [ -46.163427283479862, -23.643915370492358, 0.0 ], [ -46.16341995333876, -23.643915425491905, 0.0 ], [ -46.163419893637077, -23.643908672699393, 0.0 ], [ -46.16341256349633, -23.643908727698573, 0.0 ], [ -46.16340517365466, -23.643902029904854, 0.0 ], [ -46.163397813663984, -23.643898708507038, 0.0 ], [ -46.163390453673678, -23.643895387108852, 0.0 ], [ -46.163390393973565, -23.643888634316255, 0.0 ], [ -46.163383033983997, -23.643885312917686, 0.0 ], [ -46.163382974284289, -23.643878560125057, 0.0 ], [ -46.163375614295468, -23.643875238726103, 0.0 ], [ -46.163368254307017, -23.643871917326788, 0.0 ], [ -46.163360894318913, -23.643868595927103, 0.0 ], [ -46.163353504482103, -23.643861898130698, 0.0 ], [ -46.163346174343786, -23.643861953126638, 0.0 ], [ -46.163346114646039, -23.643855200333899, 0.0 ], [ -46.163338784508085, -23.643855255329481, 0.0 ], [ -46.163338724810728, -23.64384850253672, 0.0 ], [ -46.163331394673129, -23.643848557531935, 0.0 ], [ -46.163331334976178, -23.64384180473915, 0.0 ], [ -46.163323974990647, -23.643838483337596, 0.0 ], [ -46.163316615005471, -23.643835161935673, 0.0 ], [ -46.163309284868561, -23.643835216929816, 0.0 ], [ -46.163305560104497, -23.643828491633894, 0.0 ], [ -46.163301835340832, -23.643821766337865, 0.0 ], [ -46.163294505204618, -23.643821821331279, 0.0 ], [ -46.163294445509642, -23.64381506853838, 0.0 ], [ -46.163287115373777, -23.643815123531429, 0.0 ], [ -46.163287055679199, -23.643808370738505, 0.0 ], [ -46.163276030628928, -23.643805076830926, 0.0 ], [ -46.163272305867459, -23.64379835153408, 0.0 ], [ -46.163264916039068, -23.643791653733057, 0.0 ], [ -46.163257556057935, -23.64378833232816, 0.0 ], [ -46.163257496364942, -23.643781579535144, 0.0 ], [ -46.16325377160512, -23.64377485423778, 0.0 ], [ -46.163246411625202, -23.643771532832289, 0.0 ], [ -46.16323905164564, -23.643768211426433, 0.0 ], [ -46.163231661820639, -23.643761513623669, 0.0 ], [ -46.163224271996391, -23.643754815820511, 0.0 ], [ -46.163216941863702, -23.643754870810113, 0.0 ], [ -46.16321688217289, -23.643748118016969, 0.0 ], [ -46.163209552040556, -23.643748173006202, 0.0 ], [ -46.163205827284159, -23.643741447707519, 0.0 ], [ -46.163198467307247, -23.643738126299617, 0.0 ], [ -46.163191107330704, -23.643734804891356, 0.0 ], [ -46.163187382575629, -23.643728079592165, 0.0 ], [ -46.163180052444339, -23.643728134579963, 0.0 ], [ -46.163176327690032, -23.64372140928046, 0.0 ], [ -46.163176268001401, -23.643714656487195, 0.0 ], [ -46.163168908026698, -23.643711335077789, 0.0 ], [ -46.163168848338479, -23.643704582284503, 0.0 ], [ -46.163161458520619, -23.643697884478051, 0.0 ], [ -46.163154098547224, -23.643694563067882, 0.0 ], [ -46.163154038859801, -23.64368781027455, 0.0 ], [ -46.163146708730665, -23.643687865260684, 0.0 ], [ -46.163142983979256, -23.64368113996024, 0.0 ], [ -46.163139259228238, -23.643674414659689, 0.0 ], [ -46.163131899256697, -23.643671093248383, 0.0 ], [ -46.163131839570482, -23.643664340454965, 0.0 ], [ -46.163124509442596, -23.643664395440005, 0.0 ], [ -46.163120784693014, -23.643657670138932, 0.0 ], [ -46.163117059943829, -23.643650944837759, 0.0 ], [ -46.163109699974143, -23.64364762342532, 0.0 ], [ -46.163105975225818, -23.643640898123838, 0.0 ], [ -46.163102250477884, -23.643634172822246, 0.0 ], [ -46.163094920351597, -23.643634227805812, 0.0 ], [ -46.163094860667393, -23.64362747501227, 0.0 ], [ -46.163091135920425, -23.643620749710362, 0.0 ], [ -46.163083775953055, -23.64361742829659, 0.0 ], [ -46.163080051206954, -23.643610702994373, 0.0 ], [ -46.163076326461251, -23.643603977692045, 0.0 ], [ -46.163072601715939, -23.643597252389604, 0.0 ], [ -46.163065241750331, -23.64359393097488, 0.0 ], [ -46.163061517005879, -23.643587205672123, 0.0 ], [ -46.163057792261817, -23.64358048036927, 0.0 ], [ -46.163050462138408, -23.643580535350615, 0.0 ], [ -46.163050402456626, -23.643573782556924, 0.0 ], [ -46.163046677713538, -23.643567057253758, 0.0 ], [ -46.163039317750261, -23.643563735837692, 0.0 ], [ -46.163035593008026, -23.643557010534209, 0.0 ], [ -46.163031868266188, -23.643550285230614, 0.0 ], [ -46.163028143524748, -23.643543559926911, 0.0 ], [ -46.16302078356324, -23.643540238509882, 0.0 ], [ -46.163020694043034, -23.643530109319183, 0.0 ], [ -46.163016969302767, -23.64352338401515, 0.0 ], [ -46.163016909622868, -23.643516631221324, 0.0 ], [ -46.163009549663151, -23.64351330980368, 0.0 ], [ -46.163002189703803, -23.643509988385667, 0.0 ], [ -46.162998464965071, -23.643503263081126, 0.0 ], [ -46.162991105006554, -23.643499941662547, 0.0 ], [ -46.162991045328049, -23.643493188868643, 0.0 ], [ -46.162987320590396, -23.643486463563764, 0.0 ], [ -46.162983595853134, -23.64347973825878, 0.0 ], [ -46.162976235896302, -23.643476416839427, 0.0 ], [ -46.162968875939818, -23.643473095419697, 0.0 ], [ -46.162961515983696, -23.643469773999612, 0.0 ], [ -46.162954156027936, -23.643466452579158, 0.0 ], [ -46.162950431292948, -23.643459727273271, 0.0 ], [ -46.162943071338013, -23.643456405852255, 0.0 ], [ -46.162939346603892, -23.643449680546055, 0.0 ], [ -46.162932016487453, -23.643449735521525, 0.0 ], [ -46.162928291754092, -23.643443010215023, 0.0 ], [ -46.162920931800627, -23.643439688792892, 0.0 ], [ -46.162913571847518, -23.643436367370391, 0.0 ], [ -46.162909847115486, -23.643429642063381, 0.0 ], [ -46.162902457326325, -23.64342294424323, 0.0 ], [ -46.162898732595259, -23.643416218935915, 0.0 ], [ -46.162891342807434, -23.643409521115171, 0.0 ], [ -46.162883982856727, -23.64340619969116, 0.0 ], [ -46.162880258127096, -23.643399474383326, 0.0 ], [ -46.162872928013307, -23.643399529355893, 0.0 ], [ -46.162872868341154, -23.643392776561608, 0.0 ], [ -46.162865538227706, -23.643392831533806, 0.0 ], [ -46.162858178278555, -23.643389510108499, 0.0 ], [ -46.162854453550729, -23.643382784799964, 0.0 ], [ -46.162847093602402, -23.643379463374092, 0.0 ], [ -46.162839733654437, -23.643376141947858, 0.0 ], [ -46.162832373706827, -23.643372820521257, 0.0 ], [ -46.162824983924772, -23.643366122697078, 0.0 ], [ -46.162813958922122, -23.64336282875454, 0.0 ], [ -46.162806628810202, -23.643362883723889, 0.0 ], [ -46.162806569141544, -23.643356130929419, 0.0 ], [ -46.162799209195846, -23.643352809501163, 0.0 ], [ -46.162791879084438, -23.64335286446979, 0.0 ], [ -46.162784519139265, -23.643349543040806, 0.0 ], [ -46.162777129360904, -23.643342845214185, 0.0 ], [ -46.162769769416641, -23.643339523784462, 0.0 ], [ -46.162762439305901, -23.643339578751668, 0.0 ], [ -46.162755049529196, -23.643332880923914, 0.0 ], [ -46.162751324808262, -23.643326155612584, 0.0 ], [ -46.162743994698211, -23.643326210578895, 0.0 ], [ -46.162740269978038, -23.643319485267259, 0.0 ], [ -46.162732939868334, -23.643319540233026, 0.0 ], [ -46.162725609758603, -23.643319595198445, 0.0 ], [ -46.162721885039552, -23.643312869886326, 0.0 ], [ -46.162714554930169, -23.643312924851216, 0.0 ], [ -46.162707194989061, -23.643309603418388, 0.0 ], [ -46.162699835048308, -23.643306281985183, 0.0 ], [ -46.162696110330948, -23.643299556672357, 0.0 ], [ -46.16268878022224, -23.643299611635996, 0.0 ], [ -46.162681420282482, -23.643296290201882, 0.0 ], [ -46.162681360620446, -23.64328953740705, 0.0 ], [ -46.162674030512257, -23.643289592369968, 0.0 ], [ -46.162666700404046, -23.643289647332544, 0.0 ], [ -46.162659340465368, -23.643286325897332, 0.0 ], [ -46.162652010357299, -23.643286380859205, 0.0 ], [ -46.162644680249208, -23.643286435820734, 0.0 ], [ -46.162633655257245, -23.643283141864899, 0.0 ], [ -46.162626325149297, -23.64328319682555, 0.0 ], [ -46.162622600436315, -23.64327647151077, 0.0 ], [ -46.162615240499413, -23.64327315007338, 0.0 ], [ -46.162607880562852, -23.643269828635628, 0.0 ], [ -46.162600550455579, -23.643269883595032, 0.0 ], [ -46.162593190519544, -23.643266562156562, 0.0 ], [ -46.162585830583879, -23.643263240717722, 0.0 ], [ -46.162578500476904, -23.643263295676068, 0.0 ], [ -46.162567475488352, -23.64326000171538, 0.0 ], [ -46.162560145381512, -23.643260056672851, 0.0 ], [ -46.162552785446969, -23.643256735232399, 0.0 ], [ -46.162545455340279, -23.643256790189174, 0.0 ], [ -46.162541730632164, -23.643250064872227, 0.0 ], [ -46.162534370698623, -23.643246743430851, 0.0 ], [ -46.16252704059243, -23.643246798386734, 0.0 ], [ -46.162519650832621, -23.643240100547004, 0.0 ], [ -46.16251229090016, -23.643236779104534, 0.0 ], [ -46.162504930968055, -23.643233457661694, 0.0 ], [ -46.16249760086253, -23.643233512616153, 0.0 ], [ -46.16249024093095, -23.643230191172595, 0.0 ], [ -46.162482880999733, -23.643226869728686, 0.0 ], [ -46.162475491243235, -23.643220171886703, 0.0 ], [ -46.162468131312934, -23.643216850442041, 0.0 ], [ -46.162460771382982, -23.643213528997013, 0.0 ], [ -46.162453411453399, -23.643210207551615, 0.0 ], [ -46.162446051524171, -23.643206886105855, 0.0 ], [ -46.162438721419974, -23.643206941057475, 0.0 ], [ -46.162431361491272, -23.64320361961099, 0.0 ], [ -46.162424031387211, -23.643203674561903, 0.0 ], [ -46.162420306686798, -23.643196949241702, 0.0 ], [ -46.16241294675909, -23.643193627794297, 0.0 ], [ -46.162405586831738, -23.643190306346533, 0.0 ], [ -46.162398256728359, -23.643190361296206, 0.0 ], [ -46.162390926624951, -23.643190416245531, 0.0 ], [ -46.162383566698296, -23.643187094796694, 0.0 ], [ -46.162376206771995, -23.643183773347484, 0.0 ], [ -46.162368846846057, -23.643180451897912, 0.0 ], [ -46.162361486920474, -23.643177130447977, 0.0 ], [ -46.162354156817713, -23.643177185395533, 0.0 ], [ -46.162346796892663, -23.643173863944877, 0.0 ], [ -46.162339436967962, -23.643170542493856, 0.0 ], [ -46.162332106865513, -23.643170597440353, 0.0 ], [ -46.162324746941344, -23.643167275988606, 0.0 ], [ -46.162317416839031, -23.643167330934407, 0.0 ], [ -46.162310056915388, -23.643164009481943, 0.0 ], [ -46.162302726813216, -23.643164064427044, 0.0 ], [ -46.162295337069175, -23.643157366575917, 0.0 ], [ -46.162287977146605, -23.643154045122365, 0.0 ], [ -46.162280617224397, -23.643150723668434, 0.0 ], [ -46.162273257302552, -23.64314740221414, 0.0 ], [ -46.162265897381062, -23.643144080759491, 0.0 ], [ -46.162258537459927, -23.643140759304465, 0.0 ], [ -46.162251147719395, -23.643134061451082, 0.0 ], [ -46.162243817618744, -23.643134116393334, 0.0 ], [ -46.162240092929473, -23.643127391068301, 0.0 ], [ -46.162232762829163, -23.643127446010006, 0.0 ], [ -46.162225373090671, -23.643120748155301, 0.0 ], [ -46.162221648402728, -23.643114022829756, 0.0 ], [ -46.162214288484336, -23.643110701372514, 0.0 ], [ -46.162206928566299, -23.643107379914905, 0.0 ], [ -46.162199568648624, -23.643104058456924, 0.0 ], [ -46.162192208731305, -23.643100736998587, 0.0 ], [ -46.16218487863236, -23.643100791937972, 0.0 ], [ -46.162177518715566, -23.64309747047891, 0.0 ], [ -46.162166493749815, -23.643094176488692, 0.0 ], [ -46.162166434114773, -23.643087423692453, 0.0 ], [ -46.162159104016496, -23.643087478630594, 0.0 ], [ -46.16215174410106, -23.64308415717025, 0.0 ], [ -46.162151684466799, -23.643077404373958, 0.0 ], [ -46.162144324552109, -23.643074082913234, 0.0 ], [ -46.162136994454521, -23.643074137850302, 0.0 ], [ -46.162136934821042, -23.643067385053971, 0.0 ], [ -46.16214054023601, -23.643060604789159, 0.0 ], [ -46.162147870332838, -23.64306054985196, 0.0 ], [ -46.162155230246839, -23.643063871312552, 0.0 ], [ -46.162162560343809, -23.643063816374646, 0.0 ], [ -46.162169890440758, -23.643063761436391, 0.0 ], [ -46.162177220537686, -23.643063706497792, 0.0 ], [ -46.162184580452539, -23.64306702795696, 0.0 ], [ -46.162195605416379, -23.643070321945974, 0.0 ], [ -46.162202965332028, -23.643073643404232, 0.0 ], [ -46.162210325248047, -23.643076964862118, 0.0 ], [ -46.162217655345607, -23.643076909921582, 0.0 ], [ -46.162225015262152, -23.643080231378754, 0.0 ], [ -46.162232345359847, -23.643080176437508, 0.0 ], [ -46.162239675457521, -23.643080121495924, 0.0 ], [ -46.162247035374762, -23.643083442952019, 0.0 ], [ -46.162254395292351, -23.643086764407752, 0.0 ], [ -46.162261725390337, -23.643086709465106, 0.0 ], [ -46.162269085308459, -23.643090030920117, 0.0 ], [ -46.162276445226929, -23.643093352374756, 0.0 ], [ -46.162283775325228, -23.643093297431054, 0.0 ], [ -46.162287500015637, -23.643100022755029, 0.0 ], [ -46.162294830114277, -23.643099967810787, 0.0 ], [ -46.162302160212896, -23.643099912866202, 0.0 ], [ -46.162309520132695, -23.643103234319216, 0.0 ], [ -46.162316880052863, -23.643106555771858, 0.0 ], [ -46.162327875201242, -23.643106473353271, 0.0 ], [ -46.162335235122008, -23.643109794805024, 0.0 ], [ -46.162346260092761, -23.643113088783025, 0.0 ], [ -46.162353590191969, -23.643113033835977, 0.0 ], [ -46.162360950113708, -23.64311635528647, 0.0 ], [ -46.162368310035802, -23.643119676736585, 0.0 ], [ -46.16237564013533, -23.64311962178849, 0.0 ], [ -46.16238300005795, -23.643122943237888, 0.0 ], [ -46.162390359980932, -23.643126264686924, 0.0 ], [ -46.162397690080759, -23.643126209737773, 0.0 ], [ -46.162405050004274, -23.643129531186084, 0.0 ], [ -46.162412409928137, -23.643132852634029, 0.0 ], [ -46.162419740028277, -23.643132797683819, 0.0 ], [ -46.162427070128395, -23.643132742733261, 0.0 ], [ -46.162430794827181, -23.643139468053409, 0.0 ], [ -46.162438124927647, -23.643139413102315, 0.0 ], [ -46.162445484852839, -23.64314273454864, 0.0 ], [ -46.162452844778386, -23.643146055994588, 0.0 ], [ -46.162463869754774, -23.64314934996397, 0.0 ], [ -46.162478559782215, -23.643152616455986, 0.0 ], [ -46.162489584759719, -23.643155910423484, 0.0 ], [ -46.162496974513132, -23.643162608264959, 0.0 ], [ -46.162504334441003, -23.64316592970837, 0.0 ], [ -46.162511664542748, -23.643165874753741, 0.0 ], [ -46.162519024471152, -23.643169196196428, 0.0 ], [ -46.162526354573039, -23.643169141241096, 0.0 ], [ -46.162533714501961, -23.643172462683061, 0.0 ], [ -46.162541044603991, -23.643172407727032, 0.0 ], [ -46.162548434360879, -23.643179105565899, 0.0 ], [ -46.162555764463249, -23.643179050609152, 0.0 ], [ -46.162559489169894, -23.643185775925872, 0.0 ], [ -46.162566819272598, -23.643185720968592, 0.0 ], [ -46.162574179203396, -23.643189042408554, 0.0 ], [ -46.162581539134557, -23.643192363848147, 0.0 ], [ -46.162588869237574, -23.643192308889816, 0.0 ], [ -46.162596258997965, -23.643199006726249, 0.0 ], [ -46.162599983707238, -23.643205732041871, 0.0 ], [ -46.162607313810952, -23.643205677082634, 0.0 ], [ -46.162614673743832, -23.643208998520578, 0.0 ], [ -46.16262206350644, -23.643215696355682, 0.0 ], [ -46.162629393610658, -23.643215641395379, 0.0 ], [ -46.162636753544611, -23.643218962832226, 0.0 ], [ -46.162647808361243, -23.643225633185562, 0.0 ], [ -46.16265516829619, -23.643228954621485, 0.0 ], [ -46.1626625282315, -23.643232276057052, 0.0 ], [ -46.162669888167166, -23.64323559749225, 0.0 ], [ -46.162677248103194, -23.643238918927082, 0.0 ], [ -46.162684608039577, -23.643242240361559, 0.0 ], [ -46.162691967976315, -23.643245561795666, 0.0 ], [ -46.162699327913423, -23.643248883229411, 0.0 ], [ -46.162706687850886, -23.643252204662783, 0.0 ], [ -46.162714047788711, -23.643255526095793, 0.0 ], [ -46.162721407726885, -23.643258847528436, 0.0 ], [ -46.162728767665428, -23.64326216896071, 0.0 ], [ -46.162736127604333, -23.643265490392626, 0.0 ], [ -46.162743487543594, -23.643268811824171, 0.0 ], [ -46.162750817650441, -23.643268756858014, 0.0 ], [ -46.162758177590227, -23.643272078288835, 0.0 ], [ -46.162765537530369, -23.643275399719304, 0.0 ], [ -46.162772867637528, -23.643275344752091, 0.0 ], [ -46.162780227578203, -23.643278666181828, 0.0 ], [ -46.162783952299122, -23.643285391492501, 0.0 ], [ -46.162791282406793, -23.643285336524393, 0.0 ], [ -46.162798642348456, -23.64328865795321, 0.0 ], [ -46.162805972456262, -23.643288602984406, 0.0 ], [ -46.162813332398457, -23.643291924412505, 0.0 ], [ -46.162820692341, -23.643295245840243, 0.0 ], [ -46.162828022449119, -23.643295190870379, 0.0 ], [ -46.162835382392196, -23.643298512297392, 0.0 ], [ -46.162842772170805, -23.643305210121262, 0.0 ], [ -46.162850102279421, -23.64330515515033, 0.0 ], [ -46.162857492059132, -23.643311852973447, 0.0 ], [ -46.162864822168082, -23.643311798001804, 0.0 ], [ -46.162872152277011, -23.64331174302982, 0.0 ], [ -46.162875877003543, -23.643318468338027, 0.0 ], [ -46.16288690200377, -23.643321762276269, 0.0 ], [ -46.162894261949717, -23.643325083700354, 0.0 ], [ -46.162901592059313, -23.643325028726952, 0.0 ], [ -46.162901651732746, -23.643331781521212, 0.0 ], [ -46.162909011679609, -23.643335102944569, 0.0 ], [ -46.162916371626821, -23.643338424367549, 0.0 ], [ -46.162923731574402, -23.643341745790174, 0.0 ], [ -46.162931091522339, -23.643345067212433, 0.0 ], [ -46.162934816252843, -23.643351792519045, 0.0 ], [ -46.162942146363818, -23.643351737543664, 0.0 ], [ -46.162945871095076, -23.643358462849978, 0.0 ], [ -46.162949595826731, -23.643365188156185, 0.0 ], [ -46.162960620832528, -23.643368482088935, 0.0 ], [ -46.162964345565221, -23.64337520739474, 0.0 ], [ -46.162975370572191, -23.643378501326392, 0.0 ], [ -46.162979095305943, -23.643385226631789, 0.0 ], [ -46.162990150153163, -23.643391896959336, 0.0 ], [ -46.162993874888052, -23.643398622264328, 0.0 ], [ -46.162997599623338, -23.643405347569207, 0.0 ], [ -46.163004959576611, -23.643408668987707, 0.0 ], [ -46.163005019255586, -23.643415421781651, 0.0 ], [ -46.163008743991945, -23.643422147086202, 0.0 ], [ -46.163016103946433, -23.643425468504127, 0.0 ], [ -46.163019828683652, -23.643432193808373, 0.0 ], [ -46.163023553421262, -23.643438919112505, 0.0 ], [ -46.163027278159269, -23.643445644416534, 0.0 ], [ -46.163034608275225, -23.643445589436578, 0.0 ], [ -46.163034667955827, -23.643452342230422, 0.0 ], [ -46.163038392694801, -23.643459067534128, 0.0 ], [ -46.163045752652089, -23.643462388950521, 0.0 ], [ -46.163049477391915, -23.643469114253922, 0.0 ], [ -46.163056837350034, -23.643472435669747, 0.0 ], [ -46.163067862367271, -23.643475729594364, 0.0 ], [ -46.163075252167566, -23.643482427406141, 0.0 ], [ -46.163078976909496, -23.643489152708735, 0.0 ], [ -46.163079036592499, -23.643495905502434, 0.0 ], [ -46.163090031770423, -23.643495823028534, 0.0 ], [ -46.163090091454016, -23.643502575822204, 0.0 ], [ -46.163097421572978, -23.643502520839149, 0.0 ], [ -46.163101146316627, -23.643509246141118, 0.0 ], [ -46.163104871060675, -23.64351597144298, 0.0 ], [ -46.163108595805106, -23.643522696744743, 0.0 ], [ -46.163115955767644, -23.643526018157562, 0.0 ], [ -46.163119680512942, -23.643532743459016, 0.0 ], [ -46.163127100161901, -23.643542817664812, 0.0 ], [ -46.163138125186656, -23.643546111584104, 0.0 ], [ -46.16314551499449, -23.643552809392173, 0.0 ], [ -46.163152845116109, -23.643552754406389, 0.0 ], [ -46.163160205081375, -23.643556075816992, 0.0 ], [ -46.163167565047004, -23.643559397227222, 0.0 ], [ -46.163174925012989, -23.643562718637089, 0.0 ], [ -46.163182255135084, -23.643562663649895, 0.0 ], [ -46.163185979884823, -23.643569388949551, 0.0 ], [ -46.163193339851809, -23.643572710358495, 0.0 ], [ -46.163204394725369, -23.643579380669557, 0.0 ], [ -46.163211724848317, -23.643579325680935, 0.0 ], [ -46.163215449600038, -23.643586050979785, 0.0 ], [ -46.163222809568651, -23.643589372387261, 0.0 ], [ -46.16323016953762, -23.643592693794375, 0.0 ], [ -46.163237529506951, -23.643596015201112, 0.0 ], [ -46.163241254260477, -23.643602740499251, 0.0 ], [ -46.163248614230639, -23.64360606190543, 0.0 ], [ -46.163255944354951, -23.643606006914666, 0.0 ], [ -46.163259669109699, -23.643612732212311, 0.0 ], [ -46.163266999234359, -23.643612677221004, 0.0 ], [ -46.163270723989875, -23.64361940251835, 0.0 ], [ -46.16327811380846, -23.643626100319615, 0.0 ], [ -46.163285443933809, -23.643626045327402, 0.0 ], [ -46.163285503627797, -23.643632798120489, 0.0 ], [ -46.163292833753502, -23.643632743127913, 0.0 ], [ -46.16330019372657, -23.64363606453152, 0.0 ], [ -46.163307553699987, -23.643639385934755, 0.0 ], [ -46.163311278458345, -23.643646111230989, 0.0 ], [ -46.163318638432592, -23.643649432633662, 0.0 ], [ -46.163325998407203, -23.643652754035969, 0.0 ], [ -46.163329723166896, -23.643659479331703, 0.0 ], [ -46.163337083142331, -23.643662800733448, 0.0 ], [ -46.163340807902884, -23.643669526028873, 0.0 ], [ -46.16334816787915, -23.64367284743005, 0.0 ], [ -46.16335189264057, -23.643679572725162, 0.0 ], [ -46.163359222768705, -23.64367951772935, 0.0 ], [ -46.163359282466629, -23.64368627052221, 0.0 ], [ -46.163366612595119, -23.643686215526031, 0.0 ], [ -46.163374002422287, -23.643692913322322, 0.0 ], [ -46.163377727185612, -23.643699638616724, 0.0 ], [ -46.163385117014109, -23.643706336412421, 0.0 ], [ -46.163388841778399, -23.643713061706514, 0.0 ], [ -46.163396201758253, -23.643716383105247, 0.0 ], [ -46.163403561738477, -23.643719704503617, 0.0 ], [ -46.163407286504103, -23.643726429797209, 0.0 ], [ -46.163414646485144, -23.643729751195014, 0.0 ], [ -46.163422066167854, -23.643739825385119, 0.0 ], [ -46.163446246232532, -23.643773517872418, 0.0 ], [ -46.163456872066106, -23.643790002492434, 0.0 ], [ -46.163479473594016, -23.643807138081428, 0.0 ], [ -46.163500335600261, -23.643819137407128, 0.0 ], [ -46.163514150790746, -23.643842754465428, 0.0 ], [ -46.16352148092755, -23.64384269946159, 0.0 ], [ -46.16352520570284, -23.643849424751863, 0.0 ], [ -46.163532565693636, -23.643852746143629, 0.0 ], [ -46.163539955538624, -23.64385944393117, 0.0 ], [ -46.163543680315357, -23.643866169220928, 0.0 ], [ -46.163551040307532, -23.643869490611753, 0.0 ], [ -46.163558430154403, -23.643876188398327, 0.0 ], [ -46.163562154932571, -23.643882913687566, 0.0 ], [ -46.163569514926131, -23.643886235077453, 0.0 ], [ -46.163569574635424, -23.643892987869631, 0.0 ], [ -46.163576934629731, -23.643896309259137, 0.0 ], [ -46.163584294624386, -23.643899630648274, 0.0 ], [ -46.163588019404571, -23.643906355936799, 0.0 ], [ -46.16359174418514, -23.643913081225207, 0.0 ], [ -46.163599104181102, -23.643916402613584, 0.0 ], [ -46.163602828962539, -23.64392312790169, 0.0 ], [ -46.163602888673644, -23.643929880693751, 0.0 ], [ -46.163613913741621, -23.643933174577295, 0.0 ], [ -46.163617638524315, -23.643939899864982, 0.0 ], [ -46.163621363307399, -23.643946625152555, 0.0 ], [ -46.16364621076815, -23.643958678930733, 0.0 ], [ -46.163649935553238, -23.643965404217518, 0.0 ], [ -46.163657295553527, -23.643968725602942, 0.0 ], [ -46.16365735526756, -23.643975478394829, 0.0 ], [ -46.163664715268602, -23.643978799779859, 0.0 ], [ -46.163672075269993, -23.643982121164537, 0.0 ], [ -46.163675800057092, -23.643988846450604, 0.0 ], [ -46.163683160059321, -23.643992167834721, 0.0 ], [ -46.16368688484728, -23.643998893120479, 0.0 ], [ -46.163694274708348, -23.644005590899908, 0.0 ], [ -46.163697999497273, -23.644012316185364, 0.0 ], [ -46.163694472517804, -23.644027959522617, 0.0 ], [ -46.163701832522698, -23.644031280905718, 0.0 ], [ -46.163705557312788, -23.644038006190918, 0.0 ], [ -46.163712917318506, -23.644041327573451, 0.0 ], [ -46.163720277324586, -23.644044648955624, 0.0 ], [ -46.163720337042072, -23.644051401747291, 0.0 ], [ -46.163731362122917, -23.644054695621929, 0.0 ], [ -46.16373508691521, -23.644061420906315, 0.0 ], [ -46.163742476782282, -23.644068118683148, 0.0 ], [ -46.163753501865038, -23.644071412556119, 0.0 ], [ -46.163757226658944, -23.644078137839895, 0.0 ], [ -46.163765149312297, -23.644093273166515, 0.0 ], [ -46.163772509322548, -23.64409659454601, 0.0 ], [ -46.1637798991935, -23.644103292320892, 0.0 ], [ -46.163787259204661, -23.644106613699648, 0.0 ], [ -46.16379464907692, -23.644113311473767, 0.0 ], [ -46.163805704025677, -23.644119981738513, 0.0 ], [ -46.163813093899613, -23.644126679511672, 0.0 ], [ -46.163820483774309, -23.644133377284447, 0.0 ], [ -46.163827903511383, -23.644143451452489, 0.0 ], [ -46.163835263525939, -23.644146772828819, 0.0 ], [ -46.163842683264917, -23.644156846996061, 0.0 ], [ -46.163850043280583, -23.644160168371641, 0.0 ], [ -46.163862064898318, -23.644172529422118, 0.0 ], [ -46.163869484640827, -23.644182603587915, 0.0 ], [ -46.163884234539843, -23.644192622731552, 0.0 ], [ -46.163891624421858, -23.644199320500579, 0.0 ], [ -46.163899014304626, -23.64420601826923, 0.0 ], [ -46.163910099130185, -23.644216064921473, 0.0 ], [ -46.163913853800317, -23.644226166596418, 0.0 ], [ -46.163913913528248, -23.644232919387466, 0.0 ], [ -46.163921303414064, -23.644239617154906, 0.0 ], [ -46.163928663436273, -23.644242938526453, 0.0 ], [ -46.163932388244199, -23.644249663805329, 0.0 ], [ -46.163939778131905, -23.644256361571802, 0.0 ], [ -46.163943502940803, -23.644263086850355, 0.0 ], [ -46.163947227750093, -23.644269812128812, 0.0 ], [ -46.163953738283311, -23.64427721942214, 0.0 ], [ -46.163961098308405, -23.644280540792018, 0.0 ], [ -46.163961158038916, -23.644287293582906, 0.0 ], [ -46.163968518064763, -23.6442906149524, 0.0 ], [ -46.163975937822265, -23.644300689112367, 0.0 ], [ -46.163983297849221, -23.644304010481104, 0.0 ], [ -46.163987022661765, -23.644310735758452, 0.0 ], [ -46.163994412555688, -23.644317433522016, 0.0 ], [ -46.163998137369198, -23.644324158799034, 0.0 ], [ -46.164001862183099, -23.644330884075949, 0.0 ], [ -46.16401291716047, -23.644337554324601, 0.0 ], [ -46.164016641975522, -23.644344279601093, 0.0 ], [ -46.164027726821814, -23.644354326243938, 0.0 ], [ -46.164035146587537, -23.644364400400672, 0.0 ], [ -46.16404253648696, -23.644371098161685, 0.0 ], [ -46.164053591469731, -23.644377768407182, 0.0 ], [ -46.164057316288051, -23.644384493682544, 0.0 ], [ -46.16406464645361, -23.644384438651844, 0.0 ], [ -46.164068371272684, -23.644391163926905, 0.0 ], [ -46.164075791043643, -23.644401238081443, 0.0 ], [ -46.164086875899251, -23.64441128471962, 0.0 ], [ -46.164094206066224, -23.644411229687471, 0.0 ], [ -46.164101566102218, -23.64441455105019, 0.0 ], [ -46.164108926138567, -23.644417872412539, 0.0 ], [ -46.164116256305853, -23.644417817379328, 0.0 ], [ -46.164119981128529, -23.644424542652981, 0.0 ], [ -46.164127311296156, -23.644424487619229, 0.0 ], [ -46.164134671333663, -23.644427808980311, 0.0 ], [ -46.164142061241641, -23.644434506736189, 0.0 ], [ -46.164149391409765, -23.644434451701379, 0.0 ], [ -46.164156751448353, -23.644437773061362, 0.0 ], [ -46.164164111487302, -23.644441094420984, 0.0 ], [ -46.164171471526608, -23.644444415780221, 0.0 ], [ -46.164178831566275, -23.644447737139107, 0.0 ], [ -46.164186191606298, -23.64445105849763, 0.0 ], [ -46.164193521775232, -23.644451003460695, 0.0 ], [ -46.164200911687423, -23.644457701213572, 0.0 ], [ -46.164208271728533, -23.644461022570997, 0.0 ], [ -46.164215601897965, -23.644460967533, 0.0 ], [ -46.164222991811819, -23.644467665284751, 0.0 ], [ -46.164226716641366, -23.644474390555523, 0.0 ], [ -46.164234076684018, -23.644477711911655, 0.0 ], [ -46.164241436727025, -23.644481033267422, 0.0 ], [ -46.164248826643309, -23.644487731017833, 0.0 ], [ -46.16425988164594, -23.644494401247727, 0.0 ], [ -46.164259941392388, -23.644501154037709, 0.0 ], [ -46.164267271563915, -23.644501098997175, 0.0 ], [ -46.164272874503965, -23.644503627425738, 0.0 ], [ -46.164915238055499, -23.644304622777799, 0.0 ], [ -46.165118767777805, -23.644249988611101, 0.0 ], [ -46.165406674444505, -23.644169612777805, 0.0 ], [ -46.1662692386111, -23.643931019722203, 0.0 ], [ -46.166150564166706, -23.643715067499997, 0.0 ], [ -46.166080722222198, -23.643588791666694, 0.0 ], [ -46.165971465277799, -23.6433956180555, 0.0 ], [ -46.165744137499999, -23.642965896111097, 0.0 ], [ -46.165431634722189, -23.642549006111096, 0.0 ], [ -46.165366525277797, -23.642414565833302, 0.0 ], [ -46.165270379444401, -23.641775321111105, 0.0 ], [ -46.1652568425, -23.641685831111104, 0.0 ], [ -46.165140544444398, -23.641671441944396, 0.0 ], [ -46.165100761944409, -23.641695764444396, 0.0 ], [ -46.164996901666697, -23.641724271111087, 0.0 ], [ -46.16490242194439, -23.641749275555604, 0.0 ], [ -46.164806200555503, -23.641776911944401, 0.0 ], [ -46.164710839166702, -23.641802013333304, 0.0 ], [ -46.164618848333298, -23.641831333888895, 0.0 ], [ -46.164520101388902, -23.641861608055592, 0.0 ], [ -46.164416975833298, -23.641884509722193, 0.0 ], [ -46.164311241111093, -23.641900656944401, 0.0 ], [ -46.164205412500003, -23.641906147777799, 0.0 ], [ -46.164103465, -23.641907093888896, 0.0 ], [ -46.1640012758334, -23.641902893611103, 0.0 ], [ -46.163901247500007, -23.641899128888909, 0.0 ], [ -46.163800960833413, -23.64189943, 0.0 ], [ -46.163702128611099, -23.641897913888897, 0.0 ], [ -46.1636042991667, -23.641898918888895, 0.0 ], [ -46.163504818333301, -23.641901652222202, 0.0 ], [ -46.163405253055501, -23.641905921666705, 0.0 ], [ -46.163301825277799, -23.641905794444401, 0.0 ], [ -46.163199326388899, -23.641899789722196, 0.0 ], [ -46.163095997500001, -23.641888643333299, 0.0 ], [ -46.162991006666687, -23.641866942500005, 0.0 ], [ -46.16289228666659, -23.641833724722204, 0.0 ], [ -46.16279932138891, -23.641797212222194, 0.0 ], [ -46.162706323888898, -23.641756997222203, 0.0 ], [ -46.162616156944402, -23.6417154061111, 0.0 ], [ -46.162528240833403, -23.6416733466667, 0.0 ], [ -46.162441229166703, -23.641633808888894, 0.0 ], [ -46.16235080888891, -23.641596825555602, 0.0 ], [ -46.162260278055598, -23.641558398055601, 0.0 ], [ -46.16217027, -23.641523669444407, 0.0 ], [ -46.162078599444399, -23.641489404722194, 0.0 ], [ -46.161986721111099, -23.6414537869444, 0.0 ], [ -46.161892390277792, -23.641418006666704, 0.0 ], [ -46.1618006061111, -23.6413819363889, 0.0 ], [ -46.161706660277808, -23.6413453405555, 0.0 ], [ -46.161616440555591, -23.6413088066667, 0.0 ], [ -46.161525338611092, -23.641272279722205, 0.0 ], [ -46.161434839444503, -23.641237373611105, 0.0 ], [ -46.161342191388897, -23.6412033866666, 0.0 ], [ -46.161249945, -23.641170480555502, 0.0 ], [ -46.161156121666593, -23.641136592777798, 0.0 ], [ -46.161062385, -23.641101439722203, 0.0 ], [ -46.160969413055597, -23.6410640233333, 0.0 ], [ -46.160879893333302, -23.641029019166698, 0.0 ], [ -46.160787537222198, -23.640994758888901, 0.0 ], [ -46.160696221388903, -23.640956155555507, 0.0 ], [ -46.160603749166704, -23.640919818888904, 0.0 ], [ -46.160512326666598, -23.640880222777803, 0.0 ], [ -46.160421290555597, -23.640839991666695, 0.0 ], [ -46.160330755, -23.640800930833304, 0.0 ], [ -46.160238451944508, -23.640761521666704, 0.0 ], [ -46.160146526666708, -23.640720484166703, 0.0 ], [ -46.160056791666598, -23.640672114722193, 0.0 ], [ -46.159973177500007, -23.640617467777801, 0.0 ], [ -46.159892965833293, -23.640559544166702, 0.0 ], [ -46.159813593333404, -23.640496736944399, 0.0 ], [ -46.159739878611099, -23.64043072666669, 0.0 ], [ -46.15966720638891, -23.640360644166702, 0.0 ], [ -46.159604006388903, -23.640286336388908, 0.0 ], [ -46.159542688055502, -23.640214181944405, 0.0 ], [ -46.159481579444403, -23.640143561388907, 0.0 ], [ -46.159418546111098, -23.640077019444401, 0.0 ], [ -46.159354534722198, -23.640021864166698, 0.0 ], [ -46.159278296666699, -23.63998098, 0.0 ], [ -46.159194380833299, -23.639947648888906, 0.0 ], [ -46.159101905555602, -23.639921968333301, 0.0 ], [ -46.159004740833304, -23.639898128888891, 0.0 ], [ -46.158909872499997, -23.63986786, 0.0 ], [ -46.1588153116667, -23.639839124166699, 0.0 ], [ -46.158719933888896, -23.639806691388888, 0.0 ], [ -46.158628248888903, -23.639770528333298, 0.0 ], [ -46.158538043611109, -23.639735437777802, 0.0 ], [ -46.158447451944504, -23.639700981944404, 0.0 ], [ -46.158353814444411, -23.639665736388903, 0.0 ], [ -46.158262825277802, -23.639630651111094, 0.0 ], [ -46.158172325277803, -23.639595472222197, 0.0 ], [ -46.158081133888899, -23.639559666111094, 0.0 ], [ -46.157990032222202, -23.639522956388895, 0.0 ], [ -46.157897684444407, -23.639489416666702, 0.0 ], [ -46.157805911111097, -23.639454337222201, 0.0 ], [ -46.157712194166599, -23.639421168888902, 0.0 ], [ -46.157620983888897, -23.639383195277802, 0.0 ], [ -46.157530376666699, -23.639346933055602, 0.0 ], [ -46.157438966388902, -23.639308509166707, 0.0 ], [ -46.157351466111102, -23.639268791388893, 0.0 ], [ -46.1572620872222, -23.639238390277793, 0.0 ], [ -46.157167895277809, -23.639206941111098, 0.0 ], [ -46.157074669444491, -23.6391738591667, 0.0 ], [ -46.156982809166699, -23.639139954166698, 0.0 ], [ -46.156888036388906, -23.639109321944499, 0.0 ], [ -46.15679596, -23.639073160555593, 0.0 ], [ -46.156704584166597, -23.639038619444399, 0.0 ], [ -46.156613381666602, -23.639001457777699, 0.0 ], [ -46.156520604166616, -23.638963585555601, 0.0 ], [ -46.1564302852778, -23.638926597777704, 0.0 ], [ -46.156340064722301, -23.638889609444391, 0.0 ], [ -46.15625398027781, -23.638854757500003, 0.0 ], [ -46.156168510277801, -23.638834080555593, 0.0 ], [ -46.15608389166669, -23.638832182499996, 0.0 ], [ -46.155996411944393, -23.638850536388897, 0.0 ], [ -46.1559053994444, -23.638879663888893, 0.0 ], [ -46.155813338333303, -23.638912140833295, 0.0 ], [ -46.155724637500001, -23.638947753611099, 0.0 ], [ -46.155633728055598, -23.638988620833292, 0.0 ], [ -46.15553474472221, -23.639025484444399, 0.0 ], [ -46.155427072222203, -23.6390440786111, 0.0 ], [ -46.155319478888899, -23.639049395833304, 0.0 ], [ -46.155211225555497, -23.639046499444401, 0.0 ], [ -46.155101995, -23.639032772499995, 0.0 ], [ -46.154995452500003, -23.639001413888899, 0.0 ], [ -46.154898787500002, -23.638956163611091, 0.0 ], [ -46.154809305277801, -23.638902731666693, 0.0 ], [ -46.154729010555499, -23.638846160555495, 0.0 ], [ -46.154647956111113, -23.638792394444497, 0.0 ], [ -46.154566433055493, -23.638741070555593, 0.0 ], [ -46.154485668333287, -23.638686760555601, 0.0 ], [ -46.154405780277798, -23.638631811944503, 0.0 ], [ -46.154323921388908, -23.638575703611103, 0.0 ], [ -46.154243045277802, -23.638519858888891, 0.0 ], [ -46.154162874166701, -23.638466176666704, 0.0 ], [ -46.154079555555597, -23.638411253055597, 0.0 ], [ -46.154000542777801, -23.638355484722204, 0.0 ], [ -46.153922719166601, -23.638301152499995, 0.0 ], [ -46.153841482222212, -23.638248832499993, 0.0 ], [ -46.153761594722297, -23.638193883611102, 0.0 ], [ -46.153681029722193, -23.638139932777804, 0.0 ], [ -46.153602900277804, -23.638084248055506, 0.0 ], [ -46.153524402777798, -23.638031275277804, 0.0 ], [ -46.15344247027781, -23.637977876666596, 0.0 ], [ -46.1533634480556, -23.637920933888903, 0.0 ], [ -46.153281978055603, -23.637864370555501, 0.0 ], [ -46.153205736111097, -23.637800272222197, 0.0 ], [ -46.153131426111102, -23.637732908055501, 0.0 ], [ -46.153066627777797, -23.637677033611102, 0.0 ], [ -46.153496158888913, -23.638924967777804, 0.0 ], [ -46.153525813333303, -23.639008830277806, 0.0 ], [ -46.153624009166698, -23.639038626111098, 0.0 ], [ -46.156304063611103, -23.639813163333397, 0.0 ], [ -46.157283405, -23.640603696388897, 0.0 ], [ -46.1572479152778, -23.640748464444393, 0.0 ], [ -46.157603020833413, -23.640952182500005, 0.0 ], [ -46.158361736944407, -23.641278783888893, 0.0 ], [ -46.158993833333298, -23.641598470277788, 0.0 ], [ -46.159469705, -23.642000515277807, 0.0 ], [ -46.159715759166708, -23.64223268, 0.0 ], [ -46.160149857222187, -23.642499563333295, 0.0 ], [ -46.160269037500008, -23.64261842861109, 0.0 ], [ -46.160988171388901, -23.643123773888899, 0.0 ], [ -46.1611340416666, -23.643189694722196, 0.0 ], [ -46.161427751944487, -23.643411384444406, 0.0 ], [ -46.161672553888913, -23.643723122222298, 0.0 ], [ -46.16208168111109, -23.643903394722205, 0.0 ], [ -46.162377628888898, -23.643978485555596, 0.0 ], [ -46.162904290277787, -23.644068553611095, 0.0 ], [ -46.163605140833297, -23.644710488333303, 0.0 ], [ -46.163818218054359, -23.644644478341021, 0.0 ], [ -46.163814870988844, -23.644638435098546, 0.0 ], [ -46.163811146174858, -23.644631709817372, 0.0 ], [ -46.16380742136127, -23.644624984536083, 0.0 ], [ -46.163800061320039, -23.644621663159658, 0.0 ], [ -46.163800001596847, -23.644614910368684, 0.0 ], [ -46.163792611694973, -23.644608212596367, 0.0 ], [ -46.1637925519722, -23.644601459805351, 0.0 ], [ -46.163785191932654, -23.644598138428147, 0.0 ], [ -46.163777831893476, -23.644594817050571, 0.0 ] ], [ [ -46.160298583273864, -23.642108473490797, 0.0 ], [ -46.160306032396129, -23.642121924245842, 0.0 ], [ -46.160313481519964, -23.642135375000446, 0.0 ], [ -46.160313600594563, -23.642148880603475, 0.0 ], [ -46.16033565028539, -23.64215546885729, 0.0 ], [ -46.160343099414249, -23.64216891961021, 0.0 ], [ -46.160350548544677, -23.642182370362708, 0.0 ], [ -46.16035799767667, -23.642195821114758, 0.0 ], [ -46.160365446810232, -23.642209271866363, 0.0 ], [ -46.160372895945379, -23.642222722617532, 0.0 ], [ -46.160373015026558, -23.642236228220124, 0.0 ], [ -46.160373134107836, -23.64224973382268, 0.0 ], [ -46.160373253189199, -23.64226323942523, 0.0 ], [ -46.16036604221285, -23.642276799879369, 0.0 ], [ -46.160351441636813, -23.642283662382873, 0.0 ], [ -46.160344230657152, -23.642297222836103, 0.0 ], [ -46.160329570539098, -23.642297332536334, 0.0 ], [ -46.160314910420951, -23.64229744223519, 0.0 ], [ -46.160300309839783, -23.642304304734054, 0.0 ], [ -46.160285649720713, -23.642304414430168, 0.0 ], [ -46.160270989601557, -23.642304524124896, 0.0 ], [ -46.160256329482309, -23.642304633818235, 0.0 ], [ -46.160248880353798, -23.642291183061324, 0.0 ], [ -46.160234160702281, -23.642284539950943, 0.0 ], [ -46.160219381519362, -23.642271144037473, 0.0 ], [ -46.160204721403566, -23.642271253725788, 0.0 ], [ -46.160197272282268, -23.642257802966057, 0.0 ], [ -46.160182552636947, -23.642251159850495, 0.0 ], [ -46.160167832993054, -23.642244516733488, 0.0 ], [ -46.160160383877091, -23.642231065971728, 0.0 ], [ -46.160145723765453, -23.642231175654292, 0.0 ], [ -46.160145604707616, -23.642217670050599, 0.0 ], [ -46.160130885069258, -23.642211026929829, 0.0 ], [ -46.160116224959687, -23.642211136609522, 0.0 ], [ -46.160108775850929, -23.642197685844934, 0.0 ], [ -46.160101326743749, -23.642184235079927, 0.0 ], [ -46.160086666637007, -23.642184344756703, 0.0 ], [ -46.1600865475855, -23.642170839152651, 0.0 ], [ -46.160079098482186, -23.642157388386369, 0.0 ], [ -46.160064438378321, -23.642157498060932, 0.0 ], [ -46.1600496592268, -23.642144102129841, 0.0 ], [ -46.160034939601267, -23.642137458999379, 0.0 ], [ -46.16002021997717, -23.642130815867453, 0.0 ], [ -46.160005440833075, -23.642117419931793, 0.0 ], [ -46.159990780733288, -23.642117529599215, 0.0 ], [ -46.159990661691992, -23.642104023994587, 0.0 ], [ -46.159976001593613, -23.64210413366056, 0.0 ], [ -46.15996122245695, -23.642090737720348, 0.0 ], [ -46.159946502841592, -23.64208409458103, 0.0 ], [ -46.159931783227663, -23.642077451440258, 0.0 ], [ -46.159924334145551, -23.642064000665567, 0.0 ], [ -46.159909614534946, -23.642057357522539, 0.0 ], [ -46.15989489492577, -23.642050714378044, 0.0 ], [ -46.159880234832833, -23.64205082403473, 0.0 ], [ -46.159880115803261, -23.642037318429455, 0.0 ], [ -46.159865396197738, -23.642030675282001, 0.0 ], [ -46.159850676593649, -23.642024032133087, 0.0 ], [ -46.159835956990996, -23.642017388982712, 0.0 ], [ -46.159828507922157, -23.642003938202787, 0.0 ], [ -46.159813847834087, -23.642004047852989, 0.0 ], [ -46.159806398768268, -23.64199059707186, 0.0 ], [ -46.159791679171477, -23.641983953917016, 0.0 ], [ -46.159776959576128, -23.641977310760709, 0.0 ], [ -46.159762239982214, -23.641970667602955, 0.0 ], [ -46.159754790923607, -23.641957216819012, 0.0 ], [ -46.159740130840355, -23.641957326462045, 0.0 ], [ -46.159740011825683, -23.641943820855925, 0.0 ], [ -46.159725351743845, -23.641943930497504, 0.0 ], [ -46.15972517322426, -23.64192367208819, 0.0 ], [ -46.159710513144589, -23.641923781728277, 0.0 ], [ -46.159695793559848, -23.641917138563798, 0.0 ], [ -46.159695674549958, -23.641903632957398, 0.0 ], [ -46.159680954968209, -23.64189698979137, 0.0 ], [ -46.159666235387888, -23.641890346623875, 0.0 ], [ -46.159658786343805, -23.641876895834624, 0.0 ], [ -46.159644066766809, -23.641870252664884, 0.0 ], [ -46.159629347191242, -23.641863609493676, 0.0 ], [ -46.159621898152501, -23.641850158702386, 0.0 ], [ -46.159607238080483, -23.641850268332391, 0.0 ], [ -46.159607119080043, -23.641836762725461, 0.0 ], [ -46.159592399510011, -23.641830119550498, 0.0 ], [ -46.159584950477011, -23.641816668757162, 0.0 ], [ -46.159570230910298, -23.641810025579939, 0.0 ], [ -46.159562781880744, -23.641796574785374, 0.0 ], [ -46.159548002820323, -23.641783178802253, 0.0 ], [ -46.159540553794642, -23.641769728006416, 0.0 ], [ -46.159525834235332, -23.641763084824653, 0.0 ], [ -46.159518385213097, -23.641749634027583, 0.0 ], [ -46.159518266222356, -23.641736128420046, 0.0 ], [ -46.159496216638324, -23.641729540045265, 0.0 ], [ -46.159496097649971, -23.641716034437589, 0.0 ], [ -46.159488648633598, -23.641702583638793, 0.0 ], [ -46.159481199618796, -23.641689132839552, 0.0 ], [ -46.159473750605564, -23.641675682039878, 0.0 ], [ -46.159459090552204, -23.641675791655118, 0.0 ], [ -46.159444311516019, -23.641662395660955, 0.0 ], [ -46.159429651463988, -23.641662505273356, 0.0 ], [ -46.159429532482839, -23.641648999665243, 0.0 ], [ -46.159414872432222, -23.641649109276187, 0.0 ], [ -46.15940009340347, -23.641635713277466, 0.0 ], [ -46.159378043841627, -23.641629124884904, 0.0 ], [ -46.1593705948424, -23.641615674079624, 0.0 ], [ -46.15935587530852, -23.641609030880577, 0.0 ], [ -46.159341096290198, -23.641595634875767, 0.0 ], [ -46.159326376759964, -23.64158899167376, 0.0 ], [ -46.159311657231164, -23.64158234847029, 0.0 ], [ -46.159304208241437, -23.641568897661365, 0.0 ], [ -46.159289548199091, -23.641569007260117, 0.0 ], [ -46.15928209921239, -23.641555556449983, 0.0 ], [ -46.159274650227268, -23.641542105639424, 0.0 ], [ -46.159259990187749, -23.641542215235258, 0.0 ], [ -46.159252541205653, -23.641528764423484, 0.0 ], [ -46.159252422243426, -23.641515258814294, 0.0 ], [ -46.159244973263746, -23.64150180800203, 0.0 ], [ -46.159230313228555, -23.641501917594887, 0.0 ], [ -46.159230194268773, -23.641488411985545, 0.0 ], [ -46.159222745292951, -23.641474961172005, 0.0 ], [ -46.159207966303292, -23.641461565153143, 0.0 ], [ -46.1591933062724, -23.641461674742327, 0.0 ], [ -46.15917858676427, -23.6414550315253, 0.0 ], [ -46.15917107831897, -23.641434827904082, 0.0 ], [ -46.159149028801224, -23.641428239477012, 0.0 ], [ -46.159134309298956, -23.641421596255515, 0.0 ], [ -46.159134190349477, -23.641408090645566, 0.0 ], [ -46.159119530324155, -23.641408200227549, 0.0 ], [ -46.159112081364327, -23.641394749407944, 0.0 ], [ -46.159097302394827, -23.6413813533776, 0.0 ], [ -46.159082582900304, -23.641374710150853, 0.0 ], [ -46.159075133946224, -23.641361259329184, 0.0 ], [ -46.159060414455013, -23.641354616100173, 0.0 ], [ -46.159060295513491, -23.641341110489755, 0.0 ], [ -46.159045635495247, -23.641341220064465, 0.0 ], [ -46.15904551655531, -23.641327714453947, 0.0 ], [ -46.159038067607824, -23.641314263630175, 0.0 ], [ -46.159030618661895, -23.641300812805959, 0.0 ], [ -46.159015958647977, -23.641300922377681, 0.0 ], [ -46.159001179698834, -23.641287526337219, 0.0 ], [ -46.158986460219452, -23.641280883100659, 0.0 ], [ -46.158986341285932, -23.641267377489758, 0.0 ], [ -46.158971621809542, -23.641260734251652, 0.0 ], [ -46.158964172873546, -23.64124728342377, 0.0 ], [ -46.158949393935714, -23.641233887377844, 0.0 ], [ -46.158934733928831, -23.64123399694159, 0.0 ], [ -46.158927284998164, -23.641220546111686, 0.0 ], [ -46.158912624992652, -23.64122065567329, 0.0 ], [ -46.158897905524995, -23.641214012427795, 0.0 ], [ -46.158883126597509, -23.641200616375084, 0.0 ], [ -46.158868407133497, -23.641193973126626, 0.0 ], [ -46.158853687670927, -23.641187329876711, 0.0 ], [ -46.158838968209793, -23.641180686625329, 0.0 ], [ -46.158824189291941, -23.641167290566557, 0.0 ], [ -46.15880952929183, -23.641167400118182, 0.0 ], [ -46.158794809835008, -23.641160756862419, 0.0 ], [ -46.158780149835465, -23.641160866411237, 0.0 ], [ -46.158765430380747, -23.64115422315259, 0.0 ], [ -46.158750710927457, -23.64114757989249, 0.0 ], [ -46.158735991475609, -23.641140936630922, 0.0 ], [ -46.15872133147797, -23.641141046174099, 0.0 ], [ -46.158706671480246, -23.641141155715882, 0.0 ], [ -46.158691952031162, -23.641134512450016, 0.0 ], [ -46.158677292034007, -23.641134621989, 0.0 ], [ -46.158662572587026, -23.641127978720252, 0.0 ], [ -46.158655123690075, -23.641114527875764, 0.0 ], [ -46.158640463694958, -23.641114637411182, 0.0 ], [ -46.158625744251957, -23.641107994138746, 0.0 ], [ -46.158611084257416, -23.641108103671364, 0.0 ], [ -46.158596364816511, -23.641101460396058, 0.0 ], [ -46.158581645377048, -23.641094817119289, 0.0 ], [ -46.158566925939013, -23.641088173841059, 0.0 ], [ -46.158544876506447, -23.641081585324308, 0.0 ], [ -46.158530216514428, -23.641081694849159, 0.0 ], [ -46.158522767633549, -23.641068243997598, 0.0 ], [ -46.158508107642902, -23.641068353520307, 0.0 ], [ -46.158493388211284, -23.641061710234808, 0.0 ], [ -46.158471398226141, -23.641061874514136, 0.0 ], [ -46.158456619357999, -23.641048478418139, 0.0 ], [ -46.15844189993102, -23.64104183512756, 0.0 ], [ -46.158427239942895, -23.641041944642502, 0.0 ], [ -46.158412520518027, -23.641035301349032, 0.0 ], [ -46.158397860530471, -23.641035410861171, 0.0 ], [ -46.158397741658725, -23.641021905247019, 0.0 ], [ -46.158383081672589, -23.641022014757706, 0.0 ], [ -46.158368362252034, -23.641015371459851, 0.0 ], [ -46.158353642832907, -23.641008728160539, 0.0 ], [ -46.158338982848008, -23.641008837666995, 0.0 ], [ -46.158324322863017, -23.641008947172065, 0.0 ], [ -46.158309603446654, -23.641002303868451, 0.0 ], [ -46.158294943462245, -23.641002413370718, 0.0 ], [ -46.158280164618247, -23.640989017256832, 0.0 ], [ -46.15826550463516, -23.64098912675626, 0.0 ], [ -46.158250785223771, -23.640982483446834, 0.0 ], [ -46.15823612524126, -23.640982592943459, 0.0 ], [ -46.158221405831974, -23.640975949631155, 0.0 ], [ -46.158206745850045, -23.64097605912497, 0.0 ], [ -46.158192085868016, -23.640976168617403, 0.0 ], [ -46.158184637027432, -23.640962717747826, 0.0 ], [ -46.158169977046768, -23.640962827238109, 0.0 ], [ -46.158155257642797, -23.640956183919304, 0.0 ], [ -46.158140597662715, -23.640956293406777, 0.0 ], [ -46.158125937682541, -23.640956402892872, 0.0 ], [ -46.158111218281334, -23.64094975956975, 0.0 ], [ -46.158096558301736, -23.640949869053035, 0.0 ], [ -46.158081838902632, -23.640943225727035, 0.0 ], [ -46.158059789515789, -23.640936637139273, 0.0 ], [ -46.158045070119876, -23.640929993809646, 0.0 ], [ -46.158030410142146, -23.640930103286596, 0.0 ], [ -46.158015690748343, -23.640923459954077, 0.0 ], [ -46.158000971355968, -23.640916816620098, 0.0 ], [ -46.157986251965042, -23.640910173284663, 0.0 ], [ -46.157971532575544, -23.640903529947767, 0.0 ], [ -46.157956872600373, -23.640903639417651, 0.0 ], [ -46.157942153212986, -23.640896996077871, 0.0 ], [ -46.157927493238383, -23.640897105544948, 0.0 ], [ -46.15791271444251, -23.640883709393918, 0.0 ], [ -46.157897995059429, -23.640877066049768, 0.0 ], [ -46.157883275677783, -23.640870422704136, 0.0 ], [ -46.157868556297579, -23.640863779357062, 0.0 ], [ -46.157868437481113, -23.640850273740071, 0.0 ], [ -46.157853777511335, -23.640850383199979, 0.0 ], [ -46.157839058134776, -23.640843739849934, 0.0 ], [ -46.157838939321458, -23.640830234232773, 0.0 ], [ -46.157824219947884, -23.640823590881176, 0.0 ], [ -46.157809559980848, -23.640823700336789, 0.0 ], [ -46.157794840609377, -23.640817056982318, 0.0 ], [ -46.157780121239341, -23.640810413626383, 0.0 ], [ -46.157765342467961, -23.640797017460194, 0.0 ], [ -46.157750682503583, -23.640797126910126, 0.0 ], [ -46.15773596313786, -23.640790483549804, 0.0 ], [ -46.157721184373109, -23.640777087379121, 0.0 ], [ -46.157706465011039, -23.640770444015843, 0.0 ], [ -46.157699016231625, -23.640756993120181, 0.0 ], [ -46.157691567453796, -23.640743542224087, 0.0 ], [ -46.157691448656166, -23.640730036606048, 0.0 ], [ -46.157691329858629, -23.640716530987987, 0.0 ], [ -46.157691211061177, -23.640703025369902, 0.0 ], [ -46.157691092263818, -23.640689519751795, 0.0 ], [ -46.157705692817125, -23.640682657498935, 0.0 ], [ -46.157720293368861, -23.640675795244768, 0.0 ], [ -46.157720174568666, -23.640662289626743, 0.0 ], [ -46.157727385742582, -23.640648729285683, 0.0 ], [ -46.157742045690554, -23.640648619838604, 0.0 ], [ -46.157756646236543, -23.640641757581189, 0.0 ], [ -46.157771306183591, -23.640641648131378, 0.0 ], [ -46.157786025533944, -23.640648291489043, 0.0 ], [ -46.157800685481568, -23.640648182036422, 0.0 ], [ -46.157815464238972, -23.640661578200003, 0.0 ], [ -46.157844843543252, -23.640668112096407, 0.0 ], [ -46.157859562900022, -23.64067475544682, 0.0 ], [ -46.157874282258227, -23.640681398795746, 0.0 ], [ -46.157888942209077, -23.640681289334641, 0.0 ], [ -46.157903661569385, -23.640687932680702, 0.0 ], [ -46.157918321520803, -23.640687823216791, 0.0 ], [ -46.157933040883215, -23.640694466559971, 0.0 ], [ -46.157947760247062, -23.640701109901698, 0.0 ], [ -46.157969809589019, -23.640707698507345, 0.0 ], [ -46.157984528956071, -23.640714341845435, 0.0 ], [ -46.157999188910019, -23.640714232373757, 0.0 ], [ -46.158013908279173, -23.640720875708972, 0.0 ], [ -46.158014027109829, -23.64073438132548, 0.0 ], [ -46.158028687065851, -23.640734271850928, 0.0 ], [ -46.158043347021788, -23.640734162374997, 0.0 ], [ -46.158065396373516, -23.640740750966621, 0.0 ], [ -46.15807284518857, -23.640754201843272, 0.0 ], [ -46.158087564565676, -23.640760845171133, 0.0 ], [ -46.158102283944231, -23.640767488497531, 0.0 ], [ -46.158117003324215, -23.640774131822461, 0.0 ], [ -46.158131663284131, -23.640774022338004, 0.0 ], [ -46.158139112107847, -23.640787473211077, 0.0 ], [ -46.158153831491816, -23.640794116532341, 0.0 ], [ -46.158175821434703, -23.640793952299788, 0.0 ], [ -46.158190481396524, -23.640793842809689, 0.0 ], [ -46.158219801319888, -23.640793623825331, 0.0 ], [ -46.158234461281445, -23.640793514331069, 0.0 ], [ -46.158249121242903, -23.640793404835428, 0.0 ], [ -46.158249002387791, -23.640779899220149, 0.0 ], [ -46.158263662347665, -23.640779789723194, 0.0 ], [ -46.158278262878419, -23.640772927417274, 0.0 ], [ -46.158292863407603, -23.640766065110036, 0.0 ], [ -46.158307463935216, -23.640759202801473, 0.0 ], [ -46.158314675052203, -23.640745642435419, 0.0 ], [ -46.158329275576371, -23.64073878012492, 0.0 ], [ -46.15833648669004, -23.640725219757954, 0.0 ], [ -46.158351087210754, -23.640718357445511, 0.0 ], [ -46.158365687729905, -23.640711495131747, 0.0 ], [ -46.158380288247479, -23.640704632816664, 0.0 ], [ -46.158394888763489, -23.64069777050026, 0.0 ], [ -46.158409429842422, -23.640684155375187, 0.0 ], [ -46.158424089790792, -23.640684045863484, 0.0 ], [ -46.158438749739084, -23.640683936350396, 0.0 ], [ -46.158453409687283, -23.640683826835918, 0.0 ], [ -46.158468069635383, -23.640683717320062, 0.0 ], [ -46.15848267014416, -23.64067685499564, 0.0 ], [ -46.158497270651374, -23.64066999266991, 0.0 ], [ -46.15851187115701, -23.640663130342851, 0.0 ], [ -46.15852653110251, -23.640663020821556, 0.0 ], [ -46.158541191047924, -23.640662911298875, 0.0 ], [ -46.158555791550306, -23.640656048967788, 0.0 ], [ -46.158570451494789, -23.640655939442375, 0.0 ], [ -46.158585111439187, -23.640655829915566, 0.0 ], [ -46.158599711938322, -23.640648967580461, 0.0 ], [ -46.158614371881789, -23.640648858050927, 0.0 ], [ -46.158629031825164, -23.640648748520007, 0.0 ], [ -46.158643632321059, -23.640641886180884, 0.0 ], [ -46.15865829226351, -23.640641776647218, 0.0 ], [ -46.15867301165477, -23.640648419918925, 0.0 ], [ -46.158687671597797, -23.640648310382463, 0.0 ], [ -46.158702390991159, -23.640654953651289, 0.0 ], [ -46.158717050934762, -23.640654844112017, 0.0 ], [ -46.158731829782205, -23.64066824018456, 0.0 ], [ -46.158746549179881, -23.640674883448991, 0.0 ], [ -46.158761209125466, -23.640674773905459, 0.0 ], [ -46.158775869070972, -23.640674664360542, 0.0 ], [ -46.158790588471412, -23.640681307620682, 0.0 ], [ -46.158805307873287, -23.640687950879361, 0.0 ], [ -46.15881996782003, -23.640687841330219, 0.0 ], [ -46.158834687224008, -23.640694484586021, 0.0 ], [ -46.158849406629429, -23.640701127840359, 0.0 ], [ -46.158864066577401, -23.640701018286993, 0.0 ], [ -46.158878785984918, -23.640707661538439, 0.0 ], [ -46.158893624314736, -23.64072781040074, 0.0 ], [ -46.158908343726679, -23.640734453649188, 0.0 ], [ -46.158923063140051, -23.640741096896178, 0.0 ], [ -46.158923182064115, -23.640754602508299, 0.0 ], [ -46.158930630965791, -23.640768053340242, 0.0 ], [ -46.158945290920798, -23.640767943778908, 0.0 ], [ -46.158952739825509, -23.64078139460965, 0.0 ], [ -46.158974789224821, -23.640787983069814, 0.0 ], [ -46.15898223813371, -23.640801433898943, 0.0 ], [ -46.158996957558145, -23.640808077138423, 0.0 ], [ -46.159011676984015, -23.640814720376433, 0.0 ], [ -46.159019125898233, -23.640828171203545, 0.0 ], [ -46.159033845327414, -23.640834814439302, 0.0 ], [ -46.159041294245085, -23.640848265265173, 0.0 ], [ -46.159048743164313, -23.640861716090605, 0.0 ], [ -46.159063462598695, -23.640868359323321, 0.0 ], [ -46.159070911521383, -23.640881810147516, 0.0 ], [ -46.159085630959076, -23.640888453377979, 0.0 ], [ -46.159100290926695, -23.640888343801471, 0.0 ], [ -46.159107739854285, -23.640901794623677, 0.0 ], [ -46.159122399823268, -23.640901685045016, 0.0 ], [ -46.159137059792165, -23.640901575464969, 0.0 ], [ -46.159159109219907, -23.640908163897667, 0.0 ], [ -46.159173828664684, -23.640914807119447, 0.0 ], [ -46.159188488634776, -23.640914697534484, 0.0 ], [ -46.159203208081649, -23.640921340753376, 0.0 ], [ -46.159217927529959, -23.640927983970808, 0.0 ], [ -46.15923264697971, -23.64093462718678, 0.0 ], [ -46.15924736643089, -23.640941270401292, 0.0 ], [ -46.159262085883512, -23.64094791361434, 0.0 ], [ -46.159276805337576, -23.640954556825918, 0.0 ], [ -46.159276924299128, -23.640968062435974, 0.0 ], [ -46.15929164375617, -23.64097470564602, 0.0 ], [ -46.159306303732322, -23.640974596049659, 0.0 ], [ -46.159306422697007, -23.640988101659538, 0.0 ], [ -46.159321142157708, -23.640994744866624, 0.0 ], [ -46.159328591113912, -23.641008195676914, 0.0 ], [ -46.159343251093588, -23.641008086076916, 0.0 ], [ -46.159343370062274, -23.641021591686556, 0.0 ], [ -46.159358030043364, -23.641021482085101, 0.0 ], [ -46.159372749510247, -23.641028125287008, 0.0 ], [ -46.159387468978572, -23.641034768487451, 0.0 ], [ -46.159402247935773, -23.641048164491078, 0.0 ], [ -46.159424297399966, -23.641054752884454, 0.0 ], [ -46.15942441637722, -23.641068258493629, 0.0 ], [ -46.159424535354553, -23.641081764102779, 0.0 ], [ -46.159439254831391, -23.641088407297921, 0.0 ], [ -46.159439373810372, -23.641101912906965, 0.0 ], [ -46.159454093290186, -23.641108556100562, 0.0 ], [ -46.159454212270809, -23.641122061709499, 0.0 ], [ -46.159461661248123, -23.641135512512356, 0.0 ], [ -46.159469110227015, -23.641148963314784, 0.0 ], [ -46.159476559207476, -23.641162414116767, 0.0 ], [ -46.159484008189509, -23.641175864918321, 0.0 ], [ -46.159484127173577, -23.641189370526991, 0.0 ], [ -46.159491576158018, -23.641202821328037, 0.0 ], [ -46.159506295651767, -23.641209464516049, 0.0 ], [ -46.159521074640985, -23.641222860506819, 0.0 ], [ -46.159521193629118, -23.641236366115226, 0.0 ], [ -46.159521312617343, -23.641249871723616, 0.0 ], [ -46.159521431605654, -23.641263377331988, 0.0 ], [ -46.159536151107687, -23.641270020516789, 0.0 ], [ -46.159536270097632, -23.641283526125054, 0.0 ], [ -46.159543719093065, -23.641296976923016, 0.0 ], [ -46.159551168090069, -23.641310427720541, 0.0 ], [ -46.159565828102259, -23.641310318098185, 0.0 ], [ -46.159565947095473, -23.641323823706223, 0.0 ], [ -46.159580666606466, -23.641330466886394, 0.0 ], [ -46.159580785601321, -23.641343972494344, 0.0 ], [ -46.159595505115306, -23.641350615672966, 0.0 ], [ -46.159602954120778, -23.641364066467585, 0.0 ], [ -46.159603073118106, -23.641377572075363, 0.0 ], [ -46.159617792636951, -23.641384215251655, 0.0 ], [ -46.159632512157231, -23.64139085842649, 0.0 ], [ -46.159632631157749, -23.641404364034081, 0.0 ], [ -46.159632750158359, -23.641417869641639, 0.0 ], [ -46.159640199171676, -23.641431320434048, 0.0 ], [ -46.159654918698372, -23.641437963606467, 0.0 ], [ -46.159662367715136, -23.641451414397647, 0.0 ], [ -46.159662486719057, -23.641464920004989, 0.0 ], [ -46.159669935738236, -23.641478370795671, 0.0 ], [ -46.159684655271683, -23.641485013964957, 0.0 ], [ -46.159692104294308, -23.641498464754402, 0.0 ], [ -46.159699553318504, -23.641511915543404, 0.0 ], [ -46.159707002344277, -23.641525366331972, 0.0 ], [ -46.159714451371613, -23.641538817120097, 0.0 ], [ -46.159729170914005, -23.641545460284746, 0.0 ], [ -46.159736619944795, -23.641558911071645, 0.0 ], [ -46.159751339490505, -23.641565554234052, 0.0 ], [ -46.159751458504203, -23.641579059840765, 0.0 ], [ -46.159766237560554, -23.641592455804929, 0.0 ], [ -46.15978101661991, -23.641605851767537, 0.0 ], [ -46.159781135636877, -23.641619357374044, 0.0 ], [ -46.159788584677393, -23.64163280815794, 0.0 ], [ -46.159788703695291, -23.641646313764358, 0.0 ], [ -46.159803363743656, -23.641646204118089, 0.0 ], [ -46.159810812788038, -23.641659654900732, 0.0 ], [ -46.159810931808366, -23.641673160506997, 0.0 ], [ -46.159825591859601, -23.641673050858508, 0.0 ], [ -46.159825710881528, -23.641686556464684, 0.0 ], [ -46.159840430445918, -23.641693199617769, 0.0 ], [ -46.159847879496894, -23.641706650398298, 0.0 ], [ -46.159862658577566, -23.641720046352106, 0.0 ], [ -46.159877437661244, -23.641733442304368, 0.0 ], [ -46.159892157233379, -23.641740085452206, 0.0 ], [ -46.159892276262511, -23.641753591057949, 0.0 ], [ -46.15990699583763, -23.641760234204249, 0.0 ], [ -46.159907174383811, -23.641780492612678, 0.0 ], [ -46.1599218344465, -23.641780382954632, 0.0 ], [ -46.159936554026039, -23.641787026097909, 0.0 ], [ -46.159951333124759, -23.641800422042429, 0.0 ], [ -46.159966112226485, -23.641813817985391, 0.0 ], [ -46.159980831811886, -23.641820461124215, 0.0 ], [ -46.159988280884711, -23.641833911896928, 0.0 ], [ -46.160003000473424, -23.641840555033504, 0.0 ], [ -46.160010449549702, -23.64185400580498, 0.0 ], [ -46.160025169141733, -23.641860648939304, 0.0 ], [ -46.160039888735206, -23.641867292072156, 0.0 ], [ -46.160054608330107, -23.641873935203552, 0.0 ], [ -46.160069327926458, -23.641880578333478, 0.0 ], [ -46.160084107049052, -23.641893974264235, 0.0 ], [ -46.160098767123458, -23.641893864588962, 0.0 ], [ -46.160106216212583, -23.641907315355247, 0.0 ], [ -46.160120876288353, -23.641907205677828, 0.0 ], [ -46.16013559589156, -23.641913848801167, 0.0 ], [ -46.160135714946648, -23.641927354405432, 0.0 ], [ -46.160135834001828, -23.641940860009676, 0.0 ], [ -46.160135953057093, -23.641954365613898, 0.0 ], [ -46.160136072112451, -23.641967871218089, 0.0 ], [ -46.160217178819757, -23.642021290373147, 0.0 ], [ -46.160231838907656, -23.64202118068474, 0.0 ], [ -46.160239288017891, -23.6420346314436, 0.0 ], [ -46.1602540076411, -23.642041274554799, 0.0 ], [ -46.160261456754789, -23.64205472531242, 0.0 ], [ -46.160276176381316, -23.642061368421363, 0.0 ], [ -46.160283625498451, -23.642074819177751, 0.0 ], [ -46.160283744569639, -23.642088324781025, 0.0 ], [ -46.16028386364092, -23.642101830384284, 0.0 ], [ -46.160298583273864, -23.642108473490797, 0.0 ] ] ], [ [ [ -46.161723169166599, -23.640172484166602, 0.0 ], [ -46.161596889166603, -23.640159883055496, 0.0 ], [ -46.1614468880556, -23.640169857222201, 0.0 ], [ -46.161251792777797, -23.640091028888897, 0.0 ], [ -46.160672350833401, -23.639761203333293, 0.0 ], [ -46.160553731944503, -23.639705735, 0.0 ], [ -46.160262910555502, -23.639543719444394, 0.0 ], [ -46.160165268611102, -23.639521329444491, 0.0 ], [ -46.160093369444397, -23.639483303055595, 0.0 ], [ -46.159707394722197, -23.639225181111094, 0.0 ], [ -46.159573124166592, -23.639151133888902, 0.0 ], [ -46.1595461858333, -23.639153502777795, 0.0 ], [ -46.159407512222209, -23.639169441388901, 0.0 ], [ -46.159325931944402, -23.63918974, 0.0 ], [ -46.158996482500001, -23.639327674166701, 0.0 ], [ -46.158914858333297, -23.639376421666704, 0.0 ], [ -46.158736033333398, -23.639508533333299, 0.0 ], [ -46.158576670833398, -23.639635441944399, 0.0 ], [ -46.158678078888897, -23.639662501111108, 0.0 ], [ -46.158767107777798, -23.639697600277692, 0.0 ], [ -46.158857273888898, -23.639728265833288, 0.0 ], [ -46.158950654444411, -23.639756558888898, 0.0 ], [ -46.159042083333304, -23.63978586, 0.0 ], [ -46.159136692777693, -23.639808995833299, 0.0 ], [ -46.159238208888901, -23.639837137777704, 0.0 ], [ -46.1593358975, -23.639875965, 0.0 ], [ -46.159431048055502, -23.639927094166694, 0.0 ], [ -46.1595102725, -23.639995411944501, 0.0 ], [ -46.15957944, -23.640068320277695, 0.0 ], [ -46.1596427275, -23.640141453333293, 0.0 ], [ -46.159704244444399, -23.640213876944401, 0.0 ], [ -46.159763679444403, -23.640283697222198, 0.0 ], [ -46.159830420000013, -23.640348134166604, 0.0 ], [ -46.159899588888898, -23.640410024166709, 0.0 ], [ -46.159973827222203, -23.640468715, 0.0 ], [ -46.160049402222199, -23.640523331944397, 0.0 ], [ -46.160125917777805, -23.640573425833296, 0.0 ], [ -46.160206491666699, -23.640616806111105, 0.0 ], [ -46.160293003888917, -23.6406554458333, 0.0 ], [ -46.160384519444399, -23.640694499166692, 0.0 ], [ -46.160475842222205, -23.640733915555501, 0.0 ], [ -46.160566976388807, -23.640774145833298, 0.0 ], [ -46.160655840555499, -23.640812677222193, 0.0 ], [ -46.160747820277798, -23.640848746944396, 0.0 ], [ -46.160837955833387, -23.640886907222203, 0.0 ], [ -46.160928639722208, -23.6409205477777, 0.0 ], [ -46.1610197341667, -23.640956262499998, 0.0 ], [ -46.161111918055497, -23.640993233611091, 0.0 ], [ -46.1612034905556, -23.641027589722196, 0.0 ], [ -46.1612962325, -23.641061124444398, 0.0 ], [ -46.1613886755556, -23.6410941194444, 0.0 ], [ -46.161482994722206, -23.641128635555603, 0.0 ], [ -46.161575461111099, -23.641164249444497, 0.0 ], [ -46.1616674491666, -23.641201221388901, 0.0 ], [ -46.161757078333409, -23.641237488611097, 0.0 ], [ -46.161850434166602, -23.6412739083333, 0.0 ], [ -46.161941628611103, -23.6413098025, 0.0 ], [ -46.162035662777797, -23.641345313888895, 0.0 ], [ -46.162127246111098, -23.641380843611099, 0.0 ], [ -46.162218818611102, -23.641415108888896, 0.0 ], [ -46.16231158083329, -23.641450900555601, 0.0 ], [ -46.162403292777803, -23.641489861388905, 0.0 ], [ -46.162495385, -23.641527464166703, 0.0 ], [ -46.162585743888904, -23.6415686022222, 0.0 ], [ -46.162674053055611, -23.641610749166599, 0.0 ], [ -46.162761858333397, -23.6416513644444, 0.0 ], [ -46.162851411666601, -23.64169007, 0.0 ], [ -46.16293916305559, -23.641724544166706, 0.0 ], [ -46.163026968333398, -23.641754050833303, 0.0 ], [ -46.163117422777809, -23.641772699444399, 0.0 ], [ -46.163210841388903, -23.6417828366667, 0.0 ], [ -46.163305984166598, -23.641788444722192, 0.0 ], [ -46.163402352777801, -23.641788534722188, 0.0 ], [ -46.163499860277803, -23.641784371111104, 0.0 ], [ -46.163601693055497, -23.641781529722202, 0.0 ], [ -46.163702463333287, -23.641780502777802, 0.0 ], [ -46.1638018836111, -23.641782014444399, 0.0 ], [ -46.16390364055551, -23.641781702222197, 0.0 ], [ -46.164006709166721, -23.641785625, 0.0 ], [ -46.164105563611102, -23.6417896694444, 0.0 ], [ -46.164201237222201, -23.6417887705556, 0.0 ], [ -46.164297169166709, -23.641783805555498, 0.0 ], [ -46.164391546666707, -23.641769369166699, 0.0 ], [ -46.164484887777803, -23.641748618333295, 0.0 ], [ -46.164577866111102, -23.641720103333302, 0.0 ], [ -46.164672497222199, -23.641690040555496, 0.0 ], [ -46.164769618333303, -23.641664384166699, 0.0 ], [ -46.164865839444502, -23.641636747777795, 0.0 ], [ -46.164961101666691, -23.641611556944401, 0.0 ], [ -46.1650455005556, -23.641588434722195, 0.0 ], [ -46.16510994444441, -23.6415481219444, 0.0 ], [ -46.165151658611087, -23.641487297777804, 0.0 ], [ -46.1651764702778, -23.641410795833405, 0.0 ], [ -46.165195416666698, -23.641325125833301, 0.0 ], [ -46.165208065277803, -23.641236793611103, 0.0 ], [ -46.165221493333313, -23.641147913611093, 0.0 ], [ -46.165230686944398, -23.641056898333304, 0.0 ], [ -46.165240483055605, -23.640967503888898, 0.0 ], [ -46.165247139166603, -23.640877771666688, 0.0 ], [ -46.165255825, -23.640784773055596, 0.0 ], [ -46.165265300833298, -23.640692400555601, 0.0 ], [ -46.165278904722193, -23.640601261666699, 0.0 ], [ -46.165291735, -23.640511302222198, 0.0 ], [ -46.165307280277801, -23.640417981111092, 0.0 ], [ -46.165340001666607, -23.640293733611102, 0.0 ], [ -46.165216869722201, -23.640271357777692, 0.0 ], [ -46.163813669444487, -23.640232402499993, 0.0 ], [ -46.163373441111098, -23.640325568611097, 0.0 ], [ -46.163151297222193, -23.640392080555593, 0.0 ], [ -46.162951733333301, -23.640440089166699, 0.0 ], [ -46.162833885277799, -23.640449823888897, 0.0 ], [ -46.162501534722203, -23.640447890277798, 0.0 ], [ -46.162275035555602, -23.640376523611096, 0.0 ], [ -46.1620781913889, -23.640299606111096, 0.0 ], [ -46.161723169166599, -23.640172484166602, 0.0 ] ] ], [ [ [ -46.165841412824086, -23.639289524452114, 0.0 ], [ -46.165844161528028, -23.639289503788206, 0.0 ], [ -46.165846899017005, -23.639288216975999, 0.0 ], [ -46.165849647720911, -23.639288196311991, 0.0 ], [ -46.165852373994802, -23.639285643351421, 0.0 ], [ -46.165855122698652, -23.639285622687318, 0.0 ], [ -46.165857871402487, -23.639285602023165, 0.0 ], [ -46.165860620106329, -23.639285581358969, 0.0 ], [ -46.165863368810165, -23.63928556069472, 0.0 ], [ -46.165866117513993, -23.639285540030425, 0.0 ], [ -46.165868866217828, -23.639285519366076, 0.0 ], [ -46.165871614921656, -23.639285498701682, 0.0 ], [ -46.165874374840691, -23.639286744185483, 0.0 ], [ -46.16587712354454, -23.639286723520989, 0.0 ], [ -46.165879872248382, -23.639286702856449, 0.0 ], [ -46.165882620952218, -23.639286682191855, 0.0 ], [ -46.16588538087138, -23.639287927675465, 0.0 ], [ -46.165888140790599, -23.639289173159003, 0.0 ], [ -46.165890889494477, -23.639289152494271, 0.0 ], [ -46.165893638198355, -23.639289131829479, 0.0 ], [ -46.165896398117667, -23.639290377312875, 0.0 ], [ -46.165899158037028, -23.639291622796225, 0.0 ], [ -46.165901917956432, -23.639292868279512, 0.0 ], [ -46.165904677875893, -23.639294113762759, 0.0 ], [ -46.165907426579864, -23.639294093097721, 0.0 ], [ -46.165910175283834, -23.639294072432637, 0.0 ], [ -46.16591292398779, -23.639294051767504, 0.0 ], [ -46.16591567269176, -23.63929403110232, 0.0 ], [ -46.165918421395709, -23.639294010437091, 0.0 ], [ -46.165921170099672, -23.639293989771812, 0.0 ], [ -46.165923918803621, -23.639293969106479, 0.0 ], [ -46.16592666750757, -23.639293948441111, 0.0 ], [ -46.165929416211512, -23.639293927775682, 0.0 ], [ -46.165932164915453, -23.639293907110208, 0.0 ], [ -46.165934913619395, -23.639293886444683, 0.0 ], [ -46.165937662323337, -23.639293865779109, 0.0 ], [ -46.165941796595099, -23.63929510092888, 0.0 ], [ -46.165944556514958, -23.639296346411388, 0.0 ], [ -46.165947316434853, -23.639297591893847, 0.0 ], [ -46.165950076354804, -23.639298837376266, 0.0 ], [ -46.165952825058831, -23.639298816710422, 0.0 ], [ -46.165955573762858, -23.639298796044532, 0.0 ], [ -46.165958322466871, -23.639298775378592, 0.0 ], [ -46.165959719250971, -23.639301297342001, 0.0 ], [ -46.16596111603512, -23.639303819305404, 0.0 ], [ -46.165962512819327, -23.639306341268785, 0.0 ], [ -46.165965283955693, -23.639308852899113, 0.0 ], [ -46.165968043876049, -23.639310098381177, 0.0 ], [ -46.165968066308309, -23.639312630677583, 0.0 ], [ -46.165970826228758, -23.639313876159598, 0.0 ], [ -46.165973586149263, -23.639315121641566, 0.0 ], [ -46.165973608581638, -23.639317653937951, 0.0 ], [ -46.165976368502243, -23.63931889941987, 0.0 ], [ -46.165979128422904, -23.639320144901731, 0.0 ], [ -46.165981877127344, -23.639320124235351, 0.0 ], [ -46.16598464826437, -23.639322635865305, 0.0 ], [ -46.165987396968859, -23.639322615198825, 0.0 ], [ -46.165990145673341, -23.639322594532299, 0.0 ], [ -46.165992883161451, -23.639321307717537, 0.0 ], [ -46.165995620649504, -23.639320020902741, 0.0 ], [ -46.165998369353929, -23.639320000236076, 0.0 ], [ -46.16600109562544, -23.63931744727299, 0.0 ], [ -46.166003844329801, -23.639317426606226, 0.0 ], [ -46.166006581817662, -23.639316139791244, 0.0 ], [ -46.166009319305459, -23.639314852976202, 0.0 ], [ -46.166012056793207, -23.639313566161114, 0.0 ], [ -46.166014805497483, -23.639313545494161, 0.0 ], [ -46.166017542985145, -23.639312258678988, 0.0 ], [ -46.16602028047275, -23.639310971863768, 0.0 ], [ -46.166023017960306, -23.639309685048488, 0.0 ], [ -46.166025755447798, -23.63930839823318, 0.0 ], [ -46.166028504151946, -23.639308377565989, 0.0 ], [ -46.166031252856101, -23.639308356898741, 0.0 ], [ -46.166034012777004, -23.639309602379615, 0.0 ], [ -46.166036761481173, -23.639309581712272, 0.0 ], [ -46.166039510185335, -23.639309561044882, 0.0 ], [ -46.166042258889497, -23.639309540377443, 0.0 ], [ -46.16604499637679, -23.639308253561808, 0.0 ], [ -46.166047745080917, -23.639308232894273, 0.0 ], [ -46.166050493785043, -23.639308212226688, 0.0 ], [ -46.166053242489163, -23.639308191559053, 0.0 ], [ -46.166055991193282, -23.639308170891375, 0.0 ], [ -46.166058728680397, -23.639306884075488, 0.0 ], [ -46.166061477384481, -23.639306863407711, 0.0 ], [ -46.166064226088565, -23.639306842739884, 0.0 ], [ -46.166066974792649, -23.639306822072015, 0.0 ], [ -46.166069723496719, -23.639306801404093, 0.0 ], [ -46.166073835335688, -23.639305504253961, 0.0 ], [ -46.166076584039729, -23.639305483585915, 0.0 ], [ -46.166079321526574, -23.639304196769679, 0.0 ], [ -46.16608344458259, -23.639304165767452, 0.0 ], [ -46.166086193286596, -23.639304145099242, 0.0 ], [ -46.166088941990601, -23.639304124430979, 0.0 ], [ -46.166094439398591, -23.639304083094313, 0.0 ], [ -46.16609718810259, -23.639304062425907, 0.0 ], [ -46.166101299941161, -23.639302765275072, 0.0 ], [ -46.166105422997099, -23.639302734272263, 0.0 ], [ -46.166109546053029, -23.639302703269347, 0.0 ], [ -46.166110897970007, -23.639300160638744, 0.0 ], [ -46.166113646673899, -23.63930013997005, 0.0 ], [ -46.166117758512172, -23.639298842818782, 0.0 ], [ -46.166120507216036, -23.639298822149971, 0.0 ], [ -46.166123244702277, -23.639297535332975, 0.0 ], [ -46.166125970970818, -23.639294982367815, 0.0 ], [ -46.166127322887405, -23.639292439737083, 0.0 ], [ -46.16613007159112, -23.639292419068102, 0.0 ], [ -46.166132820294834, -23.639292398399068, 0.0 ], [ -46.166134172211258, -23.63928985576829, 0.0 ], [ -46.166135524127625, -23.639287313137494, 0.0 ], [ -46.166138272831233, -23.639287292468374, 0.0 ], [ -46.166138250395726, -23.639284760172128, 0.0 ], [ -46.166138227960218, -23.639282227875885, 0.0 ], [ -46.166138205524717, -23.639279695579631, 0.0 ], [ -46.166138183089224, -23.639277163283385, 0.0 ], [ -46.166138160653723, -23.639274630987131, 0.0 ], [ -46.16613813821823, -23.639272098690881, 0.0 ], [ -46.166138115782744, -23.639269566394631, 0.0 ], [ -46.166138093347257, -23.639267034098381, 0.0 ], [ -46.166138070911778, -23.639264501802124, 0.0 ], [ -46.166138048476299, -23.639261969505871, 0.0 ], [ -46.166138026040819, -23.639259437209613, 0.0 ], [ -46.166138003605347, -23.63925690491336, 0.0 ], [ -46.166139355521338, -23.639254362282536, 0.0 ], [ -46.166142104224249, -23.639254341613373, 0.0 ], [ -46.166143456140126, -23.639251798982517, 0.0 ], [ -46.166146193625174, -23.639250512165166, 0.0 ], [ -46.166148931110158, -23.639249225347765, 0.0 ], [ -46.166148908674479, -23.639246693051515, 0.0 ], [ -46.166151657377227, -23.639246672382185, 0.0 ], [ -46.166153009292842, -23.639244129751255, 0.0 ], [ -46.16615436120842, -23.639241587120321, 0.0 ], [ -46.166157087475227, -23.639239034154652, 0.0 ], [ -46.166159836177798, -23.639239013485192, 0.0 ], [ -46.166161188093184, -23.639236470854208, 0.0 ], [ -46.166163936795698, -23.639236450184679, 0.0 ], [ -46.166165288710985, -23.639233907553649, 0.0 ], [ -46.166166640626223, -23.639231364922605, 0.0 ], [ -46.166167992541396, -23.639228822291564, 0.0 ], [ -46.166169344456534, -23.639226279660505, 0.0 ], [ -46.166170696371616, -23.63922373702944, 0.0 ], [ -46.166170673935547, -23.639221204733207, 0.0 ], [ -46.166170651499492, -23.639218672436961, 0.0 ], [ -46.166173400201622, -23.639218651767273, 0.0 ], [ -46.166176137685675, -23.639217364949427, 0.0 ], [ -46.16617887516967, -23.639216078131522, 0.0 ], [ -46.166181612653602, -23.639214791313574, 0.0 ], [ -46.166184338919329, -23.639212238347472, 0.0 ], [ -46.166187076403133, -23.639210951529432, 0.0 ], [ -46.1661898251051, -23.639210930859459, 0.0 ], [ -46.166192551370578, -23.639208377893215, 0.0 ], [ -46.166195300072474, -23.639208357223151, 0.0 ], [ -46.166195277635957, -23.639205824926929, 0.0 ], [ -46.166198026337803, -23.639205804256815, 0.0 ], [ -46.166200775039641, -23.639205783586647, 0.0 ], [ -46.166204898092388, -23.639205752581319, 0.0 ], [ -46.16620764679422, -23.63920573191103, 0.0 ], [ -46.166210395496051, -23.639205711240702, 0.0 ], [ -46.166213144197876, -23.639205690570314, 0.0 ], [ -46.166215881681239, -23.639204403751791, 0.0 ], [ -46.166218619164553, -23.639203116933206, 0.0 ], [ -46.16622135664781, -23.639201830114583, 0.0 ], [ -46.166224094131003, -23.639200543295917, 0.0 ], [ -46.166226842832707, -23.639200522625295, 0.0 ], [ -46.16622959153441, -23.63920050195463, 0.0 ], [ -46.166232351454717, -23.639201747432001, 0.0 ], [ -46.166235100156435, -23.639201726761236, 0.0 ], [ -46.166237860076826, -23.639202972238511, 0.0 ], [ -46.166240608778566, -23.639202951567643, 0.0 ], [ -46.166243357480305, -23.639202930896726, 0.0 ], [ -46.166246117400789, -23.639204176373863, 0.0 ], [ -46.166248877321316, -23.639205421850932, 0.0 ], [ -46.166251637241906, -23.639206667327954, 0.0 ], [ -46.16625303403044, -23.639209189288575, 0.0 ], [ -46.166254430819023, -23.639211711249182, 0.0 ], [ -46.166257179520933, -23.639211690578016, 0.0 ], [ -46.16625995066061, -23.639214202202954, 0.0 ], [ -46.166261347449378, -23.639216724163486, 0.0 ], [ -46.166264107370317, -23.639217969640267, 0.0 ], [ -46.16626412980817, -23.639220501936428, 0.0 ], [ -46.166264152246036, -23.639223034232579, 0.0 ], [ -46.166265549034996, -23.639225556193065, 0.0 ], [ -46.166265571472884, -23.639228088489219, 0.0 ], [ -46.16626696826193, -23.639230610449676, 0.0 ], [ -46.16626972818321, -23.639231855926354, 0.0 ], [ -46.166272499323547, -23.639234367551037, 0.0 ], [ -46.166275248025912, -23.639234346879533, 0.0 ], [ -46.166277996728269, -23.639234326207976, 0.0 ], [ -46.166280745430626, -23.639234305536373, 0.0 ], [ -46.166283494132983, -23.639234284864727, 0.0 ], [ -46.166286242835334, -23.639234264193021, 0.0 ], [ -46.166288991537684, -23.639234243521276, 0.0 ], [ -46.166291740240027, -23.639234222849481, 0.0 ], [ -46.166294488942363, -23.639234202177629, 0.0 ], [ -46.166297237644706, -23.639234181505735, 0.0 ], [ -46.166299986347035, -23.639234160833791, 0.0 ], [ -46.166302735049364, -23.6392341401618, 0.0 ], [ -46.166305494971027, -23.639235385637825, 0.0 ], [ -46.166308243673377, -23.639235364965732, 0.0 ], [ -46.166310992375728, -23.639235344293589, 0.0 ], [ -46.166313741078078, -23.639235323621403, 0.0 ], [ -46.166316489780421, -23.639235302949164, 0.0 ], [ -46.166319238482757, -23.639235282276882, 0.0 ], [ -46.166321987185093, -23.639235261604547, 0.0 ], [ -46.166324735887429, -23.639235240932162, 0.0 ], [ -46.16632748458975, -23.639235220259732, 0.0 ], [ -46.166330233292079, -23.639235199587247, 0.0 ], [ -46.166332981994401, -23.639235178914724, 0.0 ], [ -46.166335730696723, -23.639235158242144, 0.0 ], [ -46.16633846817939, -23.639233871421474, 0.0 ], [ -46.166341216881676, -23.639233850748798, 0.0 ], [ -46.166343954364258, -23.63923256392804, 0.0 ], [ -46.166346703066509, -23.639232543255268, 0.0 ], [ -46.166349440549006, -23.639231256434407, 0.0 ], [ -46.166352189251228, -23.639231235761542, 0.0 ], [ -46.166354926733639, -23.639229948940585, 0.0 ], [ -46.166357664215994, -23.639228662119599, 0.0 ], [ -46.166360401698299, -23.63922737529856, 0.0 ], [ -46.166361753609621, -23.639224832665967, 0.0 ], [ -46.166364502311694, -23.639224811992886, 0.0 ], [ -46.166368614144865, -23.639223514835152, 0.0 ], [ -46.16637135162695, -23.639222228013917, 0.0 ], [ -46.16637408910897, -23.639220941192644, 0.0 ], [ -46.166376826590941, -23.639219654371328, 0.0 ], [ -46.166379564072855, -23.639218367549955, 0.0 ], [ -46.166382301554712, -23.639217080728542, 0.0 ], [ -46.166385027816425, -23.639214527759066, 0.0 ], [ -46.166387765298154, -23.639213240937551, 0.0 ], [ -46.166390502779819, -23.639211954116007, 0.0 ], [ -46.166391854690396, -23.639209411483179, 0.0 ], [ -46.166394592171947, -23.639208124661558, 0.0 ], [ -46.166395944082417, -23.639205582028701, 0.0 ], [ -46.166395921642035, -23.639203049732668, 0.0 ], [ -46.166398659123409, -23.639201762910972, 0.0 ], [ -46.166398636682985, -23.639199230614935, 0.0 ], [ -46.166399988593291, -23.639196687982047, 0.0 ], [ -46.166401340503548, -23.639194145349151, 0.0 ], [ -46.16640407798468, -23.63919285852737, 0.0 ], [ -46.166406815465756, -23.639191571705553, 0.0 ], [ -46.166406793025189, -23.639189039409512, 0.0 ], [ -46.166408144935232, -23.639186496776571, 0.0 ], [ -46.166408122494644, -23.639183964480534, 0.0 ], [ -46.1664108599755, -23.639182677658649, 0.0 ], [ -46.166413608676649, -23.63918265698473, 0.0 ], [ -46.166413586235954, -23.6391801246887, 0.0 ], [ -46.166416334937047, -23.639180104014738, 0.0 ], [ -46.166419072417739, -23.639178817192711, 0.0 ], [ -46.166423184248892, -23.639177520033591, 0.0 ], [ -46.166425921729456, -23.639176233211458, 0.0 ], [ -46.166428659209963, -23.639174946389272, 0.0 ], [ -46.166431407910935, -23.63917492571505, 0.0 ], [ -46.166434145391356, -23.639173638892768, 0.0 ], [ -46.166438268442761, -23.639173607881276, 0.0 ], [ -46.166441005923083, -23.639172321058869, 0.0 ], [ -46.166443732182721, -23.639169768088422, 0.0 ], [ -46.166446469662915, -23.639168481265926, 0.0 ], [ -46.166449218363731, -23.639168460591392, 0.0 ], [ -46.166449195922368, -23.639165928295395, 0.0 ], [ -46.166451933402421, -23.639164641472806, 0.0 ], [ -46.166451910961015, -23.639162109176805, 0.0 ], [ -46.166453262869915, -23.639159566543498, 0.0 ], [ -46.166454614778772, -23.639157023910176, 0.0 ], [ -46.166454592337324, -23.639154491614178, 0.0 ], [ -46.166455944246103, -23.639151948980842, 0.0 ], [ -46.166457296154832, -23.639149406347506, 0.0 ], [ -46.166457273713334, -23.639146874051498, 0.0 ], [ -46.166458625621985, -23.639144331418144, 0.0 ], [ -46.166461363101504, -23.639143044595411, 0.0 ], [ -46.166464111801773, -23.639143023920639, 0.0 ], [ -46.166466849281207, -23.63914173709782, 0.0 ], [ -46.16647097233156, -23.639141706085489, 0.0 ], [ -46.166472324239898, -23.639139163452022, 0.0 ], [ -46.166475072940074, -23.639139142777058, 0.0 ], [ -46.166477810419309, -23.639137855954051, 0.0 ], [ -46.166480559119456, -23.639137835278987, 0.0 ], [ -46.166483296598607, -23.639136548455873, 0.0 ], [ -46.166486022856681, -23.639133995484741, 0.0 ], [ -46.166488760335696, -23.639132708661538, 0.0 ], [ -46.166491509035723, -23.63913268798628, 0.0 ], [ -46.166494257735749, -23.639132667310982, 0.0 ], [ -46.166496995214644, -23.639131380487644, 0.0 ], [ -46.166499732693495, -23.63913009366426, 0.0 ], [ -46.166502481393451, -23.639130072988813, 0.0 ], [ -46.166505230093414, -23.63913005231332, 0.0 ], [ -46.166505207651021, -23.63912752001735, 0.0 ], [ -46.16650795635092, -23.639127499341811, 0.0 ], [ -46.166510705050818, -23.639127478666222, 0.0 ], [ -46.166513442529443, -23.639126191842603, 0.0 ], [ -46.166516191229306, -23.639126171166918, 0.0 ], [ -46.166518939929169, -23.639126150491183, 0.0 ], [ -46.166521677407673, -23.639124863667419, 0.0 ], [ -46.1665244261075, -23.639124842991592, 0.0 ], [ -46.166527163585926, -23.639123556167728, 0.0 ], [ -46.166531286635625, -23.639123525153817, 0.0 ], [ -46.166534035335417, -23.639123504477819, 0.0 ], [ -46.166536772813707, -23.639122217653807, 0.0 ], [ -46.166539521513471, -23.639122196977706, 0.0 ], [ -46.166542270213228, -23.639122176301559, 0.0 ], [ -46.166545018912984, -23.639122155625365, 0.0 ], [ -46.166547767612734, -23.639122134949126, 0.0 ], [ -46.166550516312483, -23.639122114272833, 0.0 ], [ -46.166551868219067, -23.639119571638741, 0.0 ], [ -46.166553220125607, -23.639117029004641, 0.0 ], [ -46.166555957603563, -23.639115742180294, 0.0 ], [ -46.166558695081463, -23.639114455355902, 0.0 ], [ -46.166561432559305, -23.639113168531463, 0.0 ], [ -46.166564170037098, -23.639111881706977, 0.0 ], [ -46.166566918736613, -23.639111861030393, 0.0 ], [ -46.166569667436129, -23.639111840353777, 0.0 ], [ -46.166572416135644, -23.639111819677108, 0.0 ], [ -46.166575164835152, -23.639111799000389, 0.0 ], [ -46.166577902312774, -23.639110512175673, 0.0 ], [ -46.166580651012247, -23.639110491498855, 0.0 ], [ -46.166583399711719, -23.63911047082199, 0.0 ], [ -46.166586148411191, -23.639110450145079, 0.0 ], [ -46.166588885888665, -23.639109163320164, 0.0 ], [ -46.166591634588102, -23.639109142643157, 0.0 ], [ -46.166594372065497, -23.639107855818164, 0.0 ], [ -46.16659710954282, -23.6391065689931, 0.0 ], [ -46.166599858242201, -23.639106548315947, 0.0 ], [ -46.166602606941566, -23.639106527638742, 0.0 ], [ -46.166605344418791, -23.639105240813556, 0.0 ], [ -46.166608093118128, -23.639105220136258, 0.0 ], [ -46.166610830595268, -23.639103933310977, 0.0 ], [ -46.16661357929457, -23.639103912633583, 0.0 ], [ -46.166614931199746, -23.639101369998983, 0.0 ], [ -46.166617679898991, -23.639101349321525, 0.0 ], [ -46.166620428598236, -23.63910132864401, 0.0 ], [ -46.166623177297481, -23.639101307966445, 0.0 ], [ -46.166625925996719, -23.639101287288838, 0.0 ], [ -46.166628674695957, -23.639101266611181, 0.0 ], [ -46.166631423395195, -23.639101245933471, 0.0 ], [ -46.166634172094419, -23.639101225255711, 0.0 ], [ -46.166636932016104, -23.639102470725831, 0.0 ], [ -46.166639680715356, -23.639102450047975, 0.0 ], [ -46.166642440637105, -23.639103695518006, 0.0 ], [ -46.166645189336379, -23.639103674840054, 0.0 ], [ -46.166645211781443, -23.639106207135892, 0.0 ], [ -46.166647960480759, -23.639106186457887, 0.0 ], [ -46.166650709180075, -23.639106165779832, 0.0 ], [ -46.166653469102009, -23.639107411249661, 0.0 ], [ -46.166656217801346, -23.639107390571507, 0.0 ], [ -46.166656240246631, -23.639109922867338, 0.0 ], [ -46.166659000168686, -23.639111168337045, 0.0 ], [ -46.166661748868094, -23.639111147658795, 0.0 ], [ -46.166664520012951, -23.639113659276319, 0.0 ], [ -46.166667268712402, -23.639113638597969, 0.0 ], [ -46.16667001741186, -23.639113617919566, 0.0 ], [ -46.166672766111311, -23.639113597241117, 0.0 ], [ -46.166675514810763, -23.639113576562615, 0.0 ], [ -46.166678263510207, -23.639113555884066, 0.0 ], [ -46.166681012209651, -23.639113535205471, 0.0 ], [ -46.166683772131989, -23.639114780674724, 0.0 ], [ -46.166686520831455, -23.63911475999603, 0.0 ], [ -46.166689269530913, -23.639114739317282, 0.0 ], [ -46.166692018230371, -23.639114718638488, 0.0 ], [ -46.166694766929822, -23.639114697959652, 0.0 ], [ -46.166697526852317, -23.639115943428664, 0.0 ], [ -46.16670027555179, -23.639115922749724, 0.0 ], [ -46.166703024251262, -23.639115902070735, 0.0 ], [ -46.166705772950721, -23.639115881391696, 0.0 ], [ -46.166708521650186, -23.639115860712611, 0.0 ], [ -46.166711270349651, -23.639115840033472, 0.0 ], [ -46.166714019049103, -23.639115819354291, 0.0 ], [ -46.166716778971782, -23.639117064822948, 0.0 ], [ -46.166719538894519, -23.639118310291551, 0.0 ], [ -46.166722276370734, -23.639117023464337, 0.0 ], [ -46.166725025070207, -23.639117002784957, 0.0 ], [ -46.166727773769672, -23.639116982105524, 0.0 ], [ -46.166730522469138, -23.639116961426051, 0.0 ], [ -46.166734634294933, -23.639115664258856, 0.0 ], [ -46.166737382994363, -23.639115643579267, 0.0 ], [ -46.166740131693786, -23.639115622899613, 0.0 ], [ -46.166742880393215, -23.639115602219917, 0.0 ], [ -46.166745629092638, -23.639115581540175, 0.0 ], [ -46.166748377792047, -23.63911556086039, 0.0 ], [ -46.166751126491469, -23.639115540180544, 0.0 ], [ -46.166753875190878, -23.639115519500649, 0.0 ], [ -46.166756623890286, -23.639115498820715, 0.0 ], [ -46.166759372589688, -23.639115478140727, 0.0 ], [ -46.166762121289096, -23.639115457460694, 0.0 ], [ -46.166764869988498, -23.639115436780607, 0.0 ], [ -46.166767618687892, -23.639115416100477, 0.0 ], [ -46.166770356163539, -23.639114129272425, 0.0 ], [ -46.166773104862905, -23.639114108592189, 0.0 ], [ -46.166775853562264, -23.639114087911913, 0.0 ], [ -46.166778602261623, -23.639114067231585, 0.0 ], [ -46.166781350960974, -23.63911404655121, 0.0 ], [ -46.166784099660326, -23.639114025870786, 0.0 ], [ -46.166786848359671, -23.639114005190311, 0.0 ], [ -46.166789597059015, -23.639113984509795, 0.0 ], [ -46.166792356982313, -23.639115229977083, 0.0 ], [ -46.166795105681679, -23.63911520929646, 0.0 ], [ -46.166797854381038, -23.639115188615797, 0.0 ], [ -46.166800603080397, -23.639115167935074, 0.0 ], [ -46.166803351779748, -23.639115147254309, 0.0 ], [ -46.166807474828779, -23.639115116233068, 0.0 ], [ -46.166810223528131, -23.639115095552185, 0.0 ], [ -46.166812961003316, -23.639113808723391, 0.0 ], [ -46.166815709702632, -23.639113788042412, 0.0 ], [ -46.166818458401941, -23.639113767361376, 0.0 ], [ -46.166821207101258, -23.639113746680295, 0.0 ], [ -46.16682395580056, -23.639113725999167, 0.0 ], [ -46.166826704499861, -23.639113705317985, 0.0 ], [ -46.166829453199163, -23.639113684636758, 0.0 ], [ -46.166833576248109, -23.639113653614825, 0.0 ], [ -46.166836324947397, -23.639113632933473, 0.0 ], [ -46.166839073646685, -23.639113612252075, 0.0 ], [ -46.166841822345965, -23.639113591570631, 0.0 ], [ -46.166844559820795, -23.639112304741303, 0.0 ], [ -46.166847308520047, -23.639112284059767, 0.0 ], [ -46.166851431568915, -23.639112253037357, 0.0 ], [ -46.166854180268167, -23.639112232355693, 0.0 ], [ -46.166856917742834, -23.639110945526149, 0.0 ], [ -46.166859666442043, -23.639110924844392, 0.0 ], [ -46.166862403916625, -23.639109638014755, 0.0 ], [ -46.166865152615806, -23.639109617332895, 0.0 ], [ -46.16686790131498, -23.639109596650989, 0.0 ], [ -46.166870650014161, -23.639109575969034, 0.0 ], [ -46.1668733874886, -23.639108289139219, 0.0 ], [ -46.166876136187739, -23.639108268457168, 0.0 ], [ -46.166878884886877, -23.639108247775066, 0.0 ], [ -46.166881622361203, -23.639106960945103, 0.0 ], [ -46.166882974261114, -23.639104418308374, 0.0 ], [ -46.166885711735318, -23.639103131478347, 0.0 ], [ -46.166885689285628, -23.639100599182715, 0.0 ], [ -46.166888426759719, -23.639099312352638, 0.0 ], [ -46.166891175458659, -23.639099291670327, 0.0 ], [ -46.166893924157598, -23.63909927098797, 0.0 ], [ -46.166896650406635, -23.639096718009938, 0.0 ], [ -46.166899399105503, -23.639096697327481, 0.0 ], [ -46.166902147804386, -23.639096676644982, 0.0 ], [ -46.166904896503247, -23.639096655962433, 0.0 ], [ -46.166907645202116, -23.639096635279831, 0.0 ], [ -46.166908997101416, -23.639094092642907, 0.0 ], [ -46.166911745800221, -23.639094071960237, 0.0 ], [ -46.166914483273914, -23.639092785129709, 0.0 ], [ -46.166915835173043, -23.639090242492728, 0.0 ], [ -46.166918572646608, -23.639088955662132, 0.0 ], [ -46.166922684469462, -23.639087658490059, 0.0 ], [ -46.166925421942899, -23.639086371659364, 0.0 ], [ -46.166928170641526, -23.639086350976406, 0.0 ], [ -46.166930908114885, -23.639085064145601, 0.0 ], [ -46.166933645588188, -23.639083777314752, 0.0 ], [ -46.166936394286758, -23.63908375663166, 0.0 ], [ -46.166937584449947, -23.639083197159959, 0.0 ], [ -46.166931002222199, -23.638966481944401, 0.0 ], [ -46.166850968333314, -23.638977386944397, 0.0 ], [ -46.166734821111113, -23.6389989086111, 0.0 ], [ -46.166636653611093, -23.639002446666602, 0.0 ], [ -46.166540319166707, -23.638994810277698, 0.0 ], [ -46.166452215, -23.639003038611097, 0.0 ], [ -46.166367256666589, -23.6390277488889, 0.0 ], [ -46.166275897777801, -23.639062285833397, 0.0 ], [ -46.166177382222209, -23.639095926388894, 0.0 ], [ -46.166072329444503, -23.639120135, 0.0 ], [ -46.165969758333297, -23.639128776944503, 0.0 ], [ -46.165880476388899, -23.639136744722201, 0.0 ], [ -46.1658086258334, -23.639162676666704, 0.0 ], [ -46.165756498888904, -23.639212028888899, 0.0 ], [ -46.165727516944493, -23.6392656238889, 0.0 ], [ -46.165824267776138, -23.639295040987637, 0.0 ], [ -46.165824965459372, -23.639294713027613, 0.0 ], [ -46.165827714163434, -23.639294692363993, 0.0 ], [ -46.165830451652695, -23.639293405552056, 0.0 ], [ -46.1658331891419, -23.63929211874008, 0.0 ], [ -46.165835937845898, -23.639292098076314, 0.0 ], [ -46.165838664120145, -23.639289545115982, 0.0 ], [ -46.165841412824086, -23.639289524452114, 0.0 ] ] ], [ [ [ -46.171485297222198, -23.63243814, 0.0 ], [ -46.171337438611097, -23.632269104722194, 0.0 ], [ -46.171336348611099, -23.632146556388907, 0.0 ], [ -46.171368745, -23.6320196911111, 0.0 ], [ -46.171523257499999, -23.632066210277795, 0.0 ], [ -46.171587670555503, -23.632089295555591, 0.0 ], [ -46.171639372222202, -23.632127017777805, 0.0 ], [ -46.171857916666703, -23.632319000555498, 0.0 ], [ -46.172106386944407, -23.63250299, 0.0 ], [ -46.172341663055604, -23.632592248888901, 0.0 ], [ -46.172517536111101, -23.632637611944499, 0.0 ], [ -46.17273230083341, -23.632449037777803, 0.0 ], [ -46.173173178333407, -23.632080473055499, 0.0 ], [ -46.173536740555512, -23.631616307499996, 0.0 ], [ -46.173661261388887, -23.631190436944404, 0.0 ], [ -46.173759014166599, -23.6306319163889, 0.0 ], [ -46.173709933333299, -23.630283403888903, 0.0 ], [ -46.173490321111103, -23.630026495555594, 0.0 ], [ -46.17299283722221, -23.629761844166701, 0.0 ], [ -46.172682849166698, -23.6296481338889, 0.0 ], [ -46.172566936388897, -23.629543793888896, 0.0 ], [ -46.172617285555503, -23.629495727499997, 0.0 ], [ -46.172716303055502, -23.629475109722197, 0.0 ], [ -46.172905193611101, -23.629474675277798, 0.0 ], [ -46.173121032500013, -23.629473313888905, 0.0 ], [ -46.173357565277797, -23.629473150833302, 0.0 ], [ -46.173760023888903, -23.629513547500004, 0.0 ], [ -46.174177691388898, -23.6295335975, 0.0 ], [ -46.17453776, -23.629448234166599, 0.0 ], [ -46.174776384166591, -23.6292869322222, 0.0 ], [ -46.174972961388903, -23.629071398611096, 0.0 ], [ -46.174336467499998, -23.628816384166704, 0.0 ], [ -46.17365766, -23.628465773333293, 0.0 ], [ -46.173239866111103, -23.628277105833298, 0.0 ], [ -46.172759991388908, -23.628172808611101, 0.0 ], [ -46.172228962222199, -23.628114053611096, 0.0 ], [ -46.1720365008333, -23.628087510277798, 0.0 ], [ -46.171714150277801, -23.628038105, 0.0 ], [ -46.171366923055594, -23.627980035833293, 0.0 ], [ -46.170941417777797, -23.627959856666696, 0.0 ], [ -46.170844361388902, -23.627958421666701, 0.0 ], [ -46.170160242777698, -23.627858096111101, 0.0 ], [ -46.170136313611103, -23.627945068888899, 0.0 ], [ -46.169876601944402, -23.628590878611092, 0.0 ], [ -46.1697868438889, -23.628837300833304, 0.0 ], [ -46.169763819444398, -23.628948922499998, 0.0 ], [ -46.169753834999987, -23.629138116111093, 0.0 ], [ -46.1697599755556, -23.629211405, 0.0 ], [ -46.169840228888901, -23.62949501916669, 0.0 ], [ -46.1699529786111, -23.629938695833399, 0.0 ], [ -46.169878831111099, -23.630088635, 0.0 ], [ -46.169849426111107, -23.630166165833295, 0.0 ], [ -46.169808015, -23.6303266958333, 0.0 ], [ -46.169783869444402, -23.630378357222192, 0.0 ], [ -46.16957083, -23.630695070277795, 0.0 ], [ -46.169497205, -23.630771489444399, 0.0 ], [ -46.169422200833303, -23.630869233055598, 0.0 ], [ -46.169381621388901, -23.630880647777794, 0.0 ], [ -46.166814954444391, -23.631129735, 0.0 ], [ -46.163441901666701, -23.631477854444505, 0.0 ], [ -46.163161638333413, -23.631688131111098, 0.0 ], [ -46.163063232222306, -23.631789479166699, 0.0 ], [ -46.162984075277791, -23.631939272222205, 0.0 ], [ -46.162679989999987, -23.632216198333296, 0.0 ], [ -46.162367666944498, -23.632459588333301, 0.0 ], [ -46.162190422777797, -23.632547256944399, 0.0 ], [ -46.162045674444393, -23.632607136111098, 0.0 ], [ -46.161792762499999, -23.632762565277698, 0.0 ], [ -46.162261285277808, -23.633356575833297, 0.0 ], [ -46.162645640833297, -23.634065554166703, 0.0 ], [ -46.163019844444413, -23.634612492777805, 0.0 ], [ -46.162951640277797, -23.634737276944399, 0.0 ], [ -46.16257080138891, -23.6352706386111, 0.0 ], [ -46.162365916111099, -23.635525596666699, 0.0 ], [ -46.162307149444487, -23.635609126388893, 0.0 ], [ -46.162260616666593, -23.635723722777801, 0.0 ], [ -46.162236766388901, -23.63579814, 0.0 ], [ -46.162218005833402, -23.635860597777807, 0.0 ], [ -46.162200308611098, -23.636010200555596, 0.0 ], [ -46.162169464166688, -23.636325087222204, 0.0 ], [ -46.162173309722199, -23.636416456666698, 0.0 ], [ -46.162188161666698, -23.6364775786111, 0.0 ], [ -46.162211615277798, -23.636535836388898, 0.0 ], [ -46.162305989166697, -23.636665723888893, 0.0 ], [ -46.162349759166688, -23.636737828055598, 0.0 ], [ -46.16241833805551, -23.63688841, 0.0 ], [ -46.162484252777809, -23.637059242500005, 0.0 ], [ -46.162504798333401, -23.637110116111096, 0.0 ], [ -46.16247752611109, -23.637363200833295, 0.0 ], [ -46.162385519166598, -23.637745649722188, 0.0 ], [ -46.162363675833298, -23.637803163055501, 0.0 ], [ -46.162303481944413, -23.637913888055589, 0.0 ], [ -46.162275736111113, -23.637969097499997, 0.0 ], [ -46.162251842222197, -23.638038638055598, 0.0 ], [ -46.162235700555598, -23.6381312408333, 0.0 ], [ -46.162363545833308, -23.638188083888895, 0.0 ], [ -46.163475238611099, -23.638544437499998, 0.0 ], [ -46.164548985833292, -23.638888243055597, 0.0 ], [ -46.165605730833398, -23.639226659722194, 0.0 ], [ -46.165650869722199, -23.639143050555596, 0.0 ], [ -46.1657362261111, -23.639062209722198, 0.0 ], [ -46.16585036277781, -23.639020981388892, 0.0 ], [ -46.165957721388899, -23.639011413611101, 0.0 ], [ -46.166050880555602, -23.639003578333291, 0.0 ], [ -46.166139516666703, -23.638983133055497, 0.0 ], [ -46.166229336666703, -23.638952473333408, 0.0 ], [ -46.1663236219444, -23.638916812500003, 0.0 ], [ -46.166426193055599, -23.63888696, 0.0 ], [ -46.16653932722221, -23.638876445277795, 0.0 ], [ -46.166639684166604, -23.6388843605556, 0.0 ], [ -46.166728276944397, -23.638881165277805, 0.0 ], [ -46.166767323611097, -23.638873465833289, 0.0 ], [ -46.16692465694441, -23.638850425833301, 0.0 ], [ -46.167568912500002, -23.638274429166596, 0.0 ], [ -46.168233404444408, -23.637703786666595, 0.0 ], [ -46.169371915833302, -23.637899768055497, 0.0 ], [ -46.169637913055602, -23.637220043888895, 0.0 ], [ -46.169908804444397, -23.636374285, 0.0 ], [ -46.170581095555598, -23.636550653611099, 0.0 ], [ -46.171212988611103, -23.636957174166696, 0.0 ], [ -46.171389901111098, -23.636325535, 0.0 ], [ -46.171607105833402, -23.635683295277797, 0.0 ], [ -46.171635565517391, -23.635364009265704, 0.0 ], [ -46.171636135993452, -23.635357609146688, 0.0 ], [ -46.171636733469512, -23.635350906116674, 0.0 ], [ -46.171637575683448, -23.635341457393629, 0.0 ], [ -46.171638173159401, -23.635334754363612, 0.0 ], [ -46.17163871663525, -23.635328657155565, 0.0 ], [ -46.171639287111084, -23.635322257036517, 0.0 ], [ -46.171639857586882, -23.635315856917469, 0.0 ], [ -46.171640455062665, -23.635309153887437, 0.0 ], [ -46.171640971538331, -23.63530335959036, 0.0 ], [ -46.171641759751779, -23.635294516689235, 0.0 ], [ -46.17164230322738, -23.63528841948116, 0.0 ], [ -46.171622557439626, -23.635279803507085, 0.0 ], [ -46.171600974040935, -23.635274057466585, 0.0 ], [ -46.171577103888012, -23.635268750773637, 0.0 ], [ -46.171569714154558, -23.635262053359, 0.0 ], [ -46.171562354469238, -23.635258732334176, 0.0 ], [ -46.17155499478428, -23.635255411308989, 0.0 ], [ -46.171547635099671, -23.635252090283434, 0.0 ], [ -46.171540275415431, -23.635248769257508, 0.0 ], [ -46.171532885684933, -23.635242071840988, 0.0 ], [ -46.171525526001602, -23.635238750814327, 0.0 ], [ -46.171518136272411, -23.635232053397036, 0.0 ], [ -46.17151077658999, -23.635228732369644, 0.0 ], [ -46.171503416907925, -23.635225411341867, 0.0 ], [ -46.171499691998442, -23.635218686242414, 0.0 ], [ -46.171488667499446, -23.635215392894928, 0.0 ], [ -46.171481307818652, -23.635212071866061, 0.0 ], [ -46.171473948138214, -23.635208750836817, 0.0 ], [ -46.17147022323072, -23.635202025736568, 0.0 ], [ -46.171459168689125, -23.635195355996554, 0.0 ], [ -46.171455443782769, -23.635188630895886, 0.0 ], [ -46.171444389243028, -23.635181961154736, 0.0 ], [ -46.171436999521106, -23.635175263733238, 0.0 ], [ -46.171429669887665, -23.635175319092156, 0.0 ], [ -46.171422310210509, -23.635171998060311, 0.0 ], [ -46.171418585306718, -23.635165272958638, 0.0 ], [ -46.171411225630401, -23.635161951926239, 0.0 ], [ -46.171403865954446, -23.635158630893478, 0.0 ], [ -46.171396446192887, -23.635148557079443, 0.0 ], [ -46.171389086518033, -23.635145236045926, 0.0 ], [ -46.171385361616721, -23.635138510943335, 0.0 ], [ -46.171378001942699, -23.635135189909256, 0.0 ], [ -46.171370642269032, -23.635131868874808, 0.0 ], [ -46.171366917369049, -23.63512514377171, 0.0 ], [ -46.171359557696213, -23.635121822736693, 0.0 ], [ -46.17135219802374, -23.635118501701317, 0.0 ], [ -46.171344808310018, -23.635111804275052, 0.0 ], [ -46.171337448638447, -23.635108483238934, 0.0 ], [ -46.171330119008459, -23.635108538592991, 0.0 ], [ -46.171322759337414, -23.635105217556159, 0.0 ], [ -46.171315399666732, -23.63510189651895, 0.0 ], [ -46.171308039996404, -23.635098575481383, 0.0 ], [ -46.171300710366886, -23.635098630834033, 0.0 ], [ -46.171293350697091, -23.635095309795741, 0.0 ], [ -46.171286021067708, -23.635095365147688, 0.0 ], [ -46.17127869143831, -23.635095420499287, 0.0 ], [ -46.171271361808884, -23.635095475850544, 0.0 ], [ -46.171264062218945, -23.635098907592084, 0.0 ], [ -46.171256732589292, -23.635098962942653, 0.0 ], [ -46.171249432998756, -23.635102394683521, 0.0 ], [ -46.171242133407816, -23.635105826424059, 0.0 ], [ -46.171234803777722, -23.635105881773608, 0.0 ], [ -46.171227474147599, -23.635105937122812, 0.0 ], [ -46.171220174555856, -23.635109368862341, 0.0 ], [ -46.171212874963715, -23.635112800601544, 0.0 ], [ -46.171205575371182, -23.635116232340419, 0.0 ], [ -46.171198245740413, -23.635116287688266, 0.0 ], [ -46.17119094614727, -23.63511971942647, 0.0 ], [ -46.171183616516267, -23.635119774773635, 0.0 ], [ -46.171176286885242, -23.635119830120448, 0.0 ], [ -46.171168957254196, -23.635119885466917, 0.0 ], [ -46.171161627623121, -23.635119940813038, 0.0 ], [ -46.171154297992025, -23.635119996158821, 0.0 ], [ -46.171146998397447, -23.635123427895007, 0.0 ], [ -46.171139698802477, -23.635126859630869, 0.0 ], [ -46.17113239920711, -23.635130291366394, 0.0 ], [ -46.171125099611359, -23.635133723101596, 0.0 ], [ -46.17111780001521, -23.635137154836471, 0.0 ], [ -46.171110500418671, -23.635140586571008, 0.0 ], [ -46.171099566040795, -23.635147422367599, 0.0 ], [ -46.171092266443182, -23.635150854101315, 0.0 ], [ -46.171084936810182, -23.635150909443883, 0.0 ], [ -46.17107760717716, -23.63515096478611, 0.0 ], [ -46.171070307578738, -23.635154396518821, 0.0 ], [ -46.171063007979917, -23.635157828251209, 0.0 ], [ -46.171055678346455, -23.635157883592409, 0.0 ], [ -46.171048378747038, -23.63516131532413, 0.0 ], [ -46.17103738429649, -23.63516139833477, 0.0 ], [ -46.171030054662751, -23.635161453674773, 0.0 ], [ -46.171022755062417, -23.63516488540531, 0.0 ], [ -46.17101542542845, -23.635164940744623, 0.0 ], [ -46.17100809579447, -23.635164996083592, 0.0 ], [ -46.171000766160468, -23.635165051422213, 0.0 ], [ -46.170993466559104, -23.635168483151418, 0.0 ], [ -46.170986166957341, -23.635171914880285, 0.0 ], [ -46.170978867355196, -23.635175346608822, 0.0 ], [ -46.170971567752659, -23.635178778337039, 0.0 ], [ -46.170967962999292, -23.635185558787445, 0.0 ], [ -46.170960693427745, -23.635192366906125, 0.0 ], [ -46.170948026607448, -23.635197580222616, 0.0 ], [ -46.170940229468904, -23.635203020572373, 0.0 ], [ -46.170931525040622, -23.635209470204735, 0.0 ], [ -46.170927094205112, -23.635213513388916, 0.0 ], [ -46.170920590647306, -23.635216305989246, 0.0 ], [ -46.170913291040897, -23.635219737714845, 0.0 ], [ -46.170905961403598, -23.63521979304911, 0.0 ], [ -46.170898661796585, -23.635223224774037, 0.0 ], [ -46.170891807153353, -23.635225175869266, 0.0 ], [ -46.170884032551434, -23.635226711831884, 0.0 ], [ -46.170876732943427, -23.635230143555816, 0.0 ], [ -46.170869403305446, -23.635230198888376, 0.0 ], [ -46.170862103696834, -23.635233630611644, 0.0 ], [ -46.170851169297741, -23.635240466391458, 0.0 ], [ -46.170843839659121, -23.635240521722832, 0.0 ], [ -46.170836570077988, -23.635247329836027, 0.0 ], [ -46.170829300496095, -23.635254137948895, 0.0 ], [ -46.170818366093542, -23.63526097372652, 0.0 ], [ -46.170814761330064, -23.635267754173693, 0.0 ], [ -46.170803826925599, -23.635274589950356, 0.0 ], [ -46.17080022216102, -23.635281370397223, 0.0 ], [ -46.170789287754658, -23.63528820617292, 0.0 ], [ -46.170781988140639, -23.6352916378926, 0.0 ], [ -46.17077468852623, -23.635295069611949, 0.0 ], [ -46.170771083759597, -23.635301850058198, 0.0 ], [ -46.170756484528646, -23.635308713495608, 0.0 ], [ -46.1707492149392, -23.635315521604969, 0.0 ], [ -46.170741885296138, -23.635315576931692, 0.0 ], [ -46.170727346114184, -23.635329193148809, 0.0 ], [ -46.170720016470298, -23.635329248474527, 0.0 ], [ -46.170712746877797, -23.635336056582286, 0.0 ], [ -46.170705447259017, -23.635339488298527, 0.0 ], [ -46.170698207690542, -23.635349672796846, 0.0 ], [ -46.17069460291853, -23.635356453241499, 0.0 ], [ -46.170690998146156, -23.635363233686075, 0.0 ], [ -46.170683728550294, -23.635370041792573, 0.0 ], [ -46.170676458953686, -23.635376849898758, 0.0 ], [ -46.170672854179841, -23.635383630342947, 0.0 ], [ -46.170669249405648, -23.635390410787064, 0.0 ], [ -46.170665644631093, -23.635397191231107, 0.0 ], [ -46.170662039856182, -23.635403971675075, 0.0 ], [ -46.170647560704595, -23.635424340667736, 0.0 ], [ -46.170640261079178, -23.635427772381131, 0.0 ], [ -46.170636656302165, -23.63543455282457, 0.0 ], [ -46.170629356675889, -23.635437984537475, 0.0 ], [ -46.170622057049222, -23.635441416250067, 0.0 ], [ -46.170614787445523, -23.635448224353578, 0.0 ], [ -46.170607487817882, -23.635451656065513, 0.0 ], [ -46.170603883038552, -23.635458436508259, 0.0 ], [ -46.170596613432963, -23.63546524461098, 0.0 ], [ -46.170589313803895, -23.635468676322102, 0.0 ], [ -46.170582074219539, -23.635478860815475, 0.0 ], [ -46.170574804611697, -23.635485668917248, 0.0 ], [ -46.170567504980902, -23.635489100627396, 0.0 ], [ -46.170560205349709, -23.635492532337221, 0.0 ], [ -46.170552905718132, -23.635495964046719, 0.0 ], [ -46.170545636107818, -23.635502772147198, 0.0 ], [ -46.170538336475261, -23.635506203856036, 0.0 ], [ -46.17053103684232, -23.635509635564546, 0.0 ], [ -46.170523767230108, -23.635516443664073, 0.0 ], [ -46.170516497617136, -23.635523251763278, 0.0 ], [ -46.170509197982653, -23.635526683470818, 0.0 ], [ -46.170498263540438, -23.635533519227188, 0.0 ], [ -46.170490963904882, -23.635536950933901, 0.0 ], [ -46.170487359117281, -23.635543731374192, 0.0 ], [ -46.170480059480866, -23.635547163080428, 0.0 ], [ -46.170472759844053, -23.635550594786331, 0.0 ], [ -46.170465460206849, -23.635554026491896, 0.0 ], [ -46.170454525760015, -23.635560862245345, 0.0 ], [ -46.170447226121738, -23.635564293950097, 0.0 ], [ -46.170439956502115, -23.635571102045933, 0.0 ], [ -46.170432656862872, -23.635574533750034, 0.0 ], [ -46.17042905207127, -23.635581314189089, 0.0 ], [ -46.170421752431167, -23.635584745892704, 0.0 ], [ -46.170414452790673, -23.635588177595988, 0.0 ], [ -46.170407153149782, -23.635591609298942, 0.0 ], [ -46.170399853508492, -23.635595041001562, 0.0 ], [ -46.170396248714653, -23.635601821439938, 0.0 ], [ -46.17038894907251, -23.635605253142078, 0.0 ], [ -46.17038534427784, -23.635612033580227, 0.0 ], [ -46.170378044634838, -23.635615465281884, 0.0 ], [ -46.170370805026131, -23.635625649766162, 0.0 ], [ -46.170363535399147, -23.635632457858659, 0.0 ], [ -46.170359930602459, -23.635639238296278, 0.0 ], [ -46.170352630957261, -23.635642669996809, 0.0 ], [ -46.170345391345137, -23.635652854480011, 0.0 ], [ -46.170338091698788, -23.635656286179898, 0.0 ], [ -46.170333542551816, -23.635659908163461, 0.0 ], [ -46.17032715723667, -23.635663121924875, 0.0 ], [ -46.170319857589242, -23.635666553623935, 0.0 ], [ -46.170312557941429, -23.635669985322671, 0.0 ], [ -46.170308953141124, -23.635676765759204, 0.0 ], [ -46.170301653492444, -23.635680197457457, 0.0 ], [ -46.170294323827903, -23.63568025276383, 0.0 ], [ -46.17028702417862, -23.635683684461419, 0.0 ], [ -46.170283419376631, -23.635690464897422, 0.0 ], [ -46.170265081892659, -23.635714872703343, 0.0 ], [ -46.170234572749493, -23.635735784688109, 0.0 ], [ -46.170196003627211, -23.63575190359068, 0.0 ], [ -46.170188703971263, -23.635755335283864, 0.0 ], [ -46.170181404314917, -23.635758766976718, 0.0 ], [ -46.170174104658187, -23.635762198669241, 0.0 ], [ -46.17016680500106, -23.635765630361433, 0.0 ], [ -46.170162488649211, -23.635769672661088, 0.0 ], [ -46.170155870520666, -23.635772466094934, 0.0 ], [ -46.170144936039108, -23.635779301827707, 0.0 ], [ -46.170137636380232, -23.635782733518592, 0.0 ], [ -46.170126701896841, -23.63578956925015, 0.0 ], [ -46.170123097083781, -23.635796349682767, 0.0 ], [ -46.170115797423357, -23.635799781372672, 0.0 ], [ -46.170108497762541, -23.63580321306225, 0.0 ], [ -46.170094069346632, -23.635803532953403, 0.0 ], [ -46.170080553388317, -23.635803423882216, 0.0 ], [ -46.170070758534557, -23.635809617896452, 0.0 ], [ -46.170063458871937, -23.635813049583973, 0.0 ], [ -46.170059887815825, -23.635823628456009, 0.0 ], [ -46.170050100461921, -23.63583066656696, 0.0 ], [ -46.170042800797575, -23.635834098253568, 0.0 ], [ -46.170031866304811, -23.635840933978745, 0.0 ], [ -46.170024566639384, -23.635844365664536, 0.0 ], [ -46.170017266973581, -23.635847797349982, 0.0 ], [ -46.170013662153302, -23.635854577780304, 0.0 ], [ -46.170006362486632, -23.635858009465277, 0.0 ], [ -46.169999032811418, -23.635858064758089, 0.0 ], [ -46.169991733144137, -23.635861496442391, 0.0 ], [ -46.169980768638645, -23.635864955772298, 0.0 ], [ -46.169973468970483, -23.635868387455773, 0.0 ], [ -46.169966169301929, -23.63587181913892, 0.0 ], [ -46.169955112649639, -23.635890684982819, 0.0 ], [ -46.169943757551103, -23.635901744647619, 0.0 ], [ -46.169935624188291, -23.635914468318344, 0.0 ], [ -46.169932019362051, -23.635921248746953, 0.0 ], [ -46.169922068580185, -23.63593567443538, 0.0 ], [ -46.169914768906523, -23.635939106116279, 0.0 ], [ -46.16990746923247, -23.635942537796844, 0.0 ], [ -46.169900199563763, -23.635949345868976, 0.0 ], [ -46.169892929894317, -23.635956153940807, 0.0 ], [ -46.16988199538342, -23.635962989656022, 0.0 ], [ -46.169878390553151, -23.635969770083499, 0.0 ], [ -46.169878450563587, -23.635976522867349, 0.0 ], [ -46.169874845732792, -23.635983303294758, 0.0 ], [ -46.169867576060177, -23.635990111365491, 0.0 ], [ -46.169867636070123, -23.635996864149348, 0.0 ], [ -46.16986769608009, -23.636003616933195, 0.0 ], [ -46.169864091248051, -23.636010397360376, 0.0 ], [ -46.169856791568698, -23.636013829038735, 0.0 ], [ -46.169822767466528, -23.636051650549891, 0.0 ], [ -46.169791826320726, -23.636075520250806, 0.0 ], [ -46.169780028088582, -23.636088271555742, 0.0 ], [ -46.169776423249814, -23.63609505198108, 0.0 ], [ -46.169776483255383, -23.636101804765062, 0.0 ], [ -46.169769243573825, -23.63611198922354, 0.0 ], [ -46.169765638733899, -23.636118769648665, 0.0 ], [ -46.169762033893612, -23.636125550073711, 0.0 ], [ -46.169753040542737, -23.636144611380988, 0.0 ], [ -46.169747588277026, -23.636149717430133, 0.0 ], [ -46.169742143511392, -23.636155667577111, 0.0 ], [ -46.169734900074104, -23.636165429985134, 0.0 ], [ -46.169729455307262, -23.636171380131689, 0.0 ], [ -46.169727221031131, -23.636177728141895, 0.0 ], [ -46.169724081793632, -23.636185349209121, 0.0 ], [ -46.169719780415171, -23.636191079693308, 0.0 ], [ -46.169716175570663, -23.636197860117388, 0.0 ], [ -46.1697125707258, -23.636204640541408, 0.0 ], [ -46.169708965880581, -23.636211420965349, 0.0 ], [ -46.169701666185937, -23.636214852636918, 0.0 ], [ -46.169698061339886, -23.636221633060632, 0.0 ], [ -46.169690761644382, -23.636225064731715, 0.0 ], [ -46.169683431947902, -23.636225120010419, 0.0 ], [ -46.169676102251401, -23.636225175288775, 0.0 ], [ -46.169668772554878, -23.63622523056679, 0.0 ], [ -46.169661442858327, -23.636225285844461, 0.0 ], [ -46.169654083161937, -23.636221964729693, 0.0 ], [ -46.169646753465535, -23.63622202000666, 0.0 ], [ -46.169643028618253, -23.636215294860811, 0.0 ], [ -46.169635698922193, -23.636215350137242, 0.0 ], [ -46.16962836922611, -23.636215405413321, 0.0 ], [ -46.169621009531042, -23.636212084296929, 0.0 ], [ -46.169613649836336, -23.636208763180171, 0.0 ], [ -46.169606290141985, -23.636205442063044, 0.0 ], [ -46.169598930447997, -23.636202120945558, 0.0 ], [ -46.169591600752554, -23.636202176219875, 0.0 ], [ -46.169584241059084, -23.636198855101661, 0.0 ], [ -46.169580516215639, -23.63619212995415, 0.0 ], [ -46.169573186520701, -23.636192185227575, 0.0 ], [ -46.169565826828233, -23.636188864108437, 0.0 ], [ -46.169558497133444, -23.636188919381162, 0.0 ], [ -46.169551167438627, -23.636188974653543, 0.0 ], [ -46.169543837743795, -23.636189029925571, 0.0 ], [ -46.169536508048928, -23.636189085197259, 0.0 ], [ -46.169529178354047, -23.636189140468591, 0.0 ], [ -46.169521848659144, -23.636189195739586, 0.0 ], [ -46.16951451896422, -23.636189251010226, 0.0 ], [ -46.169507189269275, -23.636189306280528, 0.0 ], [ -46.169499859574302, -23.636189361550482, 0.0 ], [ -46.169492499883681, -23.636186040427791, 0.0 ], [ -46.169485140193416, -23.636182719304735, 0.0 ], [ -46.169477810498755, -23.636182774573633, 0.0 ], [ -46.169470480804073, -23.636182829842184, 0.0 ], [ -46.169466755966802, -23.636176104691675, 0.0 ], [ -46.169459426272461, -23.636176159959682, 0.0 ], [ -46.169452096578105, -23.636176215227351, 0.0 ], [ -46.169444736889325, -23.636172894102309, 0.0 ], [ -46.169437377200914, -23.636169572976904, 0.0 ], [ -46.169430047506857, -23.636169628243515, 0.0 ], [ -46.169422717812779, -23.636169683509777, 0.0 ], [ -46.169415388118679, -23.636169738775703, 0.0 ], [ -46.169408058424558, -23.636169794041272, 0.0 ], [ -46.169400698737171, -23.636166472914077, 0.0 ], [ -46.169393369043192, -23.636166528178947, 0.0 ], [ -46.169386009356323, -23.636163207051037, 0.0 ], [ -46.169378679662486, -23.636163262315211, 0.0 ], [ -46.169371349968628, -23.636163317579033, 0.0 ], [ -46.169364020274749, -23.63616337284251, 0.0 ], [ -46.169356690580841, -23.636163428105643, 0.0 ], [ -46.169349360886919, -23.636163483368428, 0.0 ], [ -46.169342031192976, -23.636163538630864, 0.0 ], [ -46.169338306362718, -23.636156813476958, 0.0 ], [ -46.169330976669116, -23.636156868738865, 0.0 ], [ -46.169330916686242, -23.63615011595385, 0.0 ], [ -46.169327191856951, -23.636143390799631, 0.0 ], [ -46.169319862164066, -23.636143446060981, 0.0 ], [ -46.169316137335535, -23.636136720906457, 0.0 ], [ -46.169308807642992, -23.636136776167277, 0.0 ], [ -46.169308747661312, -23.63613002338219, 0.0 ], [ -46.169301417969123, -23.63613007864263, 0.0 ], [ -46.169301357987834, -23.636123325857529, 0.0 ], [ -46.169294028296001, -23.636123381117606, 0.0 ], [ -46.169286698604139, -23.636123436377339, 0.0 ], [ -46.169282973777875, -23.636116711221923, 0.0 ], [ -46.169275644086362, -23.63611676648112, 0.0 ], [ -46.169268284405042, -23.636113445347373, 0.0 ], [ -46.169260924724092, -23.636110124213264, 0.0 ], [ -46.169253565043491, -23.636106803078782, 0.0 ], [ -46.169246175374063, -23.636100105551314, 0.0 ], [ -46.169238815694378, -23.6360967844161, 0.0 ], [ -46.169231486003852, -23.636096839673165, 0.0 ], [ -46.169227761181169, -23.636090114516257, 0.0 ], [ -46.169224036358877, -23.636083389359236, 0.0 ], [ -46.169216676680655, -23.636080068222899, 0.0 ], [ -46.169212951859222, -23.636073343065569, 0.0 ], [ -46.169209227038188, -23.636066617908131, 0.0 ], [ -46.169201897349268, -23.636066673163736, 0.0 ], [ -46.169198172528986, -23.636059948005997, 0.0 ], [ -46.169194447709096, -23.63605322284814, 0.0 ], [ -46.169187088033283, -23.63604990171029, 0.0 ], [ -46.16918702805809, -23.636043148924834, 0.0 ], [ -46.169179668383023, -23.6360398277866, 0.0 ], [ -46.16917233869551, -23.636039883040752, 0.0 ], [ -46.169168613877531, -23.636033157882189, 0.0 ], [ -46.169161254203452, -23.636029836743035, 0.0 ], [ -46.169153894529735, -23.636026515603511, 0.0 ], [ -46.169153834556312, -23.636019762817966, 0.0 ], [ -46.16914650486985, -23.636019818070842, 0.0 ], [ -46.169139145197043, -23.636016496930583, 0.0 ], [ -46.169135420381444, -23.636009771771114, 0.0 ], [ -46.169128060709461, -23.63600645063029, 0.0 ], [ -46.169124335894722, -23.635999725470512, 0.0 ], [ -46.169120611080366, -23.635993000310624, 0.0 ], [ -46.169113281395312, -23.635993055561876, 0.0 ], [ -46.1691059217248, -23.63598973441993, 0.0 ], [ -46.169098562054643, -23.635986413277628, 0.0 ], [ -46.169091232369894, -23.635986468527825, 0.0 ], [ -46.169083872700263, -23.635983147384799, 0.0 ], [ -46.169076543015663, -23.6359832026343, 0.0 ], [ -46.169069183346551, -23.635979881490549, 0.0 ], [ -46.1690618536621, -23.635979936739346, 0.0 ], [ -46.169054523977607, -23.635979991987796, 0.0 ], [ -46.169047164309198, -23.635976670842975, 0.0 ], [ -46.169039834624854, -23.635976726090725, 0.0 ], [ -46.169032504940496, -23.635976781338126, 0.0 ], [ -46.16902517525611, -23.635976836585183, 0.0 ], [ -46.169017845571702, -23.635976891831895, 0.0 ], [ -46.169010515887273, -23.635976947078252, 0.0 ], [ -46.169003186202822, -23.635977002324275, 0.0 ], [ -46.16899585651835, -23.635977057569942, 0.0 ], [ -46.168988526833857, -23.635977112815272, 0.0 ], [ -46.168981197149336, -23.635977168060244, 0.0 ], [ -46.1689738674648, -23.635977223304874, 0.0 ], [ -46.168966537780236, -23.635977278549163, 0.0 ], [ -46.16895920809565, -23.635977333793104, 0.0 ], [ -46.168951878411043, -23.635977389036704, 0.0 ], [ -46.168944518745135, -23.635974067886892, 0.0 ], [ -46.168937189060671, -23.635974123129785, 0.0 ], [ -46.168929859376185, -23.635974178372333, 0.0 ], [ -46.168922499710973, -23.635970857221452, 0.0 ], [ -46.168918774907596, -23.635964132056245, 0.0 ], [ -46.168911445223621, -23.635964187297905, 0.0 ], [ -46.168904085559397, -23.635960866146107, 0.0 ], [ -46.168904025598977, -23.635954113359887, 0.0 ], [ -46.168896665935499, -23.635950792207705, 0.0 ], [ -46.168889276292575, -23.635944094662026, 0.0 ], [ -46.168881886650389, -23.635937397115956, 0.0 ], [ -46.168874497008964, -23.635930699569499, 0.0 ], [ -46.168874437050142, -23.635923946783187, 0.0 ], [ -46.168867107368285, -23.635924002022659, 0.0 ], [ -46.168863382569121, -23.635917276855928, 0.0 ], [ -46.168859657770341, -23.635910551689079, 0.0 ], [ -46.168852328089187, -23.635910606927816, 0.0 ], [ -46.168848603291174, -23.635903881760665, 0.0 ], [ -46.168844878493537, -23.635897156593412, 0.0 ], [ -46.168841153696306, -23.635890431426034, 0.0 ], [ -46.168837428899465, -23.635883706258554, 0.0 ], [ -46.168833704103015, -23.635876981090959, 0.0 ], [ -46.168826344445563, -23.635873659935164, 0.0 ], [ -46.168819014766378, -23.635873715172256, 0.0 ], [ -46.168815289971157, -23.635866990004164, 0.0 ], [ -46.168807930314699, -23.635863668847442, 0.0 ], [ -46.168800570658597, -23.635860347690365, 0.0 ], [ -46.168793211002857, -23.635857026532925, 0.0 ], [ -46.168789486209441, -23.635850301364126, 0.0 ], [ -46.168785761416409, -23.635843576195221, 0.0 ], [ -46.168778431738794, -23.63584363143033, 0.0 ], [ -46.168774706946522, -23.635836906261119, 0.0 ], [ -46.168770982154641, -23.635830181091798, 0.0 ], [ -46.168763652477736, -23.635830236326175, 0.0 ], [ -46.168756292824561, -23.635826915166867, 0.0 ], [ -46.168748933171756, -23.635823594007189, 0.0 ], [ -46.168745208381573, -23.635816868837178, 0.0 ], [ -46.168737878705336, -23.635816924070312, 0.0 ], [ -46.168730549029078, -23.63581697930309, 0.0 ], [ -46.168723189377424, -23.635813658142137, 0.0 ], [ -46.168715829726139, -23.635810336980825, 0.0 ], [ -46.168708470075202, -23.63580701581914, 0.0 ], [ -46.168701140399421, -23.635807071050515, 0.0 ], [ -46.168693780749017, -23.635803749888108, 0.0 ], [ -46.168686451073377, -23.635803805118783, 0.0 ], [ -46.168679091423492, -23.635800483955659, 0.0 ], [ -46.168671731773962, -23.635797162792166, 0.0 ], [ -46.168664372124802, -23.635793841628313, 0.0 ], [ -46.168657042449631, -23.635793896857578, 0.0 ], [ -46.168649682800996, -23.635790575693001, 0.0 ], [ -46.168642353125975, -23.635790630921566, 0.0 ], [ -46.168634993477852, -23.635787309756267, 0.0 ], [ -46.168627633830098, -23.635783988590603, 0.0 ], [ -46.16862030415539, -23.635784043818109, 0.0 ], [ -46.168612974480652, -23.635784099045264, 0.0 ], [ -46.168605614833581, -23.635780777878526, 0.0 ], [ -46.168598285158993, -23.635780833104977, 0.0 ], [ -46.168590925512454, -23.635777511937526, 0.0 ], [ -46.168583595838001, -23.635777567163277, 0.0 ], [ -46.168576236191981, -23.635774245995108, 0.0 ], [ -46.168572511411945, -23.63576752082049, 0.0 ], [ -46.168565151766764, -23.635764199651746, 0.0 ], [ -46.168565091824277, -23.635757446864545, 0.0 ], [ -46.168565031881819, -23.635750694077331, 0.0 ], [ -46.168561307103069, -23.635743968902386, 0.0 ], [ -46.168557582324702, -23.635737243727327, 0.0 ], [ -46.168553857546733, -23.635730518552172, 0.0 ], [ -46.168553797604929, -23.635723765764904, 0.0 ], [ -46.168550072827557, -23.635717040589608, 0.0 ], [ -46.168550012885994, -23.635710287802326, 0.0 ], [ -46.168546288109226, -23.635703562626912, 0.0 ], [ -46.168546228167884, -23.635696809839605, 0.0 ], [ -46.168538898497815, -23.635696865063068, 0.0 ], [ -46.16853883855687, -23.635690112275739, 0.0 ], [ -46.168538778615954, -23.635683359488404, 0.0 ], [ -46.168538718675059, -23.635676606701068, 0.0 ], [ -46.168538658734185, -23.635669853913718, 0.0 ], [ -46.168534933959229, -23.635663128737924, 0.0 ], [ -46.168531209184664, -23.63565640356202, 0.0 ], [ -46.168523879516798, -23.635656458784688, 0.0 ], [ -46.168516519879077, -23.635653137613303, 0.0 ], [ -46.168509190211353, -23.63565319283526, 0.0 ], [ -46.168501860543607, -23.635653248056883, 0.0 ], [ -46.16849453087584, -23.635653303278154, 0.0 ], [ -46.168487231177146, -23.635656734892816, 0.0 ], [ -46.168479901509151, -23.635656790113408, 0.0 ], [ -46.168472571841136, -23.635656845333649, 0.0 ], [ -46.168465242173092, -23.635656900553546, 0.0 ], [ -46.168457912505026, -23.635656955773097, 0.0 ], [ -46.16845058283694, -23.635657010992293, 0.0 ], [ -46.168443253168839, -23.635657066211152, 0.0 ], [ -46.168435923500702, -23.635657121429663, 0.0 ], [ -46.168428593832552, -23.635657176647829, 0.0 ], [ -46.168421264164373, -23.635657231865647, 0.0 ], [ -46.168413934496172, -23.63565728708312, 0.0 ], [ -46.168406604827958, -23.635657342300245, 0.0 ], [ -46.168399275159715, -23.635657397517022, 0.0 ], [ -46.16839194549145, -23.635657452733454, 0.0 ], [ -46.168384615823165, -23.635657507949546, 0.0 ], [ -46.16837728615485, -23.635657563165289, 0.0 ], [ -46.168369956486522, -23.635657618380677, 0.0 ], [ -46.168362596852269, -23.635654297201835, 0.0 ], [ -46.168355267184083, -23.63565435241653, 0.0 ], [ -46.168347937515875, -23.635654407630877, 0.0 ], [ -46.168340577882311, -23.635651086450956, 0.0 ], [ -46.168333248214246, -23.635651141664599, 0.0 ], [ -46.168325918546159, -23.635651196877898, 0.0 ], [ -46.168318588878044, -23.635651252090852, 0.0 ], [ -46.168311259209915, -23.635651307303458, 0.0 ], [ -46.168303929541757, -23.635651362515723, 0.0 ], [ -46.168296599873578, -23.63565141772764, 0.0 ], [ -46.168289270205378, -23.635651472939205, 0.0 ], [ -46.168281940537156, -23.635651528150422, 0.0 ], [ -46.168274610868906, -23.635651583361305, 0.0 ], [ -46.168267281200642, -23.635651638571833, 0.0 ], [ -46.168259951532356, -23.63565169378202, 0.0 ], [ -46.168252621864042, -23.635651748991858, 0.0 ], [ -46.168245292195706, -23.635651804201345, 0.0 ], [ -46.16823796252735, -23.635651859410494, 0.0 ], [ -46.168230632858972, -23.635651914619288, 0.0 ], [ -46.16822690809996, -23.635645189435436, 0.0 ], [ -46.168219578431923, -23.635645244643708, 0.0 ], [ -46.168212248763865, -23.635645299851621, 0.0 ], [ -46.168208524005976, -23.635638574667283, 0.0 ], [ -46.168204799248478, -23.635631849482831, 0.0 ], [ -46.168197409657878, -23.635625151901809, 0.0 ], [ -46.168197349734655, -23.635618399113596, 0.0 ], [ -46.168197289811452, -23.635611646325376, 0.0 ], [ -46.168197229888278, -23.635604893537145, 0.0 ], [ -46.168197169965126, -23.635598140748915, 0.0 ], [ -46.168197110041987, -23.635591387960673, 0.0 ], [ -46.16820071495124, -23.635584607568944, 0.0 ], [ -46.168204319860138, -23.635577827177134, 0.0 ], [ -46.168211649524459, -23.635577771969739, 0.0 ], [ -46.168211589600645, -23.635571019181516, 0.0 ], [ -46.168211529676846, -23.635564266393295, 0.0 ], [ -46.168218859340399, -23.635564211185585, 0.0 ], [ -46.168222464247826, -23.635557430793405, 0.0 ], [ -46.168226069154898, -23.635550650401132, 0.0 ], [ -46.168233398817655, -23.635550595192775, 0.0 ], [ -46.168240728480377, -23.635550539984063, 0.0 ], [ -46.16824066855515, -23.6355437871959, 0.0 ], [ -46.168240608629944, -23.635537034407722, 0.0 ], [ -46.168247908329114, -23.635533602804614, 0.0 ], [ -46.168251513234246, -23.635526822411816, 0.0 ], [ -46.168255118139022, -23.635520042018946, 0.0 ], [ -46.168262447800004, -23.635519986809278, 0.0 ], [ -46.168262387873739, -23.635513234021129, 0.0 ], [ -46.168269687571012, -23.635509802417065, 0.0 ], [ -46.168269627644406, -23.635503049628927, 0.0 ], [ -46.168273232547634, -23.63549626923567, 0.0 ], [ -46.168280532243678, -23.635492837631148, 0.0 ], [ -46.168284137146081, -23.635486057237664, 0.0 ], [ -46.16829146680508, -23.635486002026695, 0.0 ], [ -46.168291406877437, -23.635479249238589, 0.0 ], [ -46.168298736536045, -23.635479194027294, 0.0 ], [ -46.168298676608039, -23.635472441239195, 0.0 ], [ -46.168305976302065, -23.635469009633535, 0.0 ], [ -46.168313275995708, -23.635465578027546, 0.0 ], [ -46.168313216066991, -23.635458825239468, 0.0 ], [ -46.168320515759866, -23.635455393633162, 0.0 ], [ -46.168327815452358, -23.635451962026536, 0.0 ], [ -46.168327755522938, -23.635445209238487, 0.0 ], [ -46.168335055214669, -23.635441777631534, 0.0 ], [ -46.168338660112923, -23.635434997236899, 0.0 ], [ -46.168342265010828, -23.6354282168422, 0.0 ], [ -46.168349564701217, -23.635424785234608, 0.0 ], [ -46.168356864391228, -23.635421353626697, 0.0 ], [ -46.168360469287819, -23.635414573231607, 0.0 ], [ -46.168367768976964, -23.635411141623198, 0.0 ], [ -46.168367709045619, -23.635404388835212, 0.0 ], [ -46.168375008734003, -23.635400957226491, 0.0 ], [ -46.16837494880231, -23.635394204438512, 0.0 ], [ -46.168382248489934, -23.635390772829478, 0.0 ], [ -46.168385853384443, -23.635383992433855, 0.0 ], [ -46.168389458278583, -23.635377212038168, 0.0 ], [ -46.168396757964878, -23.635373780428495, 0.0 ], [ -46.168400362858186, -23.635367000032577, 0.0 ], [ -46.168407662543622, -23.635363568422417, 0.0 ], [ -46.168414992195487, -23.635363513205881, 0.0 ], [ -46.168422291880319, -23.635360081595067, 0.0 ], [ -46.168425896771943, -23.635353301198613, 0.0 ], [ -46.168433196455915, -23.635349869587305, 0.0 ], [ -46.168440496139489, -23.635346437975656, 0.0 ], [ -46.16844410102982, -23.635339657578811, 0.0 ], [ -46.168447705919789, -23.635332877181902, 0.0 ], [ -46.168455005602034, -23.635329445569624, 0.0 ], [ -46.168454945666447, -23.635322692781774, 0.0 ], [ -46.168462245347925, -23.635319261169183, 0.0 ], [ -46.168462185411997, -23.63531250838134, 0.0 ], [ -46.168465790300338, -23.635305727984047, 0.0 ], [ -46.168469395188318, -23.635298947586683, 0.0 ], [ -46.168473000075942, -23.635292167189238, 0.0 ], [ -46.168476604963203, -23.635285386791715, 0.0 ], [ -46.168476545026635, -23.635278634003882, 0.0 ], [ -46.168483844705122, -23.635275202390368, 0.0 ], [ -46.168483784768199, -23.635268449602542, 0.0 ], [ -46.168491054477293, -23.63526164159482, 0.0 ], [ -46.168490994540051, -23.635254888806994, 0.0 ], [ -46.168498294216839, -23.635251457192865, 0.0 ], [ -46.168498234279248, -23.635244704405046, 0.0 ], [ -46.168501839164001, -23.635237924007004, 0.0 ], [ -46.168505444048392, -23.635231143608884, 0.0 ], [ -46.168512773692626, -23.635231088388021, 0.0 ], [ -46.168512713754346, -23.635224335600231, 0.0 ], [ -46.168512653816094, -23.63521758281243, 0.0 ], [ -46.168516258699412, -23.635210802414086, 0.0 ], [ -46.168519863582368, -23.635204022015671, 0.0 ], [ -46.168523468464961, -23.635197241617174, 0.0 ], [ -46.168530768137707, -23.635193810001653, 0.0 ], [ -46.168530708198617, -23.635187057213866, 0.0 ], [ -46.168530648259548, -23.635180304426076, 0.0 ], [ -46.168534253140983, -23.635173524027362, 0.0 ], [ -46.168537858022063, -23.635166743628577, 0.0 ], [ -46.16854146290278, -23.635159963229711, 0.0 ], [ -46.168545067783135, -23.635153182830777, 0.0 ], [ -46.168548672663135, -23.635146402431758, 0.0 ], [ -46.168555972332413, -23.635142970815156, 0.0 ], [ -46.168555912392172, -23.635136218027391, 0.0 ], [ -46.168555852451959, -23.635129465239618, 0.0 ], [ -46.168559457330794, -23.635122684840375, 0.0 ], [ -46.168559397390432, -23.635115932052599, 0.0 ], [ -46.168563002268748, -23.635109151653293, 0.0 ], [ -46.168562942328244, -23.635102398865509, 0.0 ], [ -46.168562882387768, -23.635095646077726, 0.0 ], [ -46.168570182053884, -23.635092214460556, 0.0 ], [ -46.168573786931034, -23.635085434061022, 0.0 ], [ -46.168577391807837, -23.635078653661424, 0.0 ], [ -46.168584691472624, -23.635075222043625, 0.0 ], [ -46.168592021107969, -23.635075166819362, 0.0 ], [ -46.168599320772159, -23.635071735200892, 0.0 ], [ -46.168602925647264, -23.635064954800743, 0.0 ], [ -46.168610225310594, -23.63506152318179, 0.0 ], [ -46.168617554945108, -23.635061467956351, 0.0 ], [ -46.168617495001946, -23.635054715168657, 0.0 ], [ -46.168621099875672, -23.635047934768131, 0.0 ], [ -46.168628429509404, -23.63504787954221, 0.0 ], [ -46.168628369565717, -23.63504112675453, 0.0 ], [ -46.16863197443854, -23.635034346353777, 0.0 ], [ -46.168635579310994, -23.635027565952942, 0.0 ], [ -46.168635519367001, -23.635020813165269, 0.0 ], [ -46.168635429451051, -23.635010683983744, 0.0 ], [ -46.168639034322737, -23.635003903582849, 0.0 ], [ -46.168638974378631, -23.634997150795162, 0.0 ], [ -46.168638914434553, -23.634990398007464, 0.0 ], [ -46.168642519305543, -23.634983617606505, 0.0 ], [ -46.168646124176192, -23.63497683720546, 0.0 ], [ -46.168646064231794, -23.634970084417766, 0.0 ], [ -46.168646004287424, -23.634963331630061, 0.0 ], [ -46.168645944343076, -23.634956578842353, 0.0 ], [ -46.168649549212866, -23.634949798441248, 0.0 ], [ -46.168653154082286, -23.634943018040062, 0.0 ], [ -46.168653094137625, -23.634936265252353, 0.0 ], [ -46.168653034192992, -23.634929512464634, 0.0 ], [ -46.168652974248388, -23.634922759676918, 0.0 ], [ -46.168652914303799, -23.634916006889195, 0.0 ], [ -46.168649189546258, -23.634909281714894, 0.0 ], [ -46.168649129601903, -23.634902528927146, 0.0 ], [ -46.168652734470164, -23.634895748525981, 0.0 ], [ -46.168660004150468, -23.634888940511175, 0.0 ], [ -46.168667273830017, -23.634882132496042, 0.0 ], [ -46.168674543508814, -23.634875324480589, 0.0 ], [ -46.168674483563258, -23.634868571692881, 0.0 ], [ -46.168678088429338, -23.634861791291186, 0.0 ], [ -46.168681693295063, -23.634855010889407, 0.0 ], [ -46.168681633349195, -23.634848258101695, 0.0 ], [ -46.168681573403347, -23.634841505313975, 0.0 ], [ -46.168681513457521, -23.634834752526249, 0.0 ], [ -46.168681453511724, -23.634827999738512, 0.0 ], [ -46.168688753159977, -23.634824568116361, 0.0 ], [ -46.168688693213824, -23.634817815328638, 0.0 ], [ -46.168688633267706, -23.634811062540905, 0.0 ], [ -46.168692238131605, -23.634804282138923, 0.0 ], [ -46.168692178185339, -23.634797529351204, 0.0 ], [ -46.168692118239093, -23.63479077656346, 0.0 ], [ -46.168692058292876, -23.634784023775712, 0.0 ], [ -46.168691998346681, -23.634777270987964, 0.0 ], [ -46.168691938400499, -23.634770518200202, 0.0 ], [ -46.168688213645481, -23.634763793026629, 0.0 ], [ -46.168688153699534, -23.634757040238849, 0.0 ], [ -46.168688093753609, -23.634750287451066, 0.0 ], [ -46.168684368999401, -23.634743562277357, 0.0 ], [ -46.16868430905371, -23.634736809489553, 0.0 ], [ -46.16868424910804, -23.634730056701738, 0.0 ], [ -46.168684189162398, -23.634723303913919, 0.0 ], [ -46.168676859546885, -23.634723359141759, 0.0 ], [ -46.168676799601634, -23.634716606353919, 0.0 ], [ -46.168669469986476, -23.6347166615814, 0.0 ], [ -46.16866941004163, -23.634709908793539, 0.0 ], [ -46.168662080426813, -23.634709964020658, 0.0 ], [ -46.168689193187127, -23.634693509747368, 0.0 ], [ -46.168715751797031, -23.634692043395201, 0.0 ], [ -46.168752339916146, -23.634685014455982, 0.0 ], [ -46.168786119475477, -23.634671253432966, 0.0 ], [ -46.168812028881256, -23.634648266006167, 0.0 ], [ -46.168838400125651, -23.634625697172357, 0.0 ], [ -46.168846972888431, -23.634610859857748, 0.0 ], [ -46.168850476566945, -23.634592684123497, 0.0 ], [ -46.168857716243515, -23.634582499706458, 0.0 ], [ -46.168853991485975, -23.634575774536831, 0.0 ], [ -46.168853931532063, -23.634569021749297, 0.0 ], [ -46.168853871578172, -23.634562268961744, 0.0 ], [ -46.168854254736196, -23.634553824525078, 0.0 ], [ -46.168846332134947, -23.634538689440728, 0.0 ], [ -46.168846272181533, -23.634531936653133, 0.0 ], [ -46.168838942577096, -23.634531991888213, 0.0 ], [ -46.168838882624087, -23.634525239100597, 0.0 ], [ -46.168838822671091, -23.634518486312981, 0.0 ], [ -46.168821835492409, -23.63451439355039, 0.0 ], [ -46.168794394442095, -23.634519665266495, 0.0 ], [ -46.168767832121546, -23.634520709581523, 0.0 ], [ -46.168753064256684, -23.634508580615933, 0.0 ], [ -46.168739696922231, -23.634499395637857, 0.0 ], [ -46.168733689165791, -23.63449353182283, 0.0 ], [ -46.168718538140368, -23.634489847290457, 0.0 ], [ -46.168711178564756, -23.634486526125436, 0.0 ], [ -46.168707863211353, -23.63447431085978, 0.0 ], [ -46.168706808385885, -23.634458701941131, 0.0 ], [ -46.168696155940466, -23.634445697804942, 0.0 ], [ -46.168688796367896, -23.634442376638717, 0.0 ], [ -46.168677268937508, -23.634434021946351, 0.0 ], [ -46.168669939338074, -23.634434077173232, 0.0 ], [ -46.168662579766774, -23.634430756005703, 0.0 ], [ -46.168655723253273, -23.634432495977293, 0.0 ], [ -46.168637898565116, -23.634437273131603, 0.0 ], [ -46.168617373977959, -23.634447557633457, 0.0 ], [ -46.168598708011714, -23.63446078267172, 0.0 ], [ -46.168583688111454, -23.634471869850227, 0.0 ], [ -46.168557278051154, -23.634464260393106, 0.0 ], [ -46.168549918480721, -23.634460939220197, 0.0 ], [ -46.168542558910652, -23.63445761804693, 0.0 ], [ -46.168538834172686, -23.634450892868848, 0.0 ], [ -46.168531474603441, -23.634447571695013, 0.0 ], [ -46.168527749866342, -23.634440846516629, 0.0 ], [ -46.168520360329715, -23.634434148947999, 0.0 ], [ -46.168513000761855, -23.634430827773222, 0.0 ], [ -46.168512940825842, -23.634424074984732, 0.0 ], [ -46.168505581258728, -23.634420753809572, 0.0 ], [ -46.16850185652374, -23.634414028630452, 0.0 ], [ -46.168498131789157, -23.634407303451233, 0.0 ], [ -46.168498071853975, -23.634400550662683, 0.0 ], [ -46.168498011918814, -23.634393797874125, 0.0 ], [ -46.168490652353775, -23.634390476698172, 0.0 ], [ -46.168486927620471, -23.634383751518609, 0.0 ], [ -46.168479568056249, -23.63438043034208, 0.0 ], [ -46.168475843323804, -23.634373705162211, 0.0 ], [ -46.168468513727198, -23.634373760379443, 0.0 ], [ -46.168461154163978, -23.634370439202002, 0.0 ], [ -46.168457429432756, -23.634363714021639, 0.0 ], [ -46.16845006987036, -23.634360392843625, 0.0 ], [ -46.168442710308327, -23.634357071665253, 0.0 ], [ -46.168438985578447, -23.634350346484378, 0.0 ], [ -46.168431626017238, -23.634347025305441, 0.0 ], [ -46.168431566085637, -23.634340272516678, 0.0 ], [ -46.168424236490779, -23.634340327731742, 0.0 ], [ -46.168424176559583, -23.634333574942961, 0.0 ], [ -46.168420451831345, -23.634326849761557, 0.0 ], [ -46.168416727103498, -23.634320124580043, 0.0 ], [ -46.168409337579341, -23.634313427005527, 0.0 ], [ -46.168409277648983, -23.634306674216681, 0.0 ], [ -46.16840921771864, -23.634299921427829, 0.0 ], [ -46.16840188812597, -23.634299976641753, 0.0 ], [ -46.168401828196032, -23.634293223852879, 0.0 ], [ -46.168401768266115, -23.634286471064001, 0.0 ], [ -46.168405373131996, -23.634279690668222, 0.0 ], [ -46.168401648406345, -23.634272965486225, 0.0 ], [ -46.168401588476499, -23.634266212697327, 0.0 ], [ -46.168394198956236, -23.634259515121901, 0.0 ], [ -46.168394109062099, -23.63424938593851, 0.0 ], [ -46.16838674950769, -23.634246064757125, 0.0 ], [ -46.168386689578675, -23.634239311968173, 0.0 ], [ -46.168386629649689, -23.63423255917921, 0.0 ], [ -46.168382904926432, -23.634225833996627, 0.0 ], [ -46.168382844997673, -23.634219081207636, 0.0 ], [ -46.168382785068935, -23.634212328418645, 0.0 ], [ -46.168382725140233, -23.634205575629657, 0.0 ], [ -46.168390054727695, -23.634205520416845, 0.0 ], [ -46.168397354350418, -23.634202088809204, 0.0 ], [ -46.168404653972743, -23.634198657201232, 0.0 ], [ -46.168411953594678, -23.634195225592926, 0.0 ], [ -46.168419283181493, -23.63419517037876, 0.0 ], [ -46.168426612768286, -23.634195115164246, 0.0 ], [ -46.168434002286361, -23.634201812738269, 0.0 ], [ -46.16844502663298, -23.634205106309729, 0.0 ], [ -46.16844875135871, -23.634211831490735, 0.0 ], [ -46.168456110912594, -23.634215152669196, 0.0 ], [ -46.168463470466833, -23.634218473847287, 0.0 ], [ -46.168467195193905, -23.634225199027789, 0.0 ], [ -46.168467255126998, -23.63423195181657, 0.0 ], [ -46.168470979854668, -23.63423867699694, 0.0 ], [ -46.168474704582728, -23.634245402177203, 0.0 ], [ -46.16848206413912, -23.634248723354322, 0.0 ], [ -46.168482124073051, -23.634255476143032, 0.0 ], [ -46.168489483630189, -23.63425879731977, 0.0 ], [ -46.168489543564526, -23.634265550108459, 0.0 ], [ -46.168496873155057, -23.634265494890467, 0.0 ], [ -46.168496933089791, -23.634272247679139, 0.0 ], [ -46.168500657820168, -23.634278972858652, 0.0 ], [ -46.168508017379089, -23.634282294034421, 0.0 ], [ -46.168511742110333, -23.634289019213639, 0.0 ], [ -46.168519101670071, -23.634292340388846, 0.0 ], [ -46.168519161606021, -23.634299093177432, 0.0 ], [ -46.168526491198335, -23.634299037957973, 0.0 ], [ -46.168526551134683, -23.634305790746541, 0.0 ], [ -46.168533940664105, -23.63431248831526, 0.0 ], [ -46.168541330194266, -23.634319185883594, 0.0 ], [ -46.168541390131431, -23.634325938672102, 0.0 ], [ -46.168541450068624, -23.634332691460617, 0.0 ], [ -46.168545174803086, -23.634339416638856, 0.0 ], [ -46.168552534366469, -23.634342737812307, 0.0 ], [ -46.168556259101798, -23.634349462990244, 0.0 ], [ -46.168563618666013, -23.634352784163134, 0.0 ], [ -46.168570978230591, -23.634356105335666, 0.0 ], [ -46.168571038169382, -23.634362858124074, 0.0 ], [ -46.168578397734706, -23.634366179296212, 0.0 ], [ -46.168585757300384, -23.63436950046799, 0.0 ], [ -46.168589482038193, -23.634376225644999, 0.0 ], [ -46.168596841604696, -23.634379546816209, 0.0 ], [ -46.168604171201288, -23.634379491592902, 0.0 ], [ -46.168611500797851, -23.634379436369244, 0.0 ], [ -46.168618830394394, -23.634379381145244, 0.0 ], [ -46.168626159990914, -23.634379325920893, 0.0 ], [ -46.168633459616395, -23.634375894302082, 0.0 ], [ -46.168640789212681, -23.634375839077048, 0.0 ], [ -46.168644394068224, -23.634369058676185, 0.0 ], [ -46.168651693692624, -23.634365627056543, 0.0 ], [ -46.168658993316633, -23.63436219543658, 0.0 ], [ -46.168658933373337, -23.634355442648381, 0.0 ], [ -46.168666232996593, -23.634352011028096, 0.0 ], [ -46.168666173052948, -23.634345258239911, 0.0 ], [ -46.168673502647444, -23.6343452030134, 0.0 ], [ -46.168673442703444, -23.634338450225219, 0.0 ], [ -46.168680772297549, -23.634338394998384, 0.0 ], [ -46.168688101891625, -23.634338339771197, 0.0 ], [ -46.168695431485681, -23.634338284543663, 0.0 ], [ -46.168702761079714, -23.634338229315791, 0.0 ], [ -46.168710060700796, -23.634334797693516, 0.0 ], [ -46.168717390294596, -23.634334742464958, 0.0 ], [ -46.168724689915074, -23.634331310842022, 0.0 ], [ -46.168731989535154, -23.634327879218748, 0.0 ], [ -46.168739259181194, -23.634321071201132, 0.0 ], [ -46.168742864030186, -23.634314290798184, 0.0 ], [ -46.168746468878822, -23.634307510395168, 0.0 ], [ -46.168746408931192, -23.634300757607136, 0.0 ], [ -46.168746348983582, -23.634294004819097, 0.0 ], [ -46.168742624240451, -23.634287279645996, 0.0 ], [ -46.168738899497718, -23.634280554472795, 0.0 ], [ -46.168738839550556, -23.634273801684731, 0.0 ], [ -46.16873511480842, -23.634267076511399, 0.0 ], [ -46.168735054861493, -23.634260323723304, 0.0 ], [ -46.168727695298607, -23.634257002558478, 0.0 ], [ -46.168720335736083, -23.634253681393279, 0.0 ], [ -46.168720275789944, -23.634246928605137, 0.0 ], [ -46.168712916228159, -23.634243607439554, 0.0 ], [ -46.168705556666744, -23.634240286273613, 0.0 ], [ -46.168698197105684, -23.634236965107299, 0.0 ], [ -46.168690837544979, -23.634233643940629, 0.0 ], [ -46.168687112806488, -23.634226918765972, 0.0 ], [ -46.168687052862126, -23.634220165977723, 0.0 ], [ -46.168686992917792, -23.634213413189464, 0.0 ], [ -46.16869059776684, -23.634206632787652, 0.0 ], [ -46.168697897381129, -23.63420320116618, 0.0 ], [ -46.168701502229354, -23.634196420764134, 0.0 ], [ -46.168701442284338, -23.634189667975896, 0.0 ], [ -46.168701382339357, -23.634182915187658, 0.0 ], [ -46.168701322394391, -23.634176162399402, 0.0 ], [ -46.168701262449453, -23.634169409611147, 0.0 ], [ -46.168701202504522, -23.63416265682288, 0.0 ], [ -46.16870480735156, -23.634155876420781, 0.0 ], [ -46.168708412198242, -23.634149096018607, 0.0 ], [ -46.168712017044562, -23.634142315616351, 0.0 ], [ -46.168711957099163, -23.634135562828092, 0.0 ], [ -46.168711897153791, -23.634128810039826, 0.0 ], [ -46.168711837208441, -23.634122057251545, 0.0 ], [ -46.168708112472316, -23.634115332077219, 0.0 ], [ -46.168702992834064, -23.634106295986978, 0.0 ], [ -46.168703561965863, -23.634092996257404, 0.0 ], [ -46.168702069653335, -23.634079712060537, 0.0 ], [ -46.168694212664356, -23.634071962827964, 0.0 ], [ -46.168689594212303, -23.634067776852067, 0.0 ], [ -46.168681971893825, -23.634060658966888, 0.0 ], [ -46.168674642315189, -23.634060714193168, 0.0 ], [ -46.168667312736531, -23.634060769419108, 0.0 ], [ -46.168659782206561, -23.634063991740089, 0.0 ], [ -46.168652946317025, -23.634068052981917, 0.0 ], [ -46.168647107171381, -23.634081181379869, 0.0 ], [ -46.168635519311763, -23.634091820626058, 0.0 ], [ -46.16862646597901, -23.634104129085379, 0.0 ], [ -46.1686200975509, -23.634109241997546, 0.0 ], [ -46.168612767969393, -23.634109297221023, 0.0 ], [ -46.168605468357789, -23.634112728838414, 0.0 ], [ -46.168598138776062, -23.634112784061198, 0.0 ], [ -46.168590809194299, -23.634112839283638, 0.0 ], [ -46.168583479612515, -23.634112894505733, 0.0 ], [ -46.168572455270727, -23.634109600943908, 0.0 ], [ -46.168565125689078, -23.634109656165133, 0.0 ], [ -46.168557766138704, -23.634106334991674, 0.0 ], [ -46.168554041410772, -23.634099609813298, 0.0 ], [ -46.168546711829627, -23.634099665033624, 0.0 ], [ -46.168539352280249, -23.634096343859248, 0.0 ], [ -46.168531992731232, -23.634093022684507, 0.0 ], [ -46.1685246631504, -23.634093077903774, 0.0 ], [ -46.168520938424521, -23.63408635272452, 0.0 ], [ -46.16851360884403, -23.634086407943251, 0.0 ], [ -46.168506249296172, -23.634083086767237, 0.0 ], [ -46.168498889748676, -23.634079765590858, 0.0 ], [ -46.168495165024488, -23.6340730404109, 0.0 ], [ -46.168494416069407, -23.634066081774066, 0.0 ], [ -46.168487056523155, -23.634062760597072, 0.0 ], [ -46.168486996589522, -23.634056007808187, 0.0 ], [ -46.168486936655917, -23.634049255019306, 0.0 ], [ -46.168486876722326, -23.634042502230418, 0.0 ], [ -46.168486816788757, -23.634035749441537, 0.0 ], [ -46.168486756855216, -23.634028996652631, 0.0 ], [ -46.168479996432282, -23.634015752139835, 0.0 ], [ -46.168483601287285, -23.634008971742468, 0.0 ], [ -46.168479876566032, -23.63400224656197, 0.0 ], [ -46.168479816632939, -23.633995493773035, 0.0 ], [ -46.168476091912289, -23.63398876859241, 0.0 ], [ -46.168468732370869, -23.633985447414322, 0.0 ], [ -46.16846137282981, -23.633982126235868, 0.0 ], [ -46.168457648110497, -23.633975401054737, 0.0 ], [ -46.168450318536017, -23.633975456270235, 0.0 ], [ -46.168450228638775, -23.633965327086678, 0.0 ], [ -46.168442869099287, -23.633962005907268, 0.0 ], [ -46.168435539525518, -23.633962061122041, 0.0 ], [ -46.168428179986556, -23.633958739941917, 0.0 ], [ -46.168420820447956, -23.633955418761424, 0.0 ], [ -46.168413460909711, -23.633952097580568, 0.0 ], [ -46.168406101371829, -23.633948776399347, 0.0 ], [ -46.168398771798699, -23.633948831612351, 0.0 ], [ -46.168391442225541, -23.633948886825014, 0.0 ], [ -46.168384112652369, -23.633948942037328, 0.0 ], [ -46.168376783079168, -23.633948997249291, 0.0 ], [ -46.168369423542302, -23.633945676066279, 0.0 ], [ -46.16836209396925, -23.633945731277549, 0.0 ], [ -46.16835476439617, -23.633945786488464, 0.0 ], [ -46.168347434823069, -23.633945841699042, 0.0 ], [ -46.168340105249946, -23.633945896909268, 0.0 ], [ -46.168332775676802, -23.633945952119149, 0.0 ], [ -46.168325446103637, -23.633946007328685, 0.0 ], [ -46.16831811653045, -23.63394606253787, 0.0 ], [ -46.168310786957235, -23.633946117746717, 0.0 ], [ -46.168310846881518, -23.633952870536113, 0.0 ], [ -46.168303547269872, -23.633956302139335, 0.0 ], [ -46.168296247657828, -23.633959733742227, 0.0 ], [ -46.168288918083803, -23.633959788950065, 0.0 ], [ -46.16828158850975, -23.633959844157559, 0.0 ], [ -46.168270660284257, -23.633941566096485, 0.0 ], [ -46.168266935575716, -23.63393484091031, 0.0 ], [ -46.168266875653742, -23.633928088120793, 0.0 ], [ -46.1682595161206, -23.63392476693241, 0.0 ], [ -46.16825576145245, -23.633914665351128, 0.0 ], [ -46.168240614250657, -23.633911402817976, 0.0 ], [ -46.168228249343755, -23.633911918025738, 0.0 ], [ -46.168218897652352, -23.633916420274691, 0.0 ], [ -46.168211508161441, -23.633909722689108, 0.0 ], [ -46.168204178589981, -23.633909777892839, 0.0 ], [ -46.168204118671284, -23.633903025103152, 0.0 ], [ -46.168196759141026, -23.633899703911652, 0.0 ], [ -46.168189399611123, -23.633896382719797, 0.0 ], [ -46.168182040081575, -23.633893061527562, 0.0 ], [ -46.168181980164064, -23.633886308737807, 0.0 ], [ -46.168174650593826, -23.633886363940082, 0.0 ], [ -46.168167261106831, -23.633879666352222, 0.0 ], [ -46.168159901578747, -23.633876345158878, 0.0 ], [ -46.168156176877737, -23.633869619969705, 0.0 ], [ -46.168148817350492, -23.633866298775796, 0.0 ], [ -46.168145092650349, -23.6338595735863, 0.0 ], [ -46.168145032734834, -23.633852820796427, 0.0 ], [ -46.168141308035288, -23.633846095606803, 0.0 ], [ -46.168133978467175, -23.63384615080707, 0.0 ], [ -46.168133918552272, -23.633839398017152, 0.0 ], [ -46.168130193853699, -23.633832672827221, 0.0 ], [ -46.168130133939023, -23.633825920037282, 0.0 ], [ -46.168122804372004, -23.633825975236981, 0.0 ], [ -46.168122744457726, -23.63381922244702, 0.0 ], [ -46.168119019760333, -23.633812497256756, 0.0 ], [ -46.168115295063323, -23.633805772066378, 0.0 ], [ -46.168107905583931, -23.633799074475316, 0.0 ], [ -46.168100576018354, -23.633799129673903, 0.0 ], [ -46.16809685132268, -23.633792404483021, 0.0 ], [ -46.168093126627397, -23.633785679292032, 0.0 ], [ -46.168085737150264, -23.633778981699802, 0.0 ], [ -46.168085677238025, -23.633772228909724, 0.0 ], [ -46.168081952543922, -23.633765503718404, 0.0 ], [ -46.168074593024322, -23.63376218252062, 0.0 ], [ -46.168067233505077, -23.63375886132248, 0.0 ], [ -46.168059903941632, -23.633758916519053, 0.0 ], [ -46.168056179249227, -23.633752191327037, 0.0 ], [ -46.168056119338573, -23.633745438536852, 0.0 ], [ -46.168052394646764, -23.633738713344705, 0.0 ], [ -46.168052334736352, -23.633731960554499, 0.0 ], [ -46.168044975219345, -23.633728639355198, 0.0 ], [ -46.168041250528617, -23.633721914162734, 0.0 ], [ -46.168033920967154, -23.633721969358003, 0.0 ], [ -46.168026561451143, -23.633718648157778, 0.0 ], [ -46.1680192019355, -23.633715326957198, 0.0 ], [ -46.168015477246456, -23.633708601764031, 0.0 ], [ -46.168011752557817, -23.63370187657075, 0.0 ], [ -46.168008027869568, -23.633695151377371, 0.0 ], [ -46.168000698309513, -23.633695206571009, 0.0 ], [ -46.167996973622017, -23.63368848137732, 0.0 ], [ -46.16798961410877, -23.633685160175226, 0.0 ], [ -46.167985889422141, -23.633678434981242, 0.0 ], [ -46.167978529909718, -23.633675113778583, 0.0 ], [ -46.167971200350706, -23.633675168970782, 0.0 ], [ -46.167963870791667, -23.633675224162641, 0.0 ], [ -46.167956571185272, -23.633678655749392, 0.0 ], [ -46.16794924162599, -23.633678710940565, 0.0 ], [ -46.167941912066695, -23.633678766131396, 0.0 ], [ -46.167938307191456, -23.633685546517196, 0.0 ], [ -46.167930977631755, -23.633685601707523, 0.0 ], [ -46.167923648072026, -23.633685656897498, 0.0 ], [ -46.16792004319565, -23.633692437282924, 0.0 ], [ -46.167912743587088, -23.63369586886769, 0.0 ], [ -46.167912803490239, -23.633702621658266, 0.0 ], [ -46.167905503880917, -23.633706053242719, 0.0 ], [ -46.167898204271204, -23.633709484826838, 0.0 ], [ -46.167894599392895, -23.633716265211739, 0.0 ], [ -46.167887269831361, -23.633716320400062, 0.0 ], [ -46.167879970220582, -23.63371975198336, 0.0 ], [ -46.16788003012212, -23.633726504773989, 0.0 ], [ -46.167880090023694, -23.633733257564618, 0.0 ], [ -46.167872760461179, -23.633733312752295, 0.0 ], [ -46.167865490799471, -23.633740120730291, 0.0 ], [ -46.167858191186781, -23.633743552312627, 0.0 ], [ -46.167854586305523, -23.633750332696678, 0.0 ], [ -46.167847286691966, -23.633753764278531, 0.0 ], [ -46.167839957128223, -23.633753819464705, 0.0 ], [ -46.167832627564458, -23.633753874650534, 0.0 ], [ -46.16782526805126, -23.633750553440645, 0.0 ], [ -46.167817938487644, -23.633750608625775, 0.0 ], [ -46.167810608923993, -23.633750663810556, 0.0 ], [ -46.167803279360328, -23.633750718994989, 0.0 ], [ -46.167795949796648, -23.633750774179074, 0.0 ], [ -46.167799554681004, -23.633743993796266, 0.0 ], [ -46.167803159564997, -23.63373721341339, 0.0 ], [ -46.167810459178909, -23.633733781833598, 0.0 ], [ -46.167814064062078, -23.633727001450485, 0.0 ], [ -46.167817668944885, -23.633720221067296, 0.0 ], [ -46.167821273827336, -23.633713440684041, 0.0 ], [ -46.167817549148253, -23.633706715485719, 0.0 ], [ -46.167810219587054, -23.633706770670376, 0.0 ], [ -46.16780286007706, -23.633703449459283, 0.0 ], [ -46.167795530516003, -23.633703504643247, 0.0 ], [ -46.167784536174381, -23.633703587418548, 0.0 ], [ -46.167777206613266, -23.633703642601645, 0.0 ], [ -46.167769847104211, -23.633700321388933, 0.0 ], [ -46.167762517543245, -23.633700376571333, 0.0 ], [ -46.167755187982252, -23.63370043175339, 0.0 ], [ -46.167747828473885, -23.633697110539604, 0.0 ], [ -46.167747888368588, -23.633703863330574, 0.0 ], [ -46.167740618701714, -23.633710671302936, 0.0 ], [ -46.167737013815092, -23.633717451684483, 0.0 ], [ -46.1677297142, -23.633720883260864, 0.0 ], [ -46.167722384637777, -23.633720938441414, 0.0 ], [ -46.167715055075533, -23.633720993621612, 0.0 ], [ -46.167707755459631, -23.633724425196988, 0.0 ], [ -46.167700485789503, -23.63373123316757, 0.0 ], [ -46.167700545681875, -23.633737985958629, 0.0 ], [ -46.167700605574268, -23.63374473874968, 0.0 ], [ -46.167707965084261, -23.633748059965626, 0.0 ], [ -46.167711689759145, -23.633754785166719, 0.0 ], [ -46.167719019323272, -23.633754729986599, 0.0 ], [ -46.167726378834267, -23.633758051201625, 0.0 ], [ -46.167733768292685, -23.633764748811764, 0.0 ], [ -46.167733828186861, -23.633771501602705, 0.0 ], [ -46.167730223298364, -23.633778281984124, 0.0 ], [ -46.167726618409503, -23.633785062365472, 0.0 ], [ -46.167719318790446, -23.633788493941488, 0.0 ], [ -46.167712019170992, -23.63379192551718, 0.0 ], [ -46.167708414280831, -23.633798705898144, 0.0 ], [ -46.167701084714231, -23.633798761077855, 0.0 ], [ -46.167693785093704, -23.63380219265273, 0.0 ], [ -46.167686485472792, -23.633805624227275, 0.0 ], [ -46.167682880580948, -23.633812404607699, 0.0 ], [ -46.16767558095917, -23.633815836181753, 0.0 ], [ -46.167668281337001, -23.633819267755477, 0.0 ], [ -46.167664676443856, -23.633826048135521, 0.0 ], [ -46.167661071550363, -23.633832828515487, 0.0 ], [ -46.167661131441001, -23.633839581306553, 0.0 ], [ -46.167661191331668, -23.633846334097608, 0.0 ], [ -46.167661251222349, -23.633853086888653, 0.0 ], [ -46.167653951597757, -23.633856518461794, 0.0 ], [ -46.167654011488096, -23.633863271252849, 0.0 ], [ -46.167646741807744, -23.633870079221204, 0.0 ], [ -46.167639472126631, -23.633876887189235, 0.0 ], [ -46.16763214255549, -23.633876942365863, 0.0 ], [ -46.167628537659013, -23.633883722745143, 0.0 ], [ -46.167632262334081, -23.633890447948041, 0.0 ], [ -46.167628657437263, -23.633897228327339, 0.0 ], [ -46.167621327864964, -23.63389728350349, 0.0 ], [ -46.167621387753748, -23.633904036294599, 0.0 ], [ -46.167617782856027, -23.633910816673669, 0.0 ], [ -46.167617842744669, -23.633917569464767, 0.0 ], [ -46.167610513171205, -23.633917624640453, 0.0 ], [ -46.167606908272568, -23.63392440501929, 0.0 ], [ -46.16760696816069, -23.633931157810409, 0.0 ], [ -46.167599638586445, -23.633931212985619, 0.0 ], [ -46.167599698474213, -23.633937965776742, 0.0 ], [ -46.16759236889957, -23.633938020951618, 0.0 ], [ -46.167588763999461, -23.633944801330077, 0.0 ], [ -46.167581464367849, -23.633948232900039, 0.0 ], [ -46.167574164735839, -23.633951664469659, 0.0 ], [ -46.167574224622356, -23.633958417260832, 0.0 ], [ -46.167566924989593, -23.633961848830147, 0.0 ], [ -46.167559625356432, -23.633965280399124, 0.0 ], [ -46.167552295780162, -23.633965335572174, 0.0 ], [ -46.167544996146397, -23.63396876714048, 0.0 ], [ -46.167537666569899, -23.633968822312845, 0.0 ], [ -46.167530396877702, -23.633975630276122, 0.0 ], [ -46.167523097242757, -23.633979061843444, 0.0 ], [ -46.167515767665627, -23.6339791170148, 0.0 ], [ -46.167512162760467, -23.633985897391636, 0.0 ], [ -46.167504863124456, -23.633989328958144, 0.0 ], [ -46.167501258218465, -23.633996109334756, 0.0 ], [ -46.167493928640333, -23.633996164505106, 0.0 ], [ -46.167490323733603, -23.634002944881495, 0.0 ], [ -46.16748671882651, -23.634009725257801, 0.0 ], [ -46.167483113919054, -23.634016505634033, 0.0 ], [ -46.167475814280564, -23.634019937199248, 0.0 ], [ -46.167468484701033, -23.634019992368458, 0.0 ], [ -46.167464879792362, -23.63402677274431, 0.0 ], [ -46.167461274883337, -23.634033553120076, 0.0 ], [ -46.167457669973956, -23.634040333495776, 0.0 ], [ -46.167457729854753, -23.634047086287151, 0.0 ], [ -46.167457789735572, -23.634053839078511, 0.0 ], [ -46.167457849616419, -23.634060591869886, 0.0 ], [ -46.16745790949728, -23.634067344661229, 0.0 ], [ -46.167457969378169, -23.634074097452579, 0.0 ], [ -46.16745802925908, -23.634080850243919, 0.0 ], [ -46.167458089140013, -23.634087603035255, 0.0 ], [ -46.167461813812821, -23.634094328242192, 0.0 ], [ -46.167461873693981, -23.634101081033506, 0.0 ], [ -46.167461933575169, -23.634107833824817, 0.0 ], [ -46.167461993456385, -23.634114586616128, 0.0 ], [ -46.167469352981996, -23.634117907842658, 0.0 ], [ -46.167469412863611, -23.634124660633937, 0.0 ], [ -46.167473137538124, -23.634131385840501, 0.0 ], [ -46.167473197419973, -23.634138138631759, 0.0 ], [ -46.16747325730185, -23.634144891423006, 0.0 ], [ -46.167480616829451, -23.634148212648913, 0.0 ], [ -46.167484341505237, -23.634154937855147, 0.0 ], [ -46.16748806618142, -23.634161663061253, 0.0 ], [ -46.167491790858001, -23.634168388267263, 0.0 ], [ -46.167499150387371, -23.634171709492215, 0.0 ], [ -46.167502875064812, -23.634178434697908, 0.0 ], [ -46.16751020465307, -23.63417837952673, 0.0 ], [ -46.167517564183434, -23.634181700750755, 0.0 ], [ -46.167524923714161, -23.634185021974425, 0.0 ], [ -46.167532253302731, -23.634184966802191, 0.0 ], [ -46.167539612833984, -23.634188288025133, 0.0 ], [ -46.167546972365592, -23.634191609247715, 0.0 ], [ -46.167554301954468, -23.634191554074423, 0.0 ], [ -46.167561631543329, -23.634191498900787, 0.0 ], [ -46.167568961132154, -23.634191443726802, 0.0 ], [ -46.167576290720966, -23.63419138855247, 0.0 ], [ -46.167583620309756, -23.634191333377792, 0.0 ], [ -46.167590949898525, -23.634191278202774, 0.0 ], [ -46.167605609075991, -23.634191167851689, 0.0 ], [ -46.167616603459038, -23.634191085087469, 0.0 ], [ -46.167627627786999, -23.634194378717886, 0.0 ], [ -46.16763495737581, -23.634194323540775, 0.0 ], [ -46.167642286964615, -23.634194268363323, 0.0 ], [ -46.167649616553391, -23.63419421318552, 0.0 ], [ -46.167656916196421, -23.634190781611998, 0.0 ], [ -46.167664185893173, -23.634183973642756, 0.0 ], [ -46.167671515481317, -23.63418391846394, 0.0 ], [ -46.167678845069446, -23.634183863284782, 0.0 ], [ -46.167686144711091, -23.634180431709925, 0.0 ], [ -46.167693444352345, -23.634177000134741, 0.0 ], [ -46.167697049252737, -23.634170219754015, 0.0 ], [ -46.167708043633681, -23.634170136983379, 0.0 ], [ -46.167715343273748, -23.6341667054072, 0.0 ], [ -46.167722672860805, -23.63416665022601, 0.0 ], [ -46.167737332034839, -23.634166539862591, 0.0 ], [ -46.167744661621825, -23.634166484680357, 0.0 ], [ -46.167751991208782, -23.634166429497782, 0.0 ], [ -46.167759290847421, -23.634162997919585, 0.0 ], [ -46.167762895744005, -23.634156217537463, 0.0 ], [ -46.167770195381777, -23.634152785958793, 0.0 ], [ -46.167777495019159, -23.634149354379787, 0.0 ], [ -46.16778109991445, -23.634142573997281, 0.0 ], [ -46.167788429499986, -23.634142518813032, 0.0 ], [ -46.167795729136287, -23.634139087233205, 0.0 ], [ -46.167803058721596, -23.634139032048274, 0.0 ], [ -46.167806663615281, -23.634132251665228, 0.0 ], [ -46.167813963250516, -23.634128820084577, 0.0 ], [ -46.167821262885354, -23.634125388503598, 0.0 ], [ -46.167828592469832, -23.634125333317492, 0.0 ], [ -46.16783592205428, -23.634125278131044, 0.0 ], [ -46.167843221688308, -23.634121846549053, 0.0 ], [ -46.167850551272529, -23.63412179136192, 0.0 ], [ -46.167854156163287, -23.634115010977865, 0.0 ], [ -46.167861485747096, -23.634114955790231, 0.0 ], [ -46.167868815330884, -23.634114900602249, 0.0 ], [ -46.167876144914651, -23.634114845413915, 0.0 ], [ -46.167883474498389, -23.634114790225244, 0.0 ], [ -46.167890804082113, -23.634114735036217, 0.0 ], [ -46.167898133665808, -23.634114679846849, 0.0 ], [ -46.167905463249483, -23.634114624657133, 0.0 ], [ -46.167912822785311, -23.634117945862183, 0.0 ], [ -46.167920182321495, -23.63412126706686, 0.0 ], [ -46.167923907018434, -23.634127992261696, 0.0 ], [ -46.167927631715756, -23.634134717456423, 0.0 ], [ -46.167927691620925, -23.634141470246579, 0.0 ], [ -46.167927751526108, -23.634148223036725, 0.0 ], [ -46.167927811431319, -23.634154975826871, 0.0 ], [ -46.167927871336559, -23.634161728617006, 0.0 ], [ -46.167920571702759, -23.634165160202954, 0.0 ], [ -46.167913272068567, -23.634168591788576, 0.0 ], [ -46.167913331973097, -23.634175344578743, 0.0 ], [ -46.167909727083945, -23.634182124964063, 0.0 ], [ -46.167902427448524, -23.634185556549212, 0.0 ], [ -46.167898822558541, -23.634192336934305, 0.0 ], [ -46.167898882462403, -23.634199089724479, 0.0 ], [ -46.167895277571894, -23.634205870109493, 0.0 ], [ -46.167887947983111, -23.634205925298932, 0.0 ], [ -46.167888007886454, -23.634212678089121, 0.0 ], [ -46.167884402995035, -23.634219458473915, 0.0 ], [ -46.167884462898222, -23.634226211264096, 0.0 ], [ -46.167884522801437, -23.634232964054277, 0.0 ], [ -46.167888247500017, -23.634239689249824, 0.0 ], [ -46.16789197219898, -23.634246414445254, 0.0 ], [ -46.167892032102642, -23.634253167235396, 0.0 ], [ -46.167899391646074, -23.634256488440727, 0.0 ], [ -46.167899451550134, -23.634263241230848, 0.0 ], [ -46.167899511454223, -23.634269994020961, 0.0 ], [ -46.167906870998785, -23.634273315225887, 0.0 ], [ -46.167906930903278, -23.634280068015968, 0.0 ], [ -46.167914290448586, -23.63428338922051, 0.0 ], [ -46.167914350353492, -23.634290142010574, 0.0 ], [ -46.167914410258426, -23.634296894800627, 0.0 ], [ -46.167921739852204, -23.634296839609746, 0.0 ], [ -46.167925464554592, -23.634303564804188, 0.0 ], [ -46.167929189257379, -23.634310289998531, 0.0 ], [ -46.16792924916313, -23.634317042788531, 0.0 ], [ -46.167932973866527, -23.63432376798275, 0.0 ], [ -46.167933033772499, -23.634330520772721, 0.0 ], [ -46.167929428880512, -23.634337301158496, 0.0 ], [ -46.167925823988156, -23.634344081544185, 0.0 ], [ -46.16791855429706, -23.634350889525361, 0.0 ], [ -46.167914949403794, -23.634357669910827, 0.0 ], [ -46.167911344510173, -23.634364450296221, 0.0 ], [ -46.167904074817216, -23.634371258276779, 0.0 ], [ -46.167900469922678, -23.634378038661946, 0.0 ], [ -46.167896865027792, -23.634384819047035, 0.0 ], [ -46.167889535429047, -23.63438487423694, 0.0 ], [ -46.167885930533409, -23.634391654621801, 0.0 ], [ -46.167878630885951, -23.634395086206229, 0.0 ], [ -46.167871301286596, -23.634395141395288, 0.0 ], [ -46.167864001638534, -23.634398572979045, 0.0 ], [ -46.167856701990075, -23.634402004562478, 0.0 ], [ -46.167849402341233, -23.634405436145578, 0.0 ], [ -46.167842102691992, -23.634408867728347, 0.0 ], [ -46.167834803042361, -23.634412299310778, 0.0 ], [ -46.167827503392346, -23.634415730892893, 0.0 ], [ -46.167820173791704, -23.634415786079582, 0.0 ], [ -46.167812844191033, -23.63441584126593, 0.0 ], [ -46.167805544540201, -23.634419272847026, 0.0 ], [ -46.167798244888971, -23.634422704427809, 0.0 ], [ -46.167790945237343, -23.634426136008244, 0.0 ], [ -46.167783615636033, -23.634426191193235, 0.0 ], [ -46.167776315983808, -23.634429622773013, 0.0 ], [ -46.167768986382264, -23.634429677957318, 0.0 ], [ -46.167761686729428, -23.634433109536428, 0.0 ], [ -46.167754357127649, -23.634433164720051, 0.0 ], [ -46.167750752223697, -23.634439945102049, 0.0 ], [ -46.167750812120666, -23.634446697892365, 0.0 ], [ -46.167747207216181, -23.634453478274295, 0.0 ], [ -46.167743602311347, -23.634460258656148, 0.0 ], [ -46.167736302656138, -23.634463690234142, 0.0 ], [ -46.167729003000545, -23.634467121811813, 0.0 ], [ -46.167721703344561, -23.634470553389143, 0.0 ], [ -46.16771440368818, -23.634473984966146, 0.0 ], [ -46.1677071040314, -23.634477416542822, 0.0 ], [ -46.167707163926238, -23.634484169333209, 0.0 ], [ -46.167699834321468, -23.63448422451437, 0.0 ], [ -46.167696229413373, -23.634491004895231, 0.0 ], [ -46.167688899808198, -23.634491060075881, 0.0 ], [ -46.167681600149777, -23.634494491651413, 0.0 ], [ -46.16768166004335, -23.63450124444185, 0.0 ], [ -46.167678055133877, -23.634508024822328, 0.0 ], [ -46.167678115027307, -23.634514777612765, 0.0 ], [ -46.167678174920759, -23.634521530403191, 0.0 ], [ -46.167678234814232, -23.634528283193607, 0.0 ], [ -46.167670935153488, -23.634531714768709, 0.0 ], [ -46.167660060527382, -23.634545303118816, 0.0 ], [ -46.167649126006985, -23.634552138677751, 0.0 ], [ -46.167641826344131, -23.634555570251557, 0.0 ], [ -46.167634526680878, -23.634559001825032, 0.0 ], [ -46.167627197071759, -23.634559057002921, 0.0 ], [ -46.167623592157966, -23.634565837382262, 0.0 ], [ -46.16761632243886, -23.634572645350172, 0.0 ], [ -46.167608992828931, -23.634572700527229, 0.0 ], [ -46.167601693163824, -23.63457613209923, 0.0 ], [ -46.167598088248262, -23.634582912478024, 0.0 ], [ -46.167590788582295, -23.634586344049538, 0.0 ], [ -46.167583488915945, -23.634589775620714, 0.0 ], [ -46.167579883999082, -23.634596555999131, 0.0 ], [ -46.167569863073389, -23.634628920369508, 0.0 ], [ -46.167571920057995, -23.634654229540367, 0.0 ], [ -46.167584032807156, -23.634676930548068, 0.0 ], [ -46.167576703191337, -23.634676985723832, 0.0 ], [ -46.167576763080049, -23.634683738514354, 0.0 ], [ -46.167569463408014, -23.634687170085062, 0.0 ], [ -46.167562163735582, -23.634690601655436, 0.0 ], [ -46.167558558815081, -23.634697382033423, 0.0 ], [ -46.167551229198061, -23.634697437208029, 0.0 ], [ -46.167547624276814, -23.634704217585778, 0.0 ], [ -46.16754032460284, -23.634707649155182, 0.0 ], [ -46.167533024928474, -23.634711080724248, 0.0 ], [ -46.167525725253711, -23.634714512292994, 0.0 ], [ -46.167518425578564, -23.6347179438614, 0.0 ], [ -46.167511125903019, -23.634721375429478, 0.0 ], [ -46.167503826227083, -23.634724806997227, 0.0 ], [ -46.16749652655075, -23.634728238564644, 0.0 ], [ -46.167485621948664, -23.634738450508181, 0.0 ], [ -46.167478292329172, -23.634738505679426, 0.0 ], [ -46.167470962709643, -23.634738560850327, 0.0 ], [ -46.167459998221766, -23.634742020001408, 0.0 ], [ -46.167452698543258, -23.634745451566836, 0.0 ], [ -46.167445368923282, -23.634745506736547, 0.0 ], [ -46.167434434374883, -23.634752342281271, 0.0 ], [ -46.167430829446126, -23.634759122656561, 0.0 ], [ -46.167427224517006, -23.634765903031781, 0.0 ], [ -46.167427284398308, -23.634772655822598, 0.0 ], [ -46.167423679468662, -23.634779436197729, 0.0 ], [ -46.167416379787106, -23.634782867761558, 0.0 ], [ -46.167412774856636, -23.634789648136472, 0.0 ], [ -46.167412834737263, -23.634796400927303, 0.0 ], [ -46.167409229806267, -23.634803181302146, 0.0 ], [ -46.167409289686745, -23.634809934092967, 0.0 ], [ -46.167405684755224, -23.634816714467743, 0.0 ], [ -46.167398355131162, -23.634816769635378, 0.0 ], [ -46.167391055446863, -23.634820201198103, 0.0 ], [ -46.167383755762167, -23.634823632760501, 0.0 ], [ -46.167376456077086, -23.634827064322565, 0.0 ], [ -46.167369156391608, -23.634830495884305, 0.0 ], [ -46.167361886644805, -23.634837303841159, 0.0 ], [ -46.167358281710115, -23.634844084214929, 0.0 ], [ -46.167350982023201, -23.634847515775853, 0.0 ], [ -46.167343712274516, -23.634854323731918, 0.0 ], [ -46.167336412586643, -23.634857755292199, 0.0 ], [ -46.167332807650091, -23.634864535665432, 0.0 ], [ -46.167329202713184, -23.634871316038591, 0.0 ], [ -46.167321932962068, -23.634878123993719, 0.0 ], [ -46.167318328024251, -23.634884904366647, 0.0 ], [ -46.167318387900302, -23.634891657157624, 0.0 ], [ -46.167314782961959, -23.634898437530484, 0.0 ], [ -46.167311178023262, -23.634905217903277, 0.0 ], [ -46.167311237899, -23.634911970694247, 0.0 ], [ -46.167303938207077, -23.634915402253121, 0.0 ], [ -46.167303998082481, -23.634922155044116, 0.0 ], [ -46.167300393142618, -23.634928935416674, 0.0 ], [ -46.167300453017873, -23.634935688207648, 0.0 ], [ -46.167293153324358, -23.634939119766081, 0.0 ], [ -46.167289548383501, -23.634945900138405, 0.0 ], [ -46.167289608258258, -23.634952652929396, 0.0 ], [ -46.167286003316867, -23.634959433301663, 0.0 ], [ -46.167282398375129, -23.634966213673852, 0.0 ], [ -46.167275098679447, -23.6349696452315, 0.0 ], [ -46.167271493736877, -23.634976425603458, 0.0 ], [ -46.167264194040328, -23.634979857160619, 0.0 ], [ -46.167264283850663, -23.634989986347158, 0.0 ], [ -46.167264343724241, -23.63499673913817, 0.0 ], [ -46.167264403597848, -23.635003491929179, 0.0 ], [ -46.16725710389963, -23.635006923486067, 0.0 ], [ -46.167257163772888, -23.635013676277083, 0.0 ], [ -46.167249864073924, -23.635017107833651, 0.0 ], [ -46.167246259128831, -23.635023888205083, 0.0 ], [ -46.167226229857164, -23.63503838957682, 0.0 ], [ -46.167218930155975, -23.635041821132013, 0.0 ], [ -46.167218990027379, -23.635048573923083, 0.0 ], [ -46.167215385079885, -23.635055354293872, 0.0 ], [ -46.16720811531291, -23.635062162244136, 0.0 ], [ -46.167204510364513, -23.635068942614701, 0.0 ], [ -46.167200905415747, -23.635075722985185, 0.0 ], [ -46.167197300466626, -23.635082503355594, 0.0 ], [ -46.167190030697242, -23.635089311305084, 0.0 ], [ -46.167185026182104, -23.635093253183651, 0.0 ], [ -46.16717909610702, -23.635096146833163, 0.0 ], [ -46.167171826335938, -23.635102954781853, 0.0 ], [ -46.167164526629712, -23.635106386334652, 0.0 ], [ -46.167157256857301, -23.635113194282699, 0.0 ], [ -46.167149987084152, -23.63512000223044, 0.0 ], [ -46.167142687376383, -23.635123433782258, 0.0 ], [ -46.167135417601898, -23.635130241729357, 0.0 ], [ -46.167128147826659, -23.635137049676125, 0.0 ], [ -46.167120848117349, -23.635140481226969, 0.0 ], [ -46.167113548407649, -23.635143912777487, 0.0 ], [ -46.167106278630513, -23.635150720723299, 0.0 ], [ -46.167098948987068, -23.635150775877527, 0.0 ], [ -46.167099008852624, -23.635157528668799, 0.0 ], [ -46.167091709141381, -23.635160960218336, 0.0 ], [ -46.167084409429741, -23.635164391767546, 0.0 ], [ -46.167077109717717, -23.635167823316429, 0.0 ], [ -46.167069839937355, -23.635174631260643, 0.0 ], [ -46.16706254022435, -23.635178062808869, 0.0 ], [ -46.167055210579271, -23.635178117961086, 0.0 ], [ -46.167047940797183, -23.635184925904333, 0.0 ], [ -46.167040641083013, -23.635188357451568, 0.0 ], [ -46.167033341368445, -23.635191788998473, 0.0 ], [ -46.167026041653486, -23.635195220545054, 0.0 ], [ -46.167018771868925, -23.635202028487015, 0.0 ], [ -46.167011442222396, -23.635202083637218, 0.0 ], [ -46.167004142506258, -23.635205515182804, 0.0 ], [ -46.166996812859487, -23.635205570332324, 0.0 ], [ -46.166989513142752, -23.635209001877246, 0.0 ], [ -46.166982213425626, -23.635212433421835, 0.0 ], [ -46.166974943637783, -23.635219241361852, 0.0 ], [ -46.166971338673193, -23.635226021727501, 0.0 ], [ -46.166967733708233, -23.635232802093071, 0.0 ], [ -46.166960404059857, -23.635232857240929, 0.0 ], [ -46.166953104340614, -23.635236288784217, 0.0 ], [ -46.166949499374446, -23.635243069149407, 0.0 ], [ -46.166942199654329, -23.635246500692215, 0.0 ], [ -46.166938594687338, -23.635253281057178, 0.0 ], [ -46.166931294966368, -23.635256712599499, 0.0 ], [ -46.166923995245, -23.635260144141487, 0.0 ], [ -46.166920390276701, -23.635266924506066, 0.0 ], [ -46.166916785308047, -23.635273704870574, 0.0 ], [ -46.166905850687854, -23.635280540380382, 0.0 ], [ -46.166894916066511, -23.635287375889472, 0.0 ], [ -46.166887616342457, -23.635290807429843, 0.0 ], [ -46.166880316618006, -23.635294238969877, 0.0 ], [ -46.16686938199414, -23.635301074477244, 0.0 ], [ -46.166865777021947, -23.635307854840672, 0.0 ], [ -46.166862172049399, -23.635314635204026, 0.0 ], [ -46.16685123742289, -23.635321470710203, 0.0 ], [ -46.166843967622235, -23.63532827864449, 0.0 ], [ -46.166836727747146, -23.635338462974328, 0.0 ], [ -46.166829428018673, -23.635341894512113, 0.0 ], [ -46.166822188141715, -23.635352078841333, 0.0 ], [ -46.166814888412098, -23.635355510378474, 0.0 ], [ -46.166811283435678, -23.635362290740758, 0.0 ], [ -46.166807678458902, -23.635369071102964, 0.0 ], [ -46.16680040865338, -23.635375879035365, 0.0 ], [ -46.166793138847112, -23.635382686967443, 0.0 ], [ -46.166785839115008, -23.635386118503298, 0.0 ], [ -46.166778539382513, -23.63538955003882, 0.0 ], [ -46.166771269574348, -23.635396357969938, 0.0 ], [ -46.166763999765422, -23.635403165900737, 0.0 ], [ -46.16675672995575, -23.635409973831226, 0.0 ], [ -46.166749430221131, -23.635413405365448, 0.0 ], [ -46.166742190334141, -23.635423589691236, 0.0 ], [ -46.166734920522217, -23.635430397620773, 0.0 ], [ -46.166727680633194, -23.635440581945947, 0.0 ], [ -46.166720380896095, -23.635444013478889, 0.0 ], [ -46.166716775912498, -23.635450793839187, 0.0 ], [ -46.166705871190111, -23.635461005731713, 0.0 ], [ -46.16669860137425, -23.63546781365967, 0.0 ], [ -46.166691301634856, -23.635471245191319, 0.0 ], [ -46.16669136148041, -23.635477997983294, 0.0 ], [ -46.16668406174027, -23.635481429514627, 0.0 ], [ -46.166663168939714, -23.635488973031627, 0.0 ], [ -46.166655869198166, -23.635492404561692, 0.0 ], [ -46.166655929041973, -23.635499157353724, 0.0 ], [ -46.166648629299679, -23.635502588883472, 0.0 ], [ -46.166645024310839, -23.635509369242261, 0.0 ], [ -46.166645084154133, -23.635516122034307, 0.0 ], [ -46.166641479164767, -23.635522902393028, 0.0 ], [ -46.166637874175045, -23.63552968275167, 0.0 ], [ -46.166630634273197, -23.635539867072698, 0.0 ], [ -46.166627029282481, -23.635546647431116, 0.0 ], [ -46.166623424291402, -23.635553427789464, 0.0 ], [ -46.166619819299967, -23.635560208147734, 0.0 ], [ -46.166616214308171, -23.635566988505921, 0.0 ], [ -46.166608914561074, -23.63557042003395, 0.0 ], [ -46.166605309568453, -23.635577200391914, 0.0 ], [ -46.16659437490658, -23.635584035881145, 0.0 ], [ -46.166587075157942, -23.635587467408197, 0.0 ], [ -46.166587134998487, -23.635594220200318, 0.0 ], [ -46.166579835249088, -23.635597651727061, 0.0 ], [ -46.166572535499292, -23.635601083253469, 0.0 ], [ -46.166572595339133, -23.635607836045612, 0.0 ], [ -46.166565295588576, -23.635611267571701, 0.0 ], [ -46.166558055676767, -23.635621451889641, 0.0 ], [ -46.166550755925066, -23.63562488341509, 0.0 ], [ -46.166543516011401, -23.635635067732405, 0.0 ], [ -46.16653621625855, -23.635638499257201, 0.0 ], [ -46.166528916505307, -23.635641930781667, 0.0 ], [ -46.166518011752586, -23.635652142661947, 0.0 ], [ -46.166514406753137, -23.635658923017996, 0.0 ], [ -46.166490671328845, -23.635668809319625, 0.0 ], [ -46.166483371572674, -23.635672240842048, 0.0 ], [ -46.166479796488545, -23.635682397593524, 0.0 ], [ -46.166472526648803, -23.635689205511635, 0.0 ], [ -46.166465226891006, -23.635692637033262, 0.0 ], [ -46.166465286725604, -23.635699389825589, 0.0 ], [ -46.166458016884178, -23.63570619774308, 0.0 ], [ -46.166458076718442, -23.635712950535417, 0.0 ], [ -46.166450836792876, -23.63572313484876, 0.0 ], [ -46.16645089662682, -23.635729887641098, 0.0 ], [ -46.1664472916219, -23.63573666799574, 0.0 ], [ -46.16643999186082, -23.635740099516294, 0.0 ], [ -46.166436386855075, -23.635746879870712, 0.0 ], [ -46.166429087093128, -23.63575031139078, 0.0 ], [ -46.166425482086545, -23.635757091744964, 0.0 ], [ -46.166420472848486, -23.635760506038515, 0.0 ], [ -46.166413173085353, -23.635763937557872, 0.0 ], [ -46.166407247636755, -23.635767358741393, 0.0 ], [ -46.166402474929257, -23.635771615410867, 0.0 ], [ -46.166394510444206, -23.635777584394265, 0.0 ], [ -46.166390426763186, -23.635782046920458, 0.0 ], [ -46.166385428741506, -23.635786727361523, 0.0 ], [ -46.166381335711371, -23.635790134763678, 0.0 ], [ -46.166378168239667, -23.635794590399371, 0.0 ], [ -46.166372706502912, -23.635798641210844, 0.0 ], [ -46.166365406736361, -23.635802072728069, 0.0 ], [ -46.166359933780861, -23.635804857390546, 0.0 ], [ -46.166352634013613, -23.635808288907189, 0.0 ], [ -46.166352693842761, -23.63581504169969, 0.0 ], [ -46.166345394074753, -23.635818473216023, 0.0 ], [ -46.166338094306354, -23.635821904732019, 0.0 ], [ -46.166334489293206, -23.635828685084288, 0.0 ], [ -46.166327189523948, -23.635832116599804, 0.0 ], [ -46.166319889754291, -23.63583554811499, 0.0 ], [ -46.166305320127208, -23.635845787540667, 0.0 ], [ -46.166301715111736, -23.635852567892254, 0.0 ], [ -46.166294415340261, -23.635855999406306, 0.0 ], [ -46.166283480638732, -23.635862834874914, 0.0 ], [ -46.16626331278713, -23.635861720296937, 0.0 ], [ -46.166249629451315, -23.635868576431768, 0.0 ], [ -46.166235211730843, -23.635883035485467, 0.0 ], [ -46.166227911955829, -23.63588646699651, 0.0 ], [ -46.166220612180418, -23.635889898507212, 0.0 ], [ -46.166220672003028, -23.635896651299955, 0.0 ], [ -46.166217066981837, -23.635903431649758, 0.0 ], [ -46.166209767205196, -23.635906863159995, 0.0 ], [ -46.166202467428171, -23.635910294669905, 0.0 ], [ -46.166195167650748, -23.635913726179488, 0.0 ], [ -46.16619156262778, -23.635920506528752, 0.0 ], [ -46.166184262849505, -23.635923938037848, 0.0 ], [ -46.166176963070832, -23.635927369546618, 0.0 ], [ -46.166177022891304, -23.635934122339442, 0.0 ], [ -46.166169723111878, -23.635937553847889, 0.0 ], [ -46.166162423332054, -23.635940985356005, 0.0 ], [ -46.166155093642139, -23.635941040467362, 0.0 ], [ -46.166151488616393, -23.635947820815787, 0.0 ], [ -46.166144188835489, -23.635951252323082, 0.0 ], [ -46.166136889054201, -23.635954683830054, 0.0 ], [ -46.166136948872698, -23.635961436622949, 0.0 ], [ -46.16613334384548, -23.635968216970987, 0.0 ], [ -46.16612604406297, -23.635971648477483, 0.0 ], [ -46.166122439034915, -23.635978428825293, 0.0 ], [ -46.166115139251538, -23.635981860331313, 0.0 ], [ -46.16610783946777, -23.635985291836988, 0.0 ], [ -46.166100569591968, -23.635992099738822, 0.0 ], [ -46.166093269807234, -23.635995531243854, 0.0 ], [ -46.166085940114108, -23.63599558635206, 0.0 ], [ -46.166048827428924, -23.636008105630516, 0.0 ], [ -46.166001917794283, -23.636026607640883, 0.0 ], [ -46.165994618004881, -23.636030039141435, 0.0 ], [ -46.165983683272763, -23.636036874589937, 0.0 ], [ -46.165976353577051, -23.636036929693056, 0.0 ], [ -46.16596905378637, -23.63604036119245, 0.0 ], [ -46.165961753995298, -23.636043792691513, 0.0 ], [ -46.165954484108539, -23.636050600586866, 0.0 ], [ -46.165947214221021, -23.636057408481907, 0.0 ], [ -46.165939884524064, -23.636057463583352, 0.0 ], [ -46.165932584731237, -23.636060895081098, 0.0 ], [ -46.165925255034054, -23.636060950181857, 0.0 ], [ -46.16591795524063, -23.636064381678946, 0.0 ], [ -46.165910685350418, -23.636071189572359, 0.0 ], [ -46.16589975061035, -23.63607802501522, 0.0 ], [ -46.165896145567729, -23.636084805358244, 0.0 ], [ -46.165888845772187, -23.636088236854029, 0.0 ], [ -46.165885240728755, -23.636095017196833, 0.0 ], [ -46.165877970835155, -23.636101825088822, 0.0 ], [ -46.165874365790806, -23.636108605431406, 0.0 ], [ -46.165870760746095, -23.636115385773905, 0.0 ], [ -46.165867155701022, -23.636122166116337, 0.0 ], [ -46.165867215506161, -23.636128918909733, 0.0 ], [ -46.165859975512205, -23.636139103197664, 0.0 ], [ -46.165856370465974, -23.636145883539868, 0.0 ], [ -46.165852765419388, -23.636152663881997, 0.0 ], [ -46.165849160372439, -23.636159444224049, 0.0 ], [ -46.165845555325134, -23.636166224566026, 0.0 ], [ -46.165841950277468, -23.636173004907924, 0.0 ], [ -46.165842010081455, -23.636179757701335, 0.0 ], [ -46.165834740181054, -23.636186565591505, 0.0 ], [ -46.165831135132308, -23.636193345933183, 0.0 ], [ -46.165831194935805, -23.636200098726604, 0.0 ], [ -46.165827589886533, -23.636206879068212, 0.0 ], [ -46.165823984836905, -23.636213659409744, 0.0 ], [ -46.16581668503234, -23.636217090902427, 0.0 ], [ -46.165813079981881, -23.636223871243736, 0.0 ], [ -46.165805780176441, -23.636227302735929, 0.0 ], [ -46.165802175125158, -23.636234083077003, 0.0 ], [ -46.165802234927284, -23.636240835870463, 0.0 ], [ -46.165798629875475, -23.636247616211467, 0.0 ], [ -46.165791389869959, -23.636257800496505, 0.0 ], [ -46.165787784817155, -23.636264580837278, 0.0 ], [ -46.165784179763989, -23.636271361177972, 0.0 ], [ -46.16577690985563, -23.636278169065669, 0.0 ], [ -46.165769610046226, -23.636281600556295, 0.0 ], [ -46.165762310236431, -23.636285032046597, 0.0 ], [ -46.165755010426246, -23.63628846353657, 0.0 ], [ -46.165747740515407, -23.636295271422977, 0.0 ], [ -46.165740440704248, -23.636298702912296, 0.0 ], [ -46.165733170792095, -23.636305510798067, 0.0 ], [ -46.165725900879174, -23.636312318683519, 0.0 ], [ -46.165718630965507, -23.636319126568658, 0.0 ], [ -46.165707696194836, -23.636325961998963, 0.0 ], [ -46.165696761423007, -23.636332797428537, 0.0 ], [ -46.16568946160838, -23.636336228915571, 0.0 ], [ -46.165682161793349, -23.636339660402282, 0.0 ], [ -46.165674861977934, -23.636343091888651, 0.0 ], [ -46.165667532264365, -23.636343146977854, 0.0 ], [ -46.165660202550768, -23.636343202066708, 0.0 ], [ -46.16565287283715, -23.636343257155218, 0.0 ], [ -46.165645513226323, -23.636339935846511, 0.0 ], [ -46.165638153615852, -23.636336614537434, 0.0 ], [ -46.165630704315355, -23.636323164037304, 0.0 ], [ -46.165623314809594, -23.636316466330562, 0.0 ], [ -46.16561595520097, -23.636313145020349, 0.0 ], [ -46.165608535800324, -23.636303070915908, 0.0 ], [ -46.165597421649451, -23.636289647956946, 0.0 ], [ -46.165597361857692, -23.636282895163042, 0.0 ], [ -46.165590002251584, -23.636279573851485, 0.0 ], [ -46.1655862776053, -23.636272848600104, 0.0 ], [ -46.165586217814159, -23.636266095806164, 0.0 ], [ -46.165578798418537, -23.636256021700046, 0.0 ], [ -46.165575073773532, -23.636249296448341, 0.0 ], [ -46.165575013983037, -23.63624254365434, 0.0 ], [ -46.165571289338629, -23.636235818402501, 0.0 ], [ -46.165571229548362, -23.636229065608482, 0.0 ], [ -46.165561174174222, -23.636218800272417, 0.0 ], [ -46.165553248097865, -23.636203242962381, 0.0 ], [ -46.165552603149983, -23.636182143923541, 0.0 ], [ -46.165548878508552, -23.636175418671005, 0.0 ], [ -46.165545153867512, -23.636168693418348, 0.0 ], [ -46.16554509407878, -23.636161940624216, 0.0 ], [ -46.165545034290069, -23.63615518783007, 0.0 ], [ -46.16554497450138, -23.636148435035917, 0.0 ], [ -46.165541249861363, -23.636141709783114, 0.0 ], [ -46.165541190072908, -23.636134956988943, 0.0 ], [ -46.165541130284467, -23.636128204194762, 0.0 ], [ -46.165533770688491, -23.636124882880075, 0.0 ], [ -46.165526411092863, -23.636121561565023, 0.0 ], [ -46.165519051497611, -23.636118240249601, 0.0 ], [ -46.165511632115837, -23.636108166139547, 0.0 ], [ -46.165511572328995, -23.63610141334528, 0.0 ], [ -46.165504182842007, -23.636094715631941, 0.0 ], [ -46.165496823248787, -23.636091394315379, 0.0 ], [ -46.165489463655938, -23.636088072998444, 0.0 ], [ -46.165482074170797, -23.636081375283968, 0.0 ], [ -46.16547474447129, -23.636081430363483, 0.0 ], [ -46.165467354987264, -23.636074732648254, 0.0 ], [ -46.165459995396034, -23.636071411329848, 0.0 ], [ -46.165456270762633, -23.636064686074683, 0.0 ], [ -46.165452546129622, -23.636057960819404, 0.0 ], [ -46.165445186539692, -23.636054639500241, 0.0 ], [ -46.16544489079515, -23.63603417095252, 0.0 ], [ -46.165441166163653, -23.636027445696886, 0.0 ], [ -46.165433836467038, -23.636027500774357, 0.0 ], [ -46.165433776684417, -23.636020747979821, 0.0 ], [ -46.165433716901816, -23.636013995185287, 0.0 ], [ -46.165437321966976, -23.636007214852079, 0.0 ], [ -46.165437262184227, -23.636000462057538, 0.0 ], [ -46.165437202401506, -23.635993709262998, 0.0 ], [ -46.165437142618799, -23.63598695646845, 0.0 ], [ -46.165433417989128, -23.635980231212521, 0.0 ], [ -46.165429693359854, -23.635973505956482, 0.0 ], [ -46.165429633577595, -23.635966753161899, 0.0 ], [ -46.165429573795357, -23.635960000367309, 0.0 ], [ -46.165429514013148, -23.635953247572704, 0.0 ], [ -46.165433119077008, -23.635946467239602, 0.0 ], [ -46.16543672414052, -23.635939686906426, 0.0 ], [ -46.165440329203662, -23.635932906573171, 0.0 ], [ -46.165443934266456, -23.635926126239841, 0.0 ], [ -46.165451204174161, -23.635919318367542, 0.0 ], [ -46.16545847408112, -23.635912510494922, 0.0 ], [ -46.165462079142443, -23.635905730161216, 0.0 ], [ -46.165469349048095, -23.635898922288135, 0.0 ], [ -46.165470887028725, -23.635891524370635, 0.0 ], [ -46.165478156933155, -23.635884716497166, 0.0 ], [ -46.165480164228256, -23.635878581286107, 0.0 ], [ -46.165487404239038, -23.635868397014981, 0.0 ], [ -46.165487344454121, -23.635861644220444, 0.0 ], [ -46.165490949512652, -23.635854863886131, 0.0 ], [ -46.165498249306779, -23.635851432409076, 0.0 ], [ -46.165501854364486, -23.635844652074542, 0.0 ], [ -46.165501794578894, -23.635837899280016, 0.0 ], [ -46.165509124264766, -23.635837844199756, 0.0 ], [ -46.165509064478819, -23.635831091405233, 0.0 ], [ -46.165516334377998, -23.635824283530141, 0.0 ], [ -46.16551993943407, -23.635817503195224, 0.0 ], [ -46.165523544489787, -23.635810722860235, 0.0 ], [ -46.165530874174102, -23.635810667779001, 0.0 ], [ -46.165530814387111, -23.635803914984514, 0.0 ], [ -46.165538114177345, -23.635800483505719, 0.0 ], [ -46.165545413967187, -23.635797052026607, 0.0 ], [ -46.165552713756647, -23.635793620547144, 0.0 ], [ -46.165560013545701, -23.635790189067361, 0.0 ], [ -46.165559953757274, -23.635783436272931, 0.0 ], [ -46.165570948281307, -23.63578335364846, 0.0 ], [ -46.165578188279966, -23.635773169373451, 0.0 ], [ -46.165585517962036, -23.635773114289726, 0.0 ], [ -46.165589123013199, -23.635766333953352, 0.0 ], [ -46.165596422799744, -23.635762902471935, 0.0 ], [ -46.165600027850076, -23.63575612213533, 0.0 ], [ -46.165607297740394, -23.635749314256259, 0.0 ], [ -46.165614597525504, -23.635745882774042, 0.0 ], [ -46.165625532254523, -23.635739047351503, 0.0 ], [ -46.165632832038568, -23.635735615868466, 0.0 ], [ -46.165640131822215, -23.635732184385088, 0.0 ], [ -46.165647431605471, -23.635728752901382, 0.0 ], [ -46.165654731388329, -23.63572532141735, 0.0 ], [ -46.165662031170804, -23.635721889932981, 0.0 ], [ -46.16566197137734, -23.635715137138739, 0.0 ], [ -46.165669301055964, -23.635715082051171, 0.0 ], [ -46.165672906101264, -23.635708301713041, 0.0 ], [ -46.165683900618582, -23.635708219080808, 0.0 ], [ -46.165691200399301, -23.635704787595138, 0.0 ], [ -46.16569850017963, -23.635701356109134, 0.0 ], [ -46.165705829857387, -23.635701301019875, 0.0 ], [ -46.165705770061741, -23.635694548225718, 0.0 ], [ -46.165713099739101, -23.635694493136128, 0.0 ], [ -46.1657130399431, -23.635687740341979, 0.0 ], [ -46.165720369620068, -23.635687685252062, 0.0 ], [ -46.165727669398635, -23.63568425376474, 0.0 ], [ -46.165734969176825, -23.635680822277095, 0.0 ], [ -46.165734909379736, -23.635674069482988, 0.0 ], [ -46.165742239055881, -23.63567401439207, 0.0 ], [ -46.165749538833097, -23.635670582903767, 0.0 ], [ -46.165756838609916, -23.635667151415127, 0.0 ], [ -46.165756778811748, -23.635660398621066, 0.0 ], [ -46.165764108487082, -23.635660343529143, 0.0 ], [ -46.165764048688558, -23.635653590735089, 0.0 ], [ -46.165763988890056, -23.635646837941028, 0.0 ], [ -46.165771318564609, -23.635646782848795, 0.0 ], [ -46.165771258765758, -23.635640030054745, 0.0 ], [ -46.16577855854031, -23.635636598565171, 0.0 ], [ -46.165778498741112, -23.63562984577112, 0.0 ], [ -46.165785798514911, -23.635626414281234, 0.0 ], [ -46.165785738715371, -23.635619661487201, 0.0 ], [ -46.165785678915853, -23.635612908693162, 0.0 ], [ -46.165785619116356, -23.635606155899126, 0.0 ], [ -46.165792948788592, -23.635606100805958, 0.0 ], [ -46.165792888988747, -23.635599348011926, 0.0 ], [ -46.165800218660586, -23.635599292918428, 0.0 ], [ -46.165800158860378, -23.635592540124414, 0.0 ], [ -46.165807488531819, -23.635592485030585, 0.0 ], [ -46.165807428731263, -23.635585732236581, 0.0 ], [ -46.165814758402306, -23.635585677142423, 0.0 ], [ -46.165818363436721, -23.635578896801228, 0.0 ], [ -46.165825693107351, -23.635578841706575, 0.0 ], [ -46.165832992877043, -23.635575410214599, 0.0 ], [ -46.165840292646344, -23.635571978722286, 0.0 ], [ -46.165847562513974, -23.635565170832688, 0.0 ], [ -46.165851167546151, -23.635558390490797, 0.0 ], [ -46.165851107743457, -23.63555163769686, 0.0 ], [ -46.165858437412489, -23.635551582600719, 0.0 ], [ -46.165862042443756, -23.635544802258607, 0.0 ], [ -46.165865647474661, -23.635538021916418, 0.0 ], [ -46.165865587671277, -23.635531269122502, 0.0 ], [ -46.165872917339136, -23.635531214025722, 0.0 ], [ -46.165876522369132, -23.635524433683308, 0.0 ], [ -46.165876462565222, -23.635517680889407, 0.0 ], [ -46.165880067594699, -23.635510900546926, 0.0 ], [ -46.165883672623806, -23.635504120204367, 0.0 ], [ -46.165890972387807, -23.635500688709843, 0.0 ], [ -46.16589457741609, -23.635493908367057, 0.0 ], [ -46.165901847276672, -23.635487100475117, 0.0 ], [ -46.165909147039244, -23.635483668979788, 0.0 ], [ -46.165909087233779, -23.635476916185937, 0.0 ], [ -46.165916357092676, -23.635470108293365, 0.0 ], [ -46.16592365685392, -23.63546667679741, 0.0 ], [ -46.165927261879624, -23.635459896453927, 0.0 ], [ -46.16593456164, -23.635456464957482, 0.0 ], [ -46.165938166664887, -23.635449684613778, 0.0 ], [ -46.165945436520779, -23.635442876719939, 0.0 ], [ -46.165952766183509, -23.635442821619577, 0.0 ], [ -46.165952706375926, -23.63543606882579, 0.0 ], [ -46.165960006134277, -23.635432637328208, 0.0 ], [ -46.165967305892252, -23.635429205830306, 0.0 ], [ -46.165967246083959, -23.635422453036554, 0.0 ], [ -46.165974545841173, -23.635419021538322, 0.0 ], [ -46.165978150863019, -23.63541224119378, 0.0 ], [ -46.165981755884502, -23.635405460849157, 0.0 ], [ -46.16598536090563, -23.635398680504458, 0.0 ], [ -46.165988965926402, -23.635391900159682, 0.0 ], [ -46.165996265681336, -23.635388468660512, 0.0 ], [ -46.165996205871679, -23.635381715866789, 0.0 ], [ -46.166003505625859, -23.635378284367299, 0.0 ], [ -46.166007110645168, -23.635371504022149, 0.0 ], [ -46.166010715664108, -23.635364723676922, 0.0 ], [ -46.166018015416959, -23.635361292176803, 0.0 ], [ -46.166025315169421, -23.63535786067634, 0.0 ], [ -46.166032585015763, -23.635351052778731, 0.0 ], [ -46.16603985486136, -23.635344244880795, 0.0 ], [ -46.166043459877905, -23.635337464534874, 0.0 ], [ -46.166050759628348, -23.635334033033288, 0.0 ], [ -46.166054364644062, -23.635327252687159, 0.0 ], [ -46.166057969659413, -23.635320472340933, 0.0 ], [ -46.166061574674409, -23.635313691994646, 0.0 ], [ -46.166068874423047, -23.635310260492268, 0.0 ], [ -46.166068814609893, -23.635303507698637, 0.0 ], [ -46.166068754796754, -23.63529675490501, 0.0 ], [ -46.166076054544277, -23.635293323402333, 0.0 ], [ -46.166079659557646, -23.63528654305566, 0.0 ], [ -46.166083264570645, -23.635279762708915, 0.0 ], [ -46.166083204756838, -23.635273009915299, 0.0 ], [ -46.166090504502662, -23.635269578412004, 0.0 ], [ -46.166094109514674, -23.635262798065032, 0.0 ], [ -46.166101409259632, -23.635259366561247, 0.0 ], [ -46.166108709004206, -23.635255935057135, 0.0 ], [ -46.166112314014924, -23.635249154709779, 0.0 ], [ -46.16611964366642, -23.635249099601957, 0.0 ], [ -46.166119583850836, -23.635242346808404, 0.0 ], [ -46.166126913501941, -23.635242291700255, 0.0 ], [ -46.166130518511359, -23.635235511352516, 0.0 ], [ -46.166137848162059, -23.635235456243862, 0.0 ], [ -46.166141453170724, -23.635228675895888, 0.0 ], [ -46.166145058179033, -23.635221895547843, 0.0 ], [ -46.166152357920332, -23.635218464041785, 0.0 ], [ -46.166155962927817, -23.635211683693509, 0.0 ], [ -46.16615956793494, -23.635204903345159, 0.0 ], [ -46.166163172941701, -23.635198122996741, 0.0 ], [ -46.166166748039181, -23.635187966251497, 0.0 ], [ -46.166170353045146, -23.635181185902923, 0.0 ], [ -46.166177622874343, -23.635174377999036, 0.0 ], [ -46.166184862793429, -23.635164193698103, 0.0 ], [ -46.166188467797845, -23.635157413349148, 0.0 ], [ -46.166195767534425, -23.63515398184121, 0.0 ], [ -46.166195707715197, -23.635147229047753, 0.0 ], [ -46.166199312718625, -23.635140448698575, 0.0 ], [ -46.166206582544106, -23.635133640793438, 0.0 ], [ -46.166213882278882, -23.6351302092847, 0.0 ], [ -46.166213822458801, -23.635123456491264, 0.0 ], [ -46.166221122192816, -23.635120024982225, 0.0 ], [ -46.166221062372394, -23.635113272188796, 0.0 ], [ -46.166228362105656, -23.635109840679426, 0.0 ], [ -46.166231967106427, -23.635103060329566, 0.0 ], [ -46.166231907285486, -23.635096307536159, 0.0 ], [ -46.166239207017526, -23.63509287602632, 0.0 ], [ -46.166242812017302, -23.635086095676229, 0.0 ], [ -46.166246417016708, -23.635079315326067, 0.0 ], [ -46.166253716747413, -23.635075883815603, 0.0 ], [ -46.166257321746002, -23.635069103465206, 0.0 ], [ -46.166260926744236, -23.635062323114742, 0.0 ], [ -46.166268226473605, -23.635058891603624, 0.0 ], [ -46.16626816665093, -23.635052138810263, 0.0 ], [ -46.166275466379545, -23.635048707298836, 0.0 ], [ -46.166279071376316, -23.635041926947988, 0.0 ], [ -46.166286371104064, -23.635038495436074, 0.0 ], [ -46.166286311280523, -23.635031742642738, 0.0 ], [ -46.166293611007518, -23.635028311130515, 0.0 ], [ -46.166300880822, -23.635021503221299, 0.0 ], [ -46.166308180548029, -23.635018071708416, 0.0 ], [ -46.166311785542305, -23.635011291356882, 0.0 ], [ -46.166319085267467, -23.635007859843515, 0.0 ], [ -46.166326384992246, -23.635004428329818, 0.0 ], [ -46.166329989985222, -23.634997647977897, 0.0 ], [ -46.166329930159556, -23.634990895184632, 0.0 ], [ -46.166333535152013, -23.634984114832648, 0.0 ], [ -46.166340834875093, -23.634980683318336, 0.0 ], [ -46.16634443986672, -23.634973902966113, 0.0 ], [ -46.166348044857983, -23.634967122613819, 0.0 ], [ -46.166355284752861, -23.634956938305631, 0.0 ], [ -46.16635888974313, -23.63495015795311, 0.0 ], [ -46.16635882991612, -23.63494340515987, 0.0 ], [ -46.166362434905871, -23.634936624807274, 0.0 ], [ -46.166366039895252, -23.634929844454614, 0.0 ], [ -46.166369644884284, -23.634923064101873, 0.0 ], [ -46.166369585056799, -23.634916311308636, 0.0 ], [ -46.166376884775183, -23.634912879792772, 0.0 ], [ -46.166376824947349, -23.634906126999546, 0.0 ], [ -46.166380400021232, -23.634895970249964, 0.0 ], [ -46.16638766982404, -23.634889162337032, 0.0 ], [ -46.166391274810913, -23.63488238198385, 0.0 ], [ -46.16639121498244, -23.634875629190628, 0.0 ], [ -46.166391155153981, -23.634868876397409, 0.0 ], [ -46.166391095325544, -23.634862123604176, 0.0 ], [ -46.166391035497135, -23.634855370810936, 0.0 ], [ -46.166390975668747, -23.634848618017692, 0.0 ], [ -46.166394580654426, -23.634841837664442, 0.0 ], [ -46.166398185639757, -23.634835057311118, 0.0 ], [ -46.166398125811064, -23.634828304517871, 0.0 ], [ -46.166398065982385, -23.634821551724624, 0.0 ], [ -46.166398006153727, -23.634814798931362, 0.0 ], [ -46.166397946325098, -23.634808046138104, 0.0 ], [ -46.16639788649649, -23.634801293344829, 0.0 ], [ -46.166397826667904, -23.634794540551571, 0.0 ], [ -46.166401431651877, -23.634787760198183, 0.0 ], [ -46.166401371823149, -23.634781007404907, 0.0 ], [ -46.166404976806596, -23.634774227051444, 0.0 ], [ -46.166404916977719, -23.634767474258169, 0.0 ], [ -46.166408521960648, -23.634760693904646, 0.0 ], [ -46.166412126943214, -23.63475391355103, 0.0 ], [ -46.166412067114031, -23.634747160757748, 0.0 ], [ -46.166412007284869, -23.634740407964461, 0.0 ], [ -46.166411947455728, -23.634733655171171, 0.0 ], [ -46.166411887626616, -23.634726902377871, 0.0 ], [ -46.166411827797518, -23.634720149584567, 0.0 ], [ -46.166411767968448, -23.634713396791255, 0.0 ], [ -46.1664117081394, -23.634706643997937, 0.0 ], [ -46.166411648310373, -23.63469989120463, 0.0 ], [ -46.166411588481374, -23.634693138411301, 0.0 ], [ -46.166411528652382, -23.634686385617965, 0.0 ], [ -46.166407804013907, -23.634679660384844, 0.0 ], [ -46.166407744185157, -23.634672907591487, 0.0 ], [ -46.166407684356429, -23.634666154798129, 0.0 ], [ -46.166403959718764, -23.634659429564874, 0.0 ], [ -46.16640389989027, -23.634652676771488, 0.0 ], [ -46.166403840061797, -23.634645923978105, 0.0 ], [ -46.166403780233345, -23.634639171184709, 0.0 ], [ -46.166403720404915, -23.634632418391309, 0.0 ], [ -46.166396360874465, -23.634629097114487, 0.0 ], [ -46.166392636238498, -23.634622371880866, 0.0 ], [ -46.16638891160293, -23.634615646647131, 0.0 ], [ -46.166385186967752, -23.634608921413282, 0.0 ], [ -46.166385127140359, -23.634602168619825, 0.0 ], [ -46.166381402505792, -23.634595443385859, 0.0 ], [ -46.166381342678626, -23.634588690592363, 0.0 ], [ -46.166381282851496, -23.63458193779886, 0.0 ], [ -46.166381223024388, -23.63457518500536, 0.0 ], [ -46.16638482800375, -23.634568404652377, 0.0 ], [ -46.166392127702828, -23.634564973136424, 0.0 ], [ -46.166399427401515, -23.63456154162014, 0.0 ], [ -46.16640666727146, -23.634551357310066, 0.0 ], [ -46.166413996883342, -23.634551302189866, 0.0 ], [ -46.166417601860388, -23.63454452183619, 0.0 ], [ -46.166424901557242, -23.634541090318777, 0.0 ], [ -46.166428506533464, -23.634534309964874, 0.0 ], [ -46.166432111509316, -23.634527529610889, 0.0 ], [ -46.166435716484813, -23.634520749256836, 0.0 ], [ -46.166439321459961, -23.634513968902713, 0.0 ], [ -46.166442926434733, -23.634507188548515, 0.0 ], [ -46.166442866604676, -23.634500435755097, 0.0 ], [ -46.166446471578929, -23.634493655400821, 0.0 ], [ -46.16644641174873, -23.634486902607396, 0.0 ], [ -46.16645371144164, -23.634483471088746, 0.0 ], [ -46.166453651611093, -23.634476718295335, 0.0 ], [ -46.166457256584188, -23.634469937940835, 0.0 ], [ -46.166457196753498, -23.634463185147421, 0.0 ], [ -46.166460801726068, -23.634456404792846, 0.0 ], [ -46.166464406698282, -23.634449624438204, 0.0 ], [ -46.166468011670133, -23.634442844083484, 0.0 ], [ -46.16647161664163, -23.634436063728685, 0.0 ], [ -46.166475221612764, -23.634429283373816, 0.0 ], [ -46.166475161781264, -23.634422530580402, 0.0 ], [ -46.166475101949786, -23.634415777786995, 0.0 ], [ -46.166475042118336, -23.634409024993573, 0.0 ], [ -46.166474982286907, -23.634402272200141, 0.0 ], [ -46.166478587257018, -23.634395491845208, 0.0 ], [ -46.166478527425447, -23.634388739051776, 0.0 ], [ -46.166482132395039, -23.634381958696768, 0.0 ], [ -46.166482072563326, -23.634375205903336, 0.0 ], [ -46.16648195289995, -23.634361700316447, 0.0 ], [ -46.166485557868683, -23.634354919961375, 0.0 ], [ -46.16648549803687, -23.634348167167921, 0.0 ], [ -46.166492827637242, -23.634348112044446, 0.0 ], [ -46.166492767805074, -23.634341359251003, 0.0 ], [ -46.166496372772727, -23.634334578895704, 0.0 ], [ -46.166499977740031, -23.634327798540333, 0.0 ], [ -46.166499917907551, -23.634321045746901, 0.0 ], [ -46.166503522874322, -23.634314265391456, 0.0 ], [ -46.166507127840731, -23.634307485035936, 0.0 ], [ -46.166510732806785, -23.634300704680346, 0.0 ], [ -46.166510672973835, -23.634293951886903, 0.0 ], [ -46.1665106131409, -23.63428719909346, 0.0 ], [ -46.166510553307994, -23.634280446300007, 0.0 ], [ -46.166510493475108, -23.634273693506557, 0.0 ], [ -46.166510433642244, -23.634266940713093, 0.0 ], [ -46.166510373809402, -23.634260187919622, 0.0 ], [ -46.166510313976588, -23.634253435126155, 0.0 ], [ -46.166510254143788, -23.63424668233268, 0.0 ], [ -46.166510194311016, -23.634239929539188, 0.0 ], [ -46.166510134478258, -23.634233176745706, 0.0 ], [ -46.166510074645529, -23.634226423952207, 0.0 ], [ -46.166513679609402, -23.63421964359657, 0.0 ], [ -46.166513619776531, -23.63421289080307, 0.0 ], [ -46.166513559943674, -23.634206138009564, 0.0 ], [ -46.166513500110852, -23.634199385216046, 0.0 ], [ -46.166513440278038, -23.634192632422529, 0.0 ], [ -46.166513380445252, -23.634185879629008, 0.0 ], [ -46.166513320612495, -23.634179126835473, 0.0 ], [ -46.166513230863394, -23.634168997645169, 0.0 ], [ -46.166513141114343, -23.63415886845485, 0.0 ], [ -46.166524350058076, -23.634144222473157, 0.0 ], [ -46.166532004990522, -23.634129181142349, 0.0 ], [ -46.166538497845004, -23.634112249201337, 0.0 ], [ -46.166549280469951, -23.634101194084881, 0.0 ], [ -46.166552885428636, -23.634094413728445, 0.0 ], [ -46.166556490386952, -23.634087633371927, 0.0 ], [ -46.166556430552255, -23.634080880578413, 0.0 ], [ -46.166556370717593, -23.634074127784888, 0.0 ], [ -46.166556310882939, -23.634067374991371, 0.0 ], [ -46.166559915840409, -23.634060594634782, 0.0 ], [ -46.16656349088003, -23.634050437881363, 0.0 ], [ -46.166563431045084, -23.634043685087835, 0.0 ], [ -46.16656337121016, -23.6340369322943, 0.0 ], [ -46.166563311375256, -23.634030179500762, 0.0 ], [ -46.166563251540367, -23.634023426707216, 0.0 ], [ -46.166566856496374, -23.634016646350499, 0.0 ], [ -46.166570461452018, -23.634009865993704, 0.0 ], [ -46.166570401616831, -23.634003113200155, 0.0 ], [ -46.166570341781657, -23.633996360406606, 0.0 ], [ -46.16657028194652, -23.633989607613049, 0.0 ], [ -46.166570222111396, -23.633982854819486, 0.0 ], [ -46.166573827066017, -23.633976074462627, 0.0 ], [ -46.166577432020283, -23.63396929410569, 0.0 ], [ -46.166577372184847, -23.633962541312123, 0.0 ], [ -46.166577312349439, -23.633955788518556, 0.0 ], [ -46.166580917303008, -23.633949008161551, 0.0 ], [ -46.166584522256223, -23.633942227804472, 0.0 ], [ -46.166584462420502, -23.633935475010901, 0.0 ], [ -46.16658440258481, -23.633928722217327, 0.0 ], [ -46.166588007537335, -23.633921941860176, 0.0 ], [ -46.166587947701494, -23.633915189066595, 0.0 ], [ -46.166591552653493, -23.633908408709381, 0.0 ], [ -46.16659149281751, -23.6339016559158, 0.0 ], [ -46.166595097768983, -23.633894875558507, 0.0 ], [ -46.166598702720094, -23.633888095201144, 0.0 ], [ -46.166598642883805, -23.633881342407555, 0.0 ], [ -46.166595688144874, -23.633871023726581, 0.0 ], [ -46.166595628308791, -23.633864270932971, 0.0 ], [ -46.166595568472722, -23.633857518139358, 0.0 ], [ -46.166595508636668, -23.633850765345738, 0.0 ], [ -46.16659079676316, -23.633836028064216, 0.0 ], [ -46.166590736927418, -23.633829275270575, 0.0 ], [ -46.166590677091705, -23.633822522476919, 0.0 ], [ -46.166590617256013, -23.633815769683256, 0.0 ], [ -46.16658536875245, -23.633792172805155, 0.0 ], [ -46.166585308917114, -23.633785420011456, 0.0 ], [ -46.166585249081805, -23.633778667217747, 0.0 ], [ -46.166588854030529, -23.633771886860618, 0.0 ], [ -46.166592458978897, -23.633765106503411, 0.0 ], [ -46.166596034009018, -23.633754949749278, 0.0 ], [ -46.166595974173241, -23.633748196955569, 0.0 ], [ -46.166589190571031, -23.633706462280472, 0.0 ], [ -46.166589130735744, -23.633699709486709, 0.0 ], [ -46.166589070900478, -23.63369295669294, 0.0 ], [ -46.166592675846857, -23.633686176335743, 0.0 ], [ -46.166592616011457, -23.63367942354197, 0.0 ], [ -46.166598902228095, -23.633665025619049, 0.0 ], [ -46.166602507173259, -23.63365824526165, 0.0 ], [ -46.166602447337432, -23.633651492467877, 0.0 ], [ -46.166606052282077, -23.633644712110407, 0.0 ], [ -46.166609657226367, -23.633637931752862, 0.0 ], [ -46.16660959739022, -23.633631178959092, 0.0 ], [ -46.166618031978508, -23.633600725922854, 0.0 ], [ -46.166610276088399, -23.633552667394621, 0.0 ], [ -46.166607235805706, -23.633519768197292, 0.0 ], [ -46.16660401579616, -23.633498899567286, 0.0 ], [ -46.166599803169845, -23.633488801385312, 0.0 ], [ -46.166599236621558, -23.633476565391739, 0.0 ], [ -46.166604519219213, -23.633452308949568, 0.0 ], [ -46.166621220086668, -23.633372410643631, 0.0 ], [ -46.166638501796818, -23.633336488806851, 0.0 ], [ -46.166658107093134, -23.633295737129018, 0.0 ], [ -46.166676482734466, -23.63325754139483, 0.0 ], [ -46.16669499405829, -23.633219063606589, 0.0 ], [ -46.166724156934393, -23.633149623497779, 0.0 ], [ -46.166753319781165, -23.633080183384081, 0.0 ], [ -46.166773515181262, -23.633032758763449, 0.0 ], [ -46.166793710567489, -23.6329853341405, 0.0 ], [ -46.166799152656985, -23.632962192686723, 0.0 ], [ -46.166790110974645, -23.632960405870413, 0.0 ], [ -46.166775850182326, -23.632953759899198, 0.0 ], [ -46.166755270013127, -23.632944840033694, 0.0 ], [ -46.166751545410889, -23.632938114806105, 0.0 ], [ -46.166751485569463, -23.632931362012059, 0.0 ], [ -46.166747760967823, -23.63292463678436, 0.0 ], [ -46.166747701126631, -23.632917883990295, 0.0 ], [ -46.166740341686129, -23.632914562725642, 0.0 ], [ -46.166736617085569, -23.632907837497601, 0.0 ], [ -46.166732892485392, -23.632901112269451, 0.0 ], [ -46.166732832645025, -23.632894359475326, 0.0 ], [ -46.166725473206213, -23.632891038209891, 0.0 ], [ -46.166725413366251, -23.632884285415749, 0.0 ], [ -46.166725353526317, -23.632877532621603, 0.0 ], [ -46.16672162892764, -23.632870807393097, 0.0 ], [ -46.166721569087933, -23.632864054598926, 0.0 ], [ -46.166721509248248, -23.632857301804748, 0.0 ], [ -46.166721449408584, -23.632850549010566, 0.0 ], [ -46.166721389568949, -23.63284379621637, 0.0 ], [ -46.16671394037445, -23.632830345758922, 0.0 ], [ -46.166713880535255, -23.632823592964701, 0.0 ], [ -46.166710155938802, -23.632816867735794, 0.0 ], [ -46.166710096099841, -23.632810114941545, 0.0 ], [ -46.166706371503992, -23.63280338971251, 0.0 ], [ -46.166702646908533, -23.632796664483372, 0.0 ], [ -46.166702587070013, -23.632789911689088, 0.0 ], [ -46.166695167799752, -23.632779837627602, 0.0 ], [ -46.166687748530641, -23.632769763565705, 0.0 ], [ -46.166687688692953, -23.632763010771363, 0.0 ], [ -46.166683964099668, -23.632756285541657, 0.0 ], [ -46.166680239506775, -23.632749560311836, 0.0 ], [ -46.166672820240592, -23.632739486249083, 0.0 ], [ -46.166665430893779, -23.632732788583123, 0.0 ], [ -46.166654376792891, -23.632726118480679, 0.0 ], [ -46.166647047283227, -23.632726173608241, 0.0 ], [ -46.166639687855991, -23.632722852338205, 0.0 ], [ -46.166635963266337, -23.632716127107173, 0.0 ], [ -46.166628603839932, -23.632712805836576, 0.0 ], [ -46.166624879251145, -23.632706080605228, 0.0 ], [ -46.166621154662742, -23.632699355373774, 0.0 ], [ -46.166617430074737, -23.632692630142209, 0.0 ], [ -46.166617370240878, -23.632685877347626, 0.0 ], [ -46.166617310407048, -23.632679124553043, 0.0 ], [ -46.166617250573239, -23.632672371758453, 0.0 ], [ -46.166617190739444, -23.632665618963856, 0.0 ], [ -46.16662079565868, -23.632658838606304, 0.0 ], [ -46.166620735824743, -23.632652085811696, 0.0 ], [ -46.166620675990842, -23.632645333017095, 0.0 ], [ -46.166624280909382, -23.632638552659472, 0.0 ], [ -46.166627885827559, -23.632631772301764, 0.0 ], [ -46.166627825993345, -23.632625019507159, 0.0 ], [ -46.166627766159145, -23.632618266712548, 0.0 ], [ -46.166627706324974, -23.632611513917936, 0.0 ], [ -46.166627646490824, -23.632604761123307, 0.0 ], [ -46.166627586656688, -23.632598008328678, 0.0 ], [ -46.166631191573686, -23.632591227970909, 0.0 ], [ -46.166631131739415, -23.632584475176273, 0.0 ], [ -46.166631071905165, -23.632577722381637, 0.0 ], [ -46.16663101207093, -23.63257096958699, 0.0 ], [ -46.166627287486371, -23.632564244355436, 0.0 ], [ -46.166627227652377, -23.632557491560764, 0.0 ], [ -46.16663083256838, -23.632550711203027, 0.0 ], [ -46.166630772734237, -23.632543958408352, 0.0 ], [ -46.166630712900123, -23.632537205613676, 0.0 ], [ -46.166630653066029, -23.632530452818997, 0.0 ], [ -46.16663059323195, -23.632523700024311, 0.0 ], [ -46.166634198146937, -23.6325169196665, 0.0 ], [ -46.166634138312716, -23.632510166871803, 0.0 ], [ -46.166630084643224, -23.632466301269226, 0.0 ], [ -46.166630024809365, -23.632459548474479, 0.0 ], [ -46.16662996497552, -23.632452795679725, 0.0 ], [ -46.166629905141704, -23.632446042884968, 0.0 ], [ -46.166629845307909, -23.632439290090204, 0.0 ], [ -46.166629785474136, -23.632432537295436, 0.0 ], [ -46.166629725640384, -23.632425784500661, 0.0 ], [ -46.16662966580666, -23.632419031705883, 0.0 ], [ -46.16662960597295, -23.63241227891109, 0.0 ], [ -46.166633210885202, -23.632405498553322, 0.0 ], [ -46.166636815797098, -23.632398718195489, 0.0 ], [ -46.166636755963076, -23.632391965400707, 0.0 ], [ -46.166640360874439, -23.632385185042796, 0.0 ], [ -46.166640301040282, -23.632378432248, 0.0 ], [ -46.166640241206146, -23.632371679453204, 0.0 ], [ -46.166636516627236, -23.632364954221494, 0.0 ], [ -46.166636456793334, -23.632358201426676, 0.0 ], [ -46.166636396959454, -23.632351448631852, 0.0 ], [ -46.166636337125595, -23.63234469583702, 0.0 ], [ -46.166636277291758, -23.632337943042188, 0.0 ], [ -46.166639463364397, -23.632283893120306, 0.0 ], [ -46.166639403530574, -23.632277140325421, 0.0 ], [ -46.166639343696772, -23.632270387530536, 0.0 ], [ -46.166635619121017, -23.632263662298595, 0.0 ], [ -46.166631894545652, -23.632256937066554, 0.0 ], [ -46.166631834712291, -23.632250184271633, 0.0 ], [ -46.166628110137523, -23.632243459039458, 0.0 ], [ -46.166628050304404, -23.63223670624452, 0.0 ], [ -46.166624325730233, -23.632229981012227, 0.0 ], [ -46.16662426589734, -23.632223228217264, 0.0 ], [ -46.166624206064469, -23.632216475422286, 0.0 ], [ -46.166620481491115, -23.632209750189851, 0.0 ], [ -46.166620421658479, -23.63220299739487, 0.0 ], [ -46.166620361825856, -23.632196244599875, 0.0 ], [ -46.166620301993262, -23.632189491804869, 0.0 ], [ -46.166618923158197, -23.632153440901597, 0.0 ], [ -46.166615692555609, -23.632147529729803, 0.0 ], [ -46.166609396708004, -23.632138212228636, 0.0 ], [ -46.166608258372342, -23.632135767462888, 0.0 ], [ -46.166608240100352, -23.632133705232278, 0.0 ], [ -46.166603446067683, -23.632122613723844, 0.0 ], [ -46.166602808595357, -23.632118529639058, 0.0 ], [ -46.16660155386721, -23.632115874709729, 0.0 ], [ -46.166601523951506, -23.632112498312168, 0.0 ], [ -46.16660149403581, -23.632109121914603, 0.0 ], [ -46.166602470169856, -23.632106186408112, 0.0 ], [ -46.166603266573198, -23.632102355338517, 0.0 ], [ -46.166603221699603, -23.632097290742163, 0.0 ], [ -46.166603064642125, -23.632079564654944, 0.0 ], [ -46.16660290758481, -23.63206183856768, 0.0 ], [ -46.166602877669149, -23.632058462170104, 0.0 ], [ -46.166604590203065, -23.632020686515112, 0.0 ], [ -46.166598971749771, -23.631979562992761, 0.0 ], [ -46.166597876073794, -23.631959311497443, 0.0 ], [ -46.166597644229682, -23.631933144415758, 0.0 ], [ -46.166594772279588, -23.631919237446674, 0.0 ], [ -46.166592853907161, -23.631909544084188, 0.0 ], [ -46.166590991625931, -23.631906181467276, 0.0 ], [ -46.166589129344793, -23.631902818850339, 0.0 ], [ -46.166589099429714, -23.631899442452678, 0.0 ], [ -46.166589069514636, -23.631896066055003, 0.0 ], [ -46.166582374837141, -23.63189020731398, 0.0 ], [ -46.166575597894798, -23.631875063479004, 0.0 ], [ -46.166563132205106, -23.631864183204573, 0.0 ], [ -46.166547501009802, -23.631857969591294, 0.0 ], [ -46.166525722039871, -23.631855917468553, 0.0 ], [ -46.166521997482505, -23.631849192232849, 0.0 ], [ -46.166514578282026, -23.631839118158886, 0.0 ], [ -46.166510853725732, -23.631832392922867, 0.0 ], [ -46.16650712916983, -23.63182566768673, 0.0 ], [ -46.166503404614311, -23.631818942450479, 0.0 ], [ -46.166499680059196, -23.631812217214115, 0.0 ], [ -46.166492230950134, -23.631798766741063, 0.0 ], [ -46.166484811754884, -23.631788692665413, 0.0 ], [ -46.166481087201625, -23.631781967428509, 0.0 ], [ -46.166481027377351, -23.63177521463281, 0.0 ], [ -46.166477302824688, -23.631768489395782, 0.0 ], [ -46.166469883632367, -23.631758415319265, 0.0 ], [ -46.166462464441196, -23.631748341242336, 0.0 ], [ -46.166458739890288, -23.631741616004771, 0.0 ], [ -46.166455015339778, -23.631734890767106, 0.0 ], [ -46.166454955516969, -23.631728137971301, 0.0 ], [ -46.166451230967056, -23.631721412733498, 0.0 ], [ -46.16645117114448, -23.631714659937671, 0.0 ], [ -46.166451111321926, -23.631707907141845, 0.0 ], [ -46.166451051499401, -23.631701154346004, 0.0 ], [ -46.166450991676889, -23.63169440155016, 0.0 ], [ -46.166458291218206, -23.63169097003621, 0.0 ], [ -46.16646189612144, -23.631684189682247, 0.0 ], [ -46.166469225573593, -23.63168413456572, 0.0 ], [ -46.166476525113843, -23.631680703050943, 0.0 ], [ -46.166483854565762, -23.631680647933731, 0.0 ], [ -46.166491184017652, -23.631680592816178, 0.0 ], [ -46.166498513469527, -23.631680537698273, 0.0 ], [ -46.166505842921381, -23.631680482580023, 0.0 ], [ -46.166513172373215, -23.631680427461426, 0.0 ], [ -46.166520471912015, -23.631676995944641, 0.0 ], [ -46.166527801363614, -23.631676940825358, 0.0 ], [ -46.166535130815191, -23.631676885705737, 0.0 ], [ -46.16654609507885, -23.631673426627835, 0.0 ], [ -46.166557089255846, -23.631673343946979, 0.0 ], [ -46.166564418707139, -23.631673288825983, 0.0 ], [ -46.166571748158418, -23.631673233704632, 0.0 ], [ -46.166598433230462, -23.631663483504653, 0.0 ], [ -46.166618817330182, -23.631663224680707, 0.0 ], [ -46.166622459618772, -23.631660664820497, 0.0 ], [ -46.166626101907212, -23.631658104960227, 0.0 ], [ -46.166633371525741, -23.631651297040555, 0.0 ], [ -46.166641843748124, -23.631647724799176, 0.0 ], [ -46.166646808655571, -23.631645788107768, 0.0 ], [ -46.166649119325271, -23.631644821053996, 0.0 ], [ -46.16665163531772, -23.631644406433111, 0.0 ], [ -46.166655300042436, -23.631644378870455, 0.0 ], [ -46.166658964767159, -23.63164435130771, 0.0 ], [ -46.166666279258223, -23.631642607983121, 0.0 ], [ -46.166673593749081, -23.631640864658191, 0.0 ], [ -46.166677243515196, -23.631639148896177, 0.0 ], [ -46.166680908239734, -23.631639121332917, 0.0 ], [ -46.166684572964272, -23.631639093769572, 0.0 ], [ -46.166688222730173, -23.631637378007319, 0.0 ], [ -46.166690665879813, -23.631637359631647, 0.0 ], [ -46.166702851710433, -23.631633891355087, 0.0 ], [ -46.166706516434793, -23.63163386379123, 0.0 ], [ -46.166710181159146, -23.631633836227287, 0.0 ], [ -46.1667138458835, -23.631633808663256, 0.0 ], [ -46.166717510607846, -23.63163378109914, 0.0 ], [ -46.166721175332185, -23.631633753534931, 0.0 ], [ -46.166724840056517, -23.631633725970644, 0.0 ], [ -46.166728504780849, -23.631633698406265, 0.0 ], [ -46.166732169505167, -23.631633670841804, 0.0 ], [ -46.166748727843022, -23.631634654250394, 0.0 ], [ -46.166752392567346, -23.631634626685454, 0.0 ], [ -46.166756057291664, -23.631634599120414, 0.0 ], [ -46.166761554378127, -23.631634557772713, 0.0 ], [ -46.16676521910243, -23.631634530207471, 0.0 ], [ -46.166768883826727, -23.631634502642132, 0.0 ], [ -46.166772548551023, -23.631634475076723, 0.0 ], [ -46.16677804563745, -23.631634433728433, 0.0 ], [ -46.166786484088362, -23.631636744442989, 0.0 ], [ -46.166790148812694, -23.63163671687715, 0.0 ], [ -46.166794676083612, -23.631640323244408, 0.0 ], [ -46.166798555948944, -23.631641955991515, 0.0 ], [ -46.166805903050133, -23.631647123939441, 0.0 ], [ -46.166809567774727, -23.631647096373133, 0.0 ], [ -46.166813232499315, -23.631647068806739, 0.0 ], [ -46.166816912184181, -23.631648729439007, 0.0 ], [ -46.166820576908812, -23.631648701872436, 0.0 ], [ -46.166824256593799, -23.631650362504537, 0.0 ], [ -46.166827921318465, -23.631650334937792, 0.0 ], [ -46.166831586043116, -23.631650307370965, 0.0 ], [ -46.166835250767768, -23.631650279804045, 0.0 ], [ -46.166838930452982, -23.631651940435781, 0.0 ], [ -46.16685327688441, -23.631661804105811, 0.0 ], [ -46.166855139168447, -23.63166516671955, 0.0 ], [ -46.166858818854315, -23.631666827350788, 0.0 ], [ -46.166862498540269, -23.631668487981923, 0.0 ], [ -46.166862528462033, -23.63167186437936, 0.0 ], [ -46.166866158612073, -23.631680858985067, 0.0 ], [ -46.166871960363196, -23.631686117694088, 0.0 ], [ -46.166873951842447, -23.631692750438756, 0.0 ], [ -46.16687624745046, -23.631699776593504, 0.0 ], [ -46.166879235104012, -23.631707351519399, 0.0 ], [ -46.166882566326017, -23.631714923860702, 0.0 ], [ -46.166885079125571, -23.631725456903734, 0.0 ], [ -46.166888818658556, -23.631733870328915, 0.0 ], [ -46.166892573153348, -23.63174397195267, 0.0 ], [ -46.16689635757151, -23.631757449973648, 0.0 ], [ -46.166896387494269, -23.631760826370996, 0.0 ], [ -46.166901503694987, -23.6317678840661, 0.0 ], [ -46.166905439560686, -23.631779065899423, 0.0 ], [ -46.166903212458131, -23.631786231596124, 0.0 ], [ -46.166906951994157, -23.631794645020687, 0.0 ], [ -46.166912309075521, -23.631802228500995, 0.0 ], [ -46.166912319049935, -23.63180335396676, 0.0 ], [ -46.166915153002648, -23.631812970090692, 0.0 ], [ -46.16691805406785, -23.631820466527376, 0.0 ], [ -46.166919667453278, -23.631828051790578, 0.0 ], [ -46.166920481159373, -23.631832635765289, 0.0 ], [ -46.16692053057578, -23.631839019320235, 0.0 ], [ -46.166926824435095, -23.631844881061618, 0.0 ], [ -46.166931433401068, -23.631848011972327, 0.0 ], [ -46.166937649427169, -23.631851552870849, 0.0 ], [ -46.166948465069005, -23.63185716955515, 0.0 ], [ -46.16696188481211, -23.631859390025369, 0.0 ], [ -46.166961944661288, -23.631866142819838, 0.0 ], [ -46.166965669241158, -23.631872868044059, 0.0 ], [ -46.166965759015277, -23.631882997235724, 0.0 ], [ -46.166969483595864, -23.631889722459807, 0.0 ], [ -46.166973208176834, -23.631896447683793, 0.0 ], [ -46.166973268026695, -23.631903200478195, 0.0 ], [ -46.166976992608269, -23.631909925702054, 0.0 ], [ -46.166977052458364, -23.631916678496442, 0.0 ], [ -46.166977142233542, -23.631926807687996, 0.0 ], [ -46.166977202083686, -23.631933560482366, 0.0 ], [ -46.166980926666398, -23.631940285706062, 0.0 ], [ -46.166984651249493, -23.63194701092964, 0.0 ], [ -46.16699166926513, -23.631972388317564, 0.0 ], [ -46.166992215263036, -23.631982303037809, 0.0 ], [ -46.16699963450759, -23.631992377086977, 0.0 ], [ -46.166999724284828, -23.632002506278365, 0.0 ], [ -46.167006627457816, -23.63200604200409, 0.0 ], [ -46.167010352044208, -23.632012767226879, 0.0 ], [ -46.167014076630998, -23.632019492449547, 0.0 ], [ -46.167022166439317, -23.632044650733171, 0.0 ], [ -46.167022226292104, -23.632051403527335, 0.0 ], [ -46.167025950880671, -23.632058128749613, 0.0 ], [ -46.1670260107337, -23.632064881543752, 0.0 ], [ -46.167026070586743, -23.632071634337883, 0.0 ], [ -46.167026130439815, -23.632078387132015, 0.0 ], [ -46.167026190292901, -23.632085139926136, 0.0 ], [ -46.167022585409327, -23.632091920292165, 0.0 ], [ -46.167022645262271, -23.632098673086283, 0.0 ], [ -46.167026369852316, -23.632105398308468, 0.0 ], [ -46.167026429705494, -23.632112151102557, 0.0 ], [ -46.167026489558701, -23.632118903896647, 0.0 ], [ -46.167026549411922, -23.632125656690732, 0.0 ], [ -46.167026609265164, -23.632132409484811, 0.0 ], [ -46.167026669118442, -23.632139162278889, 0.0 ], [ -46.167026728971727, -23.632145915072954, 0.0 ], [ -46.167021112487831, -23.632154293364916, 0.0 ], [ -46.167021172340874, -23.632161046158984, 0.0 ], [ -46.167021232193946, -23.632167798953045, 0.0 ], [ -46.167021292047039, -23.632174551747102, 0.0 ], [ -46.167021351900154, -23.632181304541149, 0.0 ], [ -46.167021411753296, -23.632188057335195, 0.0 ], [ -46.167021471606461, -23.632194810129228, 0.0 ], [ -46.16702519619939, -23.63220153535125, 0.0 ], [ -46.167025256052774, -23.632208288145264, 0.0 ], [ -46.167025315906194, -23.632215040939279, 0.0 ], [ -46.167025375759629, -23.632221793733283, 0.0 ], [ -46.167025435613091, -23.632228546527276, 0.0 ], [ -46.167025495466575, -23.632235299321266, 0.0 ], [ -46.16702555532008, -23.632242052115256, 0.0 ], [ -46.167025615173607, -23.632248804909239, 0.0 ], [ -46.167025675027155, -23.632255557703214, 0.0 ], [ -46.167025734880731, -23.632262310497186, 0.0 ], [ -46.167025794734322, -23.632269063291144, 0.0 ], [ -46.167025854587941, -23.632275816085098, 0.0 ], [ -46.167025914441581, -23.632282568879052, 0.0 ], [ -46.167025974295242, -23.632289321672996, 0.0 ], [ -46.167026034148918, -23.632296074466936, 0.0 ], [ -46.167026094002622, -23.632302827260855, 0.0 ], [ -46.167026153856355, -23.632309580054784, 0.0 ], [ -46.167026213710102, -23.632316332848703, 0.0 ], [ -46.167026610587037, -23.632322344470872, 0.0 ], [ -46.167028404187953, -23.632330878051171, 0.0 ], [ -46.167032069616383, -23.632334965732067, 0.0 ], [ -46.167032129470513, -23.632341718525947, 0.0 ], [ -46.167032189324658, -23.632348471319826, 0.0 ], [ -46.167035913922838, -23.632355196541273, 0.0 ], [ -46.167035973777217, -23.632361949335124, 0.0 ], [ -46.167039698375994, -23.632368674556442, 0.0 ], [ -46.167039758230601, -23.632375427350279, 0.0 ], [ -46.167039818085243, -23.632382180144113, 0.0 ], [ -46.167039877939892, -23.632388932937939, 0.0 ], [ -46.167039937794577, -23.632395685731751, 0.0 ], [ -46.16704366239459, -23.632402410952892, 0.0 ], [ -46.167043722249502, -23.632409163746694, 0.0 ], [ -46.167043782104436, -23.632415916540488, 0.0 ], [ -46.167043841959391, -23.632422669334272, 0.0 ], [ -46.167047566560427, -23.632429394555263, 0.0 ], [ -46.167047626415616, -23.632436147349029, 0.0 ], [ -46.16704768627082, -23.632442900142788, 0.0 ], [ -46.167047746126059, -23.63244965293654, 0.0 ], [ -46.167051470728111, -23.632456378157375, 0.0 ], [ -46.167051530583578, -23.632463130951106, 0.0 ], [ -46.167055255186241, -23.632469856171824, 0.0 ], [ -46.167055315041935, -23.63247660896554, 0.0 ], [ -46.167055374897657, -23.632483361759224, 0.0 ], [ -46.167055464681276, -23.632493490949777, 0.0 ], [ -46.167055524537055, -23.632500243743465, 0.0 ], [ -46.167055584392855, -23.632506996537149, 0.0 ], [ -46.167055605348231, -23.632509360674131, 0.0 ], [ -46.167055241795474, -23.632509531581068, 0.0 ], [ -46.167055247406957, -23.632510164655471, 0.0 ], [ -46.167054563072391, -23.632510486362623, 0.0 ], [ -46.167054568683866, -23.632511119437044, 0.0 ], [ -46.167053887155035, -23.632511757681396, 0.0 ], [ -46.167053549196346, -23.632512393340779, 0.0 ], [ -46.167053211237665, -23.632513029000169, 0.0 ], [ -46.167053216849133, -23.632513662074565, 0.0 ], [ -46.167052878890452, -23.632514297733952, 0.0 ], [ -46.167052540931749, -23.632514933393328, 0.0 ], [ -46.167051853791421, -23.632514938563272, 0.0 ], [ -46.167051515832725, -23.632515574222648, 0.0 ], [ -46.167051177874015, -23.632516209882027, 0.0 ], [ -46.167050490733686, -23.632516215051968, 0.0 ], [ -46.167050496345141, -23.632516848126375, 0.0 ], [ -46.167050158386431, -23.632517483785747, 0.0 ], [ -46.167049471246081, -23.632517488955685, 0.0 ], [ -46.167048786911472, -23.632517810662819, 0.0 ], [ -46.16704810257685, -23.632518132369945, 0.0 ], [ -46.167047764618118, -23.632518768029314, 0.0 ], [ -46.167047080283488, -23.632519089736451, 0.0 ], [ -46.167046393143139, -23.632519094906371, 0.0 ], [ -46.167046398754579, -23.632519727980775, 0.0 ], [ -46.167045714419942, -23.632520049687901, 0.0 ], [ -46.167045030085305, -23.632520371395017, 0.0 ], [ -46.167044342944941, -23.63252037656493, 0.0 ], [ -46.167043658610289, -23.632520698272046, 0.0 ], [ -46.167042977081358, -23.632521336516358, 0.0 ], [ -46.1670422927467, -23.632521658223467, 0.0 ], [ -46.167042298358126, -23.632522291297871, 0.0 ], [ -46.167041616829174, -23.63252292954218, 0.0 ], [ -46.167041278870407, -23.632523565201538, 0.0 ], [ -46.167040250965542, -23.632523889493587, 0.0 ], [ -46.167039566630869, -23.632524211200682, 0.0 ], [ -46.16703888229619, -23.632524532907773, 0.0 ], [ -46.167038200767202, -23.632525171152068, 0.0 ], [ -46.167037513626816, -23.632525176321948, 0.0 ], [ -46.167036829292137, -23.63252549802904, 0.0 ], [ -46.167036144957436, -23.632525819736113, 0.0 ], [ -46.167035460622749, -23.632526141443197, 0.0 ], [ -46.167034776288041, -23.632526463150263, 0.0 ], [ -46.167034094759032, -23.632527101394544, 0.0 ], [ -46.167033756800215, -23.632527737053895, 0.0 ], [ -46.167033075271199, -23.632528375298165, 0.0 ], [ -46.167032737312375, -23.632529010957509, 0.0 ], [ -46.167032399353545, -23.632529646616845, 0.0 ], [ -46.167031712213131, -23.632529651786705, 0.0 ], [ -46.1670313742543, -23.632530287446038, 0.0 ], [ -46.167030692725248, -23.6325309256903, 0.0 ], [ -46.16703035476641, -23.632531561349644, 0.0 ], [ -46.167029673237352, -23.6325321995939, 0.0 ], [ -46.167028988902608, -23.632532521300949, 0.0 ], [ -46.167028653749426, -23.632533473497485, 0.0 ], [ -46.167027969414676, -23.632533795204541, 0.0 ], [ -46.167027631455817, -23.632534430863874, 0.0 ], [ -46.167026949926729, -23.632535069108123, 0.0 ], [ -46.167026611967863, -23.632535704767445, 0.0 ], [ -46.167026274008983, -23.632536340426771, 0.0 ], [ -46.167025936050109, -23.632536976086097, 0.0 ], [ -46.167025941661457, -23.632537609160519, 0.0 ], [ -46.167025603702577, -23.632538244819845, 0.0 ], [ -46.167025609313917, -23.632538877894259, 0.0 ], [ -46.167024930590479, -23.632539832675707, 0.0 ], [ -46.167024592631584, -23.632540468335026, 0.0 ], [ -46.167024598242925, -23.632541101409437, 0.0 ], [ -46.167024603854266, -23.632541734483851, 0.0 ], [ -46.167024609465606, -23.632542367558266, 0.0 ], [ -46.167024271506712, -23.632543003217581, 0.0 ], [ -46.16702393354781, -23.632543638876907, 0.0 ], [ -46.167023947576155, -23.632545221562939, 0.0 ], [ -46.167023953187503, -23.63254585463735, 0.0 ], [ -46.167023958798836, -23.63254648771176, 0.0 ], [ -46.167023620839927, -23.632547123371083, 0.0 ], [ -46.167023282881011, -23.632547759030402, 0.0 ], [ -46.167023288492345, -23.632548392104813, 0.0 ], [ -46.167023294103686, -23.632549025179227, 0.0 ], [ -46.167023299715019, -23.632549658253637, 0.0 ], [ -46.16702330532636, -23.632550291328052, 0.0 ], [ -46.167023310937708, -23.632550924402466, 0.0 ], [ -46.167023316549042, -23.632551557476873, 0.0 ], [ -46.167023322160382, -23.63255219055128, 0.0 ], [ -46.167023327771723, -23.632552823625694, 0.0 ], [ -46.167023333383057, -23.632553456700101, 0.0 ], [ -46.167023338994397, -23.632554089774519, 0.0 ], [ -46.167023344605738, -23.63255472284893, 0.0 ], [ -46.167023350217079, -23.632555355923337, 0.0 ], [ -46.16702335582842, -23.632555988997751, 0.0 ], [ -46.167023361439753, -23.632556622072158, 0.0 ], [ -46.167023367051101, -23.632557255146565, 0.0 ], [ -46.167023372662435, -23.632557888220987, 0.0 ], [ -46.167023378273782, -23.632558521295394, 0.0 ], [ -46.167023383885123, -23.632559154369801, 0.0 ], [ -46.167023389496464, -23.632559787444208, 0.0 ], [ -46.167023395107805, -23.632560420518619, 0.0 ], [ -46.16702374428943, -23.632561051008114, 0.0 ], [ -46.167024093471071, -23.632561681497609, 0.0 ], [ -46.167024442652703, -23.632562311987108, 0.0 ], [ -46.167024448264051, -23.632562945061519, 0.0 ], [ -46.167024797445698, -23.632563575551018, 0.0 ], [ -46.167025146627346, -23.632564206040506, 0.0 ], [ -46.167025836573615, -23.632564517407879, 0.0 ], [ -46.167026185755262, -23.63256514789737, 0.0 ], [ -46.167026534936923, -23.632565778386851, 0.0 ], [ -46.167027222077529, -23.632565773217014, 0.0 ], [ -46.16702791482949, -23.632566401121579, 0.0 ], [ -46.16702860477578, -23.632566712488934, 0.0 ], [ -46.167028953957455, -23.632567342978419, 0.0 ], [ -46.167029641098061, -23.632567337808563, 0.0 ], [ -46.167029990279744, -23.632567968298044, 0.0 ], [ -46.167030680226048, -23.632568279665396, 0.0 ], [ -46.167031370172346, -23.632568591032729, 0.0 ], [ -46.167031375783729, -23.63256922410714, 0.0 ], [ -46.167032065730041, -23.632569535474484, 0.0 ], [ -46.167032414911738, -23.632570165963955, 0.0 ], [ -46.167033107663748, -23.632570793868492, 0.0 ], [ -46.167033800415773, -23.632571421773026, 0.0 ], [ -46.167034149597484, -23.632572052262503, 0.0 ], [ -46.167034839543817, -23.632572363629826, 0.0 ], [ -46.167035526684451, -23.632572358459949, 0.0 ], [ -46.167035875866169, -23.632572988949399, 0.0 ], [ -46.167036565812509, -23.632573300316732, 0.0 ], [ -46.167037258564562, -23.632573928221245, 0.0 ], [ -46.167037607746295, -23.632574558710704, 0.0 ], [ -46.167038294886943, -23.63257455354081, 0.0 ], [ -46.167038644068683, -23.632575184030273, 0.0 ], [ -46.167038993250429, -23.632575814519726, 0.0 ], [ -46.167039683196791, -23.632576125887034, 0.0 ], [ -46.167040032378537, -23.632576756376483, 0.0 ], [ -46.167040725130626, -23.632577384280985, 0.0 ], [ -46.167041415077009, -23.632577695648283, 0.0 ], [ -46.167042107829097, -23.632578323552774, 0.0 ], [ -46.16704279777548, -23.632578634920073, 0.0 ], [ -46.167043146957262, -23.632579265409518, 0.0 ], [ -46.167043836903645, -23.632579576776795, 0.0 ], [ -46.167044186085427, -23.632580207266248, 0.0 ], [ -46.167044535267216, -23.632580837755686, 0.0 ], [ -46.167044884449005, -23.632581468245125, 0.0 ], [ -46.167045574395409, -23.632581779612401, 0.0 ], [ -46.167045580006857, -23.632582412686808, 0.0 ], [ -46.167045585618311, -23.632583045761208, 0.0 ], [ -46.167046275564729, -23.632583357128478, 0.0 ], [ -46.167046281176191, -23.632583990202889, 0.0 ], [ -46.167046630357994, -23.632584620692324, 0.0 ], [ -46.16704732030442, -23.632584932059586, 0.0 ], [ -46.16704766948623, -23.632585562549014, 0.0 ], [ -46.16704835943267, -23.632585873916284, 0.0 ], [ -46.167049049379102, -23.632586185283543, 0.0 ], [ -46.167049742131283, -23.632586813187999, 0.0 ], [ -46.167050091313115, -23.632587443677426, 0.0 ], [ -46.167050781259562, -23.632587755044675, 0.0 ], [ -46.167051130441401, -23.632588385534103, 0.0 ], [ -46.16705147962324, -23.63258901602353, 0.0 ], [ -46.167052172375442, -23.632589643927968, 0.0 ], [ -46.16705286232191, -23.632589955295213, 0.0 ], [ -46.167053552268378, -23.632590266662447, 0.0 ], [ -46.167054245020594, -23.632590894566881, 0.0 ], [ -46.167054932161328, -23.632590889396909, 0.0 ], [ -46.167055281343188, -23.632591519886319, 0.0 ], [ -46.16705597128967, -23.632591831253553, 0.0 ], [ -46.167056658430397, -23.632591826083576, 0.0 ], [ -46.167056664041908, -23.632592459157973, 0.0 ], [ -46.167057351182642, -23.632592453987993, 0.0 ], [ -46.16705735679416, -23.632593087062386, 0.0 ], [ -46.167058046740657, -23.632593398429609, 0.0 ], [ -46.167058395922545, -23.632594028919016, 0.0 ], [ -46.167059429439419, -23.632594337701235, 0.0 ], [ -46.167059435050938, -23.632594970775635, 0.0 ], [ -46.167059784232841, -23.632595601265031, 0.0 ], [ -46.167060133414743, -23.63259623175443, 0.0 ], [ -46.167060826167024, -23.632596859658836, 0.0 ], [ -46.167060831778549, -23.632597492733225, 0.0 ], [ -46.167061524530851, -23.632598120637635, 0.0 ], [ -46.167062214477383, -23.63259843200483, 0.0 ], [ -46.167062220088916, -23.632599065079223, 0.0 ], [ -46.167062910035455, -23.632599376446422, 0.0 ], [ -46.167063599982001, -23.632599687813606, 0.0 ], [ -46.167064287122763, -23.632599682643594, 0.0 ], [ -46.167064977069309, -23.632599994010778, 0.0 ], [ -46.167066356962408, -23.63260061674513, 0.0 ], [ -46.167067046908969, -23.632600928112311, 0.0 ], [ -46.167067734049738, -23.632600922942281, 0.0 ], [ -46.167068079023018, -23.632601078625864, 0.0 ], [ -46.16706808323169, -23.63260155343168, 0.0 ], [ -46.167068088843259, -23.632602186506073, 0.0 ], [ -46.167068094454827, -23.63260281958047, 0.0 ], [ -46.167068100066395, -23.632603452654866, 0.0 ], [ -46.16706810567797, -23.632604085729259, 0.0 ], [ -46.167068111289538, -23.632604718803652, 0.0 ], [ -46.167068116901106, -23.632605351878059, 0.0 ], [ -46.167068122512667, -23.632605984952455, 0.0 ], [ -46.167068128124242, -23.632606618026852, 0.0 ], [ -46.16706813373581, -23.632607251101241, 0.0 ], [ -46.167068482917784, -23.632607881590623, 0.0 ], [ -46.167068832099766, -23.632608512079997, 0.0 ], [ -46.16706918128174, -23.632609142569379, 0.0 ], [ -46.16706987122835, -23.632609453936535, 0.0 ], [ -46.167069876839932, -23.632610087010928, 0.0 ], [ -46.167070566786542, -23.632610398378091, 0.0 ], [ -46.167070572398124, -23.632611031452484, 0.0 ], [ -46.167071171340332, -23.632611574328134, 0.0 ], [ -46.167071231021893, -23.632618307338365, 0.0 ], [ -46.167074955630298, -23.632625032558259, 0.0 ], [ -46.167078680239094, -23.632631757778046, 0.0 ], [ -46.16707874009645, -23.63263851057156, 0.0 ], [ -46.16708246470585, -23.63264523579122, 0.0 ], [ -46.16708618931564, -23.632651961010772, 0.0 ], [ -46.167086249173437, -23.632658713804247, 0.0 ], [ -46.167086309031269, -23.632665466597718, 0.0 ], [ -46.167093728323742, -23.632675540639699, 0.0 ], [ -46.167095661711144, -23.63268692219151, 0.0 ], [ -46.167095721569524, -23.632693674984935, 0.0 ], [ -46.167103329732406, -23.632701637216268, 0.0 ], [ -46.167116135856844, -23.632722644746583, 0.0 ], [ -46.167116195716389, -23.632729397539926, 0.0 ], [ -46.167116255575948, -23.632736150333269, 0.0 ], [ -46.167116345365322, -23.632746279523264, 0.0 ], [ -46.167116405224945, -23.632753032316582, 0.0 ], [ -46.167116465084582, -23.632759785109904, 0.0 ], [ -46.167116524944241, -23.632766537903201, 0.0 ], [ -46.167116584803928, -23.632773290696509, 0.0 ], [ -46.167116644663629, -23.632780043489806, 0.0 ], [ -46.167116704523359, -23.632786796283103, 0.0 ], [ -46.16711676438311, -23.632793549076386, 0.0 ], [ -46.167116824242875, -23.632800301869672, 0.0 ], [ -46.167116884102668, -23.632807054662944, 0.0 ], [ -46.167120608719152, -23.632813779881278, 0.0 ], [ -46.167120668579173, -23.632820532674529, 0.0 ], [ -46.167124393196247, -23.632827257892743, 0.0 ], [ -46.167128117813718, -23.632833983110846, 0.0 ], [ -46.167129799804336, -23.632858187164, 0.0 ], [ -46.167129859664961, -23.632864939957191, 0.0 ], [ -46.167137249042106, -23.632871637599688, 0.0 ], [ -46.167148303178422, -23.632878307666132, 0.0 ], [ -46.167163022074419, -23.632884950155727, 0.0 ], [ -46.167170381522958, -23.632888271399974, 0.0 ], [ -46.167177740971852, -23.632891592643865, 0.0 ], [ -46.167185070489332, -23.63289153749087, 0.0 ], [ -46.16719240000679, -23.632891482337531, 0.0 ], [ -46.167199729524228, -23.632891427183839, 0.0 ], [ -46.167207059041644, -23.632891372029807, 0.0 ], [ -46.167214358626524, -23.632887940478941, 0.0 ], [ -46.167221688143698, -23.63288788532423, 0.0 ], [ -46.167232682419431, -23.632887802591501, 0.0 ], [ -46.167240011936556, -23.632887747435923, 0.0 ], [ -46.167254641037196, -23.632884260727284, 0.0 ], [ -46.167261970554073, -23.632884205570672, 0.0 ], [ -46.167269270137005, -23.632880774017302, 0.0 ], [ -46.16727656971954, -23.632877342463583, 0.0 ], [ -46.167283899235976, -23.632877287305956, 0.0 ], [ -46.167291198817914, -23.63287385575158, 0.0 ], [ -46.167298528334115, -23.632873800593263, 0.0 ], [ -46.167309462738508, -23.632866965062391, 0.0 ], [ -46.16731676231916, -23.63286353350686, 0.0 ], [ -46.167324091834715, -23.632863478347357, 0.0 ], [ -46.167331421350248, -23.632863423187512, 0.0 ], [ -46.16733872093009, -23.632859991630966, 0.0 ], [ -46.167349655331151, -23.632853156097379, 0.0 ], [ -46.167356984846045, -23.632853100936345, 0.0 ], [ -46.1673642844246, -23.632849669378647, 0.0 ], [ -46.167371584002773, -23.632846237820619, 0.0 ], [ -46.167378883580547, -23.632842806262264, 0.0 ], [ -46.16738618315793, -23.632839374703572, 0.0 ], [ -46.167397147491833, -23.632835915563064, 0.0 ], [ -46.16740447700564, -23.63283586039983, 0.0 ], [ -46.167408081887729, -23.63282908002553, 0.0 ], [ -46.167411686769448, -23.63282229965116, 0.0 ], [ -46.16741366948375, -23.632798068021142, 0.0 ], [ -46.167413609608765, -23.632791315228573, 0.0 ], [ -46.167420909182368, -23.632787883668382, 0.0 ], [ -46.167420849307042, -23.632781130875824, 0.0 ], [ -46.167428148879893, -23.632777699315312, 0.0 ], [ -46.167435448452352, -23.632774267754474, 0.0 ], [ -46.167450017657707, -23.632764028235549, 0.0 ], [ -46.167457347167378, -23.632763973069967, 0.0 ], [ -46.167464676677021, -23.63276391790404, 0.0 ], [ -46.16747573081954, -23.632770587946943, 0.0 ], [ -46.167483060329502, -23.632770532780135, 0.0 ], [ -46.167490419778886, -23.632773854009187, 0.0 ], [ -46.167497779228611, -23.632777175237866, 0.0 ], [ -46.167508833373844, -23.63278384527829, 0.0 ], [ -46.1675125580092, -23.63279057048646, 0.0 ], [ -46.167519947400613, -23.632797268110178, 0.0 ], [ -46.167523672036928, -23.632803993318042, 0.0 ], [ -46.167527396673641, -23.632810718525793, 0.0 ], [ -46.167538450823173, -23.6328173885639, 0.0 ], [ -46.167549475032779, -23.632820682205072, 0.0 ], [ -46.167556894368978, -23.632830756222955, 0.0 ], [ -46.167563496796298, -23.632833735811857, 0.0 ], [ -46.167563542869082, -23.632833819000837, 0.0 ], [ -46.167564928380848, -23.632835074804809, 0.0 ], [ -46.167565626750765, -23.632836335781068, 0.0 ], [ -46.167566325120696, -23.632837596757312, 0.0 ], [ -46.167567023490641, -23.632838857733542, 0.0 ], [ -46.167567034718708, -23.632840123882072, 0.0 ], [ -46.167567733088667, -23.632841384858313, 0.0 ], [ -46.16756911298652, -23.632842007587985, 0.0 ], [ -46.167569811356522, -23.632843268564205, 0.0 ], [ -46.167571191254403, -23.632843891293859, 0.0 ], [ -46.167572571152299, -23.6328445140235, 0.0 ], [ -46.167572582380416, -23.632845780172023, 0.0 ], [ -46.16757396227834, -23.632846402901642, 0.0 ], [ -46.167573973506464, -23.632847669050165, 0.0 ], [ -46.167574671876544, -23.63284893002637, 0.0 ], [ -46.167575370246638, -23.632850191002561, 0.0 ], [ -46.167576744530535, -23.632850180657897, 0.0 ], [ -46.167577442900651, -23.632851441634081, 0.0 ], [ -46.167578817184562, -23.632851431289399, 0.0 ], [ -46.167578828412744, -23.632852697437922, 0.0 ], [ -46.167579526782887, -23.632853958414096, 0.0 ], [ -46.16758022515306, -23.632855219390265, 0.0 ], [ -46.167581605051112, -23.63285584211981, 0.0 ], [ -46.167583672091162, -23.632856459676987, 0.0 ], [ -46.167583683319386, -23.632857725825495, 0.0 ], [ -46.167585057603368, -23.632857715480757, 0.0 ], [ -46.167585755973604, -23.632858976456895, 0.0 ], [ -46.167587130257594, -23.632858966112146, 0.0 ], [ -46.167587828627852, -23.632860227088262, 0.0 ], [ -46.167589202911856, -23.632860216743488, 0.0 ], [ -46.167589901282142, -23.632861477719615, 0.0 ], [ -46.16759127556616, -23.632861467374816, 0.0 ], [ -46.167592655464333, -23.632862090104254, 0.0 ], [ -46.167593353834661, -23.632863351080356, 0.0 ], [ -46.167594733732862, -23.632863973809783, 0.0 ], [ -46.167596108016902, -23.632863963464935, 0.0 ], [ -46.167596119245246, -23.632865229613454, 0.0 ], [ -46.167597493529293, -23.632865219268599, 0.0 ], [ -46.167598879041726, -23.632866475072241, 0.0 ], [ -46.167600253325787, -23.632866464727364, 0.0 ], [ -46.167600264554181, -23.632867730875869, 0.0 ], [ -46.167601644452454, -23.632868353605229, 0.0 ], [ -46.16760234282291, -23.632869614581285, 0.0 ], [ -46.16760235966553, -23.632871513804051, 0.0 ], [ -46.167602370893945, -23.63287277995256, 0.0 ], [ -46.167602382122368, -23.632874046101069, 0.0 ], [ -46.167602393350784, -23.63287531224957, 0.0 ], [ -46.167602404579199, -23.632876578398079, 0.0 ], [ -46.167603102949712, -23.632877839374132, 0.0 ], [ -46.167603114178135, -23.63287910552263, 0.0 ], [ -46.167603125406565, -23.632880371671146, 0.0 ], [ -46.167603136634995, -23.632881637819651, 0.0 ], [ -46.16760451653343, -23.632882260548975, 0.0 ], [ -46.167605214903993, -23.632883521525009, 0.0 ], [ -46.167605913274564, -23.632884782501048, 0.0 ], [ -46.167605924503022, -23.632886048649549, 0.0 ], [ -46.167607310015754, -23.632887304453103, 0.0 ], [ -46.167607321244226, -23.632888570601612, 0.0 ], [ -46.167608701142754, -23.632889193330893, 0.0 ], [ -46.167608712371241, -23.632890459479398, 0.0 ], [ -46.167609410741889, -23.632891720455405, 0.0 ], [ -46.167609421970383, -23.63289298660391, 0.0 ], [ -46.167609433198876, -23.632894252752411, 0.0 ], [ -46.167610813097482, -23.632894875481679, 0.0 ], [ -46.167611517082427, -23.632896769531925, 0.0 ], [ -46.16761152831095, -23.63289803568043, 0.0 ], [ -46.167611539539465, -23.632899301828928, 0.0 ], [ -46.167612237910191, -23.632900562804931, 0.0 ], [ -46.167612249138713, -23.632901828953422, 0.0 ], [ -46.16761363465168, -23.632903084756904, 0.0 ], [ -46.167614333022442, -23.632904345732889, 0.0 ], [ -46.167614344251, -23.632905611881387, 0.0 ], [ -46.167615042621783, -23.632906872857369, 0.0 ], [ -46.167615053850341, -23.632908139005856, 0.0 ], [ -46.167615752221145, -23.632909399981848, 0.0 ], [ -46.167616450591964, -23.632910660957812, 0.0 ], [ -46.167617148962798, -23.632911921933783, 0.0 ], [ -46.167617847333652, -23.632913182909753, 0.0 ], [ -46.167619227232493, -23.632913805638925, 0.0 ], [ -46.167619925603375, -23.632915066614881, 0.0 ], [ -46.167619936831976, -23.632916332763369, 0.0 ], [ -46.167621316730859, -23.632916955492533, 0.0 ], [ -46.167622696629756, -23.632917578221679, 0.0 ], [ -46.167622707858392, -23.63291884437017, 0.0 ], [ -46.167623406229332, -23.632920105346098, 0.0 ], [ -46.16762478051394, -23.63292009500098, 0.0 ], [ -46.167625478884908, -23.632921355976912, 0.0 ], [ -46.167626177255883, -23.632922616952829, 0.0 ], [ -46.167626188484562, -23.632923883101316, 0.0 ], [ -46.167626199713233, -23.632925149249811, 0.0 ], [ -46.167626210941911, -23.632926415398291, 0.0 ], [ -46.167626909312929, -23.632927676374205, 0.0 ], [ -46.167627607683954, -23.632928937350126, 0.0 ], [ -46.167627618912647, -23.63293020349861, 0.0 ], [ -46.16762763014134, -23.632931469647094, 0.0 ], [ -46.167627641370032, -23.632932735795588, 0.0 ], [ -46.167627652598718, -23.632934001944072, 0.0 ], [ -46.16762766382741, -23.632935268092549, 0.0 ], [ -46.167627675056103, -23.63293653424104, 0.0 ], [ -46.167628373427199, -23.632937795216943, 0.0 ], [ -46.167628384655899, -23.63293906136543, 0.0 ], [ -46.167629083027009, -23.63294032234133, 0.0 ], [ -46.167629094255716, -23.632941588489818, 0.0 ], [ -46.167630474154912, -23.632942211218879, 0.0 ], [ -46.167630485383633, -23.632943477367359, 0.0 ], [ -46.167631183754793, -23.632944738343248, 0.0 ], [ -46.16763188212596, -23.632945999319134, 0.0 ], [ -46.167631893354702, -23.632947265467607, 0.0 ], [ -46.167633273253969, -23.632947888196643, 0.0 ], [ -46.167633284482719, -23.632949154345134, 0.0 ], [ -46.167633982853935, -23.632950415321009, 0.0 ], [ -46.167634681225167, -23.632951676296866, 0.0 ], [ -46.167636066738879, -23.632952932100121, 0.0 ], [ -46.167636077967657, -23.632954198248598, 0.0 ], [ -46.167636776338931, -23.632955459224451, 0.0 ], [ -46.167636787567723, -23.632956725372924, 0.0 ], [ -46.167637485939011, -23.632957986348785, 0.0 ], [ -46.16763749716781, -23.632959252497262, 0.0 ], [ -46.167638877067226, -23.632959875226238, 0.0 ], [ -46.167638888296047, -23.632961141374725, 0.0 ], [ -46.167640273809894, -23.632962397177913, 0.0 ], [ -46.167640285038729, -23.63296366332639, 0.0 ], [ -46.167641664938209, -23.632964286055344, 0.0 ], [ -46.167641676167044, -23.632965552203824, 0.0 ], [ -46.167642374538438, -23.632966813179642, 0.0 ], [ -46.167643754437954, -23.632967435908572, 0.0 ], [ -46.167644452809377, -23.632968696884383, 0.0 ], [ -46.167645151180807, -23.632969957860201, 0.0 ], [ -46.167645408705496, -23.632970422845425, 0.0 ], [ -46.167642501282366, -23.632978683160371, 0.0 ], [ -46.167638926352417, -23.632988839935603, 0.0 ], [ -46.167638986239524, -23.632995592727458, 0.0 ], [ -46.167639076070223, -23.633005721915222, 0.0 ], [ -46.16763913595738, -23.633012474707058, 0.0 ], [ -46.167639195844565, -23.633019227498885, 0.0 ], [ -46.167639255731764, -23.633025980290711, 0.0 ], [ -46.167642980381061, -23.633032705495019, 0.0 ], [ -46.167646705030748, -23.633039430699203, 0.0 ], [ -46.167646764918395, -23.63304618349099, 0.0 ], [ -46.167650489568686, -23.63305290869506, 0.0 ], [ -46.167657849038029, -23.633056229915251, 0.0 ], [ -46.16766157368918, -23.633062955119009, 0.0 ], [ -46.167672627866843, -23.633069625146241, 0.0 ], [ -46.167679987337657, -23.63307294636531, 0.0 ], [ -46.167687316863919, -23.633072891188188, 0.0 ], [ -46.167691041517052, -23.63307961639115, 0.0 ], [ -46.167694766170577, -23.633086341594002, 0.0 ], [ -46.16770209569755, -23.633086286416155, 0.0 ], [ -46.167705850297246, -23.633096388014508, 0.0 ], [ -46.167713209770348, -23.633099709231896, 0.0 ], [ -46.167720539298017, -23.633099654053147, 0.0 ], [ -46.167720599189614, -23.633106406844703, 0.0 ], [ -46.167724323845441, -23.633113132046731, 0.0 ], [ -46.167731653373821, -23.633113076867431, 0.0 ], [ -46.167738982902186, -23.63311302168778, 0.0 ], [ -46.167749977194681, -23.633112938917648, 0.0 ], [ -46.167760911593433, -23.633106103355285, 0.0 ], [ -46.167768211174305, -23.633102671778552, 0.0 ], [ -46.167775540701982, -23.633102616597196, 0.0 ], [ -46.167786475098495, -23.633095781033113, 0.0 ], [ -46.167793804625745, -23.633095725850907, 0.0 ], [ -46.167797409493851, -23.633088945468295, 0.0 ], [ -46.167804739020696, -23.633088890285585, 0.0 ], [ -46.167812038599394, -23.633085458706862, 0.0 ], [ -46.167819368126004, -23.63308540352347, 0.0 ], [ -46.167826637755603, -23.633078595548419, 0.0 ], [ -46.167833967281794, -23.633078540364355, 0.0 ], [ -46.167837572147356, -23.633071759980893, 0.0 ], [ -46.167844901673142, -23.633071704796325, 0.0 ], [ -46.1678522311989, -23.633071649611413, 0.0 ], [ -46.167855836063325, -23.633064869227571, 0.0 ], [ -46.16786316558867, -23.633064814042161, 0.0 ], [ -46.167870465164413, -23.633061382460784, 0.0 ], [ -46.167877794689531, -23.633061327274692, 0.0 ], [ -46.167885064314717, -23.633054519297044, 0.0 ], [ -46.167892363889273, -23.633051087714684, 0.0 ], [ -46.167899663463444, -23.633047656131986, 0.0 ], [ -46.167906963037218, -23.633044224548964, 0.0 ], [ -46.167914262610608, -23.633040792965609, 0.0 ], [ -46.167917867471004, -23.633034012580456, 0.0 ], [ -46.167925196994474, -23.633033957392179, 0.0 ], [ -46.167928801854117, -23.633027177006795, 0.0 ], [ -46.167936131377175, -23.633027121818021, 0.0 ], [ -46.167936071474742, -23.633020369026916, 0.0 ], [ -46.167943371046015, -23.63301693744226, 0.0 ], [ -46.167950640665318, -23.633010129461738, 0.0 ], [ -46.167954245523035, -23.633003349075818, 0.0 ], [ -46.16795785038039, -23.63299656868983, 0.0 ], [ -46.16795412571647, -23.632989843493647, 0.0 ], [ -46.16795406581322, -23.632983090702549, 0.0 ], [ -46.167950341149897, -23.632976365506249, 0.0 ], [ -46.167947634949201, -23.632971479230282, 0.0 ], [ -46.167948901868115, -23.632971469690709, 0.0 ], [ -46.167948879404513, -23.63296893739404, 0.0 ], [ -46.167948856940917, -23.63296640509737, 0.0 ], [ -46.167950208762228, -23.632963862452673, 0.0 ], [ -46.167951560583489, -23.632961319807976, 0.0 ], [ -46.167952901172868, -23.632957511014929, 0.0 ], [ -46.167955638510676, -23.632956224170478, 0.0 ], [ -46.16795699033176, -23.632953681525727, 0.0 ], [ -46.167956967868015, -23.632951149229058, 0.0 ], [ -46.167956945404285, -23.632948616932396, 0.0 ], [ -46.167956922940554, -23.632946084635719, 0.0 ], [ -46.167956900476831, -23.632943552339043, 0.0 ], [ -46.167956878013101, -23.632941020042374, 0.0 ], [ -46.167956855549384, -23.632938487745701, 0.0 ], [ -46.167956833085661, -23.632935955449039, 0.0 ], [ -46.167956810621945, -23.632933423152362, 0.0 ], [ -46.167956788158229, -23.632930890855679, 0.0 ], [ -46.167956765694527, -23.63292835855901, 0.0 ], [ -46.167956743230818, -23.632925826262333, 0.0 ], [ -46.167956720767108, -23.632923293965653, 0.0 ], [ -46.167958072587865, -23.632920751320903, 0.0 ], [ -46.167958050124142, -23.632918219024223, 0.0 ], [ -46.167958027660418, -23.632915686727547, 0.0 ], [ -46.167958005196702, -23.632913154430867, 0.0 ], [ -46.167957982732993, -23.63291062213419, 0.0 ], [ -46.167957960269284, -23.632908089837507, 0.0 ], [ -46.167957937805575, -23.63290555754082, 0.0 ], [ -46.167957915341866, -23.632903025244136, 0.0 ], [ -46.167957892878171, -23.63290049294746, 0.0 ], [ -46.167957870414469, -23.632897960650769, 0.0 ], [ -46.167957847950774, -23.632895428354086, 0.0 ], [ -46.167957825487079, -23.632892896057395, 0.0 ], [ -46.167957803023398, -23.632890363760705, 0.0 ], [ -46.167957780559711, -23.632887831464025, 0.0 ], [ -46.167959132380105, -23.632885288819264, 0.0 ], [ -46.167959109916403, -23.632882756522573, 0.0 ], [ -46.167959087452694, -23.63288022422589, 0.0 ], [ -46.167959064988999, -23.632877691929199, 0.0 ], [ -46.167960416809279, -23.632875149284434, 0.0 ], [ -46.167961768629503, -23.632872606639655, 0.0 ], [ -46.167961746165766, -23.632870074342957, 0.0 ], [ -46.167963097985911, -23.632867531698182, 0.0 ], [ -46.167964449806014, -23.632864989053388, 0.0 ], [ -46.167964427342227, -23.632862456756691, 0.0 ], [ -46.167965779162259, -23.632859914111886, 0.0 ], [ -46.167967130982241, -23.632857371467061, 0.0 ], [ -46.167969879549801, -23.632857350770777, 0.0 ], [ -46.167969857085922, -23.63285481847409, 0.0 ], [ -46.167971208905776, -23.632852275829244, 0.0 ], [ -46.167972560725573, -23.632849733184379, 0.0 ], [ -46.167972538261651, -23.632847200887696, 0.0 ], [ -46.167975275597009, -23.632845914042967, 0.0 ], [ -46.167976035995345, -23.632844483805641, 0.0 ], [ -46.167978491096363, -23.632844465318986, 0.0 ], [ -46.167985820609125, -23.632844410128257, 0.0 ], [ -46.167993150121866, -23.63284435493718, 0.0 ], [ -46.168000479634578, -23.63284429974577, 0.0 ], [ -46.168007809147277, -23.632844244554001, 0.0 ], [ -46.168015138659946, -23.632844189361897, 0.0 ], [ -46.168022468172595, -23.632844134169442, 0.0 ], [ -46.168029797685222, -23.632844078976639, 0.0 ], [ -46.168037127197827, -23.632844023783491, 0.0 ], [ -46.168044456710412, -23.632843968589999, 0.0 ], [ -46.168051786222975, -23.632843913396158, 0.0 ], [ -46.168055510887292, -23.632850638590071, 0.0 ], [ -46.168062840400196, -23.63285058339569, 0.0 ], [ -46.168070199867486, -23.632853904596438, 0.0 ], [ -46.16807752938054, -23.632853849401361, 0.0 ], [ -46.168084858893558, -23.632853794205936, 0.0 ], [ -46.168092218361537, -23.632857115405599, 0.0 ], [ -46.168099547874704, -23.632857060209478, 0.0 ], [ -46.168106937298575, -23.63286375780384, 0.0 ], [ -46.168114266812076, -23.632863702607008, 0.0 ], [ -46.168117991480131, -23.632870427799265, 0.0 ], [ -46.168125320993973, -23.632870372601893, 0.0 ], [ -46.168132680463827, -23.632873693799549, 0.0 ], [ -46.168140039934052, -23.632877014996847, 0.0 ], [ -46.168147399404624, -23.632880336193786, 0.0 ], [ -46.168154758875559, -23.632883657390348, 0.0 ], [ -46.168158483546243, -23.632890382581515, 0.0 ], [ -46.168165843018009, -23.632893703777523, 0.0 ], [ -46.168165902931868, -23.63290045656818, 0.0 ], [ -46.168165962845741, -23.63290720935883, 0.0 ], [ -46.168173292361509, -23.632907154159117, 0.0 ], [ -46.16817335227578, -23.632913906949749, 0.0 ], [ -46.168173412190079, -23.632920659740375, 0.0 ], [ -46.168173472104399, -23.632927412530989, 0.0 ], [ -46.168173532018741, -23.632934165321608, 0.0 ], [ -46.168169927174283, -23.632940945712157, 0.0 ], [ -46.168162627613547, -23.632944377307101, 0.0 ], [ -46.168159022768265, -23.63295115769743, 0.0 ], [ -46.168155417922627, -23.632957938087678, 0.0 ], [ -46.168148118360548, -23.632961369681993, 0.0 ], [ -46.168140788841704, -23.632961424880641, 0.0 ], [ -46.168133519235219, -23.632968232869626, 0.0 ], [ -46.168126219671976, -23.632971664462943, 0.0 ], [ -46.168118890152492, -23.632971719660581, 0.0 ], [ -46.168111560632994, -23.632971774857872, 0.0 ], [ -46.168104231113475, -23.632971830054817, 0.0 ], [ -46.168096901593927, -23.632971885251411, 0.0 ], [ -46.168089602029447, -23.632975316843059, 0.0 ], [ -46.168075062808747, -23.632988932816158, 0.0 ], [ -46.168067763242718, -23.632992364406824, 0.0 ], [ -46.168060463676305, -23.632995795997161, 0.0 ], [ -46.168053194063674, -23.633002603982593, 0.0 ], [ -46.168045894496288, -23.633006035572276, 0.0 ], [ -46.168042289643331, -23.633012815960136, 0.0 ], [ -46.168038684790005, -23.633019596347925, 0.0 ], [ -46.168038744697697, -23.633026349138785, 0.0 ], [ -46.168031415174951, -23.633026404332405, 0.0 ], [ -46.168031475082287, -23.633033157123279, 0.0 ], [ -46.168027870227888, -23.633039937510834, 0.0 ], [ -46.168024265373134, -23.633046717898328, 0.0 ], [ -46.168016965802536, -23.633050149486756, 0.0 ], [ -46.168017025709197, -23.633056902277644, 0.0 ], [ -46.168013420853455, -23.633063682664901, 0.0 ], [ -46.168006121281628, -23.633067114252864, 0.0 ], [ -46.167998821709411, -23.633070545840493, 0.0 ], [ -46.167995216852361, -23.633077326227369, 0.0 ], [ -46.16799161199495, -23.633084106614181, 0.0 ], [ -46.167984282468865, -23.633084161805701, 0.0 ], [ -46.167984342373956, -23.633090914596639, 0.0 ], [ -46.16798440227906, -23.633097667387567, 0.0 ], [ -46.167984462184187, -23.633104420178487, 0.0 ], [ -46.167984522089348, -23.633111172969407, 0.0 ], [ -46.167984611947112, -23.633121302155768, 0.0 ], [ -46.167984671852324, -23.63312805494667, 0.0 ], [ -46.167984731757549, -23.633134807737555, 0.0 ], [ -46.167988456427452, -23.633141532932648, 0.0 ], [ -46.167992181097738, -23.63314825812764, 0.0 ], [ -46.168006959969858, -23.633161653324859, 0.0 ], [ -46.168017984218878, -23.633164946930968, 0.0 ], [ -46.168025373656789, -23.633171644528442, 0.0 ], [ -46.168032763095461, -23.633178342125525, 0.0 ], [ -46.168040092626669, -23.633178286931507, 0.0 ], [ -46.168051086923427, -23.633178204139824, 0.0 ], [ -46.168058416454578, -23.633178148944939, 0.0 ], [ -46.16808776453427, -23.633181304557237, 0.0 ], [ -46.168109753127872, -23.633181138966322, 0.0 ], [ -46.168131771677736, -23.633184349767532, 0.0 ], [ -46.168150125462823, -23.633187588165327, 0.0 ], [ -46.168164784525622, -23.633187477765809, 0.0 ], [ -46.168172114056986, -23.633187422565527, 0.0 ], [ -46.168179443588329, -23.633187367364894, 0.0 ], [ -46.168183168269564, -23.633194092554813, 0.0 ], [ -46.168190557717224, -23.633200790143984, 0.0 ], [ -46.168201581973555, -23.633204083736725, 0.0 ], [ -46.168205306656418, -23.633210808926037, 0.0 ], [ -46.168212666147546, -23.633214130118933, 0.0 ], [ -46.168219995680275, -23.633214074916328, 0.0 ], [ -46.168220055597814, -23.633220827706577, 0.0 ], [ -46.168223780282105, -23.633227552895377, 0.0 ], [ -46.168227504966801, -23.633234278084068, 0.0 ], [ -46.168234834500602, -23.63323422288072, 0.0 ], [ -46.168242193993756, -23.633237544072117, 0.0 ], [ -46.168253188294671, -23.633237461265921, 0.0 ], [ -46.168264182595536, -23.633237378458944, 0.0 ], [ -46.168271512129415, -23.633237323253855, 0.0 ], [ -46.16827884166328, -23.633237268048429, 0.0 ], [ -46.168293500730925, -23.633237157636525, 0.0 ], [ -46.168304495031613, -23.633237074826692, 0.0 ], [ -46.168311824565372, -23.633237019619703, 0.0 ], [ -46.168319154099109, -23.633236964412365, 0.0 ], [ -46.168326513594359, -23.633240285599676, 0.0 ], [ -46.168333843128238, -23.633240230391642, 0.0 ], [ -46.168341172662103, -23.633240175183257, 0.0 ], [ -46.168348502195933, -23.633240119974534, 0.0 ], [ -46.168355831729748, -23.633240064765456, 0.0 ], [ -46.168363161263542, -23.633240009556037, 0.0 ], [ -46.168370490797308, -23.633239954346269, 0.0 ], [ -46.168381485097925, -23.633239871530968, 0.0 ], [ -46.168388784668508, -23.633236439925419, 0.0 ], [ -46.168396114202011, -23.633236384714454, 0.0 ], [ -46.168403443735492, -23.633236329503134, 0.0 ], [ -46.168410773268945, -23.63323627429147, 0.0 ], [ -46.168418102802384, -23.633236219079464, 0.0 ], [ -46.168425432335802, -23.633236163867114, 0.0 ], [ -46.168436366707198, -23.633229328258217, 0.0 ], [ -46.16845466057481, -23.633225813829718, 0.0 ], [ -46.168472954441356, -23.633222299399108, 0.0 ], [ -46.168483888809014, -23.633215463786993, 0.0 ], [ -46.168498517907253, -23.633211976961025, 0.0 ], [ -46.168509482238839, -23.633208517741952, 0.0 ], [ -46.168516781804115, -23.633205086130577, 0.0 ], [ -46.168524051402443, -23.633198278124095, 0.0 ], [ -46.168531380933466, -23.63319822290682, 0.0 ], [ -46.168542315295952, -23.633191387290768, 0.0 ], [ -46.168542255361963, -23.633184634501269, 0.0 ], [ -46.168545860192928, -23.633177854102765, 0.0 ], [ -46.168545800258798, -23.633171101313259, 0.0 ], [ -46.16854207556014, -23.633164376132736, 0.0 ], [ -46.16853835086188, -23.6331576509521, 0.0 ], [ -46.168530991366467, -23.633154329774833, 0.0 ], [ -46.168527236702531, -23.633144228199107, 0.0 ], [ -46.16851621244421, -23.633140934629623, 0.0 ], [ -46.168512427815664, -23.633127456658645, 0.0 ], [ -46.168508703120011, -23.633120731477167, 0.0 ], [ -46.168504978424757, -23.633114006295578, 0.0 ], [ -46.168504888526989, -23.633103877111093, 0.0 ], [ -46.168497529035427, -23.633100555932074, 0.0 ], [ -46.168497469103997, -23.633093803142387, 0.0 ], [ -46.168497409172588, -23.633087050352696, 0.0 ], [ -46.1684973492412, -23.633080297562994, 0.0 ], [ -46.168497289309833, -23.633073544773293, 0.0 ], [ -46.168497229378495, -23.633066791983577, 0.0 ], [ -46.168500834208878, -23.633060011586053, 0.0 ], [ -46.168500774277391, -23.633053258796345, 0.0 ], [ -46.168500714345932, -23.633046506006618, 0.0 ], [ -46.168507983936749, -23.633039698001078, 0.0 ], [ -46.168515283492908, -23.633036266390057, 0.0 ], [ -46.168522583048663, -23.63303283477871, 0.0 ], [ -46.168529882604034, -23.633029403167026, 0.0 ], [ -46.168537182159007, -23.633025971555025, 0.0 ], [ -46.168544511680409, -23.633025916337509, 0.0 ], [ -46.168551841201783, -23.633025861119638, 0.0 ], [ -46.168559110788763, -23.633019053111823, 0.0 ], [ -46.168566440309718, -23.633018997893288, 0.0 ], [ -46.168573739863092, -23.633015566279614, 0.0 ], [ -46.168581039416082, -23.633012134665609, 0.0 ], [ -46.168588368936597, -23.633012079446047, 0.0 ], [ -46.168595698457089, -23.633012024226147, 0.0 ], [ -46.168599303280928, -23.633005243826549, 0.0 ], [ -46.168599243344545, -23.632998491037025, 0.0 ], [ -46.168602848167858, -23.632991710637356, 0.0 ], [ -46.168602788231333, -23.632984957847825, 0.0 ], [ -46.168599063535538, -23.632978232668425, 0.0 ], [ -46.168595338840142, -23.632971507488904, 0.0 ], [ -46.168591614145136, -23.632964782309276, 0.0 ], [ -46.168587889450521, -23.632958057129535, 0.0 ], [ -46.168584164756297, -23.632951331949684, 0.0 ], [ -46.16858044006247, -23.632944606769726, 0.0 ], [ -46.168573110545687, -23.63294466198877, 0.0 ], [ -46.168565751061635, -23.632941340812629, 0.0 ], [ -46.168558391577946, -23.632938019636129, 0.0 ], [ -46.168554666885818, -23.632931294455474, 0.0 ], [ -46.168547307402953, -23.632927973278413, 0.0 ], [ -46.168539977887008, -23.632928028495847, 0.0 ], [ -46.168532648371048, -23.632928083712937, 0.0 ], [ -46.168528923680505, -23.63292135853159, 0.0 ], [ -46.168521564198805, -23.632918037353253, 0.0 ], [ -46.16851423468335, -23.632918092569447, 0.0 ], [ -46.168506875202176, -23.6329147713904, 0.0 ], [ -46.168499515721351, -23.632911450210976, 0.0 ], [ -46.168492156240895, -23.63290812903119, 0.0 ], [ -46.168484796760801, -23.632904807851034, 0.0 ], [ -46.168477437281062, -23.632901486670512, 0.0 ], [ -46.168466413044442, -23.632898193096526, 0.0 ], [ -46.168459053565499, -23.632894871915102, 0.0 ], [ -46.168451724051167, -23.632894927128294, 0.0 ], [ -46.168444364572757, -23.632891605946153, 0.0 ], [ -46.168437005094695, -23.632888284763634, 0.0 ], [ -46.168425980860079, -23.632884991186693, 0.0 ], [ -46.16841862138282, -23.632881670003265, 0.0 ], [ -46.168411261905923, -23.632878348819482, 0.0 ], [ -46.16840390242939, -23.632875027635329, 0.0 ], [ -46.168396542953204, -23.632871706450807, 0.0 ], [ -46.168389183477387, -23.63286838526593, 0.0 ], [ -46.168381824001926, -23.632865064080679, 0.0 ], [ -46.168378099320854, -23.632858338895279, 0.0 ], [ -46.168370739846225, -23.632855017709471, 0.0 ], [ -46.168367015166012, -23.632848292523761, 0.0 ], [ -46.168363290486198, -23.632841567337948, 0.0 ], [ -46.168359565806767, -23.632834842152025, 0.0 ], [ -46.168355841127735, -23.632828116965985, 0.0 ], [ -46.168352116449093, -23.632821391779846, 0.0 ], [ -46.168348391770841, -23.632814666593589, 0.0 ], [ -46.168348331847881, -23.632807913803294, 0.0 ], [ -46.168348271924927, -23.632801161012992, 0.0 ], [ -46.168355601434307, -23.632801105804894, 0.0 ], [ -46.168359206265499, -23.632794325410433, 0.0 ], [ -46.168362811096337, -23.632787545015898, 0.0 ], [ -46.168370140604928, -23.632787489807139, 0.0 ], [ -46.168377470113484, -23.63278743459804, 0.0 ], [ -46.168381074943191, -23.632780654203113, 0.0 ], [ -46.168388404451349, -23.632780598993506, 0.0 ], [ -46.16839567403418, -23.632773790993348, 0.0 ], [ -46.168403003541911, -23.632773735783072, 0.0 ], [ -46.168406608369928, -23.632766955387613, 0.0 ], [ -46.16841390791415, -23.632763523781737, 0.0 ], [ -46.168421207457982, -23.632760092175534, 0.0 ], [ -46.168421147531433, -23.632753339385371, 0.0 ], [ -46.168428477037963, -23.63275328417393, 0.0 ], [ -46.168435746617192, -23.632746476172009, 0.0 ], [ -46.168443076123296, -23.632746420959897, 0.0 ], [ -46.168446680948527, -23.632739640563592, 0.0 ], [ -46.168454010454226, -23.632739585350972, 0.0 ], [ -46.168457615278705, -23.632732804954443, 0.0 ], [ -46.168464944783999, -23.632732749741329, 0.0 ], [ -46.168468549607738, -23.63272596934457, 0.0 ], [ -46.168472154431115, -23.632719188947732, 0.0 ], [ -46.168475759254129, -23.632712408550816, 0.0 ], [ -46.168479364076788, -23.632705628153829, 0.0 ], [ -46.168479304147411, -23.632698875363754, 0.0 ], [ -46.168482908969544, -23.6326920949667, 0.0 ], [ -46.168486513791322, -23.632685314569557, 0.0 ], [ -46.168490118612738, -23.632678534172346, 0.0 ], [ -46.168490092569002, -23.632675599610334, 0.0 ], [ -46.168489840000049, -23.632675370688855, 0.0 ], [ -46.168489490811226, -23.632674740202958, 0.0 ], [ -46.168488800861198, -23.632674428842261, 0.0 ], [ -46.168488108101975, -23.632673800944527, 0.0 ], [ -46.168487758913166, -23.632673170458624, 0.0 ], [ -46.168487753294755, -23.632672537384558, 0.0 ], [ -46.168487063344749, -23.632672226023857, 0.0 ], [ -46.168486711346738, -23.63267127900091, 0.0 ], [ -46.168486021396738, -23.632670967640212, 0.0 ], [ -46.168485323019148, -23.632669706668388, 0.0 ], [ -46.168484624641579, -23.63266844569657, 0.0 ], [ -46.168484272643589, -23.632667498673619, 0.0 ], [ -46.168483582693625, -23.632667187312904, 0.0 ], [ -46.168483233504851, -23.632666556826997, 0.0 ], [ -46.16848288150689, -23.632665609804043, 0.0 ], [ -46.168482529508928, -23.632664662781092, 0.0 ], [ -46.168482180320161, -23.632664032295168, 0.0 ], [ -46.168481831131409, -23.632663401809257, 0.0 ], [ -46.168481476324274, -23.632662138249255, 0.0 ], [ -46.168481124326334, -23.632661191226308, 0.0 ], [ -46.168480428758031, -23.632660246791495, 0.0 ], [ -46.168480079569292, -23.632659616305578, 0.0 ], [ -46.168479727571366, -23.632658669282613, 0.0 ], [ -46.168479372764267, -23.632657405722622, 0.0 ], [ -46.168479020766355, -23.632656458699653, 0.0 ], [ -46.168478668768458, -23.632655511676688, 0.0 ], [ -46.16847831677056, -23.63265456465373, 0.0 ], [ -46.168478305533831, -23.632653298505577, 0.0 ], [ -46.168477947917587, -23.632651718408539, 0.0 ], [ -46.168477595919704, -23.632650771385578, 0.0 ], [ -46.168477241112647, -23.632649507825562, 0.0 ], [ -46.168476886305598, -23.63264824426556, 0.0 ], [ -46.168476880687244, -23.632647611191487, 0.0 ], [ -46.168476875068897, -23.632646978117414, 0.0 ], [ -46.168476520261862, -23.632645714557398, 0.0 ], [ -46.168476165454834, -23.63264445099739, 0.0 ], [ -46.168476157027314, -23.632643501386276, 0.0 ], [ -46.168475802220293, -23.632642237826271, 0.0 ], [ -46.168475450222452, -23.632641290803285, 0.0 ], [ -46.168475441794939, -23.632640341192186, 0.0 ], [ -46.168475433367426, -23.632639391581073, 0.0 ], [ -46.168475424939906, -23.632638441969956, 0.0 ], [ -46.168475419321567, -23.632637808895876, 0.0 ], [ -46.168475410894047, -23.632636859284766, 0.0 ], [ -46.168475399657368, -23.632635593136616, 0.0 ], [ -46.168475388420681, -23.632634326988473, 0.0 ], [ -46.168475717945121, -23.632632741715145, 0.0 ], [ -46.168475709517608, -23.632631792104021, 0.0 ], [ -46.168476047469561, -23.632631156441814, 0.0 ], [ -46.168476041851214, -23.632630523367737, 0.0 ], [ -46.168476379803167, -23.632629887705523, 0.0 ], [ -46.16847706132539, -23.632629249455171, 0.0 ], [ -46.168477055707044, -23.632628616381094, 0.0 ], [ -46.168477737229267, -23.632627978130746, 0.0 ], [ -46.168478421560657, -23.632627656417412, 0.0 ], [ -46.168478756703408, -23.632626704218168, 0.0 ], [ -46.168479443843971, -23.632626699041882, 0.0 ], [ -46.168480130984534, -23.632626693865593, 0.0 ], [ -46.168480818125097, -23.632626688689299, 0.0 ], [ -46.16848150526566, -23.632626683513003, 0.0 ], [ -46.168482192406223, -23.632626678336702, 0.0 ], [ -46.168482882355974, -23.632626989697435, 0.0 ], [ -46.168483572305725, -23.632627301058168, 0.0 ], [ -46.168484262255483, -23.63262761241889, 0.0 ], [ -46.16848495220524, -23.632627923779626, 0.0 ], [ -46.168485639345811, -23.632627918603312, 0.0 ], [ -46.16848633210477, -23.632628546501067, 0.0 ], [ -46.168487368434022, -23.632629171810649, 0.0 ], [ -46.168488399144884, -23.632629164046165, 0.0 ], [ -46.168489091903858, -23.632629791943909, 0.0 ], [ -46.168489779044435, -23.632629786767577, 0.0 ], [ -46.168490466185013, -23.632629781591234, 0.0 ], [ -46.168491499705084, -23.632630090363762, 0.0 ], [ -46.168492876795455, -23.632630396548116, 0.0 ], [ -46.168493566745248, -23.632630707908799, 0.0 ], [ -46.168494265122689, -23.632631968880592, 0.0 ], [ -46.168495295833566, -23.632631961116051, 0.0 ], [ -46.168495988592596, -23.632632589013767, 0.0 ], [ -46.168496678542411, -23.632632900374432, 0.0 ], [ -46.168497368492226, -23.632633211735104, 0.0 ], [ -46.168497717680971, -23.632633842220987, 0.0 ], [ -46.168498751201085, -23.632634150993471, 0.0 ], [ -46.168499787530443, -23.632634776302964, 0.0 ], [ -46.168500136719203, -23.632635406788847, 0.0 ], [ -46.168501516618875, -23.632636029510145, 0.0 ], [ -46.168502209377955, -23.632636657407822, 0.0 ], [ -46.168503248516586, -23.632637599254334, 0.0 ], [ -46.168504282036743, -23.63263790802678, 0.0 ], [ -46.168504977605089, -23.632638852461479, 0.0 ], [ -46.168505667554953, -23.632639163822105, 0.0 ], [ -46.168507393834247, -23.632640100492186, 0.0 ], [ -46.168508427354432, -23.632640409264592, 0.0 ], [ -46.168508776543256, -23.632641039750443, 0.0 ], [ -46.168510502822599, -23.632641976420487, 0.0 ], [ -46.16851188553165, -23.632642915678723, 0.0 ], [ -46.168512575481543, -23.632643227039313, 0.0 ], [ -46.168512927479661, -23.6326441740622, 0.0 ], [ -46.168514650949803, -23.632644794195148, 0.0 ], [ -46.168515690088583, -23.632645736041574, 0.0 ], [ -46.168516377229238, -23.632645730865121, 0.0 ], [ -46.168517072797712, -23.632646675299767, 0.0 ], [ -46.168517759938361, -23.632646670123307, 0.0 ], [ -46.168518109127241, -23.632647300609136, 0.0 ], [ -46.168518458316122, -23.632647931094965, 0.0 ], [ -46.168519145456791, -23.632647925918501, 0.0 ], [ -46.168519494645679, -23.632648556404327, 0.0 ], [ -46.168520181786349, -23.632648551227859, 0.0 ], [ -46.168520530975243, -23.632649181713685, 0.0 ], [ -46.168520880164145, -23.632649812199507, 0.0 ], [ -46.168521567304815, -23.632649807023032, 0.0 ], [ -46.168522262873346, -23.632650751457646, 0.0 ], [ -46.16852264930057, -23.6326512761439, 0.0 ], [ -46.168526526396654, -23.632651246936252, 0.0 ], [ -46.168533855897223, -23.632651191720058, 0.0 ], [ -46.168544910080641, -23.632657861685072, 0.0 ], [ -46.168552269548023, -23.632661182862968, 0.0 ], [ -46.168559629015775, -23.632664504040491, 0.0 ], [ -46.168566988483875, -23.632667825217652, 0.0 ], [ -46.168581707421154, -23.63267446757088, 0.0 ], [ -46.168589066890341, -23.63267778874695, 0.0 ], [ -46.16860009111091, -23.632681082312907, 0.0 ], [ -46.168614810051238, -23.632687724662858, 0.0 ], [ -46.168625864241633, -23.632694394621787, 0.0 ], [ -46.168633253681598, -23.632701092190512, 0.0 ], [ -46.168640643122316, -23.63270778975885, 0.0 ], [ -46.168648002594757, -23.632711110931975, 0.0 ], [ -46.168655332098339, -23.632711055709912, 0.0 ], [ -46.168659056788748, -23.632717780888374, 0.0 ], [ -46.168666416262184, -23.632721102060582, 0.0 ], [ -46.168673775735975, -23.632724423232418, 0.0 ], [ -46.168681105240232, -23.632724368009104, 0.0 ], [ -46.168684829932339, -23.632731093186869, 0.0 ], [ -46.168688554624836, -23.632737818364529, 0.0 ], [ -46.168695884129797, -23.63273776314049, 0.0 ], [ -46.168699608823047, -23.632744488317847, 0.0 ], [ -46.168703333516703, -23.632751213495101, 0.0 ], [ -46.168710663022374, -23.632751158270331, 0.0 ], [ -46.168710722963759, -23.632757911059802, 0.0 ], [ -46.168721777164762, -23.632764581011411, 0.0 ], [ -46.168729106671123, -23.632764525785749, 0.0 ], [ -46.168743855598485, -23.632774544517442, 0.0 ], [ -46.168758544584144, -23.6327778104583, 0.0 ], [ -46.1687733234875, -23.632791205581675, 0.0 ], [ -46.168788072421108, -23.632801224308878, 0.0 ], [ -46.168795431902275, -23.63280454547461, 0.0 ], [ -46.168802761410674, -23.632804490245373, 0.0 ], [ -46.168810120892367, -23.632807811410387, 0.0 ], [ -46.168817450400908, -23.632807756180444, 0.0 ], [ -46.168841838963296, -23.632802982309403, 0.0 ], [ -46.168849168471482, -23.632802927077979, 0.0 ], [ -46.168870887222241, -23.632772373830893, 0.0 ], [ -46.168890265879625, -23.632753181549948, 0.0 ], [ -46.168913702188583, -23.632718552857355, 0.0 ], [ -46.168932770707578, -23.632699099109733, 0.0 ], [ -46.168954438126242, -23.632701468287276, 0.0 ], [ -46.16897165037156, -23.632705137269873, 0.0 ], [ -46.168981686984225, -23.632713292142959, 0.0 ], [ -46.16898904646483, -23.632716613299543, 0.0 ], [ -46.168992609150536, -23.632722020698409, 0.0 ], [ -46.169003633383625, -23.63272531423511, 0.0 ], [ -46.169033011355097, -23.632731846066157, 0.0 ], [ -46.169040340858821, -23.632731790825861, 0.0 ], [ -46.169047670362531, -23.632731735585214, 0.0 ], [ -46.169054999866212, -23.632731680344225, 0.0 ], [ -46.169062359349553, -23.632735001497206, 0.0 ], [ -46.169069688853384, -23.632734946255507, 0.0 ], [ -46.169077018357186, -23.63273489101347, 0.0 ], [ -46.169087952652184, -23.632728055361188, 0.0 ], [ -46.169098916926622, -23.632724596102445, 0.0 ], [ -46.169106216448981, -23.632721164464787, 0.0 ], [ -46.169113545951916, -23.632721109221052, 0.0 ], [ -46.169120845473678, -23.632717677582718, 0.0 ], [ -46.169124450262544, -23.632710897172046, 0.0 ], [ -46.169128055051047, -23.6327041167613, 0.0 ], [ -46.169127995088409, -23.632697363972792, 0.0 ], [ -46.169127935125793, -23.632690611184277, 0.0 ], [ -46.169127845181919, -23.632680482001494, 0.0 ], [ -46.169127785219359, -23.632673729212964, 0.0 ], [ -46.169127725256821, -23.632666976424431, 0.0 ], [ -46.169127665294305, -23.632660223635888, 0.0 ], [ -46.169127605331809, -23.632653470847341, 0.0 ], [ -46.169127545369342, -23.632646718058783, 0.0 ], [ -46.169127485406896, -23.632639965270229, 0.0 ], [ -46.169127425444472, -23.632633212481664, 0.0 ], [ -46.169134724961069, -23.632629780842855, 0.0 ], [ -46.169138329747007, -23.632623000431902, 0.0 ], [ -46.169134605035559, -23.632616275265729, 0.0 ], [ -46.169130880324502, -23.632609550099453, 0.0 ], [ -46.169130820361985, -23.632602797310867, 0.0 ], [ -46.169134425147455, -23.63259601690001, 0.0 ], [ -46.169137999951154, -23.632585860094789, 0.0 ], [ -46.169145329446479, -23.632585804849846, 0.0 ], [ -46.169152658941783, -23.632585749604562, 0.0 ], [ -46.169167287950167, -23.632582262718696, 0.0 ], [ -46.169174587462877, -23.632578831078131, 0.0 ], [ -46.169181916957712, -23.632578775831483, 0.0 ], [ -46.169189216469817, -23.632575344190247, 0.0 ], [ -46.169196545964432, -23.632575288942913, 0.0 ], [ -46.169207510223124, -23.632571829677044, 0.0 ], [ -46.169214839717483, -23.63257177442885, 0.0 ], [ -46.169222199195382, -23.632575095574506, 0.0 ], [ -46.169229528689883, -23.632575040325616, 0.0 ], [ -46.169236918152237, -23.632581737864722, 0.0 ], [ -46.169240642867742, -23.632588463028299, 0.0 ], [ -46.169248032331417, -23.632595160566822, 0.0 ], [ -46.16925542179586, -23.632601858104952, 0.0 ], [ -46.169255481764758, -23.632608610893236, 0.0 ], [ -46.16926284124569, -23.632611932036831, 0.0 ], [ -46.169270200726977, -23.632615253180049, 0.0 ], [ -46.169270260696678, -23.63262200596829, 0.0 ], [ -46.169277650163757, -23.632628703505237, 0.0 ], [ -46.169275181692292, -23.632643336546803, 0.0 ], [ -46.169265568078615, -23.632657021015952, 0.0 ], [ -46.169265628048187, -23.632663773804158, 0.0 ], [ -46.16926935276765, -23.632670498966828, 0.0 ], [ -46.169269412737457, -23.63267725175502, 0.0 ], [ -46.169269472707285, -23.632684004543208, 0.0 ], [ -46.169273197427557, -23.632690729705732, 0.0 ], [ -46.16927325739762, -23.632697482493896, 0.0 ], [ -46.169273317367704, -23.632704235282056, 0.0 ], [ -46.169273377337809, -23.632710988070205, 0.0 ], [ -46.169273437307943, -23.63271774085835, 0.0 ], [ -46.169280796795519, -23.632721062000787, 0.0 ], [ -46.169280856766058, -23.6327278147889, 0.0 ], [ -46.16928821625438, -23.632731135930946, 0.0 ], [ -46.169295575743057, -23.632734457072626, 0.0 ], [ -46.169302905246248, -23.632734401819917, 0.0 ], [ -46.169317564252545, -23.632734291313458, 0.0 ], [ -46.169335888010295, -23.632734153178436, 0.0 ], [ -46.169343217513358, -23.632734097923823, 0.0 ], [ -46.16934682229094, -23.632727317508436, 0.0 ], [ -46.169350427068153, -23.632720537092968, 0.0 ], [ -46.169350367094069, -23.632713784305011, 0.0 ], [ -46.169373473403311, -23.632688760298592, 0.0 ], [ -46.169377048190491, -23.632678603488603, 0.0 ], [ -46.169384317714645, -23.63267179544426, 0.0 ], [ -46.169387922488504, -23.63266501502801, 0.0 ], [ -46.169391527262007, -23.632658234611682, 0.0 ], [ -46.169391467285983, -23.632651481823775, 0.0 ], [ -46.169391407309995, -23.63264472903586, 0.0 ], [ -46.169387682585231, -23.63263800387632, 0.0 ], [ -46.169387622609463, -23.63263125108838, 0.0 ], [ -46.169383897885304, -23.632624525928719, 0.0 ], [ -46.169383837909777, -23.632617773140762, 0.0 ], [ -46.169383777934264, -23.632611020352797, 0.0 ], [ -46.16938371795878, -23.632604267564822, 0.0 ], [ -46.169383657983317, -23.632597514776847, 0.0 ], [ -46.169383598007876, -23.632590761988869, 0.0 ], [ -46.169387202779752, -23.632583981572655, 0.0 ], [ -46.16939074757552, -23.63257044836838, 0.0 ], [ -46.169401711828066, -23.632566989088996, 0.0 ], [ -46.169401621863656, -23.632556859907048, 0.0 ], [ -46.169412556126375, -23.63255002423297, 0.0 ], [ -46.1694161608957, -23.632543243816155, 0.0 ], [ -46.169423460399265, -23.632539812164204, 0.0 ], [ -46.169430729913579, -23.63253300411796, 0.0 ], [ -46.169441694161883, -23.632529544835901, 0.0 ], [ -46.169449023653279, -23.632529489576743, 0.0 ], [ -46.169456353144646, -23.632529434317227, 0.0 ], [ -46.169463652646321, -23.632526002663443, 0.0 ], [ -46.169474616893069, -23.632522543379121, 0.0 ], [ -46.169489215894245, -23.63251568006957, 0.0 ], [ -46.169503874875218, -23.632515569546467, 0.0 ], [ -46.169511204365676, -23.632515514284393, 0.0 ], [ -46.169518533856106, -23.632515459021977, 0.0 ], [ -46.169525863346514, -23.632515403759214, 0.0 ], [ -46.169533192836901, -23.632515348496106, 0.0 ], [ -46.1695405523189, -23.632518669626489, 0.0 ], [ -46.16954791180126, -23.632521990756501, 0.0 ], [ -46.169558906037295, -23.63252190786012, 0.0 ], [ -46.169562630767054, -23.632528633015436, 0.0 ], [ -46.16956996025808, -23.632528577750559, 0.0 ], [ -46.169577319741684, -23.632531898879126, 0.0 ], [ -46.169584679225643, -23.632535220007313, 0.0 ], [ -46.169592008716975, -23.63253516474138, 0.0 ], [ -46.169595733448794, -23.632541889895801, 0.0 ], [ -46.169603092933748, -23.632545211023082, 0.0 ], [ -46.169606817666427, -23.632551936177201, 0.0 ], [ -46.169614177152212, -23.632555257303917, 0.0 ], [ -46.169617901885751, -23.632561982457716, 0.0 ], [ -46.169621626619687, -23.632568707611416, 0.0 ], [ -46.169616874281679, -23.632584096514211, 0.0 ], [ -46.169604274665666, -23.632596853844532, 0.0 ], [ -46.169597138426447, -23.632605771281174, 0.0 ], [ -46.169595218536195, -23.632621719182787, 0.0 ], [ -46.169604196176273, -23.632639589781636, 0.0 ], [ -46.169611555666997, -23.632642910908249, 0.0 ], [ -46.169615280403093, -23.632649636061945, 0.0 ], [ -46.169626334637584, -23.632656305947719, 0.0 ], [ -46.16963378411247, -23.632669756254195, 0.0 ], [ -46.16964120359448, -23.63267983016658, 0.0 ], [ -46.169644928333199, -23.632686555319442, 0.0 ], [ -46.169648064520466, -23.632691491080966, 0.0 ], [ -46.169657380287006, -23.632695852647352, 0.0 ], [ -46.169668352040752, -23.632693237447452, 0.0 ], [ -46.169676983479469, -23.63269792073109, 0.0 ], [ -46.169676400385313, -23.632709637777964, 0.0 ], [ -46.169679222062065, -23.632717847010866, 0.0 ], [ -46.169677028140697, -23.632728732049756, 0.0 ], [ -46.1696808128738, -23.632742209988727, 0.0 ], [ -46.169696005900128, -23.632750642488197, 0.0 ], [ -46.169705214647955, -23.632755849013439, 0.0 ], [ -46.169705274640357, -23.632762601800497, 0.0 ], [ -46.169708999384817, -23.632769326951525, 0.0 ], [ -46.16971272412966, -23.632776052102447, 0.0 ], [ -46.169720113627292, -23.632782749616943, 0.0 ], [ -46.169723868369829, -23.632792851161039, 0.0 ], [ -46.169731227872056, -23.632796172281441, 0.0 ], [ -46.169734952618839, -23.632802897431723, 0.0 ], [ -46.169738677366013, -23.632809622581902, 0.0 ], [ -46.169746006872217, -23.632809567308094, 0.0 ], [ -46.169749731620151, -23.63281629245796, 0.0 ], [ -46.169753456368475, -23.632823017607723, 0.0 ], [ -46.169764480626654, -23.632826311089214, 0.0 ], [ -46.169768205376016, -23.632833036238569, 0.0 ], [ -46.169775564881562, -23.632836357356727, 0.0 ], [ -46.169789000064966, -23.632844328266529, 0.0 ], [ -46.169796359571635, -23.632847649383645, 0.0 ], [ -46.169803749077523, -23.632854346893769, 0.0 ], [ -46.16981483333776, -23.632864393158236, 0.0 ], [ -46.169825887600233, -23.632871063028478, 0.0 ], [ -46.169829612354043, -23.632877788176156, 0.0 ], [ -46.169833337108244, -23.632884513323717, 0.0 ], [ -46.169833397107588, -23.632891266110356, 0.0 ], [ -46.169837121862386, -23.632897991257792, 0.0 ], [ -46.169837181861965, -23.63290474404441, 0.0 ], [ -46.169837241861558, -23.632911496831021, 0.0 ], [ -46.169837301861179, -23.632918249617621, 0.0 ], [ -46.169837361860814, -23.632925002404228, 0.0 ], [ -46.169837421860478, -23.632931755190821, 0.0 ], [ -46.169837481860171, -23.632938507977407, 0.0 ], [ -46.169833877103116, -23.632945288403249, 0.0 ], [ -46.169830272345713, -23.63295206882902, 0.0 ], [ -46.169830332345086, -23.632958821615613, 0.0 ], [ -46.169830392344487, -23.632965574402192, 0.0 ], [ -46.169823122828866, -23.632972382466928, 0.0 ], [ -46.169815853312485, -23.632979190531348, 0.0 ], [ -46.169815913311204, -23.632985943317944, 0.0 ], [ -46.169808643793729, -23.632992751382062, 0.0 ], [ -46.169794104756512, -23.633006367509331, 0.0 ], [ -46.169786835236778, -23.633013175572486, 0.0 ], [ -46.169775900957383, -23.633020011273306, 0.0 ], [ -46.16976863143595, -23.633026819335672, 0.0 ], [ -46.169765026673069, -23.633033599760072, 0.0 ], [ -46.169757757150329, -23.633040407821969, 0.0 ], [ -46.169750487626843, -23.633047215883547, 0.0 ], [ -46.169743158107423, -23.633047271158095, 0.0 ], [ -46.169739553342694, -23.633054051581965, 0.0 ], [ -46.169728589060163, -23.633057510886267, 0.0 ], [ -46.16971768477093, -23.633067722976591, 0.0 ], [ -46.169710385247051, -23.633071154643016, 0.0 ], [ -46.169699480955273, -23.633081366732142, 0.0 ], [ -46.169688546665554, -23.63308820242715, 0.0 ], [ -46.169681277135808, -23.633095010485683, 0.0 ], [ -46.169673947613546, -23.633095065757058, 0.0 ], [ -46.169666708078353, -23.633105250208381, 0.0 ], [ -46.169659408551006, -23.633108681872532, 0.0 ], [ -46.169652109023261, -23.633112113536345, 0.0 ], [ -46.169641144733376, -23.633115572834729, 0.0 ], [ -46.169641204723526, -23.633122325621638, 0.0 ], [ -46.169630210437674, -23.633122408525828, 0.0 ], [ -46.169622940902983, -23.633129216581796, 0.0 ], [ -46.169612006605178, -23.633136052271677, 0.0 ], [ -46.169604677080443, -23.633136107539869, 0.0 ], [ -46.169601072306222, -23.633142887960823, 0.0 ], [ -46.169593802768865, -23.633149696015515, 0.0 ], [ -46.16958653323077, -23.633156504069881, 0.0 ], [ -46.169571964158941, -23.633166743784166, 0.0 ], [ -46.169564724611959, -23.633176928231105, 0.0 ], [ -46.169553730321255, -23.633177011130059, 0.0 ], [ -46.169546490772291, -23.633187195576205, 0.0 ], [ -46.169539161244543, -23.63318725084142, 0.0 ], [ -46.169524592165537, -23.633197490551485, 0.0 ], [ -46.16952098738556, -23.633204270970754, 0.0 ], [ -46.169485658436656, -23.633194249206138, 0.0 ], [ -46.169461618731098, -23.633195591169766, 0.0 ], [ -46.169454289202655, -23.633195646430988, 0.0 ], [ -46.169441976854763, -23.633202070421625, 0.0 ], [ -46.169431955920707, -23.633208582654888, 0.0 ], [ -46.169417326851665, -23.633212069567918, 0.0 ], [ -46.169402178770881, -23.633208701633567, 0.0 ], [ -46.169389069629332, -23.633202785861126, 0.0 ], [ -46.169372240240122, -23.63320354585472, 0.0 ], [ -46.169358313307086, -23.633208715778778, 0.0 ], [ -46.169352968168667, -23.633212976849908, 0.0 ], [ -46.169334635713405, -23.633225038743433, 0.0 ], [ -46.169329046532098, -23.633227613343628, 0.0 ], [ -46.169321264528435, -23.633228305125922, 0.0 ], [ -46.169314094501999, -23.633233424107921, 0.0 ], [ -46.169307177887006, -23.633241284682896, 0.0 ], [ -46.169297107077298, -23.633255078120282, 0.0 ], [ -46.169283834280179, -23.633269423291907, 0.0 ], [ -46.16926534886742, -23.633277160036481, 0.0 ], [ -46.169253416618737, -23.633287696402785, 0.0 ], [ -46.169240366508276, -23.633288427893291, 0.0 ], [ -46.169224291715778, -23.633296779577702, 0.0 ], [ -46.169217022149994, -23.63330358761571, 0.0 ], [ -46.169212576120167, -23.633318815919424, 0.0 ], [ -46.169199762550257, -23.633320389778532, 0.0 ], [ -46.169189472256029, -23.633322366694085, 0.0 ], [ -46.169180702631053, -23.63332791980519, 0.0 ], [ -46.169173403077885, -23.633331351447353, 0.0 ], [ -46.169169798276094, -23.633338131859201, 0.0 ], [ -46.169162498722073, -23.633341563500892, 0.0 ], [ -46.169153920449887, -23.633355767756743, 0.0 ], [ -46.169142875331708, -23.63336302632754, 0.0 ], [ -46.169143204634288, -23.633374314418351, 0.0 ], [ -46.169134074350623, -23.633390844260241, 0.0 ], [ -46.169126167288695, -23.63340324962612, 0.0 ], [ -46.169122592464809, -23.63341340643094, 0.0 ], [ -46.169120284900998, -23.633424397838777, 0.0 ], [ -46.169120344865313, -23.633431150626674, 0.0 ], [ -46.16911307528683, -23.633437958660195, 0.0 ], [ -46.169113135250804, -23.633444711448092, 0.0 ], [ -46.16910748025208, -23.633452773544146, 0.0 ], [ -46.169100904375014, -23.633460314984092, 0.0 ], [ -46.169097299566189, -23.633467095394423, 0.0 ], [ -46.16909008994746, -23.633480656214886, 0.0 ], [ -46.169082820364729, -23.633487464247114, 0.0 ], [ -46.169082880327295, -23.633494217035047, 0.0 ], [ -46.169079275516673, -23.633500997445012, 0.0 ], [ -46.169072005932286, -23.633507805476789, 0.0 ], [ -46.169077041522264, -23.63354607105515, 0.0 ], [ -46.169077101484703, -23.63355282384304, 0.0 ], [ -46.169073496672318, -23.633559604252898, 0.0 ], [ -46.169069891859571, -23.633566384662686, 0.0 ], [ -46.169062652252109, -23.633576569088078, 0.0 ], [ -46.169055412643544, -23.633586753513153, 0.0 ], [ -46.16905180782917, -23.633593533922561, 0.0 ], [ -46.16902196736627, -23.633612330237231, 0.0 ], [ -46.169022027326072, -23.633619083025202, 0.0 ], [ -46.169022087285903, -23.633625835813167, 0.0 ], [ -46.169014817691831, -23.633632643842532, 0.0 ], [ -46.169011212874175, -23.633639424251093, 0.0 ], [ -46.169011272833501, -23.633646177039068, 0.0 ], [ -46.169007668015318, -23.633652957447552, 0.0 ], [ -46.16900406319678, -23.633659737855957, 0.0 ], [ -46.168996823579278, -23.633669922278568, 0.0 ], [ -46.168993218759738, -23.633676702686746, 0.0 ], [ -46.168993278718254, -23.633683455474721, 0.0 ], [ -46.168986765134484, -23.633723812965602, 0.0 ], [ -46.168983160313076, -23.633730593373585, 0.0 ], [ -46.168983220271222, -23.633737346161531, 0.0 ], [ -46.168979615449288, -23.633744126569443, 0.0 ], [ -46.168979675407293, -23.633750879357397, 0.0 ], [ -46.168976130542703, -23.633764412553187, 0.0 ], [ -46.16897619050058, -23.633771165341134, 0.0 ], [ -46.16897258567743, -23.633777945748907, 0.0 ], [ -46.168972645635172, -23.633784698536854, 0.0 ], [ -46.168969070790297, -23.633794855338518, 0.0 ], [ -46.168965495944903, -23.633805012140112, 0.0 ], [ -46.16896189112034, -23.633811792547665, 0.0 ], [ -46.168958316273979, -23.633821949349109, 0.0 ], [ -46.168951016687735, -23.633825380981904, 0.0 ], [ -46.168947411861907, -23.633832161389144, 0.0 ], [ -46.168943866992159, -23.633845694584274, 0.0 ], [ -46.168943926948621, -23.633852447372227, 0.0 ], [ -46.168966295297317, -23.633882140776304, 0.0 ], [ -46.16896635525503, -23.633888893564176, 0.0 ], [ -46.168959085644062, -23.633895701591399, 0.0 ], [ -46.168955540774121, -23.63390923478671, 0.0 ], [ -46.16894923396751, -23.633934184889124, 0.0 ], [ -46.16894467125833, -23.633962076389459, 0.0 ], [ -46.168937461598809, -23.633975637203672, 0.0 ], [ -46.168937521555314, -23.63398238999153, 0.0 ], [ -46.168933916724853, -23.633989170398525, 0.0 ], [ -46.168933976681217, -23.633995923186379, 0.0 ], [ -46.168934096594008, -23.634009428762067, 0.0 ], [ -46.168934156550428, -23.634016181549903, 0.0 ], [ -46.168934276463361, -23.634029687125548, 0.0 ], [ -46.16892706679937, -23.634043247939349, 0.0 ], [ -46.168929101546091, -23.634066024788666, 0.0 ], [ -46.168929161502419, -23.634072777576467, 0.0 ], [ -46.16892928141516, -23.634086283152044, 0.0 ], [ -46.168925676581665, -23.63409306355889, 0.0 ], [ -46.168922131703887, -23.634106596753451, 0.0 ], [ -46.168922191659973, -23.634113349541231, 0.0 ], [ -46.168922251616088, -23.634120102329, 0.0 ], [ -46.168922341550299, -23.634130231510653, 0.0 ], [ -46.168932502165802, -23.634139440641221, 0.0 ], [ -46.168938162360696, -23.634157758353837, 0.0 ], [ -46.168936928588046, -23.634173595557261, 0.0 ], [ -46.168935989017115, -23.634187900513467, 0.0 ], [ -46.168943378559554, -23.634194598062212, 0.0 ], [ -46.16895437293762, -23.634194515203159, 0.0 ], [ -46.168965307357098, -23.634187679555733, 0.0 ], [ -46.168979876588075, -23.634177439893428, 0.0 ], [ -46.168987116232998, -23.634167255471112, 0.0 ], [ -46.168994355876833, -23.634157071048488, 0.0 ], [ -46.16899796070831, -23.634150290640168, 0.0 ], [ -46.169005200350412, -23.634140106217089, 0.0 ], [ -46.169016044821255, -23.634123141385011, 0.0 ], [ -46.16901964965075, -23.63411636097624, 0.0 ], [ -46.169023224499242, -23.634106204173634, 0.0 ], [ -46.169037703773782, -23.634085835325038, 0.0 ], [ -46.169044943409411, -23.634075650900282, 0.0 ], [ -46.169048548236191, -23.634068870490914, 0.0 ], [ -46.169052153062609, -23.634062090081468, 0.0 ], [ -46.169055757888678, -23.634055309671943, 0.0 ], [ -46.169055697925899, -23.634048556884434, 0.0 ], [ -46.169062967539737, -23.634041748852681, 0.0 ], [ -46.169062907576624, -23.634034996065175, 0.0 ], [ -46.16906651240145, -23.634028215655434, 0.0 ], [ -46.169070087244201, -23.634018058851868, 0.0 ], [ -46.169069967317419, -23.63400455327686, 0.0 ], [ -46.16908284085396, -23.633992796354779, 0.0 ], [ -46.169086415694601, -23.633982639550883, 0.0 ], [ -46.169086355730457, -23.633975886763384, 0.0 ], [ -46.16908626578428, -23.633965757582132, 0.0 ], [ -46.169086175838167, -23.633955628400862, 0.0 ], [ -46.169089720695567, -23.633942095203125, 0.0 ], [ -46.169089510820974, -23.633918460446782, 0.0 ], [ -46.169089420874805, -23.633908331265459, 0.0 ], [ -46.169092965730819, -23.633894798067626, 0.0 ], [ -46.169100115405385, -23.633874484459305, 0.0 ], [ -46.169103660259537, -23.633860951261255, 0.0 ], [ -46.169114564661264, -23.633850739210647, 0.0 ], [ -46.169114504696054, -23.633843986423102, 0.0 ], [ -46.169118079530705, -23.633833829618549, 0.0 ], [ -46.169121684347601, -23.633827049207682, 0.0 ], [ -46.169125289164143, -23.63382026879674, 0.0 ], [ -46.169128863997393, -23.633810111991952, 0.0 ], [ -46.169132468813132, -23.633803331580857, 0.0 ], [ -46.169139708426698, -23.633793147152222, 0.0 ], [ -46.169146918055816, -23.633779586329513, 0.0 ], [ -46.169150492886416, -23.633769429524282, 0.0 ], [ -46.169157732496807, -23.633759245094893, 0.0 ], [ -46.16916133730976, -23.633752464683202, 0.0 ], [ -46.169164882154845, -23.633738931483933, 0.0 ], [ -46.169172151746437, -23.633732123447686, 0.0 ], [ -46.169175726573947, -23.633721966641946, 0.0 ], [ -46.169175636621993, -23.63371183746068, 0.0 ], [ -46.16918657099032, -23.633705001799278, 0.0 ], [ -46.169186511021834, -23.633698249011779, 0.0 ], [ -46.169190115831746, -23.633691468599498, 0.0 ], [ -46.169190055863119, -23.633684715811999, 0.0 ], [ -46.169200960243892, -23.633674503755923, 0.0 ], [ -46.169198901175662, -23.633665919449452, 0.0 ], [ -46.169206140776879, -23.633655735018031, 0.0 ], [ -46.169209745584695, -23.633648954605338, 0.0 ], [ -46.169220679946079, -23.633642118941754, 0.0 ], [ -46.169224284752787, -23.633635338528759, 0.0 ], [ -46.169235249097653, -23.63363187925793, 0.0 ], [ -46.169242518679795, -23.63362507121867, 0.0 ], [ -46.169257057841833, -23.633611455139206, 0.0 ], [ -46.16926438739393, -23.633611399886391, 0.0 ], [ -46.169289920879081, -23.633597700924149, 0.0 ], [ -46.16935204213403, -23.633576972889642, 0.0 ], [ -46.169370246053745, -23.633563329171579, 0.0 ], [ -46.169392174722425, -23.633556410609238, 0.0 ], [ -46.169403109066266, -23.633549574933397, 0.0 ], [ -46.169410378635014, -23.633542766886734, 0.0 ], [ -46.169417648203009, -23.633535958839737, 0.0 ], [ -46.16943960685488, -23.633532416664469, 0.0 ], [ -46.169479799398275, -23.63351860714933, 0.0 ], [ -46.169487098952935, -23.633515175492725, 0.0 ], [ -46.169505332841801, -23.633504908153053, 0.0 ], [ -46.169516297167654, -23.633501448863015, 0.0 ], [ -46.169523566727761, -23.633494640811332, 0.0 ], [ -46.169523506742593, -23.633487888024472, 0.0 ], [ -46.169530806294347, -23.633484456365913, 0.0 ], [ -46.169549040175426, -23.63347418902136, 0.0 ], [ -46.169560004497463, -23.633470729728362, 0.0 ], [ -46.16958553792297, -23.633457030719498, 0.0 ], [ -46.169603771795778, -23.633446763368809, 0.0 ], [ -46.1696183708899, -23.633439900044113, 0.0 ], [ -46.169625640441254, -23.633433091987932, 0.0 ], [ -46.169629245221437, -23.633426311566392, 0.0 ], [ -46.169640179541702, -23.633419475874632, 0.0 ], [ -46.169647449090796, -23.633412667817502, 0.0 ], [ -46.169669317725955, -23.633398996430813, 0.0 ], [ -46.169683291557668, -23.633369292873454, 0.0 ], [ -46.169698183752111, -23.633343855924132, 0.0 ], [ -46.169716507592192, -23.633343717740804, 0.0 ], [ -46.169727441900974, -23.633336882043263, 0.0 ], [ -46.169734711441009, -23.633330073982336, 0.0 ], [ -46.169741980980284, -23.633323265921085, 0.0 ], [ -46.169756610051522, -23.633319778977338, 0.0 ], [ -46.169763909587566, -23.633316347308341, 0.0 ], [ -46.169774813892751, -23.633306135214415, 0.0 ], [ -46.169793077728627, -23.633299244235864, 0.0 ], [ -46.1698113415625, -23.633292353255236, 0.0 ], [ -46.169840569692632, -23.633282002960527, 0.0 ], [ -46.169851533990268, -23.633278543647776, 0.0 ], [ -46.16985883352141, -23.633275111974484, 0.0 ], [ -46.169866103051092, -23.633268303907748, 0.0 ], [ -46.169873432582492, -23.633268248626905, 0.0 ], [ -46.169880762113877, -23.633268193345721, 0.0 ], [ -46.169888091645234, -23.633268138064189, 0.0 ], [ -46.169895361172969, -23.633261329996152, 0.0 ], [ -46.169906355469372, -23.63326124707271, 0.0 ], [ -46.169939278352437, -23.633254245511662, 0.0 ], [ -46.16995024264488, -23.633250786192107, 0.0 ], [ -46.169975865996662, -23.633247216300884, 0.0 ], [ -46.170005124107128, -23.633240242368977, 0.0 ], [ -46.17001608839648, -23.633236783044886, 0.0 ], [ -46.170023387920693, -23.633233351364083, 0.0 ], [ -46.170030657439305, -23.633226543290036, 0.0 ], [ -46.170041651732262, -23.633226460357132, 0.0 ], [ -46.170063640318034, -23.633226294488971, 0.0 ], [ -46.170089293667843, -23.633226100972177, 0.0 ], [ -46.17012224653822, -23.633222475765809, 0.0 ], [ -46.170144235122685, -23.633222309886246, 0.0 ], [ -46.170151564650794, -23.633222254592368, 0.0 ], [ -46.17015889417889, -23.633222199298142, 0.0 ], [ -46.170239963952156, -23.633220110410893, 0.0 ], [ -46.170283265229401, -23.63322104994695, 0.0 ], [ -46.170316511236798, -23.633228660298634, 0.0 ], [ -46.170325794827043, -23.633228590252944, 0.0 ], [ -46.170326611525901, -23.633227054059752, 0.0 ], [ -46.170329348844035, -23.633225767174146, 0.0 ], [ -46.170330700620831, -23.633223224510495, 0.0 ], [ -46.170333426683975, -23.633220671477602, 0.0 ], [ -46.170336164001917, -23.633219384591872, 0.0 ], [ -46.170338912574707, -23.633219363853311, 0.0 ], [ -46.170341638637616, -23.633216810820283, 0.0 ], [ -46.170344375955381, -23.633215523934414, 0.0 ], [ -46.170347102018113, -23.633212970901297, 0.0 ], [ -46.170349839335742, -23.633211684015343, 0.0 ], [ -46.170349816825713, -23.633209151720926, 0.0 ], [ -46.170352565398275, -23.633209130982131, 0.0 ], [ -46.170353917174452, -23.633206588318295, 0.0 ], [ -46.17035526895058, -23.633204045654459, 0.0 ], [ -46.170358017523036, -23.633204024915571, 0.0 ], [ -46.170359369299057, -23.6332014822517, 0.0 ], [ -46.170362106616324, -23.633200195365539, 0.0 ], [ -46.170364843933541, -23.633198908479322, 0.0 ], [ -46.170366195709384, -23.633196365815408, 0.0 ], [ -46.170368944281662, -23.633196345076328, 0.0 ], [ -46.170368921771285, -23.633193812781922, 0.0 ], [ -46.170371659088296, -23.633192525895605, 0.0 ], [ -46.170374385150012, -23.633189972862034, 0.0 ], [ -46.170375736925578, -23.633187430198042, 0.0 ], [ -46.170378462987117, -23.633184877164396, 0.0 ], [ -46.170379814762555, -23.633182334500365, 0.0 ], [ -46.170379792251971, -23.633179802205969, 0.0 ], [ -46.170382529568592, -23.633178515319464, 0.0 ], [ -46.170383881343888, -23.633175972655412, 0.0 ], [ -46.170385233119134, -23.633173429991331, 0.0 ], [ -46.170386584894331, -23.633170887327246, 0.0 ], [ -46.170387936669478, -23.633168344663151, 0.0 ], [ -46.170387914158766, -23.633165812368752, 0.0 ], [ -46.170387891648055, -23.633163280074363, 0.0 ], [ -46.170389243423102, -23.633160737410247, 0.0 ], [ -46.1703905951981, -23.633158194746134, 0.0 ], [ -46.170390572687346, -23.633155662451738, 0.0 ], [ -46.170391924462272, -23.633153119787611, 0.0 ], [ -46.170394673033627, -23.633153099048119, 0.0 ], [ -46.170397387838662, -23.633149279866984, 0.0 ], [ -46.170400125154465, -23.633147992980202, 0.0 ], [ -46.170402862470212, -23.633146706093378, 0.0 ], [ -46.170405599785909, -23.633145419206496, 0.0 ], [ -46.170408325846005, -23.633142866172385, 0.0 ], [ -46.170412426191533, -23.633140302768314, 0.0 ], [ -46.170415152251387, -23.633137749734082, 0.0 ], [ -46.1704179008224, -23.633137728994189, 0.0 ], [ -46.170420638137756, -23.633136442107059, 0.0 ], [ -46.170423364197369, -23.633133889072695, 0.0 ], [ -46.170426101512589, -23.633132602185473, 0.0 ], [ -46.170430224368928, -23.633132571075329, 0.0 ], [ -46.170431576142853, -23.633130028410882, 0.0 ], [ -46.170434324713689, -23.633130007670704, 0.0 ], [ -46.170434302202125, -23.633127475376352, 0.0 ], [ -46.170437050772897, -23.633127454636124, 0.0 ], [ -46.170437028261283, -23.633124922341761, 0.0 ], [ -46.170438380035009, -23.63312237967726, 0.0 ], [ -46.170439731808678, -23.63311983701276, 0.0 ], [ -46.170441083582297, -23.633117294348246, 0.0 ], [ -46.170443809641121, -23.633114741313552, 0.0 ], [ -46.170446546955731, -23.633113454425985, 0.0 ], [ -46.170449284270283, -23.633112167538375, 0.0 ], [ -46.170450636043647, -23.633109624873786, 0.0 ], [ -46.170453373358079, -23.633108337986108, 0.0 ], [ -46.170456099416477, -23.633105784951216, 0.0 ], [ -46.170456076904514, -23.633103252656856, 0.0 ], [ -46.170458814218762, -23.633101965769097, 0.0 ], [ -46.170461551532952, -23.633100678881274, 0.0 ], [ -46.170462903305967, -23.633098136216592, 0.0 ], [ -46.170464255078926, -23.633095593551893, 0.0 ], [ -46.170464232566822, -23.633093061257537, 0.0 ], [ -46.170466969880778, -23.633091774369646, 0.0 ], [ -46.170468321653594, -23.633089231704915, 0.0 ], [ -46.17047104771131, -23.633086678669773, 0.0 ], [ -46.170473785025067, -23.633085391781762, 0.0 ], [ -46.170475136797691, -23.633082849116981, 0.0 ], [ -46.170477874111313, -23.633081562228899, 0.0 ], [ -46.170480622681097, -23.63308154148794, 0.0 ], [ -46.170483348738408, -23.633078988452592, 0.0 ], [ -46.170484700510791, -23.633076445787729, 0.0 ], [ -46.170486052283117, -23.633073903122867, 0.0 ], [ -46.170488778340172, -23.633071350087434, 0.0 ], [ -46.17049013011237, -23.633068807422529, 0.0 ], [ -46.170491481884518, -23.63306626475763, 0.0 ], [ -46.170494219197636, -23.633064977869275, 0.0 ], [ -46.17049557096967, -23.633062435204327, 0.0 ], [ -46.170496922741648, -23.633059892539379, 0.0 ], [ -46.170499660054581, -23.633058605650934, 0.0 ], [ -46.170499637541838, -23.633056073356595, 0.0 ], [ -46.17050098931368, -23.633053530691623, 0.0 ], [ -46.170502341085474, -23.633050988026621, 0.0 ], [ -46.170505078398165, -23.633049701138091, 0.0 ], [ -46.170505055885329, -23.633047168843763, 0.0 ], [ -46.170506407656973, -23.633044626178741, 0.0 ], [ -46.170507759428574, -23.633042083513697, 0.0 ], [ -46.170509111200126, -23.633039540848646, 0.0 ], [ -46.170509088687218, -23.633037008554329, 0.0 ], [ -46.170509066174311, -23.633034476259994, 0.0 ], [ -46.170509043661404, -23.633031943965662, 0.0 ], [ -46.170510395432842, -23.633029401300607, 0.0 ], [ -46.170511747204223, -23.633026858635535, 0.0 ], [ -46.170513098975547, -23.633024315970456, 0.0 ], [ -46.170513076462576, -23.633021783676135, 0.0 ], [ -46.170515813774571, -23.633020496787438, 0.0 ], [ -46.17051716554576, -23.633017954122323, 0.0 ], [ -46.1705185173169, -23.633015411457201, 0.0 ], [ -46.170518494803829, -23.633012879162877, 0.0 ], [ -46.170521243372136, -23.633012858421257, 0.0 ], [ -46.170521220859023, -23.633010326126925, 0.0 ], [ -46.170521198345909, -23.633007793832601, 0.0 ], [ -46.170522550116871, -23.63300525116745, 0.0 ], [ -46.170525287428426, -23.633003964278608, 0.0 ], [ -46.170526639199274, -23.633001421613418, 0.0 ], [ -46.170526616686068, -23.632998889319094, 0.0 ], [ -46.170526594172863, -23.632996357024773, 0.0 ], [ -46.17052933148419, -23.632995070135856, 0.0 ], [ -46.170532057538814, -23.632992517099737, 0.0 ], [ -46.170533409309414, -23.632989974434501, 0.0 ], [ -46.17053615787723, -23.632989953692636, 0.0 ], [ -46.170538895188322, -23.632988666803556, 0.0 ], [ -46.170538872674896, -23.632986134509238, 0.0 ], [ -46.17054162124262, -23.632986113767281, 0.0 ], [ -46.170542973012978, -23.63298357110196, 0.0 ], [ -46.170542950499474, -23.632981038807657, 0.0 ], [ -46.170545687810318, -23.632979751918469, 0.0 ], [ -46.170545665296771, -23.632977219624159, 0.0 ], [ -46.170545642783225, -23.632974687329838, 0.0 ], [ -46.170548380093905, -23.632973400440612, 0.0 ], [ -46.170548357580316, -23.632970868146298, 0.0 ], [ -46.170552469174574, -23.632969570885951, 0.0 ], [ -46.170552446660906, -23.632967038591637, 0.0 ], [ -46.170553787174029, -23.632963229779083, 0.0 ], [ -46.170553764660347, -23.632960697484776, 0.0 ], [ -46.170555116430222, -23.632958154819363, 0.0 ], [ -46.170555093916519, -23.632955622525063, 0.0 ], [ -46.170555071402816, -23.632953090230743, 0.0 ], [ -46.170555048889121, -23.632950557936425, 0.0 ], [ -46.170556400658874, -23.632948015271012, 0.0 ], [ -46.170557752428586, -23.632945472605584, 0.0 ], [ -46.170559104198247, -23.632942929940146, 0.0 ], [ -46.170560455967852, -23.632940387274704, 0.0 ], [ -46.170563193277687, -23.632939100385244, 0.0 ], [ -46.170565941844409, -23.632939079642892, 0.0 ], [ -46.170568690411116, -23.63293905890049, 0.0 ], [ -46.17057142772083, -23.63293777201088, 0.0 ], [ -46.170574131259421, -23.63293268667978, 0.0 ], [ -46.170579605878416, -23.632930112900347, 0.0 ], [ -46.17058508049719, -23.632927539120733, 0.0 ], [ -46.170587784035042, -23.632922453789423, 0.0 ], [ -46.170593258653334, -23.632919880009524, 0.0 ], [ -46.170595962190724, -23.632914794678083, 0.0 ], [ -46.17060145932308, -23.632914753192207, 0.0 ], [ -46.170601414293984, -23.632909688603636, 0.0 ], [ -46.170606888911465, -23.632907114823297, 0.0 ], [ -46.17061238604348, -23.632907073337048, 0.0 ], [ -46.170612341013978, -23.632902008748491, 0.0 ], [ -46.170617815630919, -23.632899434967779, 0.0 ], [ -46.170617770601226, -23.632894370379233, 0.0 ], [ -46.170623245217733, -23.63289179659834, 0.0 ], [ -46.170625948753418, -23.63288671126643, 0.0 ], [ -46.170628652288897, -23.632881625934466, 0.0 ], [ -46.17063135582417, -23.632876540602464, 0.0 ], [ -46.170636807924481, -23.632871434526866, 0.0 ], [ -46.170636762894119, -23.632866369938334, 0.0 ], [ -46.170639466428788, -23.632861284606211, 0.0 ], [ -46.170639421398342, -23.632856220017668, 0.0 ], [ -46.170644896012845, -23.632853646236089, 0.0 ], [ -46.170644850982207, -23.632848581647554, 0.0 ], [ -46.170644805951575, -23.632843517059019, 0.0 ], [ -46.170650280565447, -23.632840943277262, 0.0 ], [ -46.17065023553463, -23.632835878688738, 0.0 ], [ -46.170650190503821, -23.63283081410021, 0.0 ], [ -46.170655687632568, -23.632830772612547, 0.0 ], [ -46.170658391165823, -23.632825687280135, 0.0 ], [ -46.170661094698879, -23.632820601947657, 0.0 ], [ -46.170666569311472, -23.632818028165381, 0.0 ], [ -46.170669272844066, -23.632812942832786, 0.0 ], [ -46.170674747456175, -23.632810369050226, 0.0 ], [ -46.170677450988293, -23.632805283717502, 0.0 ], [ -46.170682948115918, -23.632805242228923, 0.0 ], [ -46.170682903083922, -23.632800177640423, 0.0 ], [ -46.170685606615528, -23.632795092307575, 0.0 ], [ -46.170691081226565, -23.632792518524475, 0.0 ], [ -46.170693784757709, -23.632787433191496, 0.0 ], [ -46.170696488288655, -23.632782347858477, 0.0 ], [ -46.170699191819395, -23.632777262525416, 0.0 ], [ -46.170704666429415, -23.632774688741868, 0.0 ], [ -46.170704621396645, -23.632769624153397, 0.0 ], [ -46.170710096006246, -23.632767050369672, 0.0 ], [ -46.170715548099039, -23.632761944291545, 0.0 ], [ -46.170718251628642, -23.632756858958178, 0.0 ], [ -46.170723748754163, -23.632756817468227, 0.0 ], [ -46.170726452283354, -23.632751732134739, 0.0 ], [ -46.170726407249795, -23.632746667546286, 0.0 ], [ -46.170726362216257, -23.632741602957839, 0.0 ], [ -46.170726317182719, -23.632736538369386, 0.0 ], [ -46.170723523586972, -23.632731494525952, 0.0 ], [ -46.170723478553569, -23.632726429937481, 0.0 ], [ -46.17072343352018, -23.63272136534901, 0.0 ], [ -46.170717936396137, -23.63272140683889, 0.0 ], [ -46.170717891362969, -23.632716342250404, 0.0 ], [ -46.170720594891627, -23.632711256917016, 0.0 ], [ -46.170726069498514, -23.632708683132822, 0.0 ], [ -46.170726024465061, -23.63270361854434, 0.0 ], [ -46.170725979431623, -23.632698553955859, 0.0 ], [ -46.1707314765547, -23.632698512465726, 0.0 ], [ -46.170734180082491, -23.632693427132125, 0.0 ], [ -46.170734135048761, -23.63268836254365, 0.0 ], [ -46.170739609654426, -23.632685788759019, 0.0 ], [ -46.170742313181655, -23.63268070342529, 0.0 ], [ -46.170742268147642, -23.63267563883683, 0.0 ], [ -46.17074774275261, -23.632673065051929, 0.0 ], [ -46.170747697718404, -23.632668000463465, 0.0 ], [ -46.170747630167121, -23.632660403580772, 0.0 ], [ -46.170747585132943, -23.632655338992304, 0.0 ], [ -46.170747540098773, -23.632650274403833, 0.0 ], [ -46.170747495064624, -23.632645209815351, 0.0 ], [ -46.170747450030483, -23.632640145226869, 0.0 ], [ -46.170750153556554, -23.632635059893023, 0.0 ], [ -46.170750108522327, -23.632629995304537, 0.0 ], [ -46.1707528120481, -23.632624909970652, 0.0 ], [ -46.170755493056475, -23.632617292342474, 0.0 ], [ -46.170758174064552, -23.63260967471426, 0.0 ], [ -46.170763626149167, -23.632604568634665, 0.0 ], [ -46.170769123268244, -23.632604527143357, 0.0 ], [ -46.170769078233363, -23.632599462554897, 0.0 ], [ -46.170769033198489, -23.632594397966425, 0.0 ], [ -46.170774507799592, -23.632591824180711, 0.0 ], [ -46.170777211323681, -23.632586738846442, 0.0 ], [ -46.170779914847579, -23.63258165351213, 0.0 ], [ -46.17078261837127, -23.632576568177772, 0.0 ], [ -46.170788092971357, -23.632573994391617, 0.0 ], [ -46.170788047935808, -23.63256892980316, 0.0 ], [ -46.170788002900274, -23.632563865214706, 0.0 ], [ -46.170790706423311, -23.63255877988022, 0.0 ], [ -46.17079340994615, -23.632553694545702, 0.0 ], [ -46.170798884545079, -23.632551120759196, 0.0 ], [ -46.17079883950916, -23.632546056170749, 0.0 ], [ -46.170801543031438, -23.632540970836107, 0.0 ], [ -46.170801497995448, -23.63253590624765, 0.0 ], [ -46.170804201517427, -23.632530820912962, 0.0 ], [ -46.170806905039207, -23.632525735578231, 0.0 ], [ -46.170809586042644, -23.632518117949232, 0.0 ], [ -46.170812289563976, -23.632513032614412, 0.0 ], [ -46.170814993085109, -23.632507947279553, 0.0 ], [ -46.170814948048658, -23.632502882691107, 0.0 ], [ -46.170814903012236, -23.632497818102657, 0.0 ], [ -46.170812109418662, -23.632492774260605, 0.0 ], [ -46.170812064382361, -23.632487709672134, 0.0 ], [ -46.170809270789128, -23.632482665830008, 0.0 ], [ -46.170809225752954, -23.632477601241533, 0.0 ], [ -46.170809180716802, -23.632472536653069, 0.0 ], [ -46.170809135680656, -23.632467472064576, 0.0 ], [ -46.170809090644532, -23.632462407476091, 0.0 ], [ -46.170811794164834, -23.632457322141299, 0.0 ], [ -46.170814497684937, -23.632452236806458, 0.0 ], [ -46.170814452648635, -23.632447172217969, 0.0 ], [ -46.170819949761039, -23.632447130725115, 0.0 ], [ -46.170819904724539, -23.632442066136644, 0.0 ], [ -46.170825379318366, -23.632439492349381, 0.0 ], [ -46.170830831393523, -23.63243438626769, 0.0 ], [ -46.170833534912447, -23.632429300932554, 0.0 ], [ -46.170836238431164, -23.632424215597371, 0.0 ], [ -46.170841735542574, -23.632424174103793, 0.0 ], [ -46.170847210135207, -23.632421600315787, 0.0 ], [ -46.170849913653242, -23.632416514980392, 0.0 ], [ -46.170855410764304, -23.632416473486341, 0.0 ], [ -46.17085811428192, -23.632411388150818, 0.0 ], [ -46.170863611392747, -23.632411346656475, 0.0 ], [ -46.17086910850356, -23.632411305161948, 0.0 ], [ -46.170874538056573, -23.632403666784615, 0.0 ], [ -46.170880012647686, -23.632401092995512, 0.0 ], [ -46.170885487238571, -23.632398519206223, 0.0 ], [ -46.170890961829237, -23.632395945416746, 0.0 ], [ -46.170890916790114, -23.632390880828378, 0.0 ], [ -46.170896413900017, -23.632390839332906, 0.0 ], [ -46.170899117415537, -23.632385753996726, 0.0 ], [ -46.170904614525213, -23.63238571250098, 0.0 ], [ -46.170907318040314, -23.632380627164679, 0.0 ], [ -46.170910021555208, -23.632375541828338, 0.0 ], [ -46.170912725069911, -23.632370456491945, 0.0 ], [ -46.170918222178912, -23.632370414995744, 0.0 ], [ -46.170918177138802, -23.63236535040739, 0.0 ], [ -46.170920880652979, -23.632360265070876, 0.0 ], [ -46.170929103795572, -23.632357670531913, 0.0 ], [ -46.170934600904012, -23.632357629035152, 0.0 ], [ -46.170940075491977, -23.632355055244041, 0.0 ], [ -46.170945550079715, -23.632352481452738, 0.0 ], [ -46.170951024667239, -23.632349907661261, 0.0 ], [ -46.170956499254544, -23.632347333869575, 0.0 ], [ -46.170961973841621, -23.632344760077718, 0.0 ], [ -46.170964677353687, -23.632339674740507, 0.0 ], [ -46.170970174461317, -23.63233963324252, 0.0 ], [ -46.170975671568918, -23.63233959174433, 0.0 ], [ -46.170981168676519, -23.632339550245948, 0.0 ], [ -46.170986643262758, -23.632336976453246, 0.0 ], [ -46.170992140370224, -23.632336934954477, 0.0 ], [ -46.170997592434581, -23.63233182886729, 0.0 ], [ -46.171003067020159, -23.63232925507404, 0.0 ], [ -46.171008541605509, -23.632326681280592, 0.0 ], [ -46.171014038712507, -23.63232663978107, 0.0 ], [ -46.171019535819489, -23.632326598281349, 0.0 ], [ -46.171024987882326, -23.632321492193253, 0.0 ], [ -46.171030484989068, -23.632321450693155, 0.0 ], [ -46.171035959573523, -23.632318876898761, 0.0 ], [ -46.1710386630822, -23.632313791560392, 0.0 ], [ -46.171044137666172, -23.632311217765729, 0.0 ], [ -46.171049634772451, -23.632311176264974, 0.0 ], [ -46.171055109356075, -23.632308602469955, 0.0 ], [ -46.171060606462227, -23.632308560968802, 0.0 ], [ -46.171066103568357, -23.632308519467465, 0.0 ], [ -46.17107157815154, -23.632305945671874, 0.0 ], [ -46.171074281658555, -23.632300860332926, 0.0 ], [ -46.171079778764344, -23.632300818831112, 0.0 ], [ -46.171085275870119, -23.632300777329107, 0.0 ], [ -46.171090750452571, -23.632298203532859, 0.0 ], [ -46.171096247558218, -23.632298162030466, 0.0 ], [ -46.171101744663844, -23.632298120527881, 0.0 ], [ -46.171107241769462, -23.632298079025098, 0.0 ], [ -46.171112716351345, -23.6322955052281, 0.0 ], [ -46.171118213456829, -23.63229546372493, 0.0 ], [ -46.171123710562306, -23.632295422221564, 0.0 ], [ -46.171129207667768, -23.632295380718016, 0.0 ], [ -46.171134704773209, -23.632295339214267, 0.0 ], [ -46.17114020187865, -23.632295297710318, 0.0 ], [ -46.171145676459723, -23.632292723912201, 0.0 ], [ -46.171151173565022, -23.632292682407865, 0.0 ], [ -46.171156670670314, -23.632292640903341, 0.0 ], [ -46.171162167775599, -23.632292599398625, 0.0 ], [ -46.171167664880869, -23.63229255789371, 0.0 ], [ -46.171173161986118, -23.632292516388599, 0.0 ], [ -46.171178659091368, -23.6322924748833, 0.0 ], [ -46.171184156196595, -23.632292433377803, 0.0 ], [ -46.171189630776617, -23.632289859578158, 0.0 ], [ -46.171195127881717, -23.632289818072273, 0.0 ], [ -46.171200624986795, -23.632289776566193, 0.0 ], [ -46.171206122091874, -23.632289735059921, 0.0 ], [ -46.171211619196932, -23.632289693553453, 0.0 ], [ -46.171217116301982, -23.632289652046797, 0.0 ], [ -46.171222613407018, -23.632289610539942, 0.0 ], [ -46.171228133037978, -23.632292101326804, 0.0 ], [ -46.171233652669137, -23.632294592113464, 0.0 ], [ -46.171239149774351, -23.632294550606012, 0.0 ], [ -46.171244669405809, -23.632297041392281, 0.0 ], [ -46.171250166511101, -23.632296999884428, 0.0 ], [ -46.17125568614285, -23.632299490670288, 0.0 ], [ -46.171261205774805, -23.632301981455932, 0.0 ], [ -46.17126399938082, -23.632307025289503, 0.0 ], [ -46.171269496486488, -23.632306983780957, 0.0 ], [ -46.171272290092929, -23.632312027614354, 0.0 ], [ -46.17127778719879, -23.63231198610551, 0.0 ], [ -46.171283306831661, -23.632314476890315, 0.0 ], [ -46.171283351885712, -23.63231954147804, 0.0 ], [ -46.171288871519003, -23.632322032262639, 0.0 ], [ -46.171294391152493, -23.632324523047036, 0.0 ], [ -46.17129718476027, -23.632329566879921, 0.0 ], [ -46.171299978368268, -23.63233461071275, 0.0 ], [ -46.171305475475016, -23.632334569202882, 0.0 ], [ -46.171310995109337, -23.63233705998665, 0.0 ], [ -46.171311040164497, -23.632342124574304, 0.0 ], [ -46.171316537271537, -23.632342083064028, 0.0 ], [ -46.171316582326924, -23.632347147651682, 0.0 ], [ -46.171322079434169, -23.632347106141207, 0.0 ], [ -46.171322124489784, -23.632352170728829, 0.0 ], [ -46.171327644125142, -23.632354661511954, 0.0 ], [ -46.171330437734859, -23.63235970534415, 0.0 ], [ -46.171333231344789, -23.632364749176279, 0.0 ], [ -46.17133875098088, -23.632367239958981, 0.0 ], [ -46.171338796037176, -23.632372304546571, 0.0 ], [ -46.171344338201948, -23.632377327622827, 0.0 ], [ -46.171347131812809, -23.632382371454661, 0.0 ], [ -46.17134992542389, -23.632387415286441, 0.0 ], [ -46.171352719035198, -23.63239245911814, 0.0 ], [ -46.171358238672809, -23.632394949900075, 0.0 ], [ -46.171361032284601, -23.63239999373161, 0.0 ], [ -46.171363825896606, -23.632405037563085, 0.0 ], [ -46.171372094089776, -23.6324075075884, 0.0 ], [ -46.171372139147444, -23.632412572175895, 0.0 ], [ -46.171372184205119, -23.632417636763392, 0.0 ], [ -46.171377681315199, -23.632417595250821, 0.0 ], [ -46.171377726373095, -23.632422659838301, 0.0 ], [ -46.171380519986251, -23.632427703669421, 0.0 ], [ -46.171386039625851, -23.632430194450276, 0.0 ], [ -46.171388833239497, -23.632435238281214, 0.0 ], [ -46.17139435287956, -23.632437729061753, 0.0 ], [ -46.171394397938144, -23.63244279364919, 0.0 ], [ -46.17139444299675, -23.632447858236631, 0.0 ], [ -46.171394488055356, -23.632452922824058, 0.0 ], [ -46.171394533113975, -23.632457987411481, 0.0 ], [ -46.171400075284545, -23.632463010485473, 0.0 ], [ -46.171400120343399, -23.632468075072893, 0.0 ], [ -46.171402913958445, -23.632473118903494, 0.0 ], [ -46.171402959017435, -23.632478183490896, 0.0 ], [ -46.171404268524618, -23.632480547786471, 0.0 ], [ -46.171404354417007, -23.632480547137828, 0.0 ], [ -46.171407102973326, -23.632480526380942, 0.0 ], [ -46.171409862794455, -23.632481771770863, 0.0 ], [ -46.171412611350796, -23.632481751013884, 0.0 ], [ -46.171415382436876, -23.632484262550548, 0.0 ], [ -46.17141813099326, -23.632484241793467, 0.0 ], [ -46.171422253827842, -23.632484210657765, 0.0 ], [ -46.171425002384218, -23.632484189900566, 0.0 ], [ -46.171427750940595, -23.632484169143318, 0.0 ], [ -46.171430510761986, -23.632485414532848, 0.0 ], [ -46.171433270583421, -23.63248665992235, 0.0 ], [ -46.171433293113516, -23.632489192216013, 0.0 ], [ -46.171436041669985, -23.632489171458612, 0.0 ], [ -46.171438801491554, -23.632490416848, 0.0 ], [ -46.171441550048051, -23.632490396090507, 0.0 ], [ -46.171442946856573, -23.632492918005386, 0.0 ], [ -46.171443866797134, -23.632493333135148, 0.0 ], [ -46.171445684147947, -23.632491631100979, 0.0 ], [ -46.171451147465305, -23.632487791145223, 0.0 ], [ -46.171457996325799, -23.632485206957206, 0.0 ], [ -46.171465143694149, -23.632477555586867, 0.0 ], [ -46.171478190886951, -23.632476507376044, 0.0 ], [ -46.171496802785661, -23.632483014528088, 0.0 ], [ -46.171514358380755, -23.632475760060768, 0.0 ], [ -46.171503002466189, -23.632461059679908, 0.0 ], [ -46.171485297222198, -23.63243814, 0.0 ] ] ], [ [ [ -46.171679030460325, -23.632767173418511, 0.0 ], [ -46.171676304433355, -23.632769726473807, 0.0 ], [ -46.171676315700893, -23.632770992620475, 0.0 ], [ -46.171676338235962, -23.632773524913841, 0.0 ], [ -46.171676360771038, -23.632776057207195, 0.0 ], [ -46.171676383306114, -23.632778589500539, 0.0 ], [ -46.17167640584119, -23.632781121793901, 0.0 ], [ -46.171673679813892, -23.632783674849151, 0.0 ], [ -46.171673702348926, -23.632786207142491, 0.0 ], [ -46.171673724883966, -23.632788739435856, 0.0 ], [ -46.171672373137731, -23.632791282110134, 0.0 ], [ -46.171669624575188, -23.632791302871965, 0.0 ], [ -46.17166964711015, -23.632793835165327, 0.0 ], [ -46.171668295363787, -23.632796377839583, 0.0 ], [ -46.171668317898735, -23.632798910132927, 0.0 ], [ -46.171668340433683, -23.632801442426285, 0.0 ], [ -46.171666988687221, -23.632803985100534, 0.0 ], [ -46.171667011222155, -23.632806517393881, 0.0 ], [ -46.171665659475622, -23.632809060068116, 0.0 ], [ -46.171665682010527, -23.632811592361463, 0.0 ], [ -46.171664330263923, -23.632814135035694, 0.0 ], [ -46.171664352798807, -23.632816667329042, 0.0 ], [ -46.171663001052131, -23.632819210003255, 0.0 ], [ -46.171661649305406, -23.632821752677462, 0.0 ], [ -46.171660297558624, -23.632824295351664, 0.0 ], [ -46.171660320093444, -23.632826827645001, 0.0 ], [ -46.171660342628265, -23.632829359938359, 0.0 ], [ -46.17165899088139, -23.632831902612537, 0.0 ], [ -46.171659013416196, -23.632834434905892, 0.0 ], [ -46.171657661669244, -23.632836977580066, 0.0 ], [ -46.171657684204021, -23.632839509873417, 0.0 ], [ -46.171657706738813, -23.632842042166764, 0.0 ], [ -46.171654969442564, -23.632843329075055, 0.0 ], [ -46.171655003244673, -23.632847127515078, 0.0 ], [ -46.171655025779408, -23.632849659808436, 0.0 ], [ -46.171655048314157, -23.632852192101769, 0.0 ], [ -46.171655070848907, -23.632854724395127, 0.0 ], [ -46.171653719101684, -23.632857267069269, 0.0 ], [ -46.171652367354419, -23.632859809743401, 0.0 ], [ -46.171652389889125, -23.632862342036749, 0.0 ], [ -46.171652412423832, -23.6328648743301, 0.0 ], [ -46.171652434958546, -23.63286740662344, 0.0 ], [ -46.171649708929053, -23.632869959678334, 0.0 ], [ -46.171648357181581, -23.632872502352431, 0.0 ], [ -46.171647005434068, -23.63287504502652, 0.0 ], [ -46.171647027968689, -23.632877577319871, 0.0 ], [ -46.171644279404312, -23.632877598081325, 0.0 ], [ -46.17164430193889, -23.632880130374673, 0.0 ], [ -46.171641564641718, -23.632881417282771, 0.0 ], [ -46.171641587176239, -23.632883949576108, 0.0 ], [ -46.171637475596697, -23.632885246864824, 0.0 ], [ -46.17163749813114, -23.632887779158175, 0.0 ], [ -46.171636146383271, -23.632890321832178, 0.0 ], [ -46.1716334090858, -23.632891608740128, 0.0 ], [ -46.171630671788293, -23.632892895648038, 0.0 ], [ -46.171630694322609, -23.632895427941389, 0.0 ], [ -46.171627945757848, -23.632895448702573, 0.0 ], [ -46.171627968292128, -23.632897980995935, 0.0 ], [ -46.171625219727311, -23.63289800175707, 0.0 ], [ -46.171622482429576, -23.632899288664838, 0.0 ], [ -46.171619745131785, -23.63290057557256, 0.0 ], [ -46.171619767665909, -23.632903107865921, 0.0 ], [ -46.171617019100978, -23.632903128626921, 0.0 ], [ -46.171614270536047, -23.632903149387868, 0.0 ], [ -46.171610181489548, -23.632906978969245, 0.0 ], [ -46.171607444191473, -23.632908265876765, 0.0 ], [ -46.171604695626421, -23.632908286637544, 0.0 ], [ -46.171603343877713, -23.632910829311292, 0.0 ], [ -46.171600595312597, -23.632910850072008, 0.0 ], [ -46.171597869281207, -23.632913403126047, 0.0 ], [ -46.171595120716042, -23.632913423886659, 0.0 ], [ -46.171592383417668, -23.632914710793919, 0.0 ], [ -46.171588271836633, -23.632916008081374, 0.0 ], [ -46.171582797239594, -23.632918581895616, 0.0 ], [ -46.171578685658332, -23.632919879182818, 0.0 ], [ -46.17157594835966, -23.632921166089794, 0.0 ], [ -46.171571836778242, -23.632922463376836, 0.0 ], [ -46.171567725196745, -23.632923760663758, 0.0 ], [ -46.171563613615156, -23.632925057950573, 0.0 ], [ -46.171559513299975, -23.632927621383999, 0.0 ], [ -46.171554016168969, -23.632927662903846, 0.0 ], [ -46.171551278869877, -23.632928949810402, 0.0 ], [ -46.171549927119919, -23.632931492483731, 0.0 ], [ -46.171547189820707, -23.632932779390217, 0.0 ], [ -46.171544441255087, -23.632932800149948, 0.0 ], [ -46.171541703955789, -23.632934087056356, 0.0 ], [ -46.171538966656435, -23.632935373962699, 0.0 ], [ -46.171536229357024, -23.632936660868999, 0.0 ], [ -46.171533480791318, -23.632936681628539, 0.0 ], [ -46.171532129040934, -23.632939224301737, 0.0 ], [ -46.171529380475164, -23.632939245061202, 0.0 ], [ -46.171526643175575, -23.632940531967343, 0.0 ], [ -46.17152389460977, -23.632940552726726, 0.0 ], [ -46.171521146043965, -23.632940573486049, 0.0 ], [ -46.171518386212043, -23.632939328098608, 0.0 ], [ -46.171515637646259, -23.632939348857835, 0.0 ], [ -46.171510117982628, -23.632936858082687, 0.0 ], [ -46.171507358150883, -23.63293561269505, 0.0 ], [ -46.171504598319196, -23.632934367307353, 0.0 ], [ -46.171501838487551, -23.632933121919596, 0.0 ], [ -46.171499078655962, -23.632931876531803, 0.0 ], [ -46.171496307558535, -23.63292936499721, 0.0 ], [ -46.171493558992935, -23.632929385756036, 0.0 ], [ -46.171492162178438, -23.632926863841966, 0.0 ], [ -46.171489402347063, -23.632925618453982, 0.0 ], [ -46.171485223169874, -23.632919318858328, 0.0 ], [ -46.171483826355654, -23.632916796944158, 0.0 ], [ -46.171482429541484, -23.632914275029986, 0.0 ], [ -46.171482407009989, -23.6329117427365, 0.0 ], [ -46.171482384478502, -23.632909210443017, 0.0 ], [ -46.171479635913308, -23.632909231201577, 0.0 ], [ -46.171479613381877, -23.632906698908094, 0.0 ], [ -46.171479590850446, -23.632904166614598, 0.0 ], [ -46.171478182770805, -23.632900378553622, 0.0 ], [ -46.171476774691243, -23.632896590492628, 0.0 ], [ -46.171476752159883, -23.632894058199142, 0.0 ], [ -46.171476729628516, -23.632891525905642, 0.0 ], [ -46.171476707097156, -23.632888993612145, 0.0 ], [ -46.171476684565803, -23.632886461318648, 0.0 ], [ -46.171476662034458, -23.632883929025152, 0.0 ], [ -46.171475265220799, -23.632881407110869, 0.0 ], [ -46.171475242689482, -23.632878874817372, 0.0 ], [ -46.171475220158165, -23.632876342523868, 0.0 ], [ -46.171475197626847, -23.632873810230365, 0.0 ], [ -46.171475175095537, -23.632871277936861, 0.0 ], [ -46.171475152564234, -23.632868745643357, 0.0 ], [ -46.171475118767276, -23.6328649472031, 0.0 ], [ -46.17147509623598, -23.632862414909596, 0.0 ], [ -46.171475073704684, -23.632859882616085, 0.0 ], [ -46.171475051173388, -23.632857350322574, 0.0 ], [ -46.171475028642099, -23.632854818029063, 0.0 ], [ -46.171475006110818, -23.632852285735552, 0.0 ], [ -46.171474983579529, -23.632849753442045, 0.0 ], [ -46.171474961048254, -23.632847221148534, 0.0 ], [ -46.17147356423505, -23.632844699234212, 0.0 ], [ -46.171472156156291, -23.632840911173126, 0.0 ], [ -46.171470759343215, -23.632838389258779, 0.0 ], [ -46.171470736812026, -23.632835856965251, 0.0 ], [ -46.17146796571722, -23.632833345430026, 0.0 ], [ -46.171466568904314, -23.632830823515633, 0.0 ], [ -46.171465172091452, -23.632828301601226, 0.0 ], [ -46.171465149560383, -23.632825769307697, 0.0 ], [ -46.171463752747613, -23.632823247393269, 0.0 ], [ -46.171462355934899, -23.632820725478819, 0.0 ], [ -46.171462333403895, -23.63281819318529, 0.0 ], [ -46.171459573575099, -23.632816947796648, 0.0 ], [ -46.171459551044151, -23.632814415503123, 0.0 ], [ -46.171459505982263, -23.632809350916048, 0.0 ], [ -46.171456723622804, -23.632805573233817, 0.0 ], [ -46.171456701091927, -23.632803040940267, 0.0 ], [ -46.171453929998094, -23.63280052940474, 0.0 ], [ -46.171453907467274, -23.632797997111197, 0.0 ], [ -46.171453873671048, -23.632794198670876, 0.0 ], [ -46.171453851140235, -23.632791666377322, 0.0 ], [ -46.171453828609422, -23.632789134083776, 0.0 ], [ -46.17145379481321, -23.632785335643444, 0.0 ], [ -46.171453772282405, -23.632782803349897, 0.0 ], [ -46.171453749751606, -23.632780271056337, 0.0 ], [ -46.171453727220808, -23.63277773876279, 0.0 ], [ -46.171452330408798, -23.632775216848206, 0.0 ], [ -46.171450933596851, -23.632772694933614, 0.0 ], [ -46.171449536784955, -23.632770173019019, 0.0 ], [ -46.171448139973116, -23.632767651104388, 0.0 ], [ -46.171445391410842, -23.632767671862229, 0.0 ], [ -46.171445368880221, -23.632765139568669, 0.0 ], [ -46.171442597787426, -23.632762628032889, 0.0 ], [ -46.171441200975806, -23.632760106118191, 0.0 ], [ -46.171439804164237, -23.632757584203485, 0.0 ], [ -46.171438407352724, -23.632755062288755, 0.0 ], [ -46.171438384822245, -23.632752529995177, 0.0 ], [ -46.171436988010818, -23.632750008080436, 0.0 ], [ -46.171436965480375, -23.632747475786857, 0.0 ], [ -46.171435568669033, -23.632744953872102, 0.0 ], [ -46.171434171857747, -23.632742431957315, 0.0 ], [ -46.171432775046512, -23.63273991004252, 0.0 ], [ -46.171432752516161, -23.632737377748938, 0.0 ], [ -46.17143272998581, -23.632734845455353, 0.0 ], [ -46.171431333174695, -23.632732323540537, 0.0 ], [ -46.17143131064438, -23.632729791246952, 0.0 ], [ -46.17142991383335, -23.632727269332122, 0.0 ], [ -46.17142851702237, -23.632724747417278, 0.0 ], [ -46.171428494492119, -23.632722215123685, 0.0 ], [ -46.171425745930769, -23.63272223588114, 0.0 ], [ -46.171425723400574, -23.63271970358754, 0.0 ], [ -46.171424326589758, -23.63271718167265, 0.0 ], [ -46.171422929778998, -23.632714659757738, 0.0 ], [ -46.171420169952775, -23.632713414368293, 0.0 ], [ -46.171420147422694, -23.632710882074683, 0.0 ], [ -46.171418750612091, -23.632708360159725, 0.0 ], [ -46.171415990786024, -23.632707114770191, 0.0 ], [ -46.171414593975534, -23.632704592855202, 0.0 ], [ -46.171413197165108, -23.632702070940187, 0.0 ], [ -46.171409074323698, -23.632702102075928, 0.0 ], [ -46.171409051793844, -23.632699569782307, 0.0 ], [ -46.17140628070316, -23.632697058245778, 0.0 ], [ -46.1714048613632, -23.632692004037043, 0.0 ], [ -46.171403464553102, -23.632689482121936, 0.0 ], [ -46.171400704727574, -23.632688236732097, 0.0 ], [ -46.171399307917589, -23.632685714816947, 0.0 ], [ -46.171397899842852, -23.632681926754948, 0.0 ], [ -46.171395117487975, -23.632678149071378, 0.0 ], [ -46.171393720678211, -23.632675627156146, 0.0 ], [ -46.171392323868503, -23.632673105240915, 0.0 ], [ -46.171389552778706, -23.632670593704045, 0.0 ], [ -46.171388155969133, -23.632668071788753, 0.0 ], [ -46.171386759159617, -23.632665549873465, 0.0 ], [ -46.171386736630232, -23.632663017579809, 0.0 ], [ -46.171383988070083, -23.632663038336478, 0.0 ], [ -46.171382591260702, -23.63266051642114, 0.0 ], [ -46.171381194451378, -23.632657994505781, 0.0 ], [ -46.1713811719221, -23.632655462212117, 0.0 ], [ -46.1713784008329, -23.632652950675023, 0.0 ], [ -46.171375629743793, -23.632650439137866, 0.0 ], [ -46.171375607214628, -23.632647906844191, 0.0 ], [ -46.171372847390238, -23.632646661453819, 0.0 ], [ -46.171371439316722, -23.632642873391521, 0.0 ], [ -46.17137004250781, -23.632640351476041, 0.0 ], [ -46.17136589713931, -23.632637850316872, 0.0 ], [ -46.171364500330561, -23.632635328401342, 0.0 ], [ -46.171363103521863, -23.632632806485788, 0.0 ], [ -46.17136170671322, -23.632630284570222, 0.0 ], [ -46.171358935624923, -23.632627773032727, 0.0 ], [ -46.171358913096107, -23.632625240739038, 0.0 ], [ -46.171357516287635, -23.632622718823423, 0.0 ], [ -46.171356119479213, -23.632620196907801, 0.0 ], [ -46.171353359655583, -23.632618951517038, 0.0 ], [ -46.171353337126888, -23.632616419223339, 0.0 ], [ -46.171350577303365, -23.632615173832527, 0.0 ], [ -46.171349180495156, -23.632612651916833, 0.0 ], [ -46.171347783687011, -23.632610130001108, 0.0 ], [ -46.17134776115843, -23.632607597707398, 0.0 ], [ -46.17134636435037, -23.632605075791666, 0.0 ], [ -46.17134496754236, -23.632602553875909, 0.0 ], [ -46.171343570734408, -23.632600031960148, 0.0 ], [ -46.171342173926512, -23.632597510044363, 0.0 ], [ -46.171342151398058, -23.632594977750646, 0.0 ], [ -46.171340754590247, -23.63259245583485, 0.0 ], [ -46.171337994767342, -23.632591210443778, 0.0 ], [ -46.171336597959652, -23.632588688527942, 0.0 ], [ -46.171336575431312, -23.632586156234208, 0.0 ], [ -46.171333826872711, -23.632586176989928, 0.0 ], [ -46.171333817016588, -23.632585069111418, 0.0 ], [ -46.171332442737295, -23.632585079489257, 0.0 ], [ -46.171326945620144, -23.632585121000488, 0.0 ], [ -46.171318699944393, -23.632585183266979, 0.0 ], [ -46.171313225355092, -23.632587757071477, 0.0 ], [ -46.171307750765578, -23.632590330875782, 0.0 ], [ -46.17130225364815, -23.632590372386158, 0.0 ], [ -46.171296756530722, -23.632590413896327, 0.0 ], [ -46.171291259413273, -23.632590455406309, 0.0 ], [ -46.17128576229581, -23.632590496916094, 0.0 ], [ -46.171282968682462, -23.632585453083365, 0.0 ], [ -46.171277471565197, -23.632585494592849, 0.0 ], [ -46.171271974447912, -23.632585536102134, 0.0 ], [ -46.171266477330619, -23.632585577611227, 0.0 ], [ -46.171260935159552, -23.632580554532538, 0.0 ], [ -46.171255438042451, -23.632580596041237, 0.0 ], [ -46.171249940925328, -23.632580637549729, 0.0 ], [ -46.171244443808199, -23.632580679058041, 0.0 ], [ -46.171238946691055, -23.632580720566153, 0.0 ], [ -46.171233449573897, -23.632580762074063, 0.0 ], [ -46.171227952456732, -23.632580803581781, 0.0 ], [ -46.171222455339546, -23.632580845089304, 0.0 ], [ -46.171216958222352, -23.632580886596642, 0.0 ], [ -46.171211461105145, -23.632580928103778, 0.0 ], [ -46.17120596398793, -23.632580969610714, 0.0 ], [ -46.171200466870694, -23.632581011117466, 0.0 ], [ -46.171194969753451, -23.632581052624015, 0.0 ], [ -46.171189472636193, -23.632581094130373, 0.0 ], [ -46.171183975518922, -23.632581135636542, 0.0 ], [ -46.171178478401643, -23.632581177142502, 0.0 ], [ -46.17117298128435, -23.632581218648276, 0.0 ], [ -46.171167484167043, -23.632581260153852, 0.0 ], [ -46.171161987049722, -23.632581301659236, 0.0 ], [ -46.171156512457259, -23.632583875458316, 0.0 ], [ -46.171151037864576, -23.632586449257204, 0.0 ], [ -46.171145540747005, -23.632586490762009, 0.0 ], [ -46.171140043629428, -23.632586532266625, 0.0 ], [ -46.171134569036283, -23.632589106064962, 0.0 ], [ -46.171129071918578, -23.632589147569188, 0.0 ], [ -46.171120848766179, -23.632591742119089, 0.0 ], [ -46.171115351648325, -23.632591783622832, 0.0 ], [ -46.171109854530464, -23.632591825126386, 0.0 ], [ -46.171104357412595, -23.632591866629749, 0.0 ], [ -46.171098860294705, -23.632591908132913, 0.0 ], [ -46.171093385700473, -23.632594481929818, 0.0 ], [ -46.171087911106021, -23.632597055726549, 0.0 ], [ -46.171082413987889, -23.632597097229137, 0.0 ], [ -46.171082459034814, -23.632602161817033, 0.0 ], [ -46.171076961916448, -23.63260220331944, 0.0 ], [ -46.171077006963188, -23.632607267907339, 0.0 ], [ -46.171071532367868, -23.632609841703523, 0.0 ], [ -46.171066057772329, -23.632612415499523, 0.0 ], [ -46.171066102818664, -23.632617480087433, 0.0 ], [ -46.171063399305389, -23.632622565426306, 0.0 ], [ -46.171057924709153, -23.632625139222036, 0.0 ], [ -46.171055221195417, -23.632630224560771, 0.0 ], [ -46.171049769121581, -23.632635330650203, 0.0 ], [ -46.171047065607326, -23.632640415988817, 0.0 ], [ -46.171044362092871, -23.632645501327389, 0.0 ], [ -46.171038864972623, -23.63264554282852, 0.0 ], [ -46.171033390374937, -23.632648116623429, 0.0 ], [ -46.171027915777032, -23.632650690418153, 0.0 ], [ -46.171022441178913, -23.632653264212696, 0.0 ], [ -46.171016966580559, -23.632655838007047, 0.0 ], [ -46.171014263064627, -23.632660923345142, 0.0 ], [ -46.171011559548496, -23.632666008683195, 0.0 ], [ -46.171008856032167, -23.632671094021202, 0.0 ], [ -46.171003381432804, -23.632673667815119, 0.0 ], [ -46.171000677915998, -23.632678753152998, 0.0 ], [ -46.171000722959967, -23.632683817740993, 0.0 ], [ -46.170995225838034, -23.632683859240633, 0.0 ], [ -46.170992522320724, -23.632688944578398, 0.0 ], [ -46.170989818803207, -23.632694029916109, 0.0 ], [ -46.170984321680834, -23.632694071415376, 0.0 ], [ -46.170978847080015, -23.632696645208465, 0.0 ], [ -46.170976143561816, -23.632701730545971, 0.0 ], [ -46.170970668960514, -23.632704304338787, 0.0 ], [ -46.170967965441847, -23.632709389676162, 0.0 ], [ -46.170962468318791, -23.632709431174685, 0.0 ], [ -46.170959764799704, -23.632714516511925, 0.0 ], [ -46.170954290197542, -23.632717090304197, 0.0 ], [ -46.170948815595153, -23.632719664096275, 0.0 ], [ -46.170946112075335, -23.632724749433297, 0.0 ], [ -46.170940637472462, -23.632727323225112, 0.0 ], [ -46.170937933952182, -23.632732408562003, 0.0 ], [ -46.170932459348826, -23.632734982353551, 0.0 ], [ -46.170926984745243, -23.632737556144903, 0.0 ], [ -46.170924281224238, -23.632742641481592, 0.0 ], [ -46.170918806620172, -23.63274521527266, 0.0 ], [ -46.17091335453626, -23.632750321357623, 0.0 ], [ -46.170907902451923, -23.63275542744239, 0.0 ], [ -46.170902405326821, -23.632755468938871, 0.0 ], [ -46.170896930721774, -23.632758042729204, 0.0 ], [ -46.170891456116507, -23.63276061651937, 0.0 ], [ -46.170885981511013, -23.632763190309348, 0.0 ], [ -46.170880506905299, -23.63276576409913, 0.0 ], [ -46.170875032299371, -23.632768337888734, 0.0 ], [ -46.170869557693223, -23.632770911678151, 0.0 ], [ -46.17086408308684, -23.632773485467382, 0.0 ], [ -46.1708585859609, -23.632773526962332, 0.0 ], [ -46.170853111354191, -23.632776100751194, 0.0 ], [ -46.170847614228116, -23.632776142245756, 0.0 ], [ -46.170842117102033, -23.632776183740127, 0.0 ], [ -46.17083941357695, -23.632781269075466, 0.0 ], [ -46.170836710051667, -23.632786354410754, 0.0 ], [ -46.17083121292513, -23.632786395904759, 0.0 ], [ -46.170825715798586, -23.632786437398561, 0.0 ], [ -46.170823012272663, -23.63279152273364, 0.0 ], [ -46.170817537664462, -23.632794096521291, 0.0 ], [ -46.170812063056047, -23.632796670308757, 0.0 ], [ -46.170806565929027, -23.632796711801905, 0.0 ], [ -46.170803862402167, -23.632801797136683, 0.0 ], [ -46.170798387793141, -23.632804370923679, 0.0 ], [ -46.170792935702018, -23.632809477004642, 0.0 ], [ -46.170792980738263, -23.632814541592932, 0.0 ], [ -46.170787506128498, -23.632817115379577, 0.0 ], [ -46.170784802600494, -23.632822200714045, 0.0 ], [ -46.170782099072284, -23.632827286048478, 0.0 ], [ -46.170776624461766, -23.632829859834768, 0.0 ], [ -46.170771149851028, -23.632832433620877, 0.0 ], [ -46.170768446322086, -23.632837518955085, 0.0 ], [ -46.170760223146402, -23.632840113486672, 0.0 ], [ -46.170760268181461, -23.632845178075005, 0.0 ], [ -46.170754793569749, -23.63284775186056, 0.0 ], [ -46.170749318957817, -23.632850325645933, 0.0 ], [ -46.170749363992478, -23.632855390234269, 0.0 ], [ -46.17074666046225, -23.632860475568151, 0.0 ], [ -46.170746705496832, -23.63286554015648, 0.0 ], [ -46.170744001966312, -23.632870625490316, 0.0 ], [ -46.170738504836073, -23.632870666981173, 0.0 ], [ -46.170738549870364, -23.632875731569516, 0.0 ], [ -46.170733075256948, -23.632878305354367, 0.0 ], [ -46.170727578126375, -23.632878346844848, 0.0 ], [ -46.170727623160261, -23.632883411433209, 0.0 ], [ -46.170724919628647, -23.632888496766732, 0.0 ], [ -46.170719422497633, -23.632888538256942, 0.0 ], [ -46.170713970399987, -23.632893644335347, 0.0 ], [ -46.17070849578532, -23.632896218119356, 0.0 ], [ -46.170703021170439, -23.632898791903195, 0.0 ], [ -46.170697546555331, -23.632901365686852, 0.0 ], [ -46.170694843022197, -23.63290645101991, 0.0 ], [ -46.170689368406606, -23.632909024803283, 0.0 ], [ -46.170683871274662, -23.632909066292267, 0.0 ], [ -46.170683916306935, -23.632914130880685, 0.0 ], [ -46.170678419174763, -23.632914172369485, 0.0 ], [ -46.170672922042584, -23.63291421385809, 0.0 ], [ -46.170670218508242, -23.632919299190753, 0.0 ], [ -46.170664721375829, -23.632919340679077, 0.0 ], [ -46.170662040356795, -23.632926958305841, 0.0 ], [ -46.170656565739677, -23.632929532088117, 0.0 ], [ -46.170651068606809, -23.632929573575968, 0.0 ], [ -46.170651113637859, -23.632934638164436, 0.0 ], [ -46.170645639020194, -23.632937211946341, 0.0 ], [ -46.170642935484345, -23.632942297278586, 0.0 ], [ -46.170640231948298, -23.632947382610777, 0.0 ], [ -46.170634757329879, -23.63294995639232, 0.0 ], [ -46.170634802360347, -23.632955020980809, 0.0 ], [ -46.170629327741509, -23.632957594762175, 0.0 ], [ -46.170626624204637, -23.63296268009416, 0.0 ], [ -46.170621149585308, -23.632965253875255, 0.0 ], [ -46.170618446047968, -23.632970339207109, 0.0 ], [ -46.170612948913323, -23.632970380693674, 0.0 ], [ -46.170610245375563, -23.63297546602541, 0.0 ], [ -46.170608555664359, -23.632978644357713, 0.0 ], [ -46.17060890486399, -23.63297927483838, 0.0 ], [ -46.170608927378758, -23.632981807132634, 0.0 ], [ -46.17060894989352, -23.632984339426891, 0.0 ], [ -46.170608972408303, -23.632986871721144, 0.0 ], [ -46.170608994923072, -23.632989404015401, 0.0 ], [ -46.170609017437847, -23.632991936309651, 0.0 ], [ -46.17060903995263, -23.632994468603897, 0.0 ], [ -46.17060906246742, -23.632997000898158, 0.0 ], [ -46.17060908498221, -23.632999533192407, 0.0 ], [ -46.170607733213004, -23.633002075858236, 0.0 ], [ -46.170607755727772, -23.63300460815249, 0.0 ], [ -46.170607778242548, -23.633007140446733, 0.0 ], [ -46.170607800757317, -23.633009672740986, 0.0 ], [ -46.17060506344653, -23.63301095963126, 0.0 ], [ -46.170603711677138, -23.633013502297072, 0.0 ], [ -46.170603734191843, -23.633016034591325, 0.0 ], [ -46.170603756706548, -23.633018566885568, 0.0 ], [ -46.170603779221253, -23.633021099179818, 0.0 ], [ -46.170603801735972, -23.633023631474057, 0.0 ], [ -46.170603824250684, -23.63302616376831, 0.0 ], [ -46.170603846765403, -23.633028696062556, 0.0 ], [ -46.170601098196848, -23.633028716805651, 0.0 ], [ -46.170601120711517, -23.63303124909989, 0.0 ], [ -46.170598383400218, -23.633032535990075, 0.0 ], [ -46.170598405914838, -23.633035068284322, 0.0 ], [ -46.170595668603433, -23.633036355174461, 0.0 ], [ -46.17059569111801, -23.633038887468704, 0.0 ], [ -46.17059433934817, -23.63304143013444, 0.0 ], [ -46.170592987578281, -23.63304397280017, 0.0 ], [ -46.170593010092809, -23.633046505094413, 0.0 ], [ -46.170593032607343, -23.633049037388663, 0.0 ], [ -46.170593055121877, -23.633051569682909, 0.0 ], [ -46.170593077636418, -23.633054101977155, 0.0 ], [ -46.170590340324566, -23.633055388867202, 0.0 ], [ -46.170588988554471, -23.633057931532903, 0.0 ], [ -46.170587636784319, -23.633060474198594, 0.0 ], [ -46.170587659298768, -23.633063006492833, 0.0 ], [ -46.170584910729481, -23.633063027235675, 0.0 ], [ -46.170584933243873, -23.633065559529932, 0.0 ], [ -46.170584955758272, -23.633068091824175, 0.0 ], [ -46.170584978272672, -23.633070624118421, 0.0 ], [ -46.170585000787078, -23.633073156412678, 0.0 ], [ -46.170585023301484, -23.633075688706917, 0.0 ], [ -46.170585045815898, -23.63307822100116, 0.0 ], [ -46.170585068330304, -23.633080753295413, 0.0 ], [ -46.170585090844725, -23.633083285589645, 0.0 ], [ -46.170585113359145, -23.633085817883895, 0.0 ], [ -46.170582376046561, -23.633087104773832, 0.0 ], [ -46.170582398560938, -23.633089637068078, 0.0 ], [ -46.17058104679036, -23.633092179733708, 0.0 ], [ -46.17058106930471, -23.633094712027958, 0.0 ], [ -46.170581091819066, -23.633097244322197, 0.0 ], [ -46.170581114333423, -23.633099776616437, 0.0 ], [ -46.170582511132842, -23.633102298539285, 0.0 ], [ -46.170582533647234, -23.633104830833528, 0.0 ], [ -46.170583930446732, -23.633107352756348, 0.0 ], [ -46.170585327246286, -23.633109874679164, 0.0 ], [ -46.170585349760742, -23.633112406973392, 0.0 ], [ -46.170585372275191, -23.633114939267628, 0.0 ], [ -46.170585394789654, -23.633117471561864, 0.0 ], [ -46.17058541730411, -23.633120003856092, 0.0 ], [ -46.170586814103849, -23.63312252577888, 0.0 ], [ -46.170586836618334, -23.633125058073112, 0.0 ], [ -46.170586859132833, -23.633127590367334, 0.0 ], [ -46.170588255932678, -23.633130112290104, 0.0 ], [ -46.170588278447205, -23.633132644584325, 0.0 ], [ -46.170588300961739, -23.633135176878554, 0.0 ], [ -46.170589697761699, -23.633137698801306, 0.0 ], [ -46.170589720276269, -23.633140231095521, 0.0 ], [ -46.170591117076306, -23.633142753018255, 0.0 ], [ -46.170591139590904, -23.633145285312469, 0.0 ], [ -46.170592536391034, -23.633147807235183, 0.0 ], [ -46.170593933191213, -23.633150329157882, 0.0 ], [ -46.170593955705876, -23.633152861452093, 0.0 ], [ -46.170593978220538, -23.633155393746307, 0.0 ], [ -46.170595375020838, -23.633157915668988, 0.0 ], [ -46.170595397535536, -23.633160447963185, 0.0 ], [ -46.170595420050233, -23.633162980257403, 0.0 ], [ -46.170595442564938, -23.63316551255161, 0.0 ], [ -46.170595465079643, -23.633168044845817, 0.0 ], [ -46.170596861880114, -23.63317056676847, 0.0 ], [ -46.170596884394847, -23.633173099062667, 0.0 ], [ -46.170596906909594, -23.633175631356874, 0.0 ], [ -46.170596929424342, -23.633178163651081, 0.0 ], [ -46.170598326224955, -23.633180685573709, 0.0 ], [ -46.170599723025624, -23.633183207496323, 0.0 ], [ -46.170599745540429, -23.63318573979053, 0.0 ], [ -46.170602505369693, -23.633186985194421, 0.0 ], [ -46.170602527884562, -23.633189517488614, 0.0 ], [ -46.170602550399423, -23.633192049782803, 0.0 ], [ -46.170605298971388, -23.633192029039545, 0.0 ], [ -46.170605321486313, -23.633194561333738, 0.0 ], [ -46.170605344001238, -23.633197093627921, 0.0 ], [ -46.17060536651617, -23.63319962592211, 0.0 ], [ -46.170605389031103, -23.633202158216299, 0.0 ], [ -46.170605411546042, -23.633204690510478, 0.0 ], [ -46.170605434060981, -23.633207222804671, 0.0 ], [ -46.170605456575927, -23.633209755098861, 0.0 ], [ -46.170605479090874, -23.633212287393032, 0.0 ], [ -46.17060550160582, -23.633214819687222, 0.0 ], [ -46.170605524120774, -23.633217351981394, 0.0 ], [ -46.170605546635727, -23.633219884275583, 0.0 ], [ -46.170606943436979, -23.633222406198097, 0.0 ], [ -46.170606965951968, -23.633224938492265, 0.0 ], [ -46.170608362753313, -23.633227460414773, 0.0 ], [ -46.170608396525843, -23.633231258856036, 0.0 ], [ -46.170608419040867, -23.633233791150204, 0.0 ], [ -46.170608441555899, -23.633236323444383, 0.0 ], [ -46.170608464070931, -23.633238855738554, 0.0 ], [ -46.170608486585962, -23.633241388032719, 0.0 ], [ -46.170608509101001, -23.633243920326898, 0.0 ], [ -46.170608531616047, -23.633246452621066, 0.0 ], [ -46.170608554131093, -23.63324898491523, 0.0 ], [ -46.170609950932743, -23.633251506837702, 0.0 ], [ -46.170611347734443, -23.633254028760149, 0.0 ], [ -46.170611381507101, -23.633257827201394, 0.0 ], [ -46.170611415279772, -23.633261625642632, 0.0 ], [ -46.170611437794889, -23.633264157936793, 0.0 ], [ -46.170611460310006, -23.633266690230958, 0.0 ], [ -46.170614220141104, -23.633267935634564, 0.0 ], [ -46.170614242656278, -23.633270467928721, 0.0 ], [ -46.170614265171459, -23.633273000222868, 0.0 ], [ -46.170614287686639, -23.633275532517029, 0.0 ], [ -46.170614310201827, -23.633278064811176, 0.0 ], [ -46.170614332717015, -23.63328059710533, 0.0 ], [ -46.170615729519135, -23.63328311902772, 0.0 ], [ -46.170615752034358, -23.633285651321867, 0.0 ], [ -46.170615774549582, -23.633288183616013, 0.0 ], [ -46.170617171351815, -23.633290705538389, 0.0 ], [ -46.170617193867081, -23.633293237832529, 0.0 ], [ -46.17061721638234, -23.633295770126679, 0.0 ], [ -46.170618613184679, -23.63329829204902, 0.0 ], [ -46.17062000998709, -23.633300813971353, 0.0 ], [ -46.170620032502413, -23.633303346265496, 0.0 ], [ -46.170622781076673, -23.633303325521833, 0.0 ], [ -46.17062280359206, -23.633305857815969, 0.0 ], [ -46.17062420039462, -23.633308379738256, 0.0 ], [ -46.170626948968994, -23.633308358994515, 0.0 ], [ -46.170626971484459, -23.633310891288652, 0.0 ], [ -46.170628368287161, -23.633313413210889, 0.0 ], [ -46.170628390802662, -23.633315945505018, 0.0 ], [ -46.170628413318155, -23.633318477799136, 0.0 ], [ -46.170631195666068, -23.633322255496505, 0.0 ], [ -46.170631218181626, -23.633324787790627, 0.0 ], [ -46.170631240697197, -23.633327320084756, 0.0 ], [ -46.170632637500169, -23.63332984200694, 0.0 ], [ -46.170632660015762, -23.633332374301055, 0.0 ], [ -46.17063268253137, -23.633334906595181, 0.0 ], [ -46.170634079334455, -23.633337428517343, 0.0 ], [ -46.170634101850084, -23.633339960811465, 0.0 ], [ -46.170635498653262, -23.63334248273361, 0.0 ], [ -46.170636895456489, -23.633345004655748, 0.0 ], [ -46.170638292259774, -23.633347526577868, 0.0 ], [ -46.170639119186802, -23.633349019590892, 0.0 ], [ -46.170673224212294, -23.633364409828538, 0.0 ], [ -46.170702722486602, -23.633384446902063, 0.0 ], [ -46.170728586024779, -23.633407888022479, 0.0 ], [ -46.170739730448439, -23.633424686999469, 0.0 ], [ -46.170747240129529, -23.633444890028873, 0.0 ], [ -46.170762079353082, -23.633465037734517, 0.0 ], [ -46.170773253810708, -23.633485213100528, 0.0 ], [ -46.17080659705146, -23.633525480841509, 0.0 ], [ -46.170821436293494, -23.633545628540539, 0.0 ], [ -46.170843605085558, -23.633565720910592, 0.0 ], [ -46.170851054737902, -23.633579171150068, 0.0 ], [ -46.170858504391816, -23.633592621389116, 0.0 ], [ -46.170865924020141, -23.633602695235965, 0.0 ], [ -46.170880763280245, -23.633622842928418, 0.0 ], [ -46.170891877714418, -23.633636265500819, 0.0 ], [ -46.170918138333299, -23.633675664166692, 0.0 ], [ -46.171068465, -23.633659175833301, 0.0 ], [ -46.171277443055487, -23.6336130730555, 0.0 ], [ -46.171571318333399, -23.633369262777798, 0.0 ], [ -46.171781638333293, -23.633066476111104, 0.0 ], [ -46.171785441111098, -23.632876968055495, 0.0 ], [ -46.17171121535106, -23.63275447899229, 0.0 ], [ -46.171707788951011, -23.632755560095301, 0.0 ], [ -46.171703677376151, -23.632756857385594, 0.0 ], [ -46.171700940082118, -23.632758144294616, 0.0 ], [ -46.171696851042562, -23.632761973878079, 0.0 ], [ -46.171694102480657, -23.63276199464033, 0.0 ], [ -46.171689990905449, -23.632763291930281, 0.0 ], [ -46.17168451631678, -23.632765865747821, 0.0 ], [ -46.171681779022357, -23.63276715265653, 0.0 ], [ -46.171679030460325, -23.632767173418511, 0.0 ] ] ] ] } }
]
}
