{
"type": "FeatureCollection",
"name": "Faz",
"crs": { "type": "name", "properties": { "name": "urn:ogc:def:crs:OGC:1.3:CRS84" } },
"features": [
{ "type": "Feature", "properties": { "id": "1", "Área (ha)": 76.037 }, "geometry": { "type": "MultiPolygon", "coordinates": [ [ [ [ -46.914148910862515, -23.259517687972572 ], [ -46.914151100140934, -23.259511341640611 ], [ -46.914151039971429, -23.259507129283868 ], [ -46.914150979801938, -23.259502916927126 ], [ -46.914150919632462, -23.259498704570376 ], [ -46.914153138995303, -23.259494464416765 ], [ -46.914153078825784, -23.259490252060026 ], [ -46.914153018656279, -23.259486039703269 ], [ -46.914152958486788, -23.259481827346526 ], [ -46.914155177849324, -23.259477587192897 ], [ -46.91415511767979, -23.259473374836151 ], [ -46.914152777978394, -23.25946919027627 ], [ -46.914150438277154, -23.259465005716319 ], [ -46.914150378107806, -23.259460793359562 ], [ -46.914150317938471, -23.259456581002791 ], [ -46.914150257769151, -23.259452368646013 ], [ -46.91414566862138, -23.259450318061127 ], [ -46.91414332892073, -23.259446133501044 ], [ -46.914140989220236, -23.259441948940893 ], [ -46.914138649519892, -23.259437764380721 ], [ -46.914134060372788, -23.259435713795447 ], [ -46.914131720672785, -23.259431529235133 ], [ -46.914127131525987, -23.25942947864964 ], [ -46.914122572463519, -23.259429534242425 ], [ -46.914117983316913, -23.259427483656648 ], [ -46.914113424254488, -23.259427539249167 ], [ -46.914108865192048, -23.259427594841551 ], [ -46.914104306129595, -23.259427650433796 ], [ -46.914099747067127, -23.259427706025917 ], [ -46.914095188004637, -23.259427761617903 ], [ -46.914090598858458, -23.259425711031284 ], [ -46.914086039796018, -23.259425766623004 ], [ -46.914081510817098, -23.25942792839307 ], [ -46.914076951754566, -23.259427983984533 ], [ -46.914072392692006, -23.259428039575852 ], [ -46.914067833629439, -23.259428095167046 ], [ -46.9140632444836, -23.259426044579602 ], [ -46.914058685421075, -23.259426100170526 ], [ -46.914054096275429, -23.259424049582808 ], [ -46.914049537212946, -23.259424105173458 ], [ -46.914047197515714, -23.259419920611695 ], [ -46.914042638453353, -23.259419976202132 ], [ -46.914038049308132, -23.259417925613914 ], [ -46.914033490245821, -23.259417981204077 ], [ -46.914028901100792, -23.259415930615575 ], [ -46.914024342038516, -23.259415986205486 ], [ -46.914019722811119, -23.259411829438132 ], [ -46.914015163748971, -23.25941188502776 ], [ -46.914010574604397, -23.259409834438681 ], [ -46.914008234908614, -23.259405649876236 ], [ -46.914008174743898, -23.259401437519099 ], [ -46.914005835048364, -23.259397252956571 ], [ -46.914005774883755, -23.259393040599427 ], [ -46.91400571471916, -23.259388828242251 ], [ -46.914005654554579, -23.259384615885089 ], [ -46.914005594390005, -23.259380403527931 ], [ -46.914005534225453, -23.259376191170759 ], [ -46.914005474060914, -23.259371978813586 ], [ -46.91400541389639, -23.259367766456414 ], [ -46.914005353731881, -23.259363554099227 ], [ -46.914003014037178, -23.259359369536615 ], [ -46.913998424894622, -23.259357318947036 ], [ -46.913993805670145, -23.259353162178716 ], [ -46.913989216527931, -23.259351111588842 ], [ -46.91398687683396, -23.259346927025931 ], [ -46.913984537140145, -23.25934274246297 ], [ -46.913979978080242, -23.259342798051421 ], [ -46.913977638386719, -23.259338613488339 ], [ -46.913973049245236, -23.259336562897943 ], [ -46.913968460103881, -23.259334512307408 ], [ -46.913968399940622, -23.259330299950115 ], [ -46.913966060247688, -23.259326115386809 ], [ -46.913963720554918, -23.259321930823472 ], [ -46.913961380862297, -23.259317746260077 ], [ -46.913959041169832, -23.259313561696633 ], [ -46.913956701477517, -23.259309377133143 ], [ -46.913954361785358, -23.259305192569609 ], [ -46.91394977264536, -23.259303141978428 ], [ -46.913947432953535, -23.259298957414767 ], [ -46.913942843813842, -23.259296906823362 ], [ -46.913940504122351, -23.25929272225957 ], [ -46.913935945064033, -23.259292777846632 ], [ -46.913933605372826, -23.259288593282708 ], [ -46.913931265681775, -23.259284408718752 ], [ -46.913933485048787, -23.259280168567916 ], [ -46.913935704415671, -23.259275928417061 ], [ -46.913940263473414, -23.259275872830045 ], [ -46.913944792449975, -23.259273711064193 ], [ -46.913947011816397, -23.259269470913214 ], [ -46.913946951654005, -23.259265258555835 ], [ -46.913946891491619, -23.259261046198468 ], [ -46.913944551800718, -23.259256861634675 ], [ -46.913944491638446, -23.259252649277293 ], [ -46.913939902500438, -23.259250598685679 ], [ -46.913939842338323, -23.259246386328279 ], [ -46.913939782176222, -23.259242173970865 ], [ -46.913935193038647, -23.259240123379094 ], [ -46.913946650842256, -23.259244196768929 ], [ -46.913946590679942, -23.259239984411547 ], [ -46.913944250989466, -23.259235799847726 ], [ -46.913939661852062, -23.259233749256062 ], [ -46.913937322161921, -23.259229564692109 ], [ -46.913932733024822, -23.25922751410021 ], [ -46.913928143887858, -23.259225463508187 ], [ -46.913925804198229, -23.259221278944018 ], [ -46.913921215061578, -23.259219228351764 ], [ -46.913918875372282, -23.259215043787478 ], [ -46.913916535683136, -23.259210859223145 ], [ -46.913911946546975, -23.259208808630571 ], [ -46.913907357410942, -23.259206758037873 ], [ -46.913902768275051, -23.259204707445011 ], [ -46.913900428586594, -23.259200522880388 ], [ -46.913895839451008, -23.259198472287316 ], [ -46.913891250315558, -23.259196421694096 ], [ -46.913886661180236, -23.259194371100723 ], [ -46.913882102125122, -23.259194426685998 ], [ -46.913877543069987, -23.259194482271141 ], [ -46.913872984014844, -23.25919453785615 ], [ -46.913868424959681, -23.259194593441027 ], [ -46.91386386590451, -23.259194649025773 ], [ -46.913859306849318, -23.259194704610376 ], [ -46.913854717714479, -23.259192654016051 ], [ -46.913850158659329, -23.259192709600395 ], [ -46.913845599604166, -23.259192765184604 ], [ -46.913841040548995, -23.259192820768686 ], [ -46.91383648149381, -23.259192876352635 ], [ -46.913831922438611, -23.25919293193645 ], [ -46.913827363383398, -23.259192987520134 ], [ -46.913825144014133, -23.259197227669631 ], [ -46.913822924644741, -23.259201467819114 ], [ -46.91381842574738, -23.259205735760283 ], [ -46.913813836612682, -23.259203685164728 ], [ -46.91380927755705, -23.259203740747914 ], [ -46.913802408894746, -23.259201717943558 ], [ -46.913797909996681, -23.259205985884179 ], [ -46.913795690626273, -23.259210226033328 ], [ -46.91379113157037, -23.259210281615999 ], [ -46.913786572514461, -23.259210337198539 ], [ -46.913782043537054, -23.259212498959855 ], [ -46.913777484481038, -23.259212554542135 ], [ -46.913772925425015, -23.259212610124258 ], [ -46.91376836636897, -23.25921266570629 ], [ -46.913763777234671, -23.25921061510925 ], [ -46.913759218178676, -23.259210670690987 ], [ -46.913754659122667, -23.259210726272595 ], [ -46.913750130144663, -23.259212888033023 ], [ -46.913745601166504, -23.259215049793337 ], [ -46.913741042110303, -23.259215105374562 ], [ -46.913736483054095, -23.259215160955652 ], [ -46.913731923997865, -23.259215216536617 ], [ -46.913727364941629, -23.259215272117441 ], [ -46.91372277580777, -23.259213221519154 ], [ -46.91371818667406, -23.259211170920732 ], [ -46.913713567463027, -23.259207014143183 ], [ -46.913709008407018, -23.259207069723455 ], [ -46.913702169822976, -23.259207153093623 ], [ -46.913697580689742, -23.259205102494565 ], [ -46.913693021633748, -23.259205158074369 ], [ -46.91369308178799, -23.259209370432409 ], [ -46.913688522731846, -23.259209426012095 ], [ -46.913683993752663, -23.259211587770672 ], [ -46.913679464773338, -23.259213749529138 ], [ -46.91367493579385, -23.25921591128748 ], [ -46.913670406814212, -23.259218073045698 ], [ -46.913665847757713, -23.259218128624745 ], [ -46.913661288701199, -23.259218184203657 ], [ -46.913656729644664, -23.259218239782442 ], [ -46.91365451026946, -23.259222479929914 ], [ -46.913649951212768, -23.259222535508517 ], [ -46.913645422232456, -23.259224697266053 ], [ -46.913640893251987, -23.259226859023464 ], [ -46.913636334195111, -23.25922691460168 ], [ -46.913631805214401, -23.259229076358846 ], [ -46.913627246157425, -23.259229131936802 ], [ -46.91362271717648, -23.259231293693716 ], [ -46.913618158119398, -23.259231349271413 ], [ -46.913615938742744, -23.259235589418424 ], [ -46.913611439837261, -23.259239857354157 ], [ -46.913609220460273, -23.259244097501089 ], [ -46.913607001083143, -23.259248337647993 ], [ -46.913602442025443, -23.259248393225263 ], [ -46.913602502176957, -23.259252605583498 ], [ -46.913600282799493, -23.259256845730327 ], [ -46.913600342950971, -23.259261058088562 ], [ -46.913598123573315, -23.259265298235377 ], [ -46.913595904195525, -23.259269538382171 ], [ -46.913595964346904, -23.259273750740398 ], [ -46.91359602449829, -23.259277963098636 ], [ -46.91359608464969, -23.259282175456878 ], [ -46.913600643708556, -23.25928211987971 ], [ -46.913600703860112, -23.259286332237924 ], [ -46.91360076401169, -23.259290544596144 ], [ -46.913600824163275, -23.259294756954343 ], [ -46.913600884314874, -23.259298969312564 ], [ -46.913600944466495, -23.25930318167077 ], [ -46.913601004618123, -23.259307394028991 ], [ -46.913601064769765, -23.25931160638719 ], [ -46.913596565861411, -23.259315874322645 ], [ -46.913592036877084, -23.259318036078906 ], [ -46.913587507892593, -23.259320197835006 ], [ -46.913582948832399, -23.259320253411879 ], [ -46.9135783596967, -23.259318202809499 ], [ -46.913573800636556, -23.259318258386092 ], [ -46.913571581257216, -23.259322498532626 ], [ -46.913567052272207, -23.259324660288183 ], [ -46.913567112422832, -23.25932887264646 ], [ -46.91356717257348, -23.259333085004744 ], [ -46.913567232724127, -23.259337297362997 ], [ -46.913565013344311, -23.259341537509467 ], [ -46.913560484358563, -23.259343699264882 ], [ -46.913555955372658, -23.259345861020162 ], [ -46.913551456461704, -23.259350128954498 ], [ -46.913549237081185, -23.259354369100762 ], [ -46.913547017700537, -23.259358609247016 ], [ -46.91354707785063, -23.259362821605318 ], [ -46.913544858469798, -23.259367061751547 ], [ -46.913544918619849, -23.259371274109874 ], [ -46.913542699238818, -23.259375514256082 ], [ -46.913542759388832, -23.25937972661438 ], [ -46.91354054000761, -23.259383966760577 ], [ -46.913540600157582, -23.25938817911889 ], [ -46.913545189295256, -23.259390229722239 ], [ -46.9135475289768, -23.25939441429259 ], [ -46.913549868658492, -23.259398598862887 ], [ -46.913554427721444, -23.259398543286796 ], [ -46.913556767403428, -23.259402727856958 ], [ -46.913556827553954, -23.259406940215229 ], [ -46.913561416692517, -23.259408990818041 ], [ -46.913563756374913, -23.259413175388083 ], [ -46.913563816525695, -23.259417387746314 ], [ -46.913563876676484, -23.259421600104556 ], [ -46.913563936827295, -23.259425812462798 ], [ -46.913563996978112, -23.259430024821032 ], [ -46.913559437914124, -23.259430080397472 ], [ -46.913559498064807, -23.259434292755714 ], [ -46.913559558215518, -23.259438505113948 ], [ -46.913557338834018, -23.259442745260376 ], [ -46.913557398984686, -23.259446957618614 ], [ -46.913559738667722, -23.259451142188649 ], [ -46.913564327807876, -23.259453192791273 ], [ -46.913566667491246, -23.25945737736118 ], [ -46.913571226556158, -23.259457321784478 ], [ -46.913571286707295, -23.259461534142673 ], [ -46.913571346858447, -23.259465746500876 ], [ -46.91357140700962, -23.25946995885905 ], [ -46.913571467160807, -23.259474171217256 ], [ -46.913573806844802, -23.259478355787014 ], [ -46.91357614652896, -23.259482540356725 ], [ -46.913578486213275, -23.259486724926401 ], [ -46.91358304527914, -23.259486669349268 ], [ -46.913585384963739, -23.259490853918802 ], [ -46.913589974105641, -23.259492904520542 ], [ -46.913592313790573, -23.259497089089969 ], [ -46.913594653475656, -23.259501273659325 ], [ -46.913596993160901, -23.259505458228645 ], [ -46.913601612379587, -23.259509615009044 ], [ -46.913603952065202, -23.259513799578237 ], [ -46.913608541208156, -23.259515850179351 ], [ -46.913613130351251, -23.259517900780327 ], [ -46.913613190503881, -23.259522113138388 ], [ -46.913613250656532, -23.259526325496442 ], [ -46.913615590342829, -23.259530510065414 ], [ -46.913620179486529, -23.259532560666127 ], [ -46.913620239639428, -23.259536773024177 ], [ -46.913622579326145, -23.259540957593003 ], [ -46.913622639479136, -23.259545169951025 ], [ -46.91362269963215, -23.259549382309046 ], [ -46.913625039319193, -23.259553566877802 ], [ -46.913625099472299, -23.259557779235831 ], [ -46.913622880091268, -23.259562019383122 ], [ -46.913620660710102, -23.25956625953037 ], [ -46.913613882260179, -23.259570555255934 ], [ -46.913613942412979, -23.259574767613969 ], [ -46.913614002565808, -23.259578979972002 ], [ -46.913614062718644, -23.259583192330023 ], [ -46.9136141228715, -23.259587404688062 ], [ -46.913614183024364, -23.259591617046077 ], [ -46.913614243177236, -23.259595829404098 ], [ -46.913618862399765, -23.259599986183712 ], [ -46.913618922552814, -23.259604198541705 ], [ -46.913623511699171, -23.259606249142145 ], [ -46.913623571852384, -23.259610461500131 ], [ -46.913623632005617, -23.259614673858128 ], [ -46.913623692158858, -23.259618886216117 ], [ -46.913623752312112, -23.259623098574092 ], [ -46.913623812465389, -23.259627310932071 ], [ -46.913623872618672, -23.259631523290057 ], [ -46.913623932771969, -23.259635735648033 ], [ -46.913623992925281, -23.259639948005997 ], [ -46.913624053078607, -23.259644160363962 ], [ -46.913624113231947, -23.259648372721937 ], [ -46.913621893849609, -23.25965261286926 ], [ -46.913621954002906, -23.259656825227236 ], [ -46.913622014156218, -23.259661037585207 ], [ -46.913622074309544, -23.259665249943165 ], [ -46.913623356167029, -23.259667542564028 ], [ -46.913578495932946, -23.259702122327809 ], [ -46.913553000262596, -23.25973190813572 ], [ -46.913511814949352, -23.259771745119501 ], [ -46.913491222292627, -23.259815259364249 ], [ -46.91344778, -23.25986222 ], [ -46.91409444, -23.26016639 ], [ -46.91426944, -23.26025083 ], [ -46.91444333, -23.26034722 ], [ -46.91459528, -23.26043361 ], [ -46.91473972, -23.26049333 ], [ -46.91489306, -23.26054361 ], [ -46.914981958831802, -23.260513347399371 ], [ -46.915082728699645, -23.260503083801716 ], [ -46.91514710944854, -23.260494686312736 ], [ -46.91521382283328, -23.260501684220227 ], [ -46.915288467179828, -23.26050774907338 ], [ -46.915364511107882, -23.260496085894232 ], [ -46.915452684742242, -23.260511947817875 ], [ -46.915549722392761, -23.260512880872202 ], [ -46.9156710194559, -23.260491420622579 ], [ -46.915721404389821, -23.260455031503639 ], [ -46.915776454595402, -23.260448500123299 ], [ -46.915834303963976, -23.260476491753266 ], [ -46.915883755843566, -23.260493286731236 ], [ -46.915936006886156, -23.26050541643756 ], [ -46.916020914830362, -23.260481157024916 ], [ -46.916131015241525, -23.260428905982341 ], [ -46.916233651218036, -23.260380387157088 ], [ -46.916372676313486, -23.260308541973522 ], [ -46.916504236974269, -23.260272152854579 ], [ -46.916614337385433, -23.260249759550611 ], [ -46.916706709764284, -23.260227366246649 ], [ -46.916801881306149, -23.260246027333285 ], [ -46.916929709749603, -23.260249759550614 ], [ -46.917062203464731, -23.260246960387619 ], [ -46.917173236930239, -23.26022456708365 ], [ -46.917239950314965, -23.260216169594649 ], [ -46.917318326878842, -23.260201240725348 ], [ -46.917420029801022, -23.260244161224612 ], [ -46.917520799668864, -23.260307608919188 ], [ -46.917675686687957, -23.260413977113018 ], [ -46.917927701318256, -23.260525597979999 ], [ -46.917931425805236, -23.260527247603726 ], [ -46.917934022662543, -23.260528397785528 ], [ -46.918207527657131, -23.260593123544737 ], [ -46.918453854000745, -23.260604320196723 ], [ -46.918677787040394, -23.260553935262806 ], [ -46.918890523428061, -23.260494219785567 ], [ -46.919073402077117, -23.260455031503614 ], [ -46.919166978752813, -23.260500692403053 ], [ -46.919371979463321, -23.260496085894228 ], [ -46.919623204342159, -23.260426106819327 ], [ -46.919720941783446, -23.260382253265725 ], [ -46.919817979433965, -23.260324403897158 ], [ -46.920013920843658, -23.260203106834012 ], [ -46.920266078832313, -23.260108868353818 ], [ -46.920410468934712, -23.260035623581437 ], [ -46.920523835036036, -23.259963778397879 ], [ -46.920663793185817, -23.259855544095391 ], [ -46.920772727279015, -23.25980282652564 ], [ -46.920864166603536, -23.259711387201111 ], [ -46.920907087102805, -23.259659136158536 ], [ -46.920966234098884, -23.259623306385802 ], [ -46.920978001331278, -23.259587514387245 ], [ -46.920971137112382, -23.259550741786001 ], [ -46.920969666208329, -23.259520833403652 ], [ -46.920956428071889, -23.259500731048302 ], [ -46.920966234098877, -23.259464448748403 ], [ -46.920992710371777, -23.259455623324111 ], [ -46.921017715740625, -23.259450230009257 ], [ -46.921035336956081, -23.259428488410101 ], [ -46.921026050863574, -23.259405612586416 ], [ -46.921011832124428, -23.259382078121611 ], [ -46.921003497001486, -23.259354621246018 ], [ -46.921020167247384, -23.259332067383916 ], [ -46.92104811442433, -23.259305591111012 ], [ -46.921064784670229, -23.259275192427317 ], [ -46.921075080998577, -23.259257541578716 ], [ -46.921088319135031, -23.259242832538217 ], [ -46.921102537874184, -23.259220278676125 ], [ -46.921111853599832, -23.25919674421133 ], [ -46.921112909341325, -23.259178927090908 ], [ -46.921099596066085, -23.259126631118278 ], [ -46.921090770641783, -23.259087407010288 ], [ -46.921084887025586, -23.259044260491493 ], [ -46.921112343901186, -23.2589893467403 ], [ -46.92113367200993, -23.258828527897503 ], [ -46.921152548611872, -23.258764788721994 ], [ -46.921144703790276, -23.258685359903303 ], [ -46.921129749599132, -23.258589260838718 ], [ -46.921208442965771, -23.258584357825221 ], [ -46.921266298525069, -23.258602008673812 ], [ -46.921315328660064, -23.258621620727816 ], [ -46.921383970849057, -23.258613775906213 ], [ -46.921417311340853, -23.258587299633323 ], [ -46.921431039778653, -23.258539250101016 ], [ -46.921431039778653, -23.258476491528221 ], [ -46.921425444218684, -23.25839823305818 ], [ -46.92141093742331, -23.258388727586574 ], [ -46.921386912657162, -23.258390198490623 ], [ -46.921393776876066, -23.258345090766433 ], [ -46.921416330738154, -23.258313711480042 ], [ -46.921429078573262, -23.258296060631427 ], [ -46.921435452490812, -23.258255365619391 ], [ -46.921420743450312, -23.258221534826241 ], [ -46.921391325369314, -23.258207806388448 ], [ -46.921386912657162, -23.258178388307442 ], [ -46.921398679889563, -23.258136222391347 ], [ -46.921421724053012, -23.258094546776594 ], [ -46.921427607669209, -23.258063167490203 ], [ -46.921402602300361, -23.25803423971055 ], [ -46.921408485916558, -23.258007273136307 ], [ -46.92142564646381, -23.258000408917407 ], [ -46.921462909366404, -23.257997467109305 ], [ -46.92150425217141, -23.257963270436203 ], [ -46.921537925472954, -23.257951378782412 ], [ -46.92158597500525, -23.257936669741909 ], [ -46.921643830564548, -23.25790136804472 ], [ -46.921679132261744, -23.257881755990713 ], [ -46.921690409192784, -23.257877465853902 ], [ -46.921695557356962, -23.257869498456966 ], [ -46.921694086452909, -23.257860550457334 ], [ -46.921687957686039, -23.257857240923219 ], [ -46.921683299823208, -23.257846331718177 ], [ -46.921685261028614, -23.257834564485776 ], [ -46.921690776918794, -23.257823900431422 ], [ -46.921701073247149, -23.257815320157796 ], [ -46.921712717904207, -23.257811642897675 ], [ -46.921734291163602, -23.257797914459875 ], [ -46.921752922614907, -23.257795953254472 ], [ -46.921777437682401, -23.257784676323421 ], [ -46.921800972147203, -23.257765554570767 ], [ -46.92182695811875, -23.257748394023526 ], [ -46.921844608967348, -23.257718485641181 ], [ -46.921897561513155, -23.257692989970977 ], [ -46.921930902004952, -23.257659649479184 ], [ -46.921985815756145, -23.257620425371179 ], [ -46.92203484589114, -23.257604735727984 ], [ -46.922070147588343, -23.257581201263193 ], [ -46.922074069999141, -23.257567963126739 ], [ -46.922064263972139, -23.257555705592992 ], [ -46.92204857432894, -23.257539525648433 ], [ -46.922017195042542, -23.257534132333593 ], [ -46.921974538825097, -23.257537564443044 ], [ -46.921937275922502, -23.25753168082684 ], [ -46.921897561513155, -23.25753952564844 ], [ -46.921849511980859, -23.257551292880837 ], [ -46.921823526009305, -23.257555215291635 ], [ -46.921799501243157, -23.257551783182187 ], [ -46.921778418285115, -23.25753462263495 ], [ -46.921757825628418, -23.257536093538992 ], [ -46.921737232971722, -23.257546389867343 ], [ -46.921692125247525, -23.257583652769942 ], [ -46.921665403823951, -23.257615522357685 ], [ -46.921633043934854, -23.257643469534646 ], [ -46.921596271333605, -23.257661120383233 ], [ -46.92156734355396, -23.257664062191328 ], [ -46.92154086728106, -23.257648372548136 ], [ -46.921516842514912, -23.257624838083338 ], [ -46.921481540817716, -23.257613070850944 ], [ -46.921434962189473, -23.257607187234736 ], [ -46.921385441753124, -23.257617483563088 ], [ -46.921333960111376, -23.257626799288733 ], [ -46.92127855605883, -23.257631212000884 ], [ -46.921236880444084, -23.257610129042842 ], [ -46.921200598144189, -23.257579240057787 ], [ -46.921155672815537, -23.257541802289399 ], [ -46.921135878366002, -23.257528984169419 ], [ -46.921109402093101, -23.25752702296402 ], [ -46.921079984012103, -23.257540015949804 ], [ -46.921045172616253, -23.257550557428814 ], [ -46.921019186644706, -23.257546635018024 ], [ -46.921000800344089, -23.257527268114689 ], [ -46.920986581604943, -23.257506675458 ], [ -46.920969175907018, -23.257489024609399 ], [ -46.920955971245967, -23.257487191492316 ], [ -46.920943128647799, -23.257485408636938 ], [ -46.920930932401724, -23.257481608801484 ], [ -46.920927806730617, -23.257474989733257 ], [ -46.920921984402085, -23.257471128610128 ], [ -46.920914017005146, -23.257471373760804 ], [ -46.920902311060409, -23.257445816802942 ], [ -46.920897898348258, -23.257418359927339 ], [ -46.92090868497796, -23.257390903051736 ], [ -46.920909665580659, -23.257340892314048 ], [ -46.920911136484719, -23.257312454835745 ], [ -46.920902249772745, -23.257287020453216 ], [ -46.920902065909743, -23.257249451112273 ], [ -46.920897653197592, -23.257209736702926 ], [ -46.920887356869244, -23.257178847717874 ], [ -46.920874854184824, -23.257161196869284 ], [ -46.9208554872815, -23.257154332650384 ], [ -46.920840042788974, -23.257158009910505 ], [ -46.920828275556111, -23.257133127117083 ], [ -46.920809398954589, -23.257118601939506 ], [ -46.920791993256664, -23.257111982871272 ], [ -46.920778019668198, -23.257113331199996 ], [ -46.920765516983771, -23.257120808295571 ], [ -46.920752033696644, -23.2571450782124 ], [ -46.92074516947774, -23.257158806650203 ], [ -46.920732129233151, -23.257185145362044 ], [ -46.920714525643362, -23.257199256511555 ], [ -46.920695403890718, -23.257201953168991 ], [ -46.920681675452919, -23.25721126889464 ], [ -46.920669172768491, -23.257221565222984 ], [ -46.920657405536097, -23.257239216071589 ], [ -46.920646128605043, -23.25724485453711 ], [ -46.920630193811171, -23.257248531797231 ], [ -46.920625537958223, -23.257274715813402 ], [ -46.920630669757053, -23.257302707443365 ], [ -46.920642799463366, -23.25734562794263 ], [ -46.9206218057409, -23.257374552626914 ], [ -46.920588682312115, -23.25739414676789 ], [ -46.920518236710059, -23.257409075637199 ], [ -46.920464119558815, -23.257442665593153 ], [ -46.920476249265135, -23.257527573537356 ], [ -46.920437060983197, -23.257572360145293 ], [ -46.920390408266606, -23.257570494036624 ], [ -46.92036241663665, -23.257559297384635 ], [ -46.920304567268069, -23.257576092362608 ], [ -46.920267245094792, -23.257555565167308 ], [ -46.920233655138844, -23.257531305754679 ], [ -46.920196332965574, -23.257553699058651 ], [ -46.920207529617556, -23.257633941731193 ], [ -46.920170207444279, -23.257682460556445 ], [ -46.920088098663065, -23.257824284814888 ], [ -46.920027450131492, -23.257870004477148 ], [ -46.919995726284206, -23.257917590248077 ], [ -46.919946853102637, -23.257981054553419 ], [ -46.919876295329729, -23.258028623713578 ], [ -46.91984949665536, -23.258069253961811 ], [ -46.919796985711514, -23.258097669734131 ], [ -46.91976704527012, -23.258155509223183 ], [ -46.91972234136496, -23.258175113243681 ], [ -46.919708345549985, -23.25820403792796 ], [ -46.919720475256298, -23.258246958427229 ], [ -46.919710211658646, -23.258300142524146 ], [ -46.919682354816366, -23.258347987596864 ], [ -46.919691550572004, -23.258400912391995 ], [ -46.919646763964089, -23.25841677431562 ], [ -46.919605709573482, -23.258461560923553 ], [ -46.919568387400204, -23.258522209455133 ], [ -46.919548793259239, -23.258580058823703 ], [ -46.919532931335596, -23.258646305681278 ], [ -46.91952009907407, -23.258661369645402 ], [ -46.919490010836327, -23.258696690615192 ], [ -46.919468249099211, -23.258740214097241 ], [ -46.919456420880365, -23.258763870527094 ], [ -46.919412567326773, -23.258835715710646 ], [ -46.919357517121192, -23.258857175960284 ], [ -46.919323927165252, -23.258898230350884 ], [ -46.919310864404586, -23.25897007553445 ], [ -46.919296452285373, -23.259001402198713 ], [ -46.91926514474234, -23.259013929088052 ], [ -46.919248111521448, -23.25906047056484 ], [ -46.919263278633679, -23.259095104814929 ], [ -46.919250215873028, -23.259158552509486 ], [ -46.9191970317761, -23.259204272171747 ], [ -46.91914757989651, -23.259248125725343 ], [ -46.91909906107125, -23.259292912333279 ], [ -46.919028148942026, -23.259315305637237 ], [ -46.918890056900906, -23.259412343287757 ], [ -46.918778090381089, -23.259481389308316 ], [ -46.918604542275354, -23.259477657090997 ], [ -46.918514969059494, -23.259453397678371 ], [ -46.918406734756992, -23.259460862113027 ], [ -46.918375010909713, -23.259432870483064 ], [ -46.918333023464776, -23.259425406048404 ], [ -46.918255579955229, -23.259466460439011 ], [ -46.918093391407069, -23.259454588726108 ], [ -46.918065236871534, -23.259439401863371 ], [ -46.918012052774614, -23.259458062950014 ], [ -46.917933676210737, -23.259472058765002 ], [ -46.917868362407503, -23.259463661276008 ], [ -46.91782217621806, -23.259434736591707 ], [ -46.917783920990473, -23.259425406048404 ], [ -46.917730736893553, -23.259439168599791 ], [ -46.91770647748092, -23.259479289936063 ], [ -46.917671021416311, -23.259517545163678 ], [ -46.917615038156399, -23.259518478218006 ], [ -46.917583314309113, -23.259479289936063 ], [ -46.917555322679156, -23.259451298306104 ], [ -46.917522199250378, -23.259437769018298 ], [ -46.917492574775338, -23.259457129895679 ], [ -46.917457118710729, -23.259474857927991 ], [ -46.917403001559485, -23.259508447883942 ], [ -46.917313428343626, -23.259503782612285 ], [ -46.917248114540406, -23.259544837002885 ], [ -46.917153876052879, -23.259549502274545 ], [ -46.917096026684305, -23.259577493904505 ], [ -46.917034445098402, -23.259599887208466 ], [ -46.916995256816456, -23.259589623610822 ], [ -46.916963532969177, -23.259586824447819 ], [ -46.916946737991196, -23.259600353735639 ], [ -46.916928776695308, -23.259616215659275 ], [ -46.916899385483866, -23.259665201011707 ], [ -46.916825207664481, -23.259709987619633 ], [ -46.916751962899426, -23.25972211732595 ], [ -46.916663789265051, -23.259727715651934 ], [ -46.916573282994854, -23.259731447869257 ], [ -46.916518640615308, -23.25975236414213 ], [ -46.916498638648306, -23.2597776340587 ], [ -46.916454785094707, -23.259773435314205 ], [ -46.916408072573184, -23.259791776426951 ], [ -46.916365211878848, -23.259821021085116 ], [ -46.916356814389857, -23.259852744932417 ], [ -46.916291500586638, -23.259859742839907 ], [ -46.916254644940523, -23.25987700434505 ], [ -46.916213590549923, -23.259915259572654 ], [ -46.916182799756967, -23.259939985512453 ], [ -46.916138946203368, -23.259960512707753 ], [ -46.916089027796616, -23.259973575468393 ], [ -46.91603980918061, -23.259978474003645 ], [ -46.916009951441985, -23.259957480281166 ], [ -46.915991990146097, -23.259936719822289 ], [ -46.915957233872234, -23.259928555596883 ], [ -46.915904049775314, -23.259925289906725 ], [ -46.915870459819367, -23.25995281500952 ], [ -46.915825673211437, -23.259967743878814 ], [ -46.915718838490427, -23.259983605802464 ], [ -46.915572815487486, -23.259993402872947 ], [ -46.915446936708754, -23.259987278336094 ], [ -46.915394135582922, -23.26000553257926 ], [ -46.915338618850171, -23.260003199943437 ], [ -46.915316225546206, -23.259981739693799 ], [ -46.915278903372929, -23.259970076514644 ], [ -46.915253011115219, -23.259978474003638 ], [ -46.915224552958101, -23.259997135090273 ], [ -46.915155040410369, -23.260002733416272 ], [ -46.915089726607135, -23.260008331742259 ], [ -46.915027211966901, -23.260004599524944 ], [ -46.914974027869981, -23.259972875677644 ], [ -46.914918977664399, -23.259972875677644 ], [ -46.914876990219469, -23.259945817102029 ], [ -46.914810276834736, -23.2599392857217 ], [ -46.914752194202578, -23.259922724007307 ], [ -46.914702042532241, -23.259911060828163 ], [ -46.914648391908159, -23.259914793045482 ], [ -46.914589142958079, -23.259876071290709 ], [ -46.914527328108584, -23.259846913342837 ], [ -46.914487673299476, -23.259810290960313 ], [ -46.91445734903369, -23.259768536778964 ], [ -46.914442186900835, -23.259768070251795 ], [ -46.914409996526381, -23.259754540963989 ], [ -46.914354013266468, -23.259727948915526 ], [ -46.914334885652664, -23.259706488665881 ], [ -46.914306427495539, -23.259695292013905 ], [ -46.914264906577777, -23.259665900802446 ], [ -46.914238314529321, -23.259630911264995 ], [ -46.914219236004712, -23.259600199493704 ], [ -46.914219186915517, -23.259600120472044 ], [ -46.914219129046963, -23.259600089085712 ], [ -46.91419166181273, -23.259585191602735 ], [ -46.914163670182774, -23.259559532608609 ], [ -46.91415018730698, -23.259528923375864 ], [ -46.914147537537211, -23.259526825641466 ], [ -46.914149031201468, -23.259526112686039 ], [ -46.914148971031977, -23.259521900329307 ], [ -46.914148910862515, -23.259517687972572 ] ] ], [ [ [ -46.913674840148218, -23.257220462044977 ], [ -46.913674762200081, -23.257220454760105 ], [ -46.913674770659632, -23.257221047210439 ], [ -46.913674840148218, -23.257220462044977 ] ] ], [ [ [ -46.92322028, -23.256567499999989 ], [ -46.92294028, -23.2565775 ], [ -46.92289639, -23.25658264 ], [ -46.92294028, -23.2565775 ], [ -46.92322028, -23.2565675 ], [ -46.92371333, -23.25658611 ], [ -46.92322028, -23.256567499999989 ] ] ], [ [ [ -46.92471472, -23.25647306 ], [ -46.92521861, -23.25639861 ], [ -46.925296203333332, -23.25603583 ], [ -46.92521861, -23.25639861 ], [ -46.92471472, -23.25647306 ] ] ], [ [ [ -46.912682950083479, -23.259133239724314 ], [ -46.912682889961197, -23.259129027363755 ], [ -46.912682829838928, -23.25912481500319 ], [ -46.912682769716682, -23.259120602642614 ], [ -46.912682709594449, -23.259116390282038 ], [ -46.912684928999987, -23.259112150146354 ], [ -46.912684868877712, -23.259107937785785 ], [ -46.912684808755444, -23.259103725425206 ], [ -46.91268474863319, -23.259099513064623 ], [ -46.91268468851095, -23.25909530070404 ], [ -46.912684598327623, -23.259088982163167 ], [ -46.912684538205419, -23.25908476980258 ], [ -46.912686757610452, -23.259080529666889 ], [ -46.912686697488205, -23.259076317306302 ], [ -46.912686637365972, -23.259072104945712 ], [ -46.912688856770757, -23.25906786481 ], [ -46.912691076175413, -23.259063624674251 ], [ -46.912691016053088, -23.259059412313679 ], [ -46.912690955930771, -23.259055199953089 ], [ -46.912695484923105, -23.259053038222415 ], [ -46.912697704327329, -23.259048798086617 ], [ -46.912699923731431, -23.259044557950773 ], [ -46.912699863608871, -23.259040345590204 ], [ -46.912704392600567, -23.259038183859328 ], [ -46.912706612004293, -23.259033943723413 ], [ -46.912708831407883, -23.259029703587487 ], [ -46.912708771285089, -23.259025491226915 ], [ -46.912708711162317, -23.259021278866356 ], [ -46.912708651039551, -23.259017066505795 ], [ -46.912708590916793, -23.259012854145226 ], [ -46.912708530794063, -23.259008641784646 ], [ -46.91270847067134, -23.259004429424092 ], [ -46.912708410548632, -23.259000217063516 ], [ -46.912706070900185, -23.258996032478276 ], [ -46.912706010777569, -23.258991820117689 ], [ -46.912705950654974, -23.258987607757092 ], [ -46.912705890532393, -23.258983395396506 ], [ -46.912708109935302, -23.258979155260604 ], [ -46.912708049812672, -23.258974942900025 ], [ -46.912707989690063, -23.258970730539442 ], [ -46.912707929567475, -23.258966518178838 ], [ -46.912712458556612, -23.258964356447887 ], [ -46.912712398433889, -23.2589601440873 ], [ -46.912716927422736, -23.258957982356222 ], [ -46.912716867299899, -23.258953769995642 ], [ -46.912721426349947, -23.258953714444736 ], [ -46.912721366226975, -23.258949502084175 ], [ -46.912721306104025, -23.258945289723602 ], [ -46.912725865153767, -23.258945234172579 ], [ -46.912725774969147, -23.258938915631745 ], [ -46.912725714846083, -23.258934703271176 ], [ -46.912727934247656, -23.258930463135076 ], [ -46.912727874124549, -23.258926250774508 ], [ -46.912727814001457, -23.258922038413946 ], [ -46.912725474353977, -23.258917853828901 ], [ -46.912725414230984, -23.258913641468318 ], [ -46.912723074583738, -23.258909456883202 ], [ -46.912723014460845, -23.258905244522637 ], [ -46.91271842535108, -23.258903193893161 ], [ -46.912716085704261, -23.258899009307921 ], [ -46.912713746057591, -23.258894824722642 ], [ -46.91270915694831, -23.258892774092871 ], [ -46.912706817301981, -23.258888589507453 ], [ -46.912702228193012, -23.258886538877469 ], [ -46.912697669145203, -23.258886594427672 ], [ -46.912697609023176, -23.258882382067007 ], [ -46.912693049975488, -23.258882437617057 ], [ -46.912690710329841, -23.258878253031352 ], [ -46.912688370684357, -23.258874068445607 ], [ -46.912683811636924, -23.258874123995373 ], [ -46.912683751515374, -23.258869911634662 ], [ -46.912679192468076, -23.258869967184289 ], [ -46.91267685282309, -23.258865782598324 ], [ -46.912676792701774, -23.258861570237599 ], [ -46.912676732580479, -23.258857357876867 ], [ -46.912674362875215, -23.258851067110481 ], [ -46.912672023230762, -23.258846882524409 ], [ -46.912671963109652, -23.258842670163663 ], [ -46.912669623465426, -23.258838485577527 ], [ -46.912669563344423, -23.25883427321677 ], [ -46.912667223700431, -23.258830088630582 ], [ -46.912662634594064, -23.258828037999255 ], [ -46.912660294950413, -23.258823853412935 ], [ -46.912660234829744, -23.258819641052142 ], [ -46.912660174709082, -23.25881542869136 ], [ -46.912655615663581, -23.258815484240166 ], [ -46.912653276020386, -23.258811299653718 ], [ -46.912650936377354, -23.258807115067231 ], [ -46.912648596734478, -23.25880293048068 ], [ -46.912644007629311, -23.25880087984871 ], [ -46.912641667986762, -23.258796695262038 ], [ -46.912637078881907, -23.258794644629837 ], [ -46.91263251983704, -23.25879470017793 ], [ -46.912630180194959, -23.258790515591063 ], [ -46.912625621150227, -23.258790571138949 ], [ -46.912623281508431, -23.258786386551947 ], [ -46.912618722463812, -23.258786442099627 ], [ -46.912618662344556, -23.258782229738713 ], [ -46.912614103300065, -23.258782285286248 ], [ -46.912611763658788, -23.258778100699036 ], [ -46.912607174554985, -23.25877605006589 ], [ -46.91260258545131, -23.258773999432595 ], [ -46.912602525332595, -23.258769787071646 ], [ -46.912597966288487, -23.25876984261869 ], [ -46.912595626647942, -23.258765658031177 ], [ -46.912595566529468, -23.258761445670196 ], [ -46.912591007485624, -23.258761501217016 ], [ -46.912586418382681, -23.258759450583199 ], [ -46.912581859338879, -23.258759506129753 ], [ -46.91258179922086, -23.258755293768733 ], [ -46.912577240177185, -23.258755349315138 ], [ -46.912572681133497, -23.258755404861411 ], [ -46.912568122089802, -23.258755460407546 ], [ -46.912563563046092, -23.258755515953556 ], [ -46.912559004002361, -23.258755571499432 ], [ -46.912554444958616, -23.258755627045176 ], [ -46.912549915973372, -23.258757788771327 ], [ -46.912545386987972, -23.258759950497371 ], [ -46.912540858002416, -23.258762112223284 ], [ -46.912536298958408, -23.25876216776852 ], [ -46.912531769972617, -23.258764329494184 ], [ -46.912527210928502, -23.258764385039161 ], [ -46.912522712000566, -23.258768652945147 ], [ -46.912518152956288, -23.258768708489868 ], [ -46.912513623969943, -23.258770870215052 ], [ -46.912509064925565, -23.25877092575951 ], [ -46.912504535938986, -23.258773087484442 ], [ -46.912502316532319, -23.258777327617757 ], [ -46.912497757487685, -23.258777383161902 ], [ -46.912495538080741, -23.258781623295153 ], [ -46.912490979035944, -23.258781678839096 ], [ -46.912486419991126, -23.258781734382925 ], [ -46.912481860946308, -23.258781789926616 ], [ -46.912477301901468, -23.258781845470182 ], [ -46.912472742856615, -23.258781901013624 ], [ -46.912468183811747, -23.258781956556909 ], [ -46.912465964403765, -23.25878619668979 ], [ -46.912459155893337, -23.258788386185067 ], [ -46.912454626905273, -23.258790547908642 ], [ -46.912450067860064, -23.258790603451434 ], [ -46.912449449969309, -23.258791783918468 ], [ -46.912435603486188, -23.258769078858826 ], [ -46.912408146610588, -23.25875535042103 ], [ -46.912399821752565, -23.258726490913222 ], [ -46.912401236086708, -23.258723788859403 ], [ -46.912403455495927, -23.258719548727324 ], [ -46.912403365327478, -23.258713230185119 ], [ -46.912403275159065, -23.258706911642896 ], [ -46.912403215046801, -23.258702699281415 ], [ -46.912403154934566, -23.258698486919926 ], [ -46.912403094822331, -23.258694274558422 ], [ -46.91240303471011, -23.258690062196951 ], [ -46.912405254118802, -23.258685822064869 ], [ -46.912405194006539, -23.25868160970338 ], [ -46.912405133894289, -23.258677397341877 ], [ -46.912407353302726, -23.258673157209792 ], [ -46.912409572711034, -23.258668917077671 ], [ -46.912411792119208, -23.258664676945543 ], [ -46.912411732006802, -23.258660464584043 ], [ -46.912413951414784, -23.25865622445189 ], [ -46.912413891302336, -23.258652012090394 ], [ -46.912416110710126, -23.258647771958231 ], [ -46.912416050597635, -23.258643559596742 ], [ -46.912420609637934, -23.258643504055268 ], [ -46.912420519469016, -23.258637185513056 ], [ -46.912420459356412, -23.258632973151581 ], [ -46.912420399243828, -23.258628760790092 ], [ -46.912422618651078, -23.25862452065784 ], [ -46.912422528482139, -23.258618202115617 ], [ -46.912422468369527, -23.258613989754135 ], [ -46.912426997352441, -23.258611828031807 ], [ -46.912426937239708, -23.258607615670325 ], [ -46.91242687712699, -23.258603403308836 ], [ -46.912429096533678, -23.258599163176545 ], [ -46.91242903642091, -23.258594950815056 ], [ -46.912431255827407, -23.258590710682732 ], [ -46.912431195714603, -23.25858649832125 ], [ -46.912433415120908, -23.258582258188898 ], [ -46.912435634527078, -23.258578018056532 ], [ -46.912437853933106, -23.258573777924124 ], [ -46.912437793820146, -23.258569565562659 ], [ -46.9124377337072, -23.258565353201178 ], [ -46.912437673594269, -23.258561140839699 ], [ -46.912439893, -23.258556900707283 ], [ -46.912439832887024, -23.258552688345823 ], [ -46.912442052292562, -23.258548448213382 ], [ -46.912441992179545, -23.258544235851904 ], [ -46.912444211584898, -23.258539995719449 ], [ -46.912444151471831, -23.258535783357981 ], [ -46.912444091358786, -23.258531570996507 ], [ -46.912444031245748, -23.258527358635014 ], [ -46.912443971132731, -23.258523146273539 ], [ -46.912443911019722, -23.258518933912065 ], [ -46.912446130424655, -23.258514693779585 ], [ -46.912446070311603, -23.258510481418117 ], [ -46.912446010198565, -23.258506269056628 ], [ -46.912445950085541, -23.258502056695125 ], [ -46.912445889972531, -23.258497844333636 ], [ -46.912445829859536, -23.258493631972161 ], [ -46.912445769746562, -23.258489419610662 ], [ -46.912445709633595, -23.258485207249169 ], [ -46.912445619464172, -23.258478888706929 ], [ -46.912447838868481, -23.25847464857446 ], [ -46.912450058272661, -23.258470408441983 ], [ -46.912449998159609, -23.25846619608047 ], [ -46.91245455719379, -23.258466140538406 ], [ -46.912454467024034, -23.25845982199618 ], [ -46.912456686427781, -23.258455581863611 ], [ -46.9124589058314, -23.258451341731039 ], [ -46.912461125234884, -23.258447101598438 ], [ -46.91246334463824, -23.258442861465813 ], [ -46.912467843558062, -23.258438593561948 ], [ -46.912472312420775, -23.258432219477243 ], [ -46.912474531823548, -23.258427979344471 ], [ -46.912476751226194, -23.258423739211711 ], [ -46.912481250144964, -23.258419471307519 ], [ -46.91248119003108, -23.258415258946066 ], [ -46.912485719006447, -23.258413097222508 ], [ -46.912487938408511, -23.258408857089591 ], [ -46.912490127753387, -23.258402510775948 ], [ -46.912490067639276, -23.258398298414519 ], [ -46.912494626671041, -23.258398242871454 ], [ -46.912496846072607, -23.258394002738438 ], [ -46.912499065474037, -23.258389762605418 ], [ -46.912499005359685, -23.258385550243993 ], [ -46.912503504276508, -23.258381282339275 ], [ -46.912503444162034, -23.258377069977872 ], [ -46.912507943078445, -23.258372802073058 ], [ -46.912507882963865, -23.258368589711647 ], [ -46.912507822849292, -23.258364377350244 ], [ -46.912507732677469, -23.258358058808135 ], [ -46.912512261650477, -23.258355897083927 ], [ -46.912512201535804, -23.258351684722523 ], [ -46.912514420936141, -23.258347444589333 ], [ -46.912516640336342, -23.258343204456111 ], [ -46.91251658022157, -23.258338992094718 ], [ -46.91251879962158, -23.258334751961488 ], [ -46.912521019021462, -23.258330511828223 ], [ -46.912523238421208, -23.258326271694948 ], [ -46.912523178306273, -23.258322059333551 ], [ -46.912523118191359, -23.258317846972162 ], [ -46.912523058076459, -23.258313634610758 ], [ -46.912522997961581, -23.258309422249344 ], [ -46.912522937846703, -23.258305209887958 ], [ -46.912522847674424, -23.258298891345849 ], [ -46.912522787559588, -23.258294678984434 ], [ -46.91252272744476, -23.258290466623031 ], [ -46.912522667329952, -23.258286254261616 ], [ -46.912522607215159, -23.258282041900205 ], [ -46.91252254710038, -23.258277829538784 ], [ -46.912522486985608, -23.258273617177359 ], [ -46.912522426870858, -23.25826940481593 ], [ -46.912522366756114, -23.25826519245453 ], [ -46.912522306641392, -23.258260980093088 ], [ -46.912522246526684, -23.258256767731655 ], [ -46.912524435867965, -23.258250421417678 ], [ -46.912524375753215, -23.258246209056257 ], [ -46.912524285581128, -23.258239890514094 ], [ -46.912524225466413, -23.258235678152666 ], [ -46.912524165351712, -23.258231465791223 ], [ -46.91252638474996, -23.258227225657969 ], [ -46.912526324635216, -23.258223013296529 ], [ -46.912528513975879, -23.258216666982531 ], [ -46.912530733373771, -23.258212426849209 ], [ -46.912532952771535, -23.258208186715887 ], [ -46.912532892656643, -23.258203974354462 ], [ -46.912532832541764, -23.258199761993016 ], [ -46.912532772426893, -23.258195549631587 ], [ -46.912534991824351, -23.25819130949823 ], [ -46.912534931709445, -23.258187097136801 ], [ -46.912534871594552, -23.258182884775355 ], [ -46.912539400561357, -23.258180723050767 ], [ -46.912539340446337, -23.258176510689324 ], [ -46.912541559843312, -23.258172270555917 ], [ -46.912541499728256, -23.258168058194485 ], [ -46.912541439613207, -23.25816384583305 ], [ -46.912545938521681, -23.2581595779276 ], [ -46.912548157918195, -23.258155337794104 ], [ -46.912550347256946, -23.258148991479899 ], [ -46.912550287141677, -23.258144779118471 ], [ -46.912552506537843, -23.258140538984939 ], [ -46.912557035502942, -23.258138377259943 ], [ -46.912556975387496, -23.258134164898525 ], [ -46.912556915272063, -23.258129952537114 ], [ -46.912559104610061, -23.258123606222817 ], [ -46.912561324005637, -23.258119366089179 ], [ -46.912563543401085, -23.258115125955545 ], [ -46.912568042307292, -23.258110858049587 ], [ -46.912567982191582, -23.258106645688194 ], [ -46.912570201586625, -23.258102405554467 ], [ -46.912570141470866, -23.258098193193085 ], [ -46.912572360865724, -23.258093953059337 ], [ -46.912574580260454, -23.258089712925575 ], [ -46.912576799655049, -23.258085472791791 ], [ -46.912576739539126, -23.258081260430405 ], [ -46.912576679423232, -23.258077048069005 ], [ -46.912581208385816, -23.258074886343458 ], [ -46.912581148269794, -23.258070673982065 ], [ -46.912581088153786, -23.258066461620675 ], [ -46.912581028037792, -23.2580622492593 ], [ -46.912580967921805, -23.258058036897889 ], [ -46.91258090780584, -23.258053824536503 ], [ -46.912580847689888, -23.2580496121751 ], [ -46.912580787573944, -23.258045399813707 ], [ -46.912580697400067, -23.258039081271608 ], [ -46.912580637284158, -23.258034868910197 ], [ -46.912580577168264, -23.258030656548797 ], [ -46.91258051705239, -23.258026444187383 ], [ -46.912580456936531, -23.258022231825962 ], [ -46.91258039682068, -23.258018019464551 ], [ -46.912580336704849, -23.258013807103133 ], [ -46.912580276589033, -23.258009594741715 ], [ -46.912580216473216, -23.258005382380297 ], [ -46.912580156357429, -23.258001170018872 ], [ -46.912580096241648, -23.25799695765744 ], [ -46.912577756617019, -23.257992773068349 ], [ -46.912577696501344, -23.257988560706913 ], [ -46.91257535687695, -23.257984376117765 ], [ -46.912575296761368, -23.257980163756311 ], [ -46.912575236645807, -23.257975951394872 ], [ -46.912575176530254, -23.257971739033415 ], [ -46.912572836906264, -23.2579675544442 ], [ -46.912570497282438, -23.257963369854934 ], [ -46.912570437167076, -23.25795915749346 ], [ -46.912570377051722, -23.257954945131985 ], [ -46.912565787977641, -23.25795289449551 ], [ -46.912565697804865, -23.257946575953287 ], [ -46.912565637689696, -23.257942363591795 ], [ -46.912565577574547, -23.257938151230288 ], [ -46.912563237951524, -23.257933966640859 ], [ -46.912563177836468, -23.257929754279349 ], [ -46.912563117721433, -23.257925541917853 ], [ -46.912560778098729, -23.25792135732835 ], [ -46.912560717983794, -23.257917144966818 ], [ -46.912560657868866, -23.257912932605311 ], [ -46.912562877261422, -23.257908692471783 ], [ -46.912562817146451, -23.25790448011028 ], [ -46.912562757031502, -23.257900267748749 ], [ -46.912562696916559, -23.257896055387224 ], [ -46.912562636801638, -23.257891843025703 ], [ -46.912562576686724, -23.257887630664182 ], [ -46.912562516571832, -23.257883418302651 ], [ -46.912562456456939, -23.257879205941109 ], [ -46.912562396342075, -23.257874993579573 ], [ -46.912562336227225, -23.257870781218031 ], [ -46.912562276112375, -23.257866568856503 ], [ -46.912562215997553, -23.257862356494957 ], [ -46.912562155882739, -23.257858144133408 ], [ -46.912564375274464, -23.257853903999909 ], [ -46.912564315159614, -23.257849691638359 ], [ -46.912564255044771, -23.257845479276821 ], [ -46.912564194929942, -23.257841266915271 ], [ -46.912564134815135, -23.257837054553715 ], [ -46.912564074700327, -23.257832842192151 ], [ -46.912564014585541, -23.257828629830591 ], [ -46.91256395447077, -23.257824417469042 ], [ -46.912561614850055, -23.257820232879389 ], [ -46.912561554735383, -23.257816020517822 ], [ -46.912561494620725, -23.257811808156248 ], [ -46.912561434506081, -23.25780759579467 ], [ -46.912559094885772, -23.25780341120495 ], [ -46.912559034771228, -23.257799198843355 ], [ -46.912558974656704, -23.257794986481777 ], [ -46.912558914542181, -23.257790774120181 ], [ -46.912558854427687, -23.257786561758586 ], [ -46.912556514807868, -23.257782377168791 ], [ -46.912556424636279, -23.257776058626387 ], [ -46.912554085016744, -23.257771874036518 ], [ -46.912554024902448, -23.257767661674912 ], [ -46.912551685283162, -23.257763477084985 ], [ -46.912551625168966, -23.257759264723365 ], [ -46.912551565054777, -23.25775505236173 ], [ -46.912551504940616, -23.257750840000114 ], [ -46.912551444826462, -23.257746627638479 ], [ -46.912551384712316, -23.257742415276834 ], [ -46.912551324598191, -23.25773820291521 ], [ -46.91255126448408, -23.257733990553568 ], [ -46.91255120436999, -23.257729778191933 ], [ -46.9125511442559, -23.257725565830292 ], [ -46.912551084141832, -23.257721353468639 ], [ -46.912548744523555, -23.257717168878592 ], [ -46.912544125401269, -23.257713012060041 ], [ -46.912544065287456, -23.25770879969836 ], [ -46.912550873742696, -23.257706610202852 ], [ -46.912550813628691, -23.2577023978412 ], [ -46.912550753514701, -23.257698185479544 ], [ -46.912550693400725, -23.25769397311787 ], [ -46.912548353783002, -23.257689788527784 ], [ -46.912543794775473, -23.257689844070821 ], [ -46.912543734661739, -23.257685631709126 ], [ -46.912543674548012, -23.257681419347456 ], [ -46.91253911554076, -23.257681474890333 ], [ -46.912536775923641, -23.25767729030002 ], [ -46.912534436306665, -23.25767310570966 ], [ -46.912534376193271, -23.257668893347944 ], [ -46.912532036576536, -23.257664708757538 ], [ -46.912529696959957, -23.257660524167076 ], [ -46.912527357343535, -23.257656339576577 ], [ -46.912522738224112, -23.257652182757177 ], [ -46.912520368551618, -23.25764589198565 ], [ -46.912515779489148, -23.257643841346887 ], [ -46.912513439873472, -23.257639656756112 ], [ -46.912511100257952, -23.257635472165308 ], [ -46.912508760642588, -23.257631287574434 ], [ -46.912504141524614, -23.257627130754365 ], [ -46.912504081412315, -23.25762291839256 ], [ -46.912499492350861, -23.257620867753246 ], [ -46.912499432238718, -23.25761665539142 ], [ -46.912494843177555, -23.25761460475195 ], [ -46.912494783065576, -23.257610392390102 ], [ -46.91249019400469, -23.25760834175048 ], [ -46.912490133892874, -23.257604129388628 ], [ -46.912485544832272, -23.257602078748846 ], [ -46.912485484720619, -23.25759786638697 ], [ -46.912480895660302, -23.257595815747028 ], [ -46.912476306600126, -23.25759376510694 ], [ -46.912473966986632, -23.257589580515429 ], [ -46.912469377926755, -23.25758752987511 ], [ -46.912467038313594, -23.257583345283464 ], [ -46.912462449254029, -23.257581294642929 ], [ -46.912460109641209, -23.257577110051159 ], [ -46.912455520581958, -23.257575059410392 ], [ -46.912450931522841, -23.257573008769484 ], [ -46.91244631240869, -23.257568851947454 ], [ -46.912441723349907, -23.257566801306265 ], [ -46.912439383737997, -23.257562616714104 ], [ -46.912434794679534, -23.257560566072673 ], [ -46.912430205621199, -23.257558515431104 ], [ -46.912427866009793, -23.257554330838737 ], [ -46.91242327695177, -23.257552280196947 ], [ -46.912420937340698, -23.257548095604459 ], [ -46.912420877231241, -23.257543883242388 ], [ -46.912418507565725, -23.2575375924688 ], [ -46.912413888453806, -23.257533435645652 ], [ -46.912411548843394, -23.257529251052947 ], [ -46.912411488734278, -23.257525038690861 ], [ -46.912409149124102, -23.257520854098129 ], [ -46.912409089015085, -23.257516641736025 ], [ -46.91240674940515, -23.257512457143225 ], [ -46.912406689296233, -23.257508244781103 ], [ -46.912406629187331, -23.257504032418986 ], [ -46.912402070185749, -23.257504087957507 ], [ -46.912402010076995, -23.257499875595361 ], [ -46.912399670467607, -23.257495691002411 ], [ -46.91239961035896, -23.257491478640276 ], [ -46.912397270749814, -23.257487294047277 ], [ -46.912392651640367, -23.257483137223328 ], [ -46.912392591531976, -23.257478924861147 ], [ -46.912388002477087, -23.257476874218092 ], [ -46.912383413422326, -23.257474823574896 ], [ -46.912378824367707, -23.257472772931571 ], [ -46.912376484759555, -23.257468588338188 ], [ -46.912371895705249, -23.257466537694626 ], [ -46.91236733670484, -23.257466593232035 ], [ -46.912364997097157, -23.257462408638446 ], [ -46.912360408043206, -23.257460357994521 ], [ -46.912355818989404, -23.257458307350458 ], [ -46.912351229935723, -23.257456256706242 ], [ -46.912346670935605, -23.257456312243033 ], [ -46.912342081882123, -23.257454261598539 ], [ -46.912337522882048, -23.257454317135061 ], [ -46.91233293382875, -23.257452266490287 ], [ -46.912328374828725, -23.257452322026534 ], [ -46.912323815828685, -23.25745237756265 ], [ -46.912319226775637, -23.25745032691745 ], [ -46.912314667775647, -23.2574503824533 ], [ -46.912310078722783, -23.257448331807822 ], [ -46.912305489670054, -23.25744628116221 ], [ -46.912300930670156, -23.257446336697651 ], [ -46.912300870564763, -23.257442124335238 ], [ -46.912296311564994, -23.25744217987053 ], [ -46.912291722512656, -23.257440129224456 ], [ -46.91228713346046, -23.257438078578272 ], [ -46.912282544408399, -23.257436027931924 ], [ -46.912280204803871, -23.257431843336853 ], [ -46.912275615752115, -23.257429792690282 ], [ -46.912271026700495, -23.257427742043571 ], [ -46.912268687096478, -23.257423557448281 ], [ -46.912264128097263, -23.257423612982603 ], [ -46.912264067993085, -23.257419400620087 ], [ -46.912259478941984, -23.257417349973 ], [ -46.912254859839074, -23.257413193144497 ], [ -46.912254799735216, -23.257408980781953 ], [ -46.912250240736455, -23.257409036315835 ], [ -46.912247901133441, -23.257404851720167 ], [ -46.912245561530575, -23.257400667124447 ], [ -46.912243221927874, -23.257396482528684 ], [ -46.912240882325314, -23.257392297932864 ], [ -46.912236323327086, -23.257392353466308 ], [ -46.912236263223868, -23.257388141103711 ], [ -46.912236203120671, -23.257383928741117 ], [ -46.912236143017481, -23.257379716378498 ], [ -46.912236082914312, -23.257375504015897 ], [ -46.912233743312385, -23.257371319419928 ], [ -46.912233683209315, -23.257367107057306 ], [ -46.912229094160459, -23.257365056409174 ], [ -46.912229034057546, -23.257360844046538 ], [ -46.912224445008981, -23.257358793398247 ], [ -46.912224384906231, -23.257354581035596 ], [ -46.91221982590924, -23.257354636568472 ], [ -46.912217486308222, -23.257350451972187 ], [ -46.912210617761765, -23.257348429089813 ], [ -46.912205998662806, -23.257344272259562 ], [ -46.912201409615129, -23.257342221610543 ], [ -46.912196850618493, -23.257342277142726 ], [ -46.912194511018413, -23.257338092546046 ], [ -46.912189891920299, -23.257333935715266 ], [ -46.912185332923919, -23.257333991247101 ], [ -46.912180743876867, -23.257331940597417 ], [ -46.912180683775574, -23.257327728234642 ], [ -46.912171505682174, -23.257323626934809 ], [ -46.912169166083231, -23.257319442337661 ], [ -46.912162267488625, -23.257315313271572 ], [ -46.91215767844254, -23.257313262621157 ], [ -46.912153089396583, -23.257311211970578 ], [ -46.912136029361335, -23.257251963906626 ], [ -46.912162995938274, -23.257123627526148 ], [ -46.912144364484305, -23.257087345228459 ], [ -46.912102198568206, -23.25703145087456 ], [ -46.912103179170906, -23.256971634109874 ], [ -46.912161034730204, -23.256946138439655 ], [ -46.912227715713797, -23.256928487591065 ], [ -46.91227625554744, -23.256911817345166 ], [ -46.912311066948483, -23.256883379874409 ], [ -46.912370883707986, -23.256882399264168 ], [ -46.912409127203809, -23.256917700949625 ], [ -46.912457176745576, -23.256954963863961 ], [ -46.91250277477112, -23.256947609343712 ], [ -46.912534154057518, -23.256926526385669 ], [ -46.912566023645269, -23.256917700961367 ], [ -46.912615053780264, -23.256921133070826 ], [ -46.912648884572718, -23.256897966332343 ], [ -46.912648394272061, -23.256869161127725 ], [ -46.912637117338392, -23.25685249087979 ], [ -46.912628782219393, -23.256800518937176 ], [ -46.912643491258571, -23.256764726940187 ], [ -46.912655013340299, -23.256745114886193 ], [ -46.912641039751819, -23.256720354668019 ], [ -46.912623879204574, -23.256707361682242 ], [ -46.912627066163338, -23.256689710833648 ], [ -46.912644226709212, -23.256661273354197 ], [ -46.912688844135246, -23.256631855276208 ], [ -46.912730029446834, -23.25662499105545 ], [ -46.912747629344864, -23.256636325311902 ], [ -46.912748799146222, -23.256638417606137 ], [ -46.912748829204801, -23.256640523787006 ], [ -46.912748859263374, -23.256642629967875 ], [ -46.912750029064824, -23.256644722262095 ], [ -46.912750059123425, -23.256646828442967 ], [ -46.912750089182033, -23.256648934623833 ], [ -46.912750119240641, -23.256651040804694 ], [ -46.912749009556322, -23.256653160872212 ], [ -46.912749039614916, -23.25665526705307 ], [ -46.912746775158297, -23.256656347916795 ], [ -46.912746820246156, -23.2566595071881 ], [ -46.912746850304721, -23.256661613368951 ], [ -46.912746895392594, -23.256664772640253 ], [ -46.912746940480467, -23.256667931911561 ], [ -46.912747000597648, -23.256672144273285 ], [ -46.912747030656242, -23.256674250454157 ], [ -46.912747060714842, -23.256676356635012 ], [ -46.912747105802744, -23.256679515906299 ], [ -46.912747135861352, -23.256681622087171 ], [ -46.91274716591996, -23.256683728268026 ], [ -46.912747195978575, -23.256685834448874 ], [ -46.912747226037197, -23.256687940629757 ], [ -46.91274725609582, -23.256690046810601 ], [ -46.912747286154442, -23.256692152991462 ], [ -46.912747316213064, -23.256694259172324 ], [ -46.912747346271701, -23.256696365353161 ], [ -46.91274737633033, -23.25669847153403 ], [ -46.912748561161642, -23.256701616918644 ], [ -46.912749730963661, -23.256703709212807 ], [ -46.912749761022347, -23.256705815393662 ], [ -46.912752070567834, -23.256707893801121 ], [ -46.912752100626562, -23.256709999981982 ], [ -46.91275439514277, -23.256711025298973 ], [ -46.912754425201534, -23.256713131479824 ], [ -46.912754455260306, -23.256715237660661 ], [ -46.912756749776619, -23.256716262977619 ], [ -46.912756779835433, -23.256718369158456 ], [ -46.912759074351825, -23.256719394475375 ], [ -46.912759119440103, -23.256722553746627 ], [ -46.912759149498967, -23.25672465992746 ], [ -46.912759179557824, -23.25672676610829 ], [ -46.912761489103829, -23.256728844515575 ], [ -46.912761519162729, -23.256730950696408 ], [ -46.912762703994709, -23.256734096080859 ], [ -46.912765013540898, -23.256736174488076 ], [ -46.912765043599869, -23.256738280668902 ], [ -46.912766213402506, -23.256740372962909 ], [ -46.912766243461505, -23.256742479143721 ], [ -46.91276853797838, -23.25674350446047 ], [ -46.912768568037414, -23.256745610641278 ], [ -46.912768598096456, -23.256747716822108 ], [ -46.912768628155504, -23.256749823002917 ], [ -46.912767518470787, -23.256751943070576 ], [ -46.912766408786041, -23.256754063138231 ], [ -46.91276529910126, -23.25675618320588 ], [ -46.91276418941645, -23.256758303273525 ], [ -46.912764219475434, -23.256760409454341 ], [ -46.912764249534426, -23.256762515635153 ], [ -46.912764279593425, -23.256764621815975 ], [ -46.912762000105687, -23.256764649589602 ], [ -46.91276203016465, -23.256766755770421 ], [ -46.912760920479705, -23.256768875838038 ], [ -46.912759840853674, -23.256773102086481 ], [ -46.912759870912616, -23.256775208267307 ], [ -46.912757591424686, -23.256775236040877 ], [ -46.912758761227579, -23.256777328334916 ], [ -46.912755357025063, -23.256778423085656 ], [ -46.912755387083948, -23.256780529266482 ], [ -46.912754277398797, -23.256782649334074 ], [ -46.912754307457668, -23.2567847555149 ], [ -46.912752027969567, -23.256784783288396 ], [ -46.912752058028403, -23.256786889469225 ], [ -46.912750948343152, -23.256789009536803 ], [ -46.912749838657881, -23.256791129604363 ], [ -46.912748744001959, -23.256794302762334 ], [ -46.912747634316609, -23.256796422829883 ], [ -46.912746524631224, -23.256798542897439 ], [ -46.912746554689996, -23.256800649078272 ], [ -46.91274544500456, -23.256802769145807 ], [ -46.912745475063325, -23.256804875326633 ], [ -46.91274436537784, -23.256806995394175 ], [ -46.912742100918706, -23.256808076257975 ], [ -46.912742130977421, -23.256810182438812 ], [ -46.912742161036135, -23.256812288619646 ], [ -46.912741051350551, -23.256814408687163 ], [ -46.912738786891261, -23.256815489550924 ], [ -46.912737677205598, -23.256817609618416 ], [ -46.912737707264263, -23.256819715799256 ], [ -46.912737737322921, -23.256821821980104 ], [ -46.912736627637194, -23.256823942047582 ], [ -46.912736657695845, -23.256826048228422 ], [ -46.912736702783825, -23.256829207499681 ], [ -46.912735608127356, -23.256832380657581 ], [ -46.912734498441523, -23.256834500725066 ], [ -46.912733403784962, -23.256837673882963 ], [ -46.912733433843577, -23.256839780063789 ], [ -46.9127334639022, -23.256841886244633 ], [ -46.912733493960829, -23.256843992425466 ], [ -46.912733524019458, -23.256846098606303 ], [ -46.912733569107409, -23.256849257877548 ], [ -46.912733614195375, -23.256852417148796 ], [ -46.912733644254018, -23.256854523329629 ], [ -46.912733674312669, -23.256856629510462 ], [ -46.912734844116009, -23.256858721804626 ], [ -46.912734874174681, -23.256860827985449 ], [ -46.912737168693454, -23.256861853302521 ], [ -46.912739463212262, -23.256862878619557 ], [ -46.912740633015751, -23.256864970913675 ], [ -46.91274292753463, -23.256865996230641 ], [ -46.912745222053545, -23.256867021547585 ], [ -46.912747501543052, -23.256866993774096 ], [ -46.912748671346705, -23.256869086068132 ], [ -46.912750950836248, -23.256869058294583 ], [ -46.912752120639972, -23.256871150588591 ], [ -46.912754415159036, -23.256872175905393 ], [ -46.912756694648614, -23.256872148131745 ], [ -46.912757879481987, -23.256875293516103 ], [ -46.912759049285881, -23.256877385810071 ], [ -46.912762483549947, -23.256878397239863 ], [ -46.91276477806921, -23.256879422556505 ], [ -46.912765947873247, -23.256881514850384 ], [ -46.91276824239258, -23.256882540166966 ], [ -46.912771676656831, -23.256883551596552 ], [ -46.91277284646101, -23.256885643890389 ], [ -46.912775140980472, -23.256886669206853 ], [ -46.912777435499962, -23.256887694523286 ], [ -46.912777465559351, -23.256889800704034 ], [ -46.912779760078912, -23.256890826020435 ], [ -46.912782069628236, -23.256892904427158 ], [ -46.912784334088379, -23.256891823562718 ], [ -46.912786613578255, -23.256891795788622 ], [ -46.912788893068125, -23.256891768014491 ], [ -46.912792312302933, -23.256891726353238 ], [ -46.912794591792796, -23.256891698579025 ], [ -46.912796871282659, -23.25689167080478 ], [ -46.912799150772507, -23.256891643030499 ], [ -46.912802570007294, -23.25689160136902 ], [ -46.912804849497135, -23.256891573594661 ], [ -46.912807128986984, -23.256891545820267 ], [ -46.912809408476818, -23.256891518045837 ], [ -46.912811687966659, -23.256891490271379 ], [ -46.912813967456493, -23.256891462496881 ], [ -46.912817386691238, -23.256891420835085 ], [ -46.912819666181058, -23.256891393060503 ], [ -46.912821945670878, -23.256891365285899 ], [ -46.912824225160698, -23.256891337511259 ], [ -46.912826504650511, -23.256891309736581 ], [ -46.912829923885226, -23.256891268074504 ], [ -46.912833343119935, -23.25689122641236 ], [ -46.912835622609734, -23.256891198637547 ], [ -46.9128379171297, -23.256892223953049 ], [ -46.912840211649694, -23.256893249268529 ], [ -46.912842491139521, -23.25689322149362 ], [ -46.912844770629341, -23.256893193718682 ], [ -46.912847050119161, -23.256893165943701 ], [ -46.912849344639241, -23.256894191259029 ], [ -46.912852763873978, -23.256894149596452 ], [ -46.912855043363805, -23.256894121821361 ], [ -46.912857322853618, -23.256894094046242 ], [ -46.912859602343438, -23.256894066271087 ], [ -46.912863021578161, -23.25689402460829 ], [ -46.912865301067967, -23.256893996833032 ], [ -46.912867580557766, -23.25689396905776 ], [ -46.912869860047572, -23.256893941282453 ], [ -46.912873279282266, -23.256893899619431 ], [ -46.912875558772065, -23.256893871844039 ], [ -46.912877838261849, -23.256893844068617 ], [ -46.912881242466014, -23.256892749315107 ], [ -46.912884646670115, -23.25689165456151 ], [ -46.91288692615985, -23.256891626785961 ], [ -46.912889205649591, -23.25689159901037 ], [ -46.912892594822992, -23.256889451166316 ], [ -46.912894859282069, -23.256888370300342 ], [ -46.912898248455292, -23.256886222456167 ], [ -46.912900527944913, -23.256886194680419 ], [ -46.912902792403862, -23.256885113814342 ], [ -46.912905041832083, -23.25688297985791 ], [ -46.912907306290947, -23.256881898991761 ], [ -46.912909570749761, -23.256880818125602 ], [ -46.91291183520854, -23.256879737259393 ], [ -46.912914084636519, -23.256877603302861 ], [ -46.912916349095212, -23.256876522436581 ], [ -46.912918628584649, -23.256876494660588 ], [ -46.912922017757168, -23.256874346815952 ], [ -46.91292428221572, -23.256873265949583 ], [ -46.91292654667425, -23.256872185083171 ], [ -46.912928826163593, -23.25687215730704 ], [ -46.912931105652945, -23.256872129530873 ], [ -46.912933370111389, -23.256871048664372 ], [ -46.912935649600712, -23.256871020888138 ], [ -46.912936759283511, -23.256868900819427 ], [ -46.912939023741849, -23.256867819952866 ], [ -46.912940133424563, -23.256865699884131 ], [ -46.912941243107255, -23.256863579815402 ], [ -46.912943522596443, -23.256863552039061 ], [ -46.91294461724808, -23.256860378880024 ], [ -46.912946881706205, -23.25685929801335 ], [ -46.912947991388734, -23.256857177944582 ], [ -46.912950270877801, -23.256857150168145 ], [ -46.912952520304778, -23.256855016211112 ], [ -46.912953629987193, -23.256852896142316 ], [ -46.912953599925089, -23.256850789961767 ], [ -46.91295586438298, -23.256849709094972 ], [ -46.912955834320847, -23.256847602914409 ], [ -46.912956944003149, -23.256845482845602 ], [ -46.912958038654345, -23.25684230968649 ], [ -46.912957993561122, -23.256839150415658 ], [ -46.912960258018778, -23.256838069548813 ], [ -46.912960227956596, -23.25683596336826 ], [ -46.912961337638748, -23.256833843299411 ], [ -46.912961292545461, -23.256830684028579 ], [ -46.912961262483272, -23.256828577848022 ], [ -46.912961232421083, -23.256826471667459 ], [ -46.912963496878511, -23.2568253908006 ], [ -46.912963466816294, -23.25682328462004 ], [ -46.912964576498297, -23.25682116455118 ], [ -46.912965686180272, -23.256819044482327 ], [ -46.91296565611804, -23.256816938301753 ], [ -46.912965626055801, -23.256814832121201 ], [ -46.912967905544122, -23.256814804344568 ], [ -46.912969015225997, -23.256812684275673 ], [ -46.912970109876689, -23.256809511116515 ], [ -46.9129712195585, -23.256807391047623 ], [ -46.912973484015517, -23.256806310180639 ], [ -46.912973453953171, -23.25680420400009 ], [ -46.912974563634876, -23.25680208393117 ], [ -46.912974533572523, -23.256799977750621 ], [ -46.912975643254185, -23.256797857681708 ], [ -46.912976752935812, -23.256795737612777 ], [ -46.91297786261741, -23.256793617543849 ], [ -46.91297897229898, -23.2567914974749 ], [ -46.912980081980507, -23.256789377405962 ], [ -46.912980051918083, -23.256787271225427 ], [ -46.912982316374688, -23.256786190358316 ], [ -46.91298342605613, -23.256784070289367 ], [ -46.912983395993656, -23.256781964108821 ], [ -46.912984490643808, -23.256778790949575 ], [ -46.912985600325158, -23.256776670880612 ], [ -46.912986710006479, -23.256774550811627 ], [ -46.912986679943977, -23.256772444631082 ], [ -46.912987789625241, -23.256770324562098 ], [ -46.912987729500216, -23.256766112201024 ], [ -46.912987699437707, -23.256764006020472 ], [ -46.912987669375198, -23.25676189983994 ], [ -46.912987639312696, -23.256759793659395 ], [ -46.912987609250195, -23.25675768747886 ], [ -46.9129875791877, -23.256755581298311 ], [ -46.912987549125212, -23.256753475117765 ], [ -46.912987519062725, -23.256751368937223 ], [ -46.912987489000237, -23.256749262756667 ], [ -46.912987458937764, -23.256747156576129 ], [ -46.912987428875283, -23.256745050395587 ], [ -46.912988538556341, -23.256742930326602 ], [ -46.912989648237371, -23.256740810257607 ], [ -46.912989618174876, -23.256738704077069 ], [ -46.912990727855856, -23.256736584008067 ], [ -46.912991837536808, -23.256734463939075 ], [ -46.912991807474278, -23.25673235775853 ], [ -46.912991777411754, -23.256730251577981 ], [ -46.912991747349238, -23.256728145397442 ], [ -46.912991717286715, -23.256726039216893 ], [ -46.912992826967574, -23.256723919147881 ], [ -46.912992796905051, -23.256721812967346 ], [ -46.912992766842521, -23.2567197067868 ], [ -46.912992736780005, -23.256717600606262 ], [ -46.912992706717489, -23.256715494425702 ], [ -46.912992676654966, -23.256713388245156 ], [ -46.912992646592457, -23.2567112820646 ], [ -46.912992616529955, -23.256709175884055 ], [ -46.912992586467453, -23.256707069703506 ], [ -46.912992556404951, -23.256704963522953 ], [ -46.912992526342457, -23.2567028573424 ], [ -46.912993636023138, -23.256700737273395 ], [ -46.912993605960629, -23.256698631092849 ], [ -46.912995885446939, -23.256698603315936 ], [ -46.912995855384402, -23.25669649713538 ], [ -46.912995825321865, -23.256694390954824 ], [ -46.912995795259334, -23.256692284774282 ], [ -46.912995765196804, -23.256690178593729 ], [ -46.912995735134281, -23.25668807241318 ], [ -46.912995705071751, -23.256685966232634 ], [ -46.912995675009242, -23.256683860052075 ], [ -46.912995644946726, -23.256681753871522 ], [ -46.91299561488421, -23.256679647690952 ], [ -46.912995584821708, -23.256677541510403 ], [ -46.912995554759199, -23.256675435329861 ], [ -46.912995524696697, -23.25667332914929 ], [ -46.912993215148354, -23.256671250745626 ], [ -46.912993170054669, -23.256668091474786 ], [ -46.912993139992217, -23.256665985294219 ], [ -46.91299084547525, -23.256664959980782 ], [ -46.91299081541284, -23.256662853800215 ], [ -46.912989645607588, -23.256660761508058 ], [ -46.912988475802386, -23.256658669215888 ], [ -46.912988445740019, -23.256656563035317 ], [ -46.912987275934874, -23.256654470743133 ], [ -46.912987245872529, -23.256652364562555 ], [ -46.912986076067448, -23.25665027227036 ], [ -46.91298604600513, -23.256648166089782 ], [ -46.912984876200106, -23.256646073797572 ], [ -46.912984846137817, -23.256643967616998 ], [ -46.91298255162129, -23.256642942303387 ], [ -46.912981381816365, -23.256640850011156 ], [ -46.912981351754141, -23.256638743830564 ], [ -46.912980181949273, -23.256636651538301 ], [ -46.912977887432916, -23.256635626224629 ], [ -46.912976717628133, -23.256633533932334 ], [ -46.912975547823393, -23.256631441640032 ], [ -46.912974378018689, -23.256629349347719 ], [ -46.912973180190342, -23.256628814093308 ], [ -46.912975425272478, -23.256608688535476 ], [ -46.912986947354213, -23.256588463604871 ], [ -46.913013423627106, -23.256579638180575 ], [ -46.913039409598653, -23.256585521796769 ], [ -46.913069317981005, -23.256591405412973 ], [ -46.913105109979547, -23.256603662946709 ], [ -46.913131095951094, -23.25661003686427 ], [ -46.913155794862284, -23.256606716604427 ], [ -46.913172281264494, -23.256594837522407 ], [ -46.913182577592842, -23.256581599385974 ], [ -46.913199738140094, -23.256594347221068 ], [ -46.913215427783292, -23.256612978672361 ], [ -46.913236510741335, -23.256625726507469 ], [ -46.913263967616942, -23.256640925849322 ], [ -46.91331446865599, -23.256646809465504 ], [ -46.913342906134289, -23.256643867657413 ], [ -46.91336202788694, -23.25662866831556 ], [ -46.913391445967932, -23.256651712479009 ], [ -46.913419393144878, -23.256668382724914 ], [ -46.913440975536425, -23.256689945742668 ], [ -46.913453469088715, -23.25669706535389 ], [ -46.913478474457563, -23.256706381079532 ], [ -46.913495880155487, -23.256702458668745 ], [ -46.913509608593287, -23.256694368696468 ], [ -46.913522601579061, -23.25669093658702 ], [ -46.91353731061956, -23.256693633244439 ], [ -46.913553000262759, -23.256706871380892 ], [ -46.9135760444262, -23.256727218886905 ], [ -46.913585850453202, -23.256747811543608 ], [ -46.913603991603146, -23.256773797515155 ], [ -46.913614778232848, -23.256790467761046 ], [ -46.913625074561203, -23.256811550719096 ], [ -46.913646647820599, -23.256823808252854 ], [ -46.913663318066497, -23.256840478498752 ], [ -46.913654982943548, -23.256869406278398 ], [ -46.913659395655699, -23.25689146983915 ], [ -46.913675085298898, -23.256915494605298 ], [ -46.913672633792146, -23.256924810330947 ], [ -46.913641744807101, -23.256925790933639 ], [ -46.913619436095672, -23.256929468193768 ], [ -46.913612523579495, -23.256933209161019 ], [ -46.913610244090016, -23.256933236947155 ], [ -46.913607964600537, -23.256933264733256 ], [ -46.913605685111051, -23.256933292519317 ], [ -46.913603405621572, -23.256933320305354 ], [ -46.913601126132072, -23.256933348091344 ], [ -46.913598846642579, -23.256933375877313 ], [ -46.913596567153085, -23.256933403663254 ], [ -46.913594287663585, -23.256933431449156 ], [ -46.913592008174078, -23.256933459235022 ], [ -46.913589743720671, -23.256934540110731 ], [ -46.913587464231142, -23.256934567896536 ], [ -46.913585199777678, -23.256935648772178 ], [ -46.913582935324179, -23.256936729647791 ], [ -46.913580670870644, -23.256937810523386 ], [ -46.913578406417059, -23.256938891398939 ], [ -46.913578436489104, -23.256940997578706 ], [ -46.913576172035455, -23.256942078454241 ], [ -46.913576202107464, -23.256944184634005 ], [ -46.913573952689731, -23.256946318599397 ], [ -46.913572843016816, -23.256948438671959 ], [ -46.913571733343879, -23.256950558744517 ], [ -46.91356946889001, -23.25695163961997 ], [ -46.913567204436099, -23.256952720495384 ], [ -46.913566094763034, -23.256954840567911 ], [ -46.91356384534496, -23.256956974533178 ], [ -46.91356273567181, -23.256959094605683 ], [ -46.913562765743634, -23.256961200785462 ], [ -46.913560501289517, -23.256962281660794 ], [ -46.913559391616268, -23.256964401733288 ], [ -46.913559421688042, -23.25696650791307 ], [ -46.913559451759824, -23.256968614092848 ], [ -46.913559481831612, -23.256970720272633 ], [ -46.913559511903401, -23.256972826452408 ], [ -46.913559541975197, -23.256974932632186 ], [ -46.913559572046999, -23.256977038811968 ], [ -46.913559602118795, -23.256979144991735 ], [ -46.913559632190598, -23.256981251171517 ], [ -46.913560802007609, -23.256983343458568 ], [ -46.913561971824649, -23.25698543574563 ], [ -46.913562001896501, -23.256987541925401 ], [ -46.913562031968354, -23.256989648105165 ], [ -46.913562062040214, -23.256991754284947 ], [ -46.913562092112073, -23.256993860464704 ], [ -46.913562122183933, -23.256995966644489 ], [ -46.913563292001129, -23.256998058931508 ], [ -46.913563322073017, -23.257000165111279 ], [ -46.913564491890263, -23.257002257398291 ], [ -46.913565661707551, -23.257004349685282 ], [ -46.913566831524882, -23.257006441972266 ], [ -46.913568001342242, -23.257008534259228 ], [ -46.913568031414222, -23.257010640438995 ], [ -46.913569201231653, -23.257012732725958 ], [ -46.913571480722531, -23.257012704940333 ], [ -46.913571510794569, -23.257014811120072 ], [ -46.913572680612091, -23.257016903407006 ], [ -46.91357271068415, -23.257019009586763 ], [ -46.913575005211186, -23.257020034890964 ], [ -46.913576175028815, -23.257022127177848 ], [ -46.913577344846473, -23.257024219464718 ], [ -46.913577374918624, -23.25702632564446 ], [ -46.913579669445816, -23.25702735094859 ], [ -46.91357969951801, -23.257029457128326 ], [ -46.913581994045273, -23.257030482432398 ], [ -46.913584303608708, -23.257032560826289 ], [ -46.913586613172214, -23.257034639220155 ], [ -46.913586643244521, -23.257036745399894 ], [ -46.913587813062485, -23.257038837686675 ], [ -46.913590107589975, -23.257039862990613 ], [ -46.913592402117494, -23.257040888294508 ], [ -46.913593571935586, -23.257042980581236 ], [ -46.913595851426948, -23.257042952795228 ], [ -46.91359702124511, -23.25704504508191 ], [ -46.913598191063315, -23.257047137368605 ], [ -46.913600485591019, -23.25704816267238 ], [ -46.913602795155043, -23.257050241065972 ], [ -46.913605104719139, -23.257052319459504 ], [ -46.913606274537536, -23.257054411746125 ], [ -46.913608569065424, -23.257055437049761 ], [ -46.913612003339118, -23.257056448460219 ], [ -46.913613173157664, -23.257058540746783 ], [ -46.913615467685666, -23.257059566050302 ], [ -46.91361663750429, -23.257061658336823 ], [ -46.913618932032371, -23.257062683640285 ], [ -46.91362122656048, -23.257063708943729 ], [ -46.913623521088624, -23.257064734247123 ], [ -46.913625815616804, -23.257065759550482 ], [ -46.913628095108507, -23.257065731763984 ], [ -46.913628125181518, -23.257067837943655 ], [ -46.913630404673263, -23.257067810157118 ], [ -46.913632684165002, -23.257067782370534 ], [ -46.913632714238084, -23.257069888550205 ], [ -46.913634993729843, -23.257069860763597 ], [ -46.913636163548865, -23.257071953049945 ], [ -46.913638443040675, -23.257071925263272 ], [ -46.913640722532463, -23.257071897476585 ], [ -46.913641892351592, -23.257073989762869 ], [ -46.913643062170756, -23.257076082049146 ], [ -46.913645341662622, -23.257076054262374 ], [ -46.913646511481858, -23.257078146548633 ], [ -46.913649945756376, -23.257079157958206 ], [ -46.913651115575718, -23.257081250244411 ], [ -46.913653425141078, -23.257083328637165 ], [ -46.913655719669784, -23.257084353940048 ], [ -46.913657999161771, -23.25708432615308 ], [ -46.913660293690519, -23.257085351455906 ], [ -46.913661463510074, -23.257087443742016 ], [ -46.913663758038901, -23.257088469044774 ], [ -46.913666052567763, -23.257089494347507 ], [ -46.913668347096653, -23.257090519650191 ], [ -46.913669516916386, -23.25709261193624 ], [ -46.913671811445354, -23.257093637238867 ], [ -46.913674121011248, -23.257095715631269 ], [ -46.913675290831115, -23.257097807917244 ], [ -46.913676460651018, -23.257099900203229 ], [ -46.913677630470964, -23.257101992489201 ], [ -46.913678800290946, -23.257104084775154 ], [ -46.913679970110962, -23.2571061770611 ], [ -46.913681139931022, -23.257108269347022 ], [ -46.913682309751124, -23.257110361632936 ], [ -46.913683479571255, -23.25711245391885 ], [ -46.913684649391435, -23.257114546204736 ], [ -46.913684679465398, -23.25711665238433 ], [ -46.913685849285628, -23.257118744670212 ], [ -46.913685879359619, -23.257120850849791 ], [ -46.91368590943361, -23.257122957029377 ], [ -46.913685939507609, -23.25712506320896 ], [ -46.913685969581607, -23.257127169388539 ], [ -46.913687139401965, -23.2571292616744 ], [ -46.913687169475992, -23.257131367853976 ], [ -46.913688339296407, -23.257133460139833 ], [ -46.913688369370462, -23.257135566319405 ], [ -46.91368839944451, -23.257137672498988 ], [ -46.91368956926501, -23.257139764784807 ], [ -46.913690739085546, -23.257141857070629 ], [ -46.913691908906124, -23.257143949356447 ], [ -46.913691938980243, -23.257146055536015 ], [ -46.913691969054369, -23.257148161715588 ], [ -46.913693138875026, -23.257150254001381 ], [ -46.913693168949173, -23.257152360180946 ], [ -46.913693199023321, -23.257154466360515 ], [ -46.913692089350896, -23.257156586433858 ], [ -46.913692119425036, -23.25715869261343 ], [ -46.913692149499184, -23.257160798792992 ], [ -46.913692179573339, -23.257162904972557 ], [ -46.913692209647486, -23.257165011152125 ], [ -46.913692239721648, -23.257167117331683 ], [ -46.913692269795803, -23.257169223511255 ], [ -46.913692299869965, -23.257171329690816 ], [ -46.913692329944126, -23.257173435870367 ], [ -46.913692360018302, -23.257175542049943 ], [ -46.913692390092478, -23.257177648229501 ], [ -46.913692420166647, -23.257179754409066 ], [ -46.913692450240831, -23.257181860588627 ], [ -46.913691340568199, -23.257183980661971 ], [ -46.913691370642368, -23.257186086841536 ], [ -46.913691400716544, -23.257188193021097 ], [ -46.91369143079072, -23.257190299200669 ], [ -46.913691460864904, -23.257192405380213 ], [ -46.913689211445266, -23.257194539347346 ], [ -46.913689241519421, -23.257196645526907 ], [ -46.913688131846627, -23.257198765600236 ], [ -46.913687022173811, -23.257200885673573 ], [ -46.913685912500952, -23.257203005746888 ], [ -46.913685942575064, -23.257205111926449 ], [ -46.913688252143217, -23.257207190318475 ], [ -46.91368714247033, -23.257209310391797 ], [ -46.913684862976261, -23.257209338179329 ], [ -46.913684893050366, -23.257211444358902 ], [ -46.913683783377401, -23.25721356443221 ], [ -46.913683813451499, -23.257215670611767 ], [ -46.913683843525597, -23.257217776791325 ], [ -46.913682733852568, -23.25721989686464 ], [ -46.913680484432362, -23.257222030831684 ], [ -46.913674770659632, -23.257221047210439 ], [ -46.913674800733595, -23.257223153390008 ], [ -46.913673691060382, -23.257225273463273 ], [ -46.913672581387139, -23.257227393536525 ], [ -46.913671471713862, -23.257229513609769 ], [ -46.913671501787782, -23.257231619789334 ], [ -46.913670392114454, -23.257233739862585 ], [ -46.91367042218836, -23.257235846042153 ], [ -46.913668157730761, -23.257236926919251 ], [ -46.913665893273112, -23.257238007796317 ], [ -46.913665923346962, -23.257240113975897 ], [ -46.913663643852345, -23.257240141763148 ], [ -46.913662534178826, -23.257242261836343 ], [ -46.913661424505278, -23.257244381909533 ], [ -46.913661454579064, -23.257246488089113 ], [ -46.913660344905473, -23.257248608162303 ], [ -46.913658065410694, -23.257248635949484 ], [ -46.913656955737025, -23.257250756022643 ], [ -46.913654691279056, -23.257251836899567 ], [ -46.91365358160531, -23.257253956972711 ], [ -46.913652471931535, -23.257256077045849 ], [ -46.913650207473431, -23.257257157922719 ], [ -46.913647927978502, -23.257257185709772 ], [ -46.913645648483559, -23.257257213496764 ], [ -46.913643353951862, -23.257256188193946 ], [ -46.913641074456933, -23.257256215980885 ], [ -46.913638779925279, -23.257255190678002 ], [ -46.913638749851835, -23.257253084498384 ], [ -46.913636470356955, -23.257253112285259 ], [ -46.913634175825386, -23.257252086982295 ], [ -46.91363414575202, -23.257249980802676 ], [ -46.91363183618386, -23.257247902409862 ], [ -46.913629541652419, -23.257246877106816 ], [ -46.913629511579131, -23.257244770927194 ], [ -46.913627217047754, -23.257243745624116 ], [ -46.913627186974509, -23.257241639444484 ], [ -46.913624892443202, -23.25724061414137 ], [ -46.91362486237, -23.257238507961745 ], [ -46.913622567838772, -23.257237482658574 ], [ -46.913622537765605, -23.257235376478949 ], [ -46.91362024323444, -23.25723435117575 ], [ -46.913620213161316, -23.257232244996114 ], [ -46.913619043340937, -23.257230152709759 ], [ -46.913617873520607, -23.257228060423419 ], [ -46.913615578989599, -23.25722703512012 ], [ -46.913615548916567, -23.257224928940488 ], [ -46.913615518843528, -23.257222822760845 ], [ -46.913615488770503, -23.257220716581216 ], [ -46.913614318950309, -23.257218624294804 ], [ -46.913613149130157, -23.2572165320084 ], [ -46.913613119057175, -23.257214425828757 ], [ -46.913613088984192, -23.257212319649092 ], [ -46.913611919164119, -23.257210227362688 ], [ -46.913611889091165, -23.257208121183027 ], [ -46.913610719271155, -23.257206028896594 ], [ -46.913610689198222, -23.257203922716943 ], [ -46.913608409704146, -23.257203950503357 ], [ -46.913607239884222, -23.257201858216881 ], [ -46.913606070064347, -23.257199765930395 ], [ -46.913603775533922, -23.257198740626912 ], [ -46.91360374546111, -23.25719663444724 ], [ -46.913602575641335, -23.257194542160736 ], [ -46.913601405821602, -23.257192449874204 ], [ -46.91360137574884, -23.257190343694536 ], [ -46.913599081218607, -23.25718931839096 ], [ -46.913597911398981, -23.257187226104399 ], [ -46.913596741579383, -23.257185133817835 ], [ -46.913596711506706, -23.25718302763816 ], [ -46.913596681434029, -23.25718092145847 ], [ -46.913595511614517, -23.257178829171888 ], [ -46.91359434179504, -23.257176736885285 ], [ -46.913594311722413, -23.257174630705606 ], [ -46.913593156939299, -23.257173591508835 ], [ -46.913590877445714, -23.257173619294957 ], [ -46.91358858291585, -23.257172593991204 ], [ -46.913588552843315, -23.257170487811504 ], [ -46.91358738302403, -23.257168395524843 ], [ -46.91358508849428, -23.257167370221019 ], [ -46.913582793964572, -23.257166344917167 ], [ -46.913582763892137, -23.257164238737467 ], [ -46.913580469362493, -23.257163213433582 ], [ -46.913578174832885, -23.257162188129655 ], [ -46.913575880303306, -23.257161162825685 ], [ -46.913573600809904, -23.257161190611537 ], [ -46.913571306280375, -23.257160165307504 ], [ -46.913569026786988, -23.257160193093299 ], [ -46.913566747293594, -23.257160220879047 ], [ -46.913564452764128, -23.257159195574914 ], [ -46.913563282945312, -23.257157103288034 ], [ -46.913560988415924, -23.257156077983836 ], [ -46.913558708922594, -23.257156105769479 ], [ -46.913556414393248, -23.257155080465203 ], [ -46.913554119863939, -23.257154055160903 ], [ -46.913551825334665, -23.257153029856571 ], [ -46.913549545841363, -23.257153057642068 ], [ -46.913547251312139, -23.257152032337647 ], [ -46.913544971818851, -23.257152060123076 ], [ -46.913542692325564, -23.257152087908487 ], [ -46.913540397796396, -23.257151062603967 ], [ -46.913538118303123, -23.257151090389296 ], [ -46.913535838809842, -23.257151118174594 ], [ -46.913533559316562, -23.257151145959853 ], [ -46.913531279823268, -23.257151173745086 ], [ -46.91352900032998, -23.257151201530288 ], [ -46.913526750908225, -23.257153335495225 ], [ -46.913524471414888, -23.257153363280352 ], [ -46.913522206957282, -23.25715444415534 ], [ -46.91351994249964, -23.257155525030296 ], [ -46.91351766300626, -23.257155552815334 ], [ -46.913515383512873, -23.25715558060034 ], [ -46.913513104019493, -23.257155608385311 ], [ -46.913510824526099, -23.257155636170246 ], [ -46.913508545032705, -23.25715566395515 ], [ -46.913506265539311, -23.257155691740035 ], [ -46.913503986045903, -23.257155719524871 ], [ -46.913502816228039, -23.257153627237479 ], [ -46.913500536734666, -23.25715365502225 ], [ -46.913500506663539, -23.257151548842458 ], [ -46.913498212134662, -23.257150523537298 ], [ -46.913497042316934, -23.257148431249856 ], [ -46.91349587249924, -23.257146338962393 ], [ -46.913493577970485, -23.257145313657162 ], [ -46.913492408152877, -23.25714322136967 ], [ -46.913491238335311, -23.257141129082175 ], [ -46.913491208264347, -23.257139022902347 ], [ -46.913488913735755, -23.257137997597038 ], [ -46.913486619207184, -23.257136972291697 ], [ -46.913484324678656, -23.257135946986313 ], [ -46.913484294607805, -23.257133840806485 ], [ -46.91348312479046, -23.257131748518912 ], [ -46.913481954973143, -23.257129656231307 ], [ -46.913481924902342, -23.257127550051482 ], [ -46.913480755085089, -23.257125457763873 ], [ -46.913480725014317, -23.257123351584042 ], [ -46.913479555197121, -23.257121259296419 ], [ -46.913479525126377, -23.25711915311658 ], [ -46.913479495055633, -23.257117046936738 ], [ -46.913477200527495, -23.257116021631226 ], [ -46.91347715542144, -23.25711286236146 ], [ -46.913474875928735, -23.25711289014583 ], [ -46.913472581400697, -23.257111864840237 ], [ -46.913470286872709, -23.257110839534626 ], [ -46.913467992344742, -23.257109814228958 ], [ -46.913465712852066, -23.25710984201319 ], [ -46.913463418324149, -23.257108816707454 ], [ -46.913461123796267, -23.257107791401694 ], [ -46.913458844303626, -23.257107819185826 ], [ -46.913456549775788, -23.257106793879981 ], [ -46.913454240212815, -23.257104715484157 ], [ -46.91345421014249, -23.257102609304294 ], [ -46.913454180072165, -23.25710050312442 ], [ -46.913451900579638, -23.257100530908442 ], [ -46.913451870509356, -23.257098424728554 ], [ -46.91344956094661, -23.257096346332659 ], [ -46.91344953087637, -23.25709424015276 ], [ -46.913448361059935, -23.257092147864867 ], [ -46.913446066532444, -23.257091122558855 ], [ -46.913443772004989, -23.257090097252792 ], [ -46.913442602188681, -23.257088004964846 ], [ -46.913440322696346, -23.257088032748673 ], [ -46.913440292626262, -23.257085926568777 ], [ -46.913439152880109, -23.257085940460687 ], [ -46.913439107775012, -23.257082781190839 ], [ -46.913439077704957, -23.25708067501094 ], [ -46.913439047634903, -23.25707856883103 ], [ -46.913437877818787, -23.257076476543034 ], [ -46.91343784774876, -23.257074370363124 ], [ -46.913435568256645, -23.25707439814688 ], [ -46.913435538186654, -23.257072291966988 ], [ -46.91343550811667, -23.257070185787065 ], [ -46.913434338300682, -23.257068093499019 ], [ -46.913433168484737, -23.257066001210969 ], [ -46.913431998668827, -23.257063908922884 ], [ -46.91343082885296, -23.257061816634813 ], [ -46.913430798783061, -23.257059710454893 ], [ -46.91342850425626, -23.257058685148575 ], [ -46.913426209729494, -23.257057659842225 ], [ -46.913423915202763, -23.257056634535815 ], [ -46.913421635710932, -23.257056662319346 ], [ -46.913419371253966, -23.257057743192817 ], [ -46.913417091762106, -23.257057770976271 ], [ -46.913414812270254, -23.257057798759707 ], [ -46.913412532778395, -23.257057826543118 ], [ -46.913410253286528, -23.257057854326494 ], [ -46.913407973794662, -23.257057882109816 ], [ -46.913405694302796, -23.257057909893124 ], [ -46.913403414810922, -23.257057937676382 ], [ -46.913401135319049, -23.25705796545963 ], [ -46.913398855827168, -23.257057993242835 ], [ -46.913396606404639, -23.257060127205953 ], [ -46.913394326912716, -23.257060154989091 ], [ -46.91339207749008, -23.257062288952174 ], [ -46.913389797998114, -23.257062316735251 ], [ -46.913388688321362, -23.257064436806736 ], [ -46.913386408829361, -23.257064464589767 ], [ -46.913384159406526, -23.25706659855275 ], [ -46.913381879914468, -23.2570666263357 ], [ -46.913381909983606, -23.25706873251568 ], [ -46.913379630491519, -23.257068760298612 ], [ -46.913378520814561, -23.257070880370033 ], [ -46.913376241322432, -23.257070908152937 ], [ -46.913373976864804, -23.257071989025786 ], [ -46.913371712407148, -23.257073069898617 ], [ -46.913371742476137, -23.25707517607859 ], [ -46.913369462983923, -23.257075203861387 ], [ -46.913368353306758, -23.257077323932759 ], [ -46.913367243629551, -23.257079444004123 ], [ -46.913364964137259, -23.257079471786852 ], [ -46.913362684644966, -23.257079499569553 ], [ -46.913361574967659, -23.2570816196409 ], [ -46.913359310509726, -23.257082700513546 ], [ -46.913358200832334, -23.257084820584865 ], [ -46.913355936374323, -23.257085901457472 ], [ -46.913353671916262, -23.257086982330058 ], [ -46.913351407458173, -23.257088063202612 ], [ -46.913349127965709, -23.257088090985125 ], [ -46.913346863507563, -23.257089171857597 ], [ -46.913343459303121, -23.257090266621276 ], [ -46.913343489371691, -23.257092372801285 ], [ -46.913341209879142, -23.257092400583691 ], [ -46.913338930386601, -23.257092428366072 ], [ -46.9133389604551, -23.257094534546098 ], [ -46.913336680962516, -23.257094562328437 ], [ -46.913335571284676, -23.25709668239962 ], [ -46.913333306826253, -23.257097763271929 ], [ -46.913331042367801, -23.257098844144203 ], [ -46.913329932689834, -23.257100964215358 ], [ -46.913327653197122, -23.257100991997572 ], [ -46.913325388738571, -23.257102072869777 ], [ -46.913323154348241, -23.257105259921985 ], [ -46.913320889889569, -23.257106340794124 ], [ -46.913318610396757, -23.257106368576213 ], [ -46.913316360972104, -23.257108502538326 ], [ -46.913312956766887, -23.257109597301376 ], [ -46.913310677274012, -23.257109625083366 ], [ -46.913308412815155, -23.257110705955334 ], [ -46.913306148356263, -23.257111786827281 ], [ -46.913303883897328, -23.257112867699206 ], [ -46.913301619438357, -23.257113948571067 ], [ -46.913299339945389, -23.257113976352905 ], [ -46.913297075486362, -23.257115057224723 ], [ -46.913294811027285, -23.257116138096507 ], [ -46.913291421855561, -23.257118285949165 ], [ -46.913288002615978, -23.257118327621669 ], [ -46.913285753190621, -23.257120461583376 ], [ -46.913283488731359, -23.257121542455014 ], [ -46.913281239305881, -23.257123676416661 ], [ -46.913278989880332, -23.257125810378287 ], [ -46.913276725420914, -23.257126891249836 ], [ -46.913274460961468, -23.257127972121356 ], [ -46.913272211535734, -23.257130106082894 ], [ -46.91327110185658, -23.257132226153697 ], [ -46.913268837396991, -23.257133307025146 ], [ -46.913267727717766, -23.257135427095918 ], [ -46.913266618038506, -23.257137547166707 ], [ -46.91326550835921, -23.257139667237478 ], [ -46.91325930975411, -23.257134659308726 ], [ -46.91325943232944, -23.257125343583077 ], [ -46.913253426137906, -23.257117253610804 ], [ -46.913246071617657, -23.257115537556086 ], [ -46.913238962248087, -23.257117008460124 ], [ -46.913223027454208, -23.257105486378396 ], [ -46.913211260221814, -23.257089061283182 ], [ -46.913203292824861, -23.257070797557883 ], [ -46.91319789951001, -23.257056823969418 ], [ -46.913173139291835, -23.257041869778242 ], [ -46.913162842963487, -23.257029367093814 ], [ -46.913144088936853, -23.257011103368537 ], [ -46.913130360499046, -23.256995658876004 ], [ -46.913119328718679, -23.256982175588885 ], [ -46.913105109979526, -23.256969918055123 ], [ -46.913087704281601, -23.256962318384211 ], [ -46.913061473159374, -23.256944912686286 ], [ -46.913034996886481, -23.256938538768733 ], [ -46.913001656394677, -23.256932655152532 ], [ -46.912979829832935, -23.256931440732021 ], [ -46.912977565373943, -23.256932521599225 ], [ -46.912976455691357, -23.256934641668195 ], [ -46.912974176201011, -23.256934669445098 ], [ -46.912971896710651, -23.256934697221954 ], [ -46.912969632251531, -23.256935778089055 ], [ -46.912967367792369, -23.25693685895612 ], [ -46.912965088301966, -23.256936886732891 ], [ -46.912965118364376, -23.256938992913401 ], [ -46.912962838873931, -23.256939020690151 ], [ -46.912960574414655, -23.256940101557127 ], [ -46.912958309955343, -23.256941182424072 ], [ -46.912956045495996, -23.256942263290973 ], [ -46.912952626260228, -23.256942304955881 ], [ -46.912950361800803, -23.256943385822716 ], [ -46.912948082310272, -23.256943413599249 ], [ -46.91294581785079, -23.256944494466016 ], [ -46.912944708167608, -23.256946614534801 ], [ -46.912942428677013, -23.256946642311252 ], [ -46.912940164217424, -23.256947723177941 ], [ -46.912939054534121, -23.256949843246701 ], [ -46.912936775043462, -23.256949871023078 ], [ -46.912934510583767, -23.256950951889689 ], [ -46.912932246124043, -23.256952032756288 ], [ -46.912929996695212, -23.256954166713133 ], [ -46.912927717204461, -23.256954194489381 ], [ -46.912927747266302, -23.256956300669934 ], [ -46.912925467775523, -23.256956328446154 ], [ -46.912924358091921, -23.256958448514823 ], [ -46.91292209363197, -23.25695952938127 ], [ -46.912919844202854, -23.256961663337986 ], [ -46.912917564711961, -23.256961691114096 ], [ -46.912915285221075, -23.256961718890174 ], [ -46.912913020760996, -23.256962799756518 ], [ -46.912911911077146, -23.256964919825094 ], [ -46.912909631586196, -23.256964947601091 ], [ -46.912907352095232, -23.256964975377059 ], [ -46.912905087635025, -23.256966056243282 ], [ -46.912902823174782, -23.256967137109466 ], [ -46.912900558714497, -23.256968217975643 ], [ -46.91289829425417, -23.256969298841781 ], [ -46.912896029793806, -23.256970379707887 ], [ -46.912894920109629, -23.256972499776371 ], [ -46.912892655649188, -23.256973580642445 ], [ -46.912891545964918, -23.256975700710914 ], [ -46.912891576026226, -23.256977806891499 ], [ -46.912889311565664, -23.25697888775753 ], [ -46.912889341626936, -23.256980993938143 ], [ -46.912889371688216, -23.256983100118745 ], [ -46.912889401749496, -23.256985206299344 ], [ -46.912889431810783, -23.256987312479943 ], [ -46.912889461872062, -23.256989418660556 ], [ -46.912889491933356, -23.256991524841155 ], [ -46.91288952199465, -23.256993631021761 ], [ -46.912890691801699, -23.256995723314489 ], [ -46.912891861608792, -23.256997815607214 ], [ -46.912890751924344, -23.256999935675683 ], [ -46.912890781985674, -23.257002041856289 ], [ -46.91289195179283, -23.257004134149003 ], [ -46.912893121600014, -23.257006226441703 ], [ -46.912893151661386, -23.257008332622306 ], [ -46.912894321468642, -23.257010424914995 ], [ -46.912894351530035, -23.257012531095587 ], [ -46.912894381591435, -23.257014637276175 ], [ -46.912896676113974, -23.257015662590636 ], [ -46.91289784592135, -23.257017754883293 ], [ -46.912899015728769, -23.257019847175929 ], [ -46.912901295220664, -23.257019819400025 ], [ -46.912901325282185, -23.257021925580609 ], [ -46.912901355343713, -23.25702403176119 ], [ -46.912901385405242, -23.257026137941775 ], [ -46.91290141546677, -23.257028244122345 ], [ -46.912901445528306, -23.257030350302927 ], [ -46.912901475589848, -23.257032456483497 ], [ -46.912902645397466, -23.257034548776097 ], [ -46.912903815205119, -23.257036641068691 ], [ -46.912904985012808, -23.257038733361263 ], [ -46.912907264505023, -23.257038705585252 ], [ -46.91290843431279, -23.257040797877789 ], [ -46.912909604120586, -23.257042890170336 ], [ -46.912910773928431, -23.257044982462848 ], [ -46.912913053420745, -23.257044954686741 ], [ -46.912915347943937, -23.257045980000893 ], [ -46.912915378005721, -23.257048086181445 ], [ -46.912915408067498, -23.257050192362019 ], [ -46.9129165778755, -23.257052284654467 ], [ -46.912917747683544, -23.257054376946915 ], [ -46.912917777745371, -23.257056483127467 ], [ -46.912917807807204, -23.25705858930802 ], [ -46.912917837869045, -23.257060695488576 ], [ -46.912917867930879, -23.257062801669122 ], [ -46.91291789799272, -23.257064907849667 ], [ -46.912917928054576, -23.257067014030216 ], [ -46.912917958116417, -23.257069120210765 ], [ -46.912917988178279, -23.257071226391307 ], [ -46.912920297732917, -23.257073304795615 ], [ -46.912920327794808, -23.257075410976153 ], [ -46.912920357856713, -23.257077517156688 ], [ -46.912920387918618, -23.257079623337233 ], [ -46.91292041798053, -23.257081729517772 ], [ -46.912920448042435, -23.257083835698303 ], [ -46.91292049313531, -23.257086994969114 ], [ -46.912920523197229, -23.25708910114966 ], [ -46.912920553259156, -23.257091207330198 ], [ -46.912920583321082, -23.257093313510733 ], [ -46.912920613383015, -23.257095419691272 ], [ -46.912919503698348, -23.257097539759943 ], [ -46.912919533760267, -23.257099645940482 ], [ -46.912918424075556, -23.257101766009157 ], [ -46.912918454137468, -23.257103872189685 ], [ -46.912919623946053, -23.25710596448209 ], [ -46.912919654007979, -23.257108070662621 ], [ -46.912918544323212, -23.257110190731289 ], [ -46.912918574385138, -23.257112296911824 ], [ -46.912918604447064, -23.257114403092345 ], [ -46.912918634508991, -23.257116509272898 ], [ -46.912918664570924, -23.257118615453425 ], [ -46.912918694632864, -23.25712072163396 ], [ -46.912918724694805, -23.257122827814481 ], [ -46.912918754756745, -23.257124933995012 ], [ -46.912918784818693, -23.257127040175551 ], [ -46.912918814880648, -23.257129146356075 ], [ -46.912918844942602, -23.257131252536603 ], [ -46.912918875004557, -23.257133358717127 ], [ -46.912921154498356, -23.257133330940814 ], [ -46.912921184560354, -23.257135437121335 ], [ -46.912921214622358, -23.257137543301855 ], [ -46.912921244684355, -23.257139649482383 ], [ -46.912921274746367, -23.257141755662904 ], [ -46.912921304808378, -23.257143861843431 ], [ -46.912922474617403, -23.257145954135765 ], [ -46.912924784173484, -23.257148032539895 ], [ -46.912925953982601, -23.257150124832204 ], [ -46.912928263538809, -23.25715220323627 ], [ -46.912928293600949, -23.257154309416787 ], [ -46.912928323663088, -23.257156415597283 ], [ -46.912928353725228, -23.257158521777797 ], [ -46.912930648250537, -23.257159547091565 ], [ -46.912930678312719, -23.257161653272068 ], [ -46.912932972838099, -23.257162678585789 ], [ -46.912933002900331, -23.257164784766303 ], [ -46.912934172709733, -23.257166877058527 ], [ -46.912936452204086, -23.257166849281944 ], [ -46.912937622013565, -23.25716894157414 ], [ -46.91293879182308, -23.257171033866317 ], [ -46.912939961632638, -23.257173126158484 ], [ -46.912942256158281, -23.257174151472054 ], [ -46.912942286220662, -23.257176257652553 ], [ -46.912944580746377, -23.257177282966083 ], [ -46.912945750556084, -23.257179375258193 ], [ -46.912945780618536, -23.257181481438678 ], [ -46.912946950428299, -23.257183573730771 ], [ -46.912949259985432, -23.257185652134474 ], [ -46.912950429795288, -23.257187744426535 ], [ -46.912950459857818, -23.257189850607016 ], [ -46.912951629667738, -23.257191942899059 ], [ -46.912952799477701, -23.257194035191102 ], [ -46.912955078972487, -23.257194007414224 ], [ -46.912956248782514, -23.257196099706238 ], [ -46.912958543308676, -23.25719712501953 ], [ -46.912958573371348, -23.257199231199998 ], [ -46.912960867897574, -23.257200256513254 ], [ -46.912960897960289, -23.257202362693707 ], [ -46.912960928023018, -23.257204468874157 ], [ -46.912960958085741, -23.257206575054639 ], [ -46.91296098814847, -23.257208681235078 ], [ -46.912963267643491, -23.257208653458058 ], [ -46.912964437453795, -23.257210745749997 ], [ -46.912964467516581, -23.257212851930436 ], [ -46.912965637326941, -23.257214944222355 ], [ -46.912967931853487, -23.257215969535494 ], [ -46.912970226380068, -23.257216994848594 ], [ -46.912970256442961, -23.257219101029019 ], [ -46.91297255096962, -23.257220126342087 ], [ -46.912974845496308, -23.257221151655113 ], [ -46.912977124991528, -23.25722112387788 ], [ -46.912979434549783, -23.257223202281036 ], [ -46.91298172907657, -23.257224227593948 ], [ -46.912984023603393, -23.25722525290681 ], [ -46.912986333161825, -23.257227331309867 ], [ -46.912988612657138, -23.257227303532463 ], [ -46.91299090718406, -23.257228328845233 ], [ -46.912993201711011, -23.257229354157964 ], [ -46.912995481206345, -23.257229326380457 ], [ -46.912997760701671, -23.257229298602912 ], [ -46.913000055228693, -23.257230323915547 ], [ -46.913002334724034, -23.25723029613793 ], [ -46.913004629251091, -23.257231321450494 ], [ -46.913006908746453, -23.25723129367282 ], [ -46.91300920327356, -23.257232318985299 ], [ -46.913011497800703, -23.257233344297752 ], [ -46.913013777296086, -23.257233316519969 ], [ -46.913016071823272, -23.257234341832355 ], [ -46.913018366350499, -23.257235367144695 ], [ -46.913020660877756, -23.257236392456996 ], [ -46.913021830689196, -23.257238484748417 ], [ -46.913024110184644, -23.257238456970484 ], [ -46.91302414024841, -23.257240563150866 ], [ -46.913026434775794, -23.257241588463071 ], [ -46.913026464839604, -23.257243694643435 ], [ -46.913028759367066, -23.257244719955615 ], [ -46.913029929178705, -23.257246812246958 ], [ -46.913029959242579, -23.257248918427315 ], [ -46.913031129054275, -23.25725101071864 ], [ -46.913033408549929, -23.257250982940569 ], [ -46.913033438613859, -23.257253089120915 ], [ -46.913034608425654, -23.257255181412223 ], [ -46.913034638489613, -23.257257287592559 ], [ -46.913034668553564, -23.257259393772912 ], [ -46.913035838365445, -23.257261486064206 ], [ -46.913038132893277, -23.257262511376208 ], [ -46.913039302705243, -23.257264603667466 ], [ -46.91303933276928, -23.257266709847794 ], [ -46.913039362833331, -23.257268816028137 ], [ -46.913040532645368, -23.257270908319377 ], [ -46.91304056270944, -23.257273014499727 ], [ -46.913041732521542, -23.257275106790928 ], [ -46.913041762585635, -23.257277212971275 ], [ -46.913045181829759, -23.257277171303862 ], [ -46.913045211893916, -23.257279277484201 ], [ -46.913045241958073, -23.257281383664527 ], [ -46.913045272022231, -23.257283489844859 ], [ -46.913045302086395, -23.257285596025181 ], [ -46.913045332150567, -23.257287702205517 ], [ -46.913046501962882, -23.257289794496689 ], [ -46.913047671775239, -23.257291886787851 ], [ -46.913047701839453, -23.257293992968169 ], [ -46.913047731903674, -23.257296099148487 ], [ -46.913047761967889, -23.257298205328819 ], [ -46.913050056496452, -23.257299230640601 ], [ -46.913052366057201, -23.257301309042511 ], [ -46.913053535869757, -23.257303401333608 ], [ -46.913054705682356, -23.257305493624703 ], [ -46.91305587549499, -23.257307585915765 ], [ -46.913057045307667, -23.257309678206827 ], [ -46.91305821512038, -23.257311770497871 ], [ -46.913060524681477, -23.257313848899635 ], [ -46.913061694494282, -23.257315941190651 ], [ -46.913061724558752, -23.257318047370955 ], [ -46.91306289437162, -23.257320139661946 ], [ -46.913064064184518, -23.257322231952951 ], [ -46.913064094249037, -23.257324338133238 ], [ -46.913065264062006, -23.257326430424225 ], [ -46.91306755859118, -23.257327455735698 ], [ -46.913067588655757, -23.257329561916016 ], [ -46.913069883185003, -23.25733058722744 ], [ -46.91307105299812, -23.25733267951837 ], [ -46.913071083062754, -23.257334785698639 ], [ -46.91307337759212, -23.257335811010041 ], [ -46.913075657089159, -23.257335783231252 ], [ -46.913074547405344, -23.257337903300925 ], [ -46.913075717218597, -23.257339995591813 ], [ -46.913077996715707, -23.257339967812985 ], [ -46.913078026780461, -23.25734207399325 ], [ -46.913080321309998, -23.257343099304524 ], [ -46.913081506155805, -23.257346244685483 ], [ -46.913083785653015, -23.257346216906566 ], [ -46.913084955466488, -23.257348309197351 ], [ -46.91308612528001, -23.257350401488129 ], [ -46.913087295093561, -23.257352493778903 ], [ -46.913089589623347, -23.257353519090014 ], [ -46.913089619688307, -23.257355625270272 ], [ -46.913091929250662, -23.257357703671488 ], [ -46.913094238813088, -23.257359782072641 ], [ -46.913096518310503, -23.257359754293528 ], [ -46.913098827873036, -23.257361832694613 ], [ -46.913099997686899, -23.25736392498527 ], [ -46.913103416933119, -23.257363883316444 ], [ -46.913103446998306, -23.25736598949667 ], [ -46.913104616812284, -23.257368081787295 ], [ -46.91310689630982, -23.257368054008015 ], [ -46.913108066123876, -23.257370146298587 ], [ -46.913109235937952, -23.257372238589145 ], [ -46.913111515435567, -23.257372210809798 ], [ -46.913112685249715, -23.257374303100345 ], [ -46.913113855063912, -23.257376395390857 ], [ -46.913116134561584, -23.257376367611435 ], [ -46.913117304375852, -23.257378459901929 ], [ -46.913118474190149, -23.257380552192416 ], [ -46.913120753687892, -23.25738052441292 ], [ -46.913123063251156, -23.257382602813589 ], [ -46.913124233065581, -23.257384695104022 ], [ -46.913126527596177, -23.257385720414529 ], [ -46.913128822126808, -23.257386745725022 ], [ -46.913131116657468, -23.257387771035472 ], [ -46.913133411188156, -23.257388796345886 ], [ -46.913135690686019, -23.257388768566148 ], [ -46.913137985216764, -23.257389793876495 ], [ -46.913140264714627, -23.257389766096708 ], [ -46.913142544212491, -23.257389738316881 ], [ -46.913144823710361, -23.25738971053703 ], [ -46.913147103208217, -23.25738968275714 ], [ -46.913149382706074, -23.257389654977214 ], [ -46.913151662203923, -23.257389627197256 ], [ -46.913153956734789, -23.257390652507354 ], [ -46.913156251265683, -23.257391677817406 ], [ -46.913160391456699, -23.257399422037686 ], [ -46.913179542340707, -23.257426151987556 ], [ -46.913180712156411, -23.257428244277445 ], [ -46.913181881972164, -23.257430336567353 ], [ -46.913181912038688, -23.257432442747479 ], [ -46.913183081854505, -23.257434535037369 ], [ -46.91318311192105, -23.257436641217492 ], [ -46.913183141987602, -23.257438747397604 ], [ -46.913183172054161, -23.25744085357773 ], [ -46.913184341870071, -23.257442945867599 ], [ -46.913184371936651, -23.257445052047707 ], [ -46.913184402003232, -23.25744715822783 ], [ -46.913186696535327, -23.257448183537353 ], [ -46.91318672660195, -23.257450289717468 ], [ -46.913189021134116, -23.257451315026973 ], [ -46.913189051200781, -23.257453421207071 ], [ -46.913189081267447, -23.257455527387172 ], [ -46.913191360766362, -23.257455499606571 ], [ -46.91319139083307, -23.25745760578668 ], [ -46.913191420899786, -23.257459711966781 ], [ -46.913193700398772, -23.257459684186134 ], [ -46.913193730465522, -23.257461790366236 ], [ -46.913193760532273, -23.257463896546348 ], [ -46.91319604003133, -23.257463868765655 ], [ -46.913197209847667, -23.257465961055392 ], [ -46.913198379664045, -23.257468053345125 ], [ -46.913198409730882, -23.257470159525209 ], [ -46.913200689230038, -23.257470131744455 ], [ -46.913200719296917, -23.257472237924549 ], [ -46.913203013829552, -23.257473263233788 ], [ -46.913204183646094, -23.257475355523471 ], [ -46.913205353462665, -23.257477447813141 ], [ -46.913207647995435, -23.257478473122308 ], [ -46.913208817812091, -23.257480565411942 ], [ -46.91320998762879, -23.257482657701559 ], [ -46.913210017695825, -23.257484763881635 ], [ -46.913212312228751, -23.257485789190735 ], [ -46.913212357329378, -23.257488948460839 ], [ -46.91321465186239, -23.257489973769889 ], [ -46.913216946395444, -23.257490999078904 ], [ -46.913218116212363, -23.257493091368449 ], [ -46.913220410745495, -23.257494116677407 ], [ -46.913221580562499, -23.257496208966913 ], [ -46.913223875095703, -23.257497234275824 ], [ -46.913226169628942, -23.25749825958469 ], [ -46.913226199696254, -23.257500365764738 ], [ -46.913228509263242, -23.257502444163592 ], [ -46.913229679080452, -23.257504536453023 ], [ -46.913231973613861, -23.257505561761796 ], [ -46.91323200368128, -23.257507667941841 ], [ -46.913234283181026, -23.257507640160551 ], [ -46.913235452998379, -23.25750973244994 ], [ -46.913237732498153, -23.257509704668596 ], [ -46.913237762565672, -23.257511810848612 ], [ -46.913237792633183, -23.25751391702865 ], [ -46.913240087166812, -23.257514942337302 ], [ -46.913240117234366, -23.257517048517325 ], [ -46.913242411768067, -23.25751807382591 ], [ -46.91324358158564, -23.257520166115224 ], [ -46.913245891153245, -23.257522244513773 ], [ -46.91324706097091, -23.257524336803041 ], [ -46.913249340470919, -23.257524309021512 ], [ -46.913249370538637, -23.257526415201536 ], [ -46.91325055539027, -23.257529560580778 ], [ -46.913251725208085, -23.25753165287 ], [ -46.913254019742112, -23.257532678178393 ], [ -46.913254049809922, -23.257534784358405 ], [ -46.913256329310094, -23.257534756576771 ], [ -46.913256359377939, -23.257536862756783 ], [ -46.913258668946035, -23.257538941155104 ], [ -46.913258729081811, -23.257543153515101 ], [ -46.913261023616087, -23.257544178823387 ], [ -46.913261053684025, -23.257546285003379 ], [ -46.913263363252355, -23.257548363401625 ], [ -46.913265672820764, -23.257550441799811 ], [ -46.913267967355218, -23.257551467107994 ], [ -46.913267997423269, -23.257553573287964 ], [ -46.913270306991841, -23.25755565168609 ], [ -46.913270337059927, -23.257557757866078 ], [ -46.913272646628613, -23.257559836264139 ], [ -46.913272676696749, -23.257561942444131 ], [ -46.913272706764886, -23.257564048624101 ], [ -46.913273876583375, -23.257566140913116 ], [ -46.913273906651533, -23.257568247093094 ], [ -46.913276201186356, -23.257569272401099 ], [ -46.913277371004952, -23.257571364690079 ], [ -46.913277401073174, -23.257573470870046 ], [ -46.91327743114141, -23.257575577050016 ], [ -46.913278600960084, -23.257577669338961 ], [ -46.913279770778793, -23.257579761627913 ], [ -46.913280940597538, -23.257581853916854 ], [ -46.913280970665838, -23.257583960096813 ], [ -46.913282140484647, -23.257586052385733 ], [ -46.913282170552975, -23.257588158565689 ], [ -46.913282200621296, -23.257590264745637 ], [ -46.913282230689624, -23.257592370925604 ], [ -46.91328226075796, -23.257594477105556 ], [ -46.913282290826295, -23.257596583285519 ], [ -46.913284570327491, -23.257596555503401 ], [ -46.913286864862883, -23.257597580811218 ], [ -46.913286894931296, -23.257599686991171 ], [ -46.913289189466759, -23.257600712298949 ], [ -46.913290359285867, -23.257602804587798 ], [ -46.913292653821408, -23.257603829895523 ], [ -46.913293823640586, -23.257605922184332 ], [ -46.913296103141924, -23.257605894402033 ], [ -46.913298397677558, -23.25760691970968 ], [ -46.913300692213227, -23.257607945017273 ], [ -46.913301862032576, -23.257610037306009 ], [ -46.91330414153397, -23.257610009523596 ], [ -46.913306421035358, -23.257609981741137 ], [ -46.913306451104098, -23.257612087921061 ], [ -46.913306466138472, -23.257613141011028 ], [ -46.91330649620722, -23.257615247190941 ], [ -46.913307666026718, -23.257617339479634 ], [ -46.913309960562636, -23.257618364787085 ], [ -46.913311130382226, -23.257620457075731 ], [ -46.913313424918215, -23.257621482383122 ], [ -46.913315719454239, -23.257622507690471 ], [ -46.913315749523143, -23.257624613870387 ], [ -46.913318044059238, -23.2576256391777 ], [ -46.913319213879014, -23.257627731466272 ], [ -46.913321523449696, -23.257629809863477 ], [ -46.913323817985919, -23.257630835170701 ], [ -46.913324987805836, -23.257632927459227 ], [ -46.913327282342138, -23.257633952766394 ], [ -46.913329576878475, -23.257634978073526 ], [ -46.913329606947613, -23.25763708425341 ], [ -46.913333026200341, -23.257637042579116 ], [ -46.913334196020465, -23.25763913486756 ], [ -46.913336490556937, -23.257640160174564 ], [ -46.913337660377138, -23.257642252462983 ], [ -46.913339954913695, -23.25764327776994 ], [ -46.913341124733975, -23.257645370058313 ], [ -46.913342294554305, -23.257647462346661 ], [ -46.913342324623663, -23.257649568526539 ], [ -46.91334461916037, -23.257650593833418 ], [ -46.913344649229771, -23.257652700013281 ], [ -46.913345819050214, -23.257654792301608 ], [ -46.913345849119636, -23.257656898481475 ], [ -46.913347018940151, -23.25765899076978 ], [ -46.913347049009595, -23.257661096949633 ], [ -46.913348218830166, -23.257663189237935 ], [ -46.913349388650779, -23.257665281526211 ], [ -46.913350558471421, -23.257667373814485 ], [ -46.913352853008504, -23.257668399121219 ], [ -46.913352883078062, -23.257670505301071 ], [ -46.913354052898811, -23.257672597589309 ], [ -46.913356347436, -23.257673622895997 ], [ -46.913357517256841, -23.257675715184195 ], [ -46.913357547326477, -23.257677821364037 ], [ -46.913359856898623, -23.257679899760568 ], [ -46.913362136401133, -23.257679871977224 ], [ -46.913362166470847, -23.25768197815707 ], [ -46.913363336291852, -23.257684070445222 ], [ -46.913365615794426, -23.257684042661829 ], [ -46.913365645864204, -23.25768614884165 ], [ -46.913365675933981, -23.257688255021478 ], [ -46.91336795543662, -23.257688227238049 ], [ -46.913370249974179, -23.257689252544491 ], [ -46.913371419795382, -23.257691344832569 ], [ -46.913373714333026, -23.257692370138962 ], [ -46.913376008870699, -23.257693395445322 ], [ -46.913378303408408, -23.257694420751641 ], [ -46.913379473229782, -23.257696513039644 ], [ -46.913381767767568, -23.257697538345912 ], [ -46.913384062305383, -23.257698563652124 ], [ -46.913385232126885, -23.257700655940081 ], [ -46.913386401948422, -23.257702748228017 ], [ -46.913387571769995, -23.257704840515959 ], [ -46.91338986630798, -23.257705865822079 ], [ -46.91338989637817, -23.257707972001878 ], [ -46.913392190916227, -23.257708997307962 ], [ -46.913393360737956, -23.257711089595837 ], [ -46.913394530559721, -23.257713181883695 ], [ -46.913396825097898, -23.257714207189718 ], [ -46.913397994919748, -23.25771629947754 ], [ -46.913399164741634, -23.257718391765351 ], [ -46.913400334563555, -23.257720484053159 ], [ -46.913401504385519, -23.257722576340949 ], [ -46.913403798923909, -23.257723601646852 ], [ -46.913404968745958, -23.257725693934617 ], [ -46.913406138568043, -23.257727786222354 ], [ -46.913408433106554, -23.257728811528185 ], [ -46.913409602928724, -23.257730903815897 ], [ -46.91341188243203, -23.257730876031786 ], [ -46.913413052254263, -23.257732968319466 ], [ -46.913415331757612, -23.257732940535288 ], [ -46.913415361828235, -23.257735046715059 ], [ -46.913417656366939, -23.257736072020727 ], [ -46.913417686437604, -23.257738178200476 ], [ -46.913419980976379, -23.257739203506119 ], [ -46.913421150798825, -23.257741295793721 ], [ -46.913422320621308, -23.257743388081316 ], [ -46.913424615160203, -23.257744413386874 ], [ -46.91342464523099, -23.257746519566613 ], [ -46.913426924734544, -23.257746491782264 ], [ -46.913428094557169, -23.257748584069802 ], [ -46.913429264379829, -23.257750676357343 ], [ -46.913431558918894, -23.257751701662787 ], [ -46.913431588989802, -23.257753807842498 ], [ -46.913432758812569, -23.257755900130014 ], [ -46.913435038316273, -23.257755872345534 ], [ -46.913436208139103, -23.257757964633004 ], [ -46.913437377961984, -23.257760056920468 ], [ -46.91343856282041, -23.257763202297767 ], [ -46.913438592891445, -23.257765308477488 ], [ -46.913438622962488, -23.257767414657192 ], [ -46.913440902466377, -23.257767386872615 ], [ -46.913440932537455, -23.257769493052344 ], [ -46.913443227076932, -23.257770518357582 ], [ -46.913445521616445, -23.257771543662784 ], [ -46.913446691439603, -23.257773635950155 ], [ -46.913448970943577, -23.257773608165454 ], [ -46.913449001014797, -23.257775714345154 ], [ -46.91345017083804, -23.257777806632479 ], [ -46.913450200909281, -23.257779912812182 ], [ -46.913452495449, -23.257780938117278 ], [ -46.913454774953102, -23.257780910332489 ], [ -46.913454805024422, -23.257783016512171 ], [ -46.913455974847828, -23.257785108799446 ], [ -46.913458254351987, -23.257785081014596 ], [ -46.913458299459052, -23.257788240284114 ], [ -46.913460593998984, -23.257789265589082 ], [ -46.913461763822539, -23.257791357876311 ], [ -46.913464058362536, -23.257792383181201 ], [ -46.913464088434019, -23.257794489360887 ], [ -46.913465258257673, -23.25779658164808 ], [ -46.913467552797798, -23.257797606952916 ], [ -46.913467582869337, -23.257799713132574 ], [ -46.913469877409526, -23.257800738437385 ], [ -46.913472186985558, -23.257802816831976 ], [ -46.913474496561662, -23.257804895226538 ], [ -46.913474526633323, -23.257807001406196 ], [ -46.913475696457262, -23.257809093693282 ], [ -46.913477975961804, -23.257809065908116 ], [ -46.913478006033529, -23.257811172087784 ], [ -46.913478036105253, -23.257813278267438 ], [ -46.913480330645754, -23.257814303572061 ], [ -46.91348150046985, -23.257816395859095 ], [ -46.913482670293988, -23.257818488146128 ], [ -46.913483840118168, -23.257820580433133 ], [ -46.913485009942377, -23.257822672720124 ], [ -46.91348504001423, -23.257824778899788 ], [ -46.913487319519035, -23.25782475111447 ], [ -46.913487349590923, -23.257826857294109 ], [ -46.913489629095757, -23.257826829508758 ], [ -46.913490798920122, -23.257828921795703 ], [ -46.913493093460986, -23.257829947100106 ], [ -46.913494263285429, -23.25783203938704 ], [ -46.913496557826363, -23.257833064691386 ], [ -46.913498852367333, -23.257834089995704 ], [ -46.913501131872273, -23.257834062210179 ], [ -46.913501161944396, -23.257836168389797 ], [ -46.913503441449372, -23.257836140604237 ], [ -46.91350347152153, -23.257838246783844 ], [ -46.913506905815147, -23.257839258195251 ], [ -46.913508075639896, -23.257841350482028 ], [ -46.913510370181086, -23.257842375786172 ], [ -46.913511540005921, -23.257844468072925 ], [ -46.913513819511017, -23.257844440287197 ], [ -46.913513849583353, -23.257846546466801 ], [ -46.913516129088492, -23.257846518681053 ], [ -46.913516159160864, -23.25784862486065 ], [ -46.913517328985847, -23.257850717147345 ], [ -46.913519608491043, -23.257850689361526 ], [ -46.913520793352326, -23.25785383473799 ], [ -46.913521963177423, -23.257855927024668 ], [ -46.913524242682705, -23.257855899238784 ], [ -46.91352541250788, -23.257857991525402 ], [ -46.913526582333091, -23.25786008381203 ], [ -46.913528876874736, -23.257861109115851 ], [ -46.913528906947327, -23.257863215295441 ], [ -46.91353120148905, -23.257864240599226 ], [ -46.913533511067129, -23.257866318992772 ], [ -46.913534680892546, -23.257868411279318 ], [ -46.913534710965244, -23.257870517458876 ], [ -46.913537005507131, -23.25787154276258 ], [ -46.913538175332654, -23.257873635049076 ], [ -46.913539345158206, -23.257875727335577 ], [ -46.913540486790559, -23.257875845078715 ], [ -46.913542826441834, -23.257880029651659 ], [ -46.913547385453157, -23.257879974079188 ], [ -46.913551974537455, -23.257882024686126 ], [ -46.913558843127596, -23.257884047506511 ], [ -46.913558903273803, -23.257888259865574 ], [ -46.913563462285367, -23.257888204292623 ], [ -46.913568021296911, -23.257888148719527 ], [ -46.913572640455094, -23.257892305505361 ], [ -46.913577199466758, -23.257892249931999 ], [ -46.913581818625353, -23.257896406717506 ], [ -46.913586377637131, -23.257896351143888 ], [ -46.913590966722516, -23.2578984017496 ], [ -46.913595525734337, -23.257898346175693 ], [ -46.913595585881737, -23.257902558534667 ], [ -46.913600144893692, -23.257902502960619 ], [ -46.913604733979476, -23.257904553565911 ], [ -46.913613882077442, -23.257906548596601 ], [ -46.913620720595489, -23.257906465234669 ], [ -46.913625339755868, -23.257910622018777 ], [ -46.913629898768008, -23.257910566443829 ], [ -46.913634487854466, -23.257912617048209 ], [ -46.91363907694106, -23.257914667652443 ], [ -46.913641416596072, -23.257918852223632 ], [ -46.913641476744964, -23.257923064582489 ], [ -46.913646065832019, -23.257925115186481 ], [ -46.913648405487443, -23.257929299757542 ], [ -46.91365074514303, -23.257933484328554 ], [ -46.913655334230576, -23.257935534932241 ], [ -46.913659923318249, -23.257937585535775 ], [ -46.913664482331214, -23.257937529959776 ], [ -46.913669071419079, -23.257939580563036 ], [ -46.913673630432093, -23.257939524986767 ], [ -46.91367821952015, -23.257941575589747 ], [ -46.913678279670265, -23.257945787948497 ], [ -46.913682838683464, -23.257945732371947 ], [ -46.913687397696656, -23.257945676795252 ], [ -46.913691956709826, -23.257945621218454 ], [ -46.913696515722982, -23.25794556564151 ], [ -46.913701074736124, -23.25794551006442 ], [ -46.913705633749252, -23.257945454487221 ], [ -46.913710192762373, -23.257945398909868 ], [ -46.913714781851112, -23.257947449511729 ], [ -46.913717121509052, -23.257951634081579 ], [ -46.913721710598104, -23.257953684683212 ], [ -46.913726269611452, -23.257953629105387 ], [ -46.91372860926986, -23.257957813675034 ], [ -46.913733228435234, -23.257961970455611 ], [ -46.913737817524861, -23.257964021056726 ], [ -46.913740157183817, -23.257968205626163 ], [ -46.913744776349901, -23.257972362406338 ], [ -46.913747116009247, -23.257976546975645 ], [ -46.913747176161628, -23.257980759334195 ], [ -46.91374723631403, -23.257984971692753 ], [ -46.913747296466447, -23.257989184051315 ], [ -46.913747356618877, -23.257993396409862 ], [ -46.913747416771322, -23.257997608768402 ], [ -46.913747476923774, -23.25800182112695 ], [ -46.913747537076247, -23.258006033485497 ], [ -46.913747597228728, -23.258010245844044 ], [ -46.913743038213511, -23.258010301422619 ], [ -46.913743098365863, -23.258014513781166 ], [ -46.91374315851823, -23.25801872613971 ], [ -46.913743218670618, -23.258022938498254 ], [ -46.91374327882302, -23.25802715085679 ], [ -46.913741059467455, -23.258031391004607 ], [ -46.913738840111762, -23.258035631152381 ], [ -46.913738900264057, -23.258039843510929 ], [ -46.91373434124781, -23.258039899089319 ], [ -46.913734431476072, -23.258046217627161 ], [ -46.913734491628254, -23.258050429985701 ], [ -46.913734551780465, -23.258054642344266 ], [ -46.913734611932682, -23.258058854702799 ], [ -46.913734672084914, -23.25806306706134 ], [ -46.91373473223716, -23.258067279419897 ], [ -46.913737071898083, -23.258071463989207 ], [ -46.913739411559156, -23.258075648558481 ], [ -46.913741751220392, -23.258079833127713 ], [ -46.913744090881771, -23.258084017696895 ], [ -46.913744151034372, -23.258088230055399 ], [ -46.913748740128625, -23.258090280655871 ], [ -46.913753299146549, -23.258090225076952 ], [ -46.913757858164459, -23.258090169497898 ], [ -46.913762417182355, -23.258090113918701 ], [ -46.913766976200236, -23.258090058339388 ], [ -46.91377153521811, -23.258090002759939 ], [ -46.913776094235963, -23.258089947180363 ], [ -46.913780653253802, -23.258089891600669 ], [ -46.913785212271634, -23.258089836020812 ], [ -46.913789771289444, -23.258089780440837 ], [ -46.913796609816139, -23.258089697070627 ], [ -46.913801168833913, -23.258089641490315 ], [ -46.913805757928955, -23.258091692089049 ], [ -46.913808097592501, -23.258095876657119 ], [ -46.913812686687848, -23.258097927255641 ], [ -46.91381727578333, -23.258099977854005 ], [ -46.913821834801404, -23.258099922273072 ], [ -46.913824174465603, -23.258104106840864 ], [ -46.913828763561455, -23.258106157438863 ], [ -46.913833352657434, -23.258108208036727 ], [ -46.913837971831363, -23.25811236481357 ], [ -46.913844840436937, -23.258114387620314 ], [ -46.913849459611427, -23.25811854439678 ], [ -46.913854048708117, -23.258120594993979 ], [ -46.913858607726795, -23.258120539411937 ], [ -46.913863166745458, -23.258120483829757 ], [ -46.913865506411298, -23.258124668396814 ], [ -46.913870065430082, -23.258124612814424 ], [ -46.913870125586762, -23.258128825172598 ], [ -46.913874684605673, -23.258128769590073 ], [ -46.913881583291058, -23.258132898574164 ], [ -46.913881643448129, -23.25813711093231 ], [ -46.913886202467289, -23.258137055349419 ], [ -46.913890791565123, -23.25813910594546 ], [ -46.913893131232165, -23.25814329051202 ], [ -46.913897720330304, -23.258145341107841 ], [ -46.913902309428579, -23.258147391703517 ], [ -46.913906898526982, -23.258149442299036 ], [ -46.913911517704548, -23.258153599073459 ], [ -46.913913857372513, -23.258157783639643 ], [ -46.913918446471435, -23.258159834234785 ], [ -46.913920786139727, -23.258164018800837 ], [ -46.913923125808175, -23.258168203366832 ], [ -46.913927714907587, -23.258170253961673 ], [ -46.913927775066213, -23.258174466319691 ], [ -46.913932364165902, -23.258176516914386 ], [ -46.913936983345202, -23.258180673687921 ], [ -46.913937043504141, -23.258184886045893 ], [ -46.91394160252478, -23.258184830461296 ], [ -46.913943942194273, -23.258189015026918 ], [ -46.913948561374362, -23.258193171800059 ], [ -46.913953150474988, -23.258195222394072 ], [ -46.913955490145028, -23.25819940695947 ], [ -46.913960079245975, -23.258201457553255 ], [ -46.913964668347049, -23.258203508146909 ], [ -46.913969257448258, -23.258205558740411 ], [ -46.913969317608284, -23.258209771098294 ], [ -46.913973906709771, -23.258211821691635 ], [ -46.913978495811399, -23.258213872284831 ], [ -46.913983054832919, -23.258213816698973 ], [ -46.913985394504223, -23.258218001263838 ], [ -46.913987734175684, -23.258222185828643 ], [ -46.913992323277853, -23.258224236421409 ], [ -46.913994662949648, -23.258228420986079 ], [ -46.913999221971615, -23.258228365399731 ], [ -46.914003811074153, -23.258230415992113 ], [ -46.914006150746424, -23.258234600556584 ], [ -46.914010739849275, -23.258236651148756 ], [ -46.91401532895226, -23.25823870174079 ], [ -46.914015389113828, -23.258242914098524 ], [ -46.914019978217091, -23.258244964690405 ], [ -46.914024567320489, -23.258247015282137 ], [ -46.914024627482384, -23.258251227639853 ], [ -46.914029216586066, -23.258253278231415 ], [ -46.91402927674811, -23.258257490589134 ], [ -46.914033835770972, -23.258257435001696 ], [ -46.914033895933187, -23.258261647359401 ], [ -46.91403845495617, -23.258261591771802 ], [ -46.914038515118541, -23.258265804129504 ], [ -46.914038575280912, -23.258270016487199 ], [ -46.914043164385447, -23.258272067078284 ], [ -46.914045504059722, -23.25827625164202 ], [ -46.914045564222349, -23.258280463999686 ], [ -46.91405018340874, -23.25828462076937 ], [ -46.914054802595409, -23.258288777538894 ], [ -46.914059421782362, -23.258292934308265 ], [ -46.914064010887984, -23.258294984898665 ], [ -46.914068630075434, -23.258299141667738 ], [ -46.914070969751016, -23.258303326230997 ], [ -46.914075528775321, -23.258303270642237 ], [ -46.914077868451194, -23.25830745520539 ], [ -46.914082457557562, -23.258309505795186 ], [ -46.914087046664065, -23.258311556384864 ], [ -46.914091665852794, -23.258315713153149 ], [ -46.914094005529392, -23.25831989771601 ], [ -46.914098594636414, -23.258321948305301 ], [ -46.91410318374357, -23.258323998894443 ], [ -46.914103243908151, -23.258328211251946 ], [ -46.914107802933216, -23.258328155662202 ], [ -46.914112361958274, -23.258328100072326 ], [ -46.914112422123154, -23.258332312429779 ], [ -46.91411701123085, -23.258334363018491 ], [ -46.914119350908592, -23.258338547580877 ], [ -46.914121690586484, -23.258342732143209 ], [ -46.914124030264524, -23.258346916705502 ], [ -46.914126369942721, -23.258351101267756 ], [ -46.914130989134044, -23.25835525803469 ], [ -46.914133328812618, -23.258359442596802 ], [ -46.914135668491348, -23.258363627158868 ], [ -46.914140287683388, -23.258367783925475 ], [ -46.914142627362487, -23.258371968487417 ], [ -46.914142687528447, -23.258376180844785 ], [ -46.914147306721162, -23.258380337611147 ], [ -46.914149676483831, -23.258386628351595 ], [ -46.914154295677122, -23.258390785117722 ], [ -46.9141543558435, -23.258394997475033 ], [ -46.914158944953968, -23.258397048062317 ], [ -46.914159005120517, -23.258401260419639 ], [ -46.914161344800846, -23.258405444981193 ], [ -46.914163684481331, -23.258409629542712 ], [ -46.914163744648057, -23.258413841900008 ], [ -46.914163804814798, -23.258418054257305 ], [ -46.91416614449561, -23.258422238818753 ], [ -46.91416620466245, -23.258426451176035 ], [ -46.914168544343504, -23.258430635737433 ], [ -46.914168604510444, -23.258434848094712 ], [ -46.914170944191731, -23.258439032656053 ], [ -46.914171004358778, -23.258443245013311 ], [ -46.914173344040307, -23.258447429574595 ], [ -46.914173404207446, -23.25845164193186 ], [ -46.914178023403821, -23.258455798697028 ], [ -46.914178083571137, -23.258460011054275 ], [ -46.914178143738461, -23.258464223411512 ], [ -46.914178203905799, -23.258468435768744 ], [ -46.914178264073158, -23.258472648125974 ], [ -46.914178324240524, -23.258476860483196 ], [ -46.914180663922942, -23.258481045044306 ], [ -46.914183033689291, -23.258487335783968 ], [ -46.914187592719557, -23.258487280191549 ], [ -46.914192181833727, -23.258489330777582 ], [ -46.914196770948038, -23.258491381363502 ], [ -46.914201329978404, -23.258491325770663 ], [ -46.914205889008763, -23.2584912701777 ], [ -46.914210448039093, -23.258491214584609 ], [ -46.914215007069423, -23.258491158991372 ], [ -46.91421722641595, -23.258486918837594 ], [ -46.91422175536173, -23.258484757065617 ], [ -46.914226284307354, -23.258482595293522 ], [ -46.914228503653383, -23.258478355139609 ], [ -46.914233062683223, -23.258478299545892 ], [ -46.914233002514138, -23.258474087188802 ], [ -46.914235221859833, -23.258469847034799 ], [ -46.914239750804725, -23.258467685262357 ], [ -46.914239690635448, -23.258463472905284 ], [ -46.914241909980774, -23.258459232751228 ], [ -46.914246378755749, -23.258452858621556 ], [ -46.914248598100706, -23.258448618467412 ], [ -46.914250817445527, -23.258444378313243 ], [ -46.914250757275973, -23.258440165956177 ], [ -46.914250697106439, -23.258435953599108 ], [ -46.914252916451012, -23.258431713444921 ], [ -46.914255135795457, -23.25842747329073 ], [ -46.914259664738601, -23.258425311517801 ], [ -46.914259604568826, -23.25842109916076 ], [ -46.914261823912902, -23.258416859006477 ], [ -46.914264043256843, -23.258412618852169 ], [ -46.914266262600648, -23.258408378697833 ], [ -46.914268481944333, -23.258404138543469 ], [ -46.914270701287876, -23.258399898389101 ], [ -46.914270641117824, -23.258395686032063 ], [ -46.914275170059653, -23.258393524258778 ], [ -46.914277389402827, -23.258389284104343 ], [ -46.914277329232597, -23.258385071747309 ], [ -46.914279548575585, -23.258380831592831 ], [ -46.914279488405313, -23.258376619235801 ], [ -46.91428170774811, -23.258372379081298 ], [ -46.914283927090771, -23.258368138926787 ], [ -46.914286146433305, -23.258363898772238 ], [ -46.914286086262869, -23.258359686415222 ], [ -46.914288305605218, -23.258355446260655 ], [ -46.914288245434747, -23.258351233903625 ], [ -46.914292744289497, -23.258346965951453 ], [ -46.914294963631441, -23.258342725796815 ], [ -46.91429718297325, -23.258338485642149 ], [ -46.914297122802544, -23.258334273285129 ], [ -46.914301681827304, -23.25833421768975 ], [ -46.914301621656477, -23.258330005332752 ], [ -46.914303840997889, -23.258325765178022 ], [ -46.914306060339165, -23.258321525023256 ], [ -46.914308279680313, -23.258317284868475 ], [ -46.91430821950933, -23.258313072511481 ], [ -46.914310438850286, -23.258308832356672 ], [ -46.914312658191108, -23.258304592201853 ], [ -46.914312598020018, -23.258300379844865 ], [ -46.914314817360648, -23.25829613969001 ], [ -46.914314757189516, -23.25829192733303 ], [ -46.91431928612716, -23.258289765558732 ], [ -46.9143192259559, -23.258285553201741 ], [ -46.914319165784654, -23.258281340844771 ], [ -46.91431910561343, -23.258277128487787 ], [ -46.914316765930906, -23.258272943928681 ], [ -46.914316705759774, -23.2582687315717 ], [ -46.914312116651793, -23.258266680988875 ], [ -46.914312056480831, -23.258262468631862 ], [ -46.914311996309877, -23.258258256274839 ], [ -46.914311936138951, -23.258254043917827 ], [ -46.914309596457095, -23.258249859358571 ], [ -46.914309536286261, -23.258245647001544 ], [ -46.914307196604646, -23.258241462442246 ], [ -46.91430260749776, -23.258239411859059 ], [ -46.914302517241886, -23.258233093323483 ], [ -46.914297928135362, -23.258231042740132 ], [ -46.914295588454387, -23.25822685818061 ], [ -46.914293248773568, -23.258222673621031 ], [ -46.914290909092905, -23.258218489061406 ], [ -46.914286319987049, -23.25821643847766 ], [ -46.914283980306713, -23.258212253917922 ], [ -46.914281640626534, -23.258208069358126 ], [ -46.914277081606016, -23.258208124952645 ], [ -46.914274741926128, -23.258203940392725 ], [ -46.914270122736262, -23.258199783629895 ], [ -46.914265563715993, -23.258199839224055 ], [ -46.91426322403661, -23.258195654663929 ], [ -46.914258634931926, -23.258193604079306 ], [ -46.914254015742905, -23.258189447315935 ], [ -46.914249426638548, -23.258187396730989 ], [ -46.914244807450025, -23.258183239967337 ], [ -46.914240218346016, -23.2581811893821 ], [ -46.914235629242143, -23.258179138796748 ], [ -46.914231070222485, -23.258179194389871 ], [ -46.914228730544551, -23.25817500982912 ], [ -46.914224171525014, -23.258175065422023 ], [ -46.914219582421559, -23.258173014836171 ], [ -46.914215023402072, -23.258173070428811 ], [ -46.914208094621664, -23.258166835281546 ], [ -46.914203535602347, -23.258166890873834 ], [ -46.914201195925493, -23.258162706312596 ], [ -46.914196636906297, -23.258162761904682 ], [ -46.914194297229734, -23.258158577343327 ], [ -46.914189708127253, -23.258156526756512 ], [ -46.914187368451024, -23.258152342195029 ], [ -46.914180499839453, -23.258150319403764 ], [ -46.914178160163623, -23.258146134842097 ], [ -46.914173540978666, -23.258141978076072 ], [ -46.914168951877045, -23.258139927488592 ], [ -46.914164362775558, -23.258137876900971 ], [ -46.914162023100459, -23.258133692339012 ], [ -46.914157464082152, -23.258133747929893 ], [ -46.914155124407337, -23.258129563367824 ], [ -46.914152784732686, -23.258125378805705 ], [ -46.914152724567138, -23.258121166448223 ], [ -46.914150384892714, -23.258116981886044 ], [ -46.914145795792287, -23.258114931297797 ], [ -46.914143456118204, -23.258110746735493 ], [ -46.914138806853025, -23.258104483789506 ], [ -46.914136437096872, -23.258098193048287 ], [ -46.914134097423407, -23.258094008485795 ], [ -46.914134037258528, -23.25808979612826 ], [ -46.914129448159272, -23.258087745539452 ], [ -46.91412710848622, -23.258083560976822 ], [ -46.914122489305043, -23.258079404209003 ], [ -46.914122429140583, -23.258075191851425 ], [ -46.914117840041996, -23.258073141262223 ], [ -46.914117749795551, -23.258066822725837 ], [ -46.914113190779403, -23.258066878315283 ], [ -46.914113130615263, -23.258062665957681 ], [ -46.914110790943198, -23.258058481394723 ], [ -46.914108451271296, -23.258054296831727 ], [ -46.914106111599544, -23.258050112268691 ], [ -46.914101522502058, -23.258048061678938 ], [ -46.91409918283064, -23.258043877115778 ], [ -46.914099122667004, -23.258039664758112 ], [ -46.91409678299582, -23.258035480194888 ], [ -46.914096722832291, -23.258031267837229 ], [ -46.914094383161348, -23.258027083273944 ], [ -46.914092043490562, -23.258022898710617 ], [ -46.914089703819918, -23.258018714147244 ], [ -46.914087364149438, -23.258014529583825 ], [ -46.914087303986264, -23.258010317226127 ], [ -46.914082714890441, -23.258008266635706 ], [ -46.91408265472743, -23.258004054277986 ], [ -46.914080315057454, -23.257999869714435 ], [ -46.914080254894543, -23.257995657356712 ], [ -46.914075635717957, -23.257991500587163 ], [ -46.914071046622951, -23.257989449996344 ], [ -46.914070986460366, -23.257985237638586 ], [ -46.914070926297789, -23.257981025280827 ], [ -46.914066337203209, -23.257978974689845 ], [ -46.914063997534228, -23.257974790125953 ], [ -46.914061657865389, -23.257970605562033 ], [ -46.914059318196706, -23.257966420998056 ], [ -46.914059258034555, -23.257962208640262 ], [ -46.914059197872419, -23.257957996282464 ], [ -46.914054638859803, -23.257958051869963 ], [ -46.914054548616832, -23.25795173333325 ], [ -46.914052208948746, -23.257947548769117 ], [ -46.914052148786865, -23.257943336411294 ], [ -46.914049809119014, -23.257939151847111 ], [ -46.91404974895724, -23.257934939489278 ], [ -46.91404968879548, -23.257930727131445 ], [ -46.914045129783773, -23.257930782718617 ], [ -46.914045069622169, -23.257926570360766 ], [ -46.914042729954858, -23.257922385796419 ], [ -46.914042639712605, -23.257916067259643 ], [ -46.914038050620704, -23.25791401666763 ], [ -46.914037990459377, -23.257909804309762 ], [ -46.914033371287168, -23.257905647538635 ], [ -46.914031031620631, -23.257901462974079 ], [ -46.914028691954243, -23.257897278409462 ], [ -46.914026352288012, -23.25789309384481 ], [ -46.91402401262193, -23.257888909280112 ], [ -46.914021672956011, -23.257884724715367 ], [ -46.914019333290241, -23.257880540150563 ], [ -46.914019273129597, -23.257876327792609 ], [ -46.914014684039401, -23.257874277199807 ], [ -46.91401462387892, -23.257870064841839 ], [ -46.914012284213655, -23.257865880276906 ], [ -46.914009944548539, -23.25786169571191 ], [ -46.914007604883579, -23.257857511146877 ], [ -46.914005265218776, -23.257853326581802 ], [ -46.914002925554122, -23.257849142016667 ], [ -46.914002865394082, -23.257844929658678 ], [ -46.913998276305222, -23.25784287906529 ], [ -46.913995936640987, -23.25783869450002 ], [ -46.913995876481195, -23.257834482142002 ], [ -46.913995816321417, -23.25783026978397 ], [ -46.913995726081779, -23.257823951246937 ], [ -46.91398885748967, -23.2578219284459 ], [ -46.913986487746421, -23.257815637701427 ], [ -46.913984148083081, -23.257811453135911 ], [ -46.913981808419898, -23.257807268570343 ], [ -46.913979468756864, -23.257803084004735 ], [ -46.913979408597697, -23.257798871646671 ], [ -46.913977068934905, -23.257794687081017 ], [ -46.913977008775831, -23.257790474722924 ], [ -46.91397466911328, -23.257786290157203 ], [ -46.913970080026864, -23.25778423956282 ], [ -46.913967740364647, -23.257780054996967 ], [ -46.913965370623252, -23.257773764252022 ], [ -46.913965310464611, -23.257769551893901 ], [ -46.913965250305978, -23.257765339535766 ], [ -46.913967469650444, -23.257761099385409 ], [ -46.913967409491768, -23.257756887027281 ], [ -46.913967349333106, -23.257752674669149 ], [ -46.913967289174458, -23.25774846231101 ], [ -46.913967229015832, -23.257744249952868 ], [ -46.913967168857212, -23.257740037594729 ], [ -46.913967108698614, -23.257735825236583 ], [ -46.913967048540023, -23.25773161287843 ], [ -46.913966988381446, -23.257727400520288 ], [ -46.913966928222891, -23.257723188162124 ], [ -46.913966837985079, -23.257716869624907 ], [ -46.913966777826552, -23.257712657266747 ], [ -46.913966717668039, -23.25770844490858 ], [ -46.91396665750954, -23.25770423255042 ], [ -46.913966597351056, -23.257700020192267 ], [ -46.913968816694556, -23.257695780041939 ], [ -46.913968756536029, -23.257691567683771 ], [ -46.913968696377516, -23.257687355325594 ], [ -46.913968636219018, -23.257683142967441 ], [ -46.913968576060533, -23.257678930609266 ], [ -46.913968515902063, -23.257674718251089 ], [ -46.913968455743607, -23.257670505892914 ], [ -46.913968395585165, -23.257666293534736 ], [ -46.913968335426731, -23.257662081176569 ], [ -46.913965995766993, -23.257657896610489 ], [ -46.913965935608665, -23.257653684252293 ], [ -46.913965875450351, -23.257649471894101 ], [ -46.913965815292059, -23.257645259535899 ], [ -46.913965755133766, -23.257641047177714 ], [ -46.913961196131687, -23.257641102761781 ], [ -46.913958856472583, -23.257636918195555 ], [ -46.913956516813627, -23.257632733629272 ], [ -46.913956456655669, -23.257628521271052 ], [ -46.913954116996962, -23.257624336704719 ], [ -46.913949527916557, -23.257622286109299 ], [ -46.913947188258177, -23.257618101542832 ], [ -46.913947128100553, -23.257613889184576 ], [ -46.91394253902061, -23.257611838588929 ], [ -46.913942478863149, -23.257607626230641 ], [ -46.91394013920528, -23.257603441664045 ], [ -46.913937799547554, -23.2575992570974 ], [ -46.913937739390285, -23.257595044739102 ], [ -46.91393767923303, -23.25759083238081 ], [ -46.91393533957563, -23.257586647814087 ], [ -46.913932727792179, -23.257585480757882 ], [ -46.913933351541637, -23.257569679174502 ], [ -46.913903443152556, -23.257515500882281 ], [ -46.913900047346701, -23.257510057506718 ], [ -46.913897752808857, -23.25750903220807 ], [ -46.91389545827105, -23.257508006909383 ], [ -46.913893178772177, -23.257508034700265 ], [ -46.913890899273298, -23.257508062491116 ], [ -46.913888619774426, -23.257508090281934 ], [ -46.913886340275539, -23.257508118072721 ], [ -46.913884060776653, -23.257508145863465 ], [ -46.913881781277766, -23.257508173654195 ], [ -46.913879486740072, -23.257507148355259 ], [ -46.9138772072412, -23.2575071761459 ], [ -46.913877177163648, -23.257505069966655 ], [ -46.91387488262604, -23.257504044667645 ], [ -46.913872588088473, -23.25750301936861 ], [ -46.913871418261607, -23.257500927084639 ], [ -46.913869138762827, -23.257500954875159 ], [ -46.913866844225346, -23.257499929576024 ], [ -46.913866814147966, -23.257497823396765 ], [ -46.913865644321234, -23.257495731112744 ], [ -46.913863349783874, -23.257494705813542 ], [ -46.913863319706557, -23.257492599634279 ], [ -46.913862149879932, -23.257490507350219 ], [ -46.913862119802644, -23.257488401170946 ], [ -46.913860949976076, -23.257486308886875 ], [ -46.913858640400299, -23.257484230497944 ], [ -46.913857470573831, -23.257482138213845 ], [ -46.913857440496621, -23.257480032034561 ], [ -46.913856270670216, -23.257477939750441 ], [ -46.913855100843847, -23.25747584746631 ], [ -46.913852806306906, -23.25747482216692 ], [ -46.913852776229781, -23.25747271598765 ], [ -46.913852746152664, -23.257470609808358 ], [ -46.913850466654367, -23.257470637598583 ], [ -46.913849296828161, -23.257468545314385 ], [ -46.913848127001984, -23.257466453030197 ], [ -46.913848096924951, -23.257464346850902 ], [ -46.913846927098838, -23.257462254566683 ], [ -46.913844647600683, -23.257462282356816 ], [ -46.913844617523701, -23.257460176177503 ], [ -46.91384344769768, -23.257458083893269 ], [ -46.913841138122677, -23.257456005504043 ], [ -46.913839968296756, -23.257453913219756 ], [ -46.913838798470863, -23.257451820935461 ], [ -46.913838768393994, -23.257449714756152 ], [ -46.913838738317132, -23.25744760857684 ], [ -46.91383870824027, -23.257445502397541 ], [ -46.913837538414484, -23.257443410113225 ], [ -46.913837508337643, -23.25744130393392 ], [ -46.913836338511921, -23.257439211649579 ], [ -46.913836308435108, -23.257437105470277 ], [ -46.913836278358303, -23.257434999290968 ], [ -46.913833983822208, -23.257433973991251 ], [ -46.913833953745439, -23.257431867811931 ], [ -46.913833923668669, -23.257429761632611 ], [ -46.91383162913268, -23.257428736332855 ], [ -46.913830444268818, -23.257425590958807 ], [ -46.913829274443358, -23.257423498674399 ], [ -46.913829244366681, -23.257421392495083 ], [ -46.91382694983087, -23.257420367195252 ], [ -46.913825780005517, -23.257418274910798 ], [ -46.913825749928904, -23.257416168731478 ], [ -46.913824580103601, -23.257414076447038 ], [ -46.913824550027009, -23.2574119702677 ], [ -46.913822270529678, -23.257411998057442 ], [ -46.913822240453129, -23.257409891878108 ], [ -46.91382221037658, -23.257407785698764 ], [ -46.91381991584106, -23.257406760398808 ], [ -46.913819885764546, -23.257404654219457 ], [ -46.913818715939449, -23.257402561934956 ], [ -46.913816406365825, -23.257400483545265 ], [ -46.913816376289383, -23.257398377365909 ], [ -46.913816346212947, -23.257396271186565 ], [ -46.913815176387985, -23.257394178902008 ], [ -46.91381514631157, -23.25739207272267 ], [ -46.913815116235156, -23.257389966543322 ], [ -46.913815086158749, -23.25738786036397 ], [ -46.913815056082342, -23.257385754184607 ], [ -46.913815026005942, -23.257383648005252 ], [ -46.913814995929542, -23.257381541825907 ], [ -46.913814965853149, -23.257379435646541 ], [ -46.913814935776763, -23.257377329467186 ], [ -46.913813765952014, -23.257375237182625 ], [ -46.913811471417119, -23.257374211882489 ], [ -46.913811441340798, -23.257372105703134 ], [ -46.913810271516148, -23.257370013418523 ], [ -46.913810241439847, -23.257367907239161 ], [ -46.913810211363547, -23.257365801059784 ], [ -46.913810181287246, -23.257363694880421 ], [ -46.913807901790719, -23.257363722669908 ], [ -46.913806731966211, -23.257361630385272 ], [ -46.913806701889982, -23.257359524205899 ], [ -46.913805532065531, -23.257357431921236 ], [ -46.913805501989323, -23.257355325741859 ], [ -46.913805471913108, -23.257353219562496 ], [ -46.913805441836907, -23.257351113383123 ], [ -46.913805411760713, -23.257349007203736 ], [ -46.913805381684512, -23.257346901024359 ], [ -46.913806491356432, -23.257344780950284 ], [ -46.91380760102831, -23.257342660876191 ], [ -46.913807570952088, -23.257340554696821 ], [ -46.913807540875872, -23.257338448517444 ], [ -46.913805261379757, -23.25733847630686 ], [ -46.913809820371966, -23.25733842072799 ], [ -46.913809790295723, -23.25733631454862 ], [ -46.913810899967487, -23.257334194474513 ], [ -46.913812009639223, -23.257332074400392 ], [ -46.913811979562944, -23.257329968221022 ], [ -46.913811949486679, -23.257327862041649 ], [ -46.913814213944434, -23.257326781162451 ], [ -46.913814183868134, -23.257324674983082 ], [ -46.913814153791833, -23.257322568803719 ], [ -46.913815263463434, -23.257320448729587 ], [ -46.913817512882872, -23.257318314760667 ], [ -46.913817482806536, -23.257316208581305 ], [ -46.91381859247803, -23.257314088507147 ], [ -46.91381856240168, -23.257311982327781 ], [ -46.913820826859123, -23.25731090144852 ], [ -46.913820796782744, -23.257308795269143 ], [ -46.913821906454132, -23.257306675194986 ], [ -46.913823016125491, -23.257304555120811 ], [ -46.913822986049084, -23.257302448941441 ], [ -46.913822955972677, -23.257300342762079 ], [ -46.913824065643979, -23.257298222687908 ], [ -46.913824035567558, -23.257296116508535 ], [ -46.913824005491144, -23.257294010329165 ], [ -46.913823975414736, -23.257291904149806 ], [ -46.913822805590705, -23.257289811865235 ], [ -46.913822775514319, -23.257287705685858 ], [ -46.913821605690345, -23.257285613401276 ], [ -46.913819311156992, -23.257284588101165 ], [ -46.913819281080677, -23.257282481921774 ], [ -46.913820390751901, -23.257280361847641 ], [ -46.913822655208818, -23.257279280968362 ], [ -46.913822625132447, -23.257277174789003 ], [ -46.913824889589286, -23.257276093909709 ], [ -46.913825999260382, -23.257273973835535 ], [ -46.91382710893145, -23.257271853761345 ], [ -46.913828218602475, -23.257269733687146 ], [ -46.913828188526033, -23.257267627507783 ], [ -46.913830437944434, -23.257265493538743 ], [ -46.91383270240101, -23.257264412659367 ], [ -46.91383267232451, -23.257262306479994 ], [ -46.913834936781015, -23.257261225600573 ], [ -46.913837201237484, -23.257260144721148 ], [ -46.913837171160914, -23.257258038541785 ], [ -46.913838280831683, -23.257255918467539 ], [ -46.913840560326342, -23.257255890677737 ], [ -46.913840530249722, -23.257253784498371 ], [ -46.913841639920406, -23.2572516644241 ], [ -46.913841609843786, -23.257249558244744 ], [ -46.913843889338331, -23.257249530454896 ], [ -46.913843859261675, -23.25724742427554 ], [ -46.913843829185019, -23.257245318096189 ], [ -46.91384493885559, -23.257243198021882 ], [ -46.91384490877892, -23.257241091842541 ], [ -46.913847188273316, -23.257241064052661 ], [ -46.913847158196617, -23.257238957873309 ], [ -46.913848267867088, -23.257236837798988 ], [ -46.913848237790383, -23.257234731619647 ], [ -46.913850517284665, -23.25723470382972 ], [ -46.913851626955051, -23.2572325837554 ], [ -46.913853891410902, -23.257231502875758 ], [ -46.91385500108121, -23.257229382801405 ], [ -46.913856110751475, -23.257227262727049 ], [ -46.913857220421718, -23.257225142652707 ], [ -46.913859484877392, -23.257224061772998 ], [ -46.91386059454755, -23.257221941698607 ], [ -46.913862859003146, -23.25722086081884 ], [ -46.913862828926227, -23.25721875463951 ], [ -46.913862798849323, -23.257216648460176 ], [ -46.913862768772411, -23.257214542280821 ], [ -46.9138639385963, -23.257216634565122 ], [ -46.913863908519382, -23.257214528385791 ], [ -46.913866172974821, -23.257213447505979 ], [ -46.913868452468712, -23.257213419715818 ], [ -46.913870716924094, -23.257212338835956 ], [ -46.913882850495852, -23.257175231745403 ], [ -46.913882697712324, -23.257173221671859 ], [ -46.913884962166925, -23.257172140791845 ], [ -46.913887226621483, -23.257171059911798 ], [ -46.913890615783927, -23.257168912046829 ], [ -46.91389172545319, -23.257166791972281 ], [ -46.913893989907599, -23.257165711092156 ], [ -46.913896224284613, -23.257162524032676 ], [ -46.913896194207254, -23.257160417853356 ], [ -46.913896164129909, -23.257158311674043 ], [ -46.91389842858414, -23.257157230793847 ], [ -46.91389953825319, -23.257155110719264 ], [ -46.913900632883511, -23.257151937555012 ], [ -46.913900602806095, -23.257149831375706 ], [ -46.913902837182711, -23.257146644316133 ], [ -46.913905101636686, -23.257145563435873 ], [ -46.913905071559221, -23.257143457256554 ], [ -46.913906181228064, -23.257141337181938 ], [ -46.91390729089688, -23.257139217107301 ], [ -46.91390840056566, -23.257137097032661 ], [ -46.913909510234404, -23.257134976958028 ], [ -46.91391061990312, -23.257132856883363 ], [ -46.913910589825583, -23.257130750704061 ], [ -46.913913978986642, -23.257128602838687 ], [ -46.913913948909055, -23.257126496659389 ], [ -46.913916198323804, -23.257124362689321 ], [ -46.913918432699646, -23.257121175629599 ], [ -46.913918402622009, -23.257119069450297 ], [ -46.913920652036559, -23.257116935480198 ], [ -46.913922901451031, -23.257114801510046 ], [ -46.91392287137333, -23.257112695330761 ], [ -46.91392398104167, -23.257110575256043 ], [ -46.913926230455992, -23.257108441285862 ], [ -46.913927340124246, -23.257106321211108 ], [ -46.913927310046482, -23.257104215031827 ], [ -46.913928419714686, -23.25710209495708 ], [ -46.913929529382862, -23.257099974882316 ], [ -46.91392949930507, -23.257097868703024 ], [ -46.913931748719101, -23.257095734732797 ], [ -46.913931718641287, -23.257093628553502 ], [ -46.913931673524566, -23.257090469284574 ], [ -46.913931643446766, -23.257088363105289 ], [ -46.913931613368966, -23.257086256925991 ], [ -46.913933862782777, -23.257084122955739 ], [ -46.913933832704949, -23.257082016776458 ], [ -46.913936082118653, -23.257079882806163 ], [ -46.913936052040796, -23.257077776626886 ], [ -46.913937161708674, -23.257075656552097 ], [ -46.913938271376509, -23.257073536477286 ], [ -46.913940535828971, -23.257072455596596 ], [ -46.913940505751057, -23.257070349417312 ], [ -46.913942770203441, -23.25706926853659 ], [ -46.913942740125499, -23.257067162357302 ], [ -46.91394271004755, -23.257065056178032 ], [ -46.913944974499834, -23.257063975297292 ], [ -46.913944944421857, -23.257061869118004 ], [ -46.91394491434388, -23.257059762938724 ], [ -46.91394602401148, -23.257057642863884 ], [ -46.913945993933496, -23.257055536684593 ], [ -46.913945963855518, -23.257053430505323 ], [ -46.913945933777541, -23.257051324326042 ], [ -46.913945903699563, -23.257049218146747 ], [ -46.913944733876114, -23.257047125863025 ], [ -46.913944688759187, -23.257043966594107 ], [ -46.913944658681253, -23.257041860414812 ], [ -46.913944628603303, -23.257039754235517 ], [ -46.913944598525369, -23.257037648056237 ], [ -46.91394570819282, -23.257035527981401 ], [ -46.913946817860243, -23.257033407906569 ], [ -46.91394678778228, -23.257031301727277 ], [ -46.913949067272974, -23.257031273936153 ], [ -46.913949037194982, -23.257029167756873 ], [ -46.91394900711699, -23.257027061577581 ], [ -46.913950116784299, -23.257024941502717 ], [ -46.913951226451566, -23.25702282142786 ], [ -46.913953475864062, -23.257020687457402 ], [ -46.913953445786014, -23.257018581278114 ], [ -46.913955710237445, -23.257017500397271 ], [ -46.91395681990457, -23.257015380322372 ], [ -46.913957929571666, -23.257013260247479 ], [ -46.91395789949356, -23.257011154068199 ], [ -46.9139590091606, -23.257009033993288 ], [ -46.913961273611832, -23.257007953112375 ], [ -46.913961243533677, -23.257005846933101 ], [ -46.913962353200631, -23.257003726858166 ], [ -46.913964617651736, -23.25700264597722 ], [ -46.913965727318612, -23.257000525902274 ], [ -46.913966836985459, -23.256998405827336 ], [ -46.913967946652271, -23.256996285752372 ], [ -46.913970211103205, -23.256995204871345 ], [ -46.913970181024929, -23.256993098692078 ], [ -46.913971290691649, -23.256990978617111 ], [ -46.913971260613366, -23.256988872437834 ], [ -46.913973525064137, -23.256987791556774 ], [ -46.913974634730771, -23.256985671481768 ], [ -46.913975729358192, -23.256982498317143 ], [ -46.913976839024741, -23.256980378242147 ], [ -46.913979088436143, -23.256978244271377 ], [ -46.913980198102607, -23.256976124196356 ], [ -46.913981307769042, -23.256974004121332 ], [ -46.913982417435442, -23.25697188404629 ], [ -46.913984696925077, -23.256971856254715 ], [ -46.913984666846609, -23.256969750075449 ], [ -46.913984636768141, -23.256967643896211 ], [ -46.913988025923977, -23.256965496029522 ], [ -46.913989135590207, -23.256963375954466 ], [ -46.913989105511682, -23.256961269775204 ], [ -46.913989075433157, -23.256959163595958 ], [ -46.91399018509933, -23.25695704352087 ], [ -46.913991294765466, -23.256954923445782 ], [ -46.913993559215513, -23.256953842564474 ], [ -46.913993529136931, -23.256951736385229 ], [ -46.913994638802976, -23.25694961631012 ], [ -46.913996918292213, -23.256949588518385 ], [ -46.913998027958193, -23.256947468443276 ], [ -46.913999137624131, -23.256945348368134 ], [ -46.91400140207395, -23.256944267486734 ], [ -46.914003666523726, -23.256943186605291 ], [ -46.914004776189543, -23.256941066530132 ], [ -46.914005885855325, -23.256938946454959 ], [ -46.914006995521078, -23.256936826379786 ], [ -46.914008105186795, -23.256934706304616 ], [ -46.914008075108022, -23.256932600125378 ], [ -46.91400918477369, -23.256930480050183 ], [ -46.914009154694895, -23.256928373870938 ], [ -46.914009124616108, -23.256926267691721 ], [ -46.91400910957671, -23.256925214602081 ], [ -46.914010249321116, -23.256925200706135 ], [ -46.914012528809927, -23.256925172914219 ], [ -46.914012513770508, -23.256924119824614 ], [ -46.914014778219851, -23.256923038943032 ], [ -46.914017042669165, -23.256921958061419 ], [ -46.914021586607156, -23.25692084938774 ], [ -46.914023866095874, -23.256920821595653 ], [ -46.914026130545061, -23.256919740713911 ], [ -46.914028410033758, -23.256919712921768 ], [ -46.914030689522441, -23.256919685129574 ], [ -46.914032969011124, -23.256919657337352 ], [ -46.914035248499815, -23.256919629545102 ], [ -46.914037527988484, -23.256919601752823 ], [ -46.91403980747716, -23.256919573960499 ], [ -46.914042086965829, -23.256919546168149 ], [ -46.914044366454497, -23.256919518375767 ], [ -46.914046630903478, -23.256918437493759 ], [ -46.914048895352423, -23.256917356611716 ], [ -46.914048937166264, -23.256917336652847 ], [ -46.914053079749557, -23.25691728614472 ], [ -46.914057638726774, -23.256917230559598 ], [ -46.914062227783596, -23.256919281153529 ], [ -46.914066786760863, -23.25691922556814 ], [ -46.914073655306531, -23.256921248368975 ], [ -46.914075994954857, -23.256925432934437 ], [ -46.914082863500958, -23.256927455734843 ], [ -46.914085203149675, -23.256931640300142 ], [ -46.914089792207371, -23.256933690893195 ], [ -46.914092131856421, -23.256937875458377 ], [ -46.914092192016646, -23.25694208781664 ], [ -46.914094531665938, -23.256946272381754 ], [ -46.91409687131538, -23.256950456946825 ], [ -46.914099210964984, -23.256954641511854 ], [ -46.914099271125473, -23.256958853870092 ], [ -46.914099331285982, -23.256963066228323 ], [ -46.914099391446506, -23.256967278586551 ], [ -46.914104010585987, -23.256971435358199 ], [ -46.914104070746681, -23.256975647716409 ], [ -46.914108629725753, -23.256975592129688 ], [ -46.914113218785303, -23.256977642721921 ], [ -46.914117837925566, -23.256981799493104 ], [ -46.914122396904816, -23.256981743905964 ], [ -46.914126985964764, -23.256983794497778 ], [ -46.914131575024847, -23.256985845089439 ], [ -46.914138413493859, -23.256985761708059 ], [ -46.914142972473186, -23.256985706120318 ], [ -46.9141475314525, -23.256985650532439 ], [ -46.914152090431799, -23.256985594944421 ], [ -46.914156649411076, -23.256985539356283 ], [ -46.914161178309087, -23.256983377588977 ], [ -46.914167986696491, -23.256981188027289 ], [ -46.91417020602325, -23.256976947874961 ], [ -46.914174734920728, -23.256974786107293 ], [ -46.914179263818056, -23.256972624339504 ], [ -46.914181483144326, -23.256968384187044 ], [ -46.914186012041313, -23.25696622241907 ], [ -46.914190571019844, -23.256966166829994 ], [ -46.91419506983484, -23.256961898882782 ], [ -46.914197289160434, -23.256957658730133 ], [ -46.914201818056789, -23.256955496961748 ], [ -46.914204037382078, -23.256951256809028 ], [ -46.914208566278099, -23.256949095040468 ], [ -46.914213125255991, -23.256949039450767 ], [ -46.914217624069678, -23.256944771502983 ], [ -46.914222122883082, -23.256940503555104 ], [ -46.914226651778428, -23.25693834178605 ], [ -46.914231180673603, -23.256936180016893 ], [ -46.914237989057291, -23.256933990452389 ], [ -46.914242517952125, -23.25693182868293 ], [ -46.91424935641794, -23.256931745296907 ], [ -46.914253885312498, -23.256929583527132 ], [ -46.914258384124189, -23.256925315578293 ], [ -46.914262913018369, -23.256923153808277 ], [ -46.914267471995231, -23.256923098217058 ], [ -46.91427200088917, -23.256920936446797 ], [ -46.914276529782953, -23.256918774676407 ], [ -46.914281088759637, -23.256918719084808 ], [ -46.914285617653178, -23.256916557314163 ], [ -46.91429014654657, -23.256914395543411 ], [ -46.914294675439805, -23.256912233772521 ], [ -46.914301483821056, -23.256910044205419 ], [ -46.914306012713944, -23.256907882434241 ], [ -46.914310541606675, -23.256905720662928 ], [ -46.914315100582819, -23.256905665070366 ], [ -46.914321878879676, -23.256901369323554 ], [ -46.914326377688177, -23.256897101372971 ], [ -46.914333155984217, -23.256892805625721 ], [ -46.91433768487596, -23.256890643853698 ], [ -46.914342183683587, -23.256886375902702 ], [ -46.914346682490923, -23.256882107951601 ], [ -46.914351211382076, -23.256879946179211 ], [ -46.914355740273066, -23.256877784406704 ], [ -46.914357959592209, -23.256873544252173 ], [ -46.914364767970298, -23.256871354682513 ], [ -46.914369266776397, -23.256867086730832 ], [ -46.914373735497797, -23.256860712600236 ], [ -46.914375954816116, -23.256856472445499 ], [ -46.914378174134299, -23.256852232290736 ], [ -46.914382672939347, -23.256847964338746 ], [ -46.914389481315681, -23.256845774768109 ], [ -46.914393980120145, -23.256841506815817 ], [ -46.914398509009104, -23.256839345042199 ], [ -46.914403037897898, -23.256837183268466 ], [ -46.914405257214923, -23.256832943113384 ], [ -46.914409786103398, -23.25683078133946 ], [ -46.914414314991717, -23.256828619565429 ], [ -46.914416534308252, -23.256824379410222 ], [ -46.914502462808372, -23.256774880964695 ], [ -46.914506961606783, -23.256770613009522 ], [ -46.914511490491357, -23.256768451232908 ], [ -46.914516019375775, -23.256766289456163 ], [ -46.914520548260036, -23.2567641276793 ], [ -46.914525047057495, -23.256759859723672 ], [ -46.914529606028111, -23.256759804125206 ], [ -46.914534164998699, -23.256759748526612 ], [ -46.91453869388242, -23.25675758674927 ], [ -46.91454553233816, -23.256757503350933 ], [ -46.91455006122159, -23.256755341573264 ], [ -46.914554590104878, -23.256753179795474 ], [ -46.914559149075181, -23.256753124196166 ], [ -46.91456370804547, -23.256753068596737 ], [ -46.914568236928432, -23.256750906818571 ], [ -46.914575075383709, -23.256750823418983 ], [ -46.914579634353878, -23.256750767819089 ], [ -46.914584193324032, -23.256750712219063 ], [ -46.914588752294172, -23.256750656618909 ], [ -46.914593281176586, -23.25674849484005 ], [ -46.914597840146634, -23.25674843923963 ], [ -46.914602429204514, -23.256750489817637 ], [ -46.914609267659628, -23.256750406416554 ], [ -46.914613826629697, -23.256750350815672 ], [ -46.914618415687855, -23.256752401393179 ], [ -46.914625284231221, -23.25675442416992 ], [ -46.914629843201382, -23.256754368568561 ], [ -46.914634402171529, -23.256754312967072 ], [ -46.914638961141655, -23.256754257365447 ], [ -46.914643520111774, -23.256754201763691 ], [ -46.914648079081871, -23.2567541461618 ], [ -46.914652638051962, -23.256754090559781 ], [ -46.914657197022031, -23.256754034957627 ], [ -46.914661786080877, -23.256756085533823 ], [ -46.914666375139866, -23.25675813610987 ], [ -46.914670934110042, -23.256758080507311 ], [ -46.914675493080196, -23.256758024904617 ], [ -46.914680082139427, -23.256760075480255 ], [ -46.914684641109638, -23.256760019877284 ], [ -46.91468470128796, -23.256764232234175 ], [ -46.914691569832726, -23.256766255007907 ], [ -46.914696128803108, -23.256766199404598 ], [ -46.914700687773482, -23.256766143801158 ], [ -46.914705246743829, -23.25676608819758 ], [ -46.914712115288935, -23.256768110970384 ], [ -46.914716704349004, -23.256770161544882 ], [ -46.914719044013665, -23.256774346099675 ], [ -46.914725912559362, -23.256776368871833 ], [ -46.914732871375094, -23.25678471017882 ], [ -46.914737460436015, -23.25678676075265 ], [ -46.914742079587178, -23.256790917504699 ], [ -46.91474663855827, -23.256790861899866 ], [ -46.914751227619583, -23.256792912473252 ], [ -46.914755786590717, -23.256792856868156 ], [ -46.914760405742626, -23.256797013619614 ], [ -46.914764994804358, -23.256799064192567 ], [ -46.91476958386621, -23.256801114765391 ], [ -46.914774142837565, -23.256801059159738 ], [ -46.914778761990306, -23.256805215910592 ], [ -46.914783320961781, -23.256805160304662 ], [ -46.914787940114941, -23.256809317055211 ], [ -46.914792529177454, -23.256811367627314 ], [ -46.914794868845213, -23.256815552180754 ], [ -46.914797238604145, -23.256821842912448 ], [ -46.914806416730436, -23.256825944055858 ], [ -46.914808756398912, -23.256830128609046 ], [ -46.914811096067524, -23.25683431316218 ], [ -46.914813465827599, -23.256840603893536 ], [ -46.914813526010207, -23.256844816250069 ], [ -46.914815865679266, -23.256849000803101 ], [ -46.914820484834976, -23.256853157552506 ], [ -46.914820545017839, -23.256857369909014 ], [ -46.914825164173998, -23.256861526658248 ], [ -46.914825224357031, -23.256865739014749 ], [ -46.914829813422031, -23.25686778958557 ], [ -46.914832153092036, -23.256871974138289 ], [ -46.914836742157348, -23.256874024708889 ], [ -46.914841361314586, -23.256878181457566 ], [ -46.914843700985138, -23.256882366010061 ], [ -46.914843761168818, -23.256886578366505 ], [ -46.914843821352505, -23.256890790722945 ], [ -46.914843881536207, -23.256895003079364 ], [ -46.914846221207178, -23.256899187631799 ], [ -46.914846281390986, -23.256903399988218 ], [ -46.914850930641563, -23.256909662914719 ], [ -46.914850990825549, -23.256913875271131 ], [ -46.914853330497102, -23.256918059823406 ], [ -46.914853390681181, -23.2569222721798 ], [ -46.914857979748554, -23.256924322749633 ], [ -46.914858039932803, -23.25692853510601 ], [ -46.914860379604868, -23.256932719658149 ], [ -46.914860439789209, -23.256936932014504 ], [ -46.914865058949452, -23.256941088762268 ], [ -46.914869617925312, -23.256941033153531 ], [ -46.914874237085968, -23.256945189900993 ], [ -46.914878796061942, -23.256945134291971 ], [ -46.914883415223017, -23.256949291039128 ], [ -46.914887974199111, -23.25694923542984 ], [ -46.914892533175184, -23.256949179820413 ], [ -46.91489709215125, -23.256949124210863 ], [ -46.914901651127309, -23.25694906860117 ], [ -46.91490372452273, -23.256949043310154 ], [ -46.914904320241902, -23.256950108765299 ], [ -46.914904350334787, -23.256952214943436 ], [ -46.914905520171729, -23.256954307219079 ], [ -46.914906690008706, -23.256956399494733 ], [ -46.914907859845727, -23.256958491770376 ], [ -46.914907889938689, -23.256960597948492 ], [ -46.914909059775766, -23.256962690224121 ], [ -46.914910229612879, -23.256964782499725 ], [ -46.914912524147681, -23.25696580778375 ], [ -46.914914818682504, -23.256966833067743 ], [ -46.914917098170811, -23.256966805262635 ], [ -46.914918268008094, -23.256968897538165 ], [ -46.91492056254301, -23.256969922822066 ], [ -46.914922857077961, -23.256970948105913 ], [ -46.914925136566332, -23.256970920300688 ], [ -46.914927446147971, -23.256972998673525 ], [ -46.914929725636362, -23.256972970868233 ], [ -46.914932005124747, -23.256972943062909 ], [ -46.914934284613132, -23.256972915257542 ], [ -46.914936564101524, -23.25697288745215 ], [ -46.914938843589894, -23.256972859646719 ], [ -46.914941138125016, -23.256973884930289 ], [ -46.914943432660174, -23.256974910213824 ], [ -46.91494571214858, -23.256974882408311 ], [ -46.914947991636978, -23.256974854602742 ], [ -46.914950301219022, -23.256976932975206 ], [ -46.914952595754293, -23.256977958258616 ], [ -46.9149548902896, -23.256978983541973 ], [ -46.914957184824935, -23.256980008825298 ], [ -46.914957214918694, -23.256982115003346 ], [ -46.9149595094541, -23.256983140286643 ], [ -46.914961803989542, -23.256984165569893 ], [ -46.91496297382767, -23.256986257845028 ], [ -46.91496525331624, -23.25698623003921 ], [ -46.914966423154439, -23.256988322314321 ], [ -46.914968732736988, -23.256990400686483 ], [ -46.914971027272621, -23.256991425969581 ], [ -46.914973306761269, -23.256991398163628 ], [ -46.914975586249909, -23.25699137035765 ], [ -46.914977865738557, -23.256991342551636 ], [ -46.91498014522719, -23.256991314745587 ], [ -46.914982424715824, -23.256991286939506 ], [ -46.914984704204457, -23.256991259133393 ], [ -46.914986983693083, -23.256991231327248 ], [ -46.914989263181702, -23.256991203521068 ], [ -46.914991512576016, -23.256989069536843 ], [ -46.914992622225981, -23.256986949455737 ], [ -46.914994901714522, -23.256986921649474 ], [ -46.914997181203056, -23.256986893843184 ], [ -46.914999445644376, -23.256985812947853 ], [ -46.915001725132889, -23.256985785141509 ], [ -46.915005129318395, -23.256984690342914 ], [ -46.915007408806886, -23.256984662536475 ], [ -46.915009658200781, -23.256982528552015 ], [ -46.915011937689229, -23.256982500745519 ], [ -46.91501304733881, -23.25698038066427 ], [ -46.915014156988363, -23.256978260583026 ], [ -46.915014126893709, -23.256976154405038 ], [ -46.915016391334696, -23.256975073509498 ], [ -46.915016361240014, -23.256972967331514 ], [ -46.915016331145338, -23.256970861153526 ], [ -46.91501630105067, -23.256968754975553 ], [ -46.915015131211916, -23.25696666270084 ], [ -46.915013961373198, -23.256964570426131 ], [ -46.915011666837763, -23.256963545143638 ], [ -46.915009357255087, -23.256961466772125 ], [ -46.915007047672482, -23.256959388400553 ], [ -46.915004768184424, -23.25695941620695 ], [ -46.915004738089955, -23.256957310028959 ], [ -46.915002458601933, -23.256957337835328 ], [ -46.915002428507492, -23.256955231657333 ], [ -46.915000133972299, -23.256954206374644 ], [ -46.915000103877901, -23.256952100196632 ], [ -46.914997809342779, -23.256951074913939 ], [ -46.914995499760536, -23.256948996542175 ], [ -46.914995469666223, -23.256946890364162 ], [ -46.914993190178357, -23.256946918170375 ], [ -46.914993160084087, -23.256944811992369 ], [ -46.914990880596257, -23.25694483979855 ], [ -46.914990850502022, -23.256942733620534 ], [ -46.914990820407787, -23.256940627442507 ], [ -46.914988540920028, -23.256940655248652 ], [ -46.914987371081978, -23.256938562973687 ], [ -46.914986201243948, -23.256936470698712 ], [ -46.914986171149806, -23.256934364520678 ], [ -46.914983861568032, -23.256932286148729 ], [ -46.914981551986337, -23.256930207776723 ], [ -46.914980382148485, -23.25692811550168 ], [ -46.914980352054435, -23.256926009323639 ], [ -46.914979182216648, -23.256923917048603 ], [ -46.914979152122626, -23.256921810870555 ], [ -46.914977982284903, -23.256919718595498 ], [ -46.914977952190902, -23.256917612417446 ], [ -46.914976767306257, -23.256914467053345 ], [ -46.914976737212285, -23.256912360875308 ], [ -46.914976707118313, -23.256910254697267 ], [ -46.914976677024356, -23.256908148519209 ], [ -46.914976646930398, -23.256906042341168 ], [ -46.914977756580015, -23.256903922260154 ], [ -46.914980005973163, -23.256901788276156 ], [ -46.914981100575687, -23.256898615106117 ], [ -46.914981070481673, -23.256896508928072 ], [ -46.914982180131162, -23.256894388847034 ], [ -46.914984444571111, -23.256893307952009 ], [ -46.914984414477047, -23.256891201773975 ], [ -46.914986678916932, -23.256890120878921 ], [ -46.91498664882284, -23.256888014700881 ], [ -46.914988928309711, -23.256887986894821 ], [ -46.914990037958994, -23.256885866813736 ], [ -46.914990007864866, -23.256883760635706 ], [ -46.91498997777073, -23.256881654457665 ], [ -46.914989947676602, -23.256879548279624 ], [ -46.914989917582474, -23.256877442101587 ], [ -46.914989887488353, -23.256875335923535 ], [ -46.914988717650921, -23.256873243648535 ], [ -46.914987547813539, -23.25687115137352 ], [ -46.914987502672425, -23.256867992106454 ], [ -46.914985178044844, -23.25686486064539 ], [ -46.914985147950809, -23.256862754467342 ], [ -46.914983978113582, -23.256860662192288 ], [ -46.914982808276392, -23.256858569917213 ], [ -46.914982778182399, -23.256856463739158 ], [ -46.91498049869606, -23.25685649154509 ], [ -46.914978219209715, -23.256856519350997 ], [ -46.914975939723369, -23.256856547156861 ], [ -46.914973660237017, -23.256856574962686 ], [ -46.914971380750664, -23.256856602768487 ], [ -46.914970210913701, -23.256854510493298 ], [ -46.91496904107678, -23.256852418218127 ], [ -46.914965576706784, -23.256849300659592 ], [ -46.914963282173709, -23.256848275376225 ], [ -46.914962112336951, -23.256846183100969 ], [ -46.914962082243306, -23.256844076922885 ], [ -46.914959802757153, -23.256844104728497 ], [ -46.914957523270992, -23.256844132534084 ], [ -46.914956353434363, -23.256842040258782 ], [ -46.914955183597769, -23.256839947983462 ], [ -46.914952904111672, -23.256839975788981 ], [ -46.914950609578845, -23.256838950505411 ], [ -46.914948315046054, -23.256837925221802 ], [ -46.914947145209624, -23.256835832946404 ], [ -46.914947115116234, -23.256833726768306 ], [ -46.914947085022845, -23.256831620590205 ], [ -46.914948194672426, -23.256829500509404 ], [ -46.91494816457903, -23.256827394331289 ], [ -46.91494811943894, -23.256824235064133 ], [ -46.914950383878057, -23.256823154169648 ], [ -46.914951493527525, -23.25682103408883 ], [ -46.914952603176964, -23.256818914007994 ], [ -46.914954882662698, -23.256818886202506 ], [ -46.914957147101674, -23.256817805307939 ], [ -46.91495711700815, -23.256815699129845 ], [ -46.914959396493835, -23.256815671324297 ], [ -46.914961660932711, -23.256814590429673 ], [ -46.914963925371552, -23.256813509535004 ], [ -46.914966189810357, -23.256812428640323 ], [ -46.914968469295964, -23.256812400834644 ], [ -46.914970733734712, -23.256811319939896 ], [ -46.914972998173418, -23.256810239045109 ], [ -46.914975277658982, -23.256810211239333 ], [ -46.914975247565188, -23.256808105061264 ], [ -46.914975217471394, -23.256805998883177 ], [ -46.914975187377607, -23.256803892705111 ], [ -46.91497515728382, -23.256801786527031 ], [ -46.914977406675419, -23.256799652543151 ], [ -46.914977376581611, -23.256797546365082 ], [ -46.914977346487802, -23.256795440187002 ], [ -46.914977316393987, -23.256793334008922 ], [ -46.914978426042808, -23.256791213927947 ], [ -46.914979535691586, -23.256789093846955 ], [ -46.914980645340336, -23.256786973765966 ], [ -46.914981754989057, -23.256784853684962 ], [ -46.914984034474173, -23.256784825879102 ], [ -46.91498400438028, -23.256782719701025 ], [ -46.914986253771438, -23.256780585717053 ], [ -46.914986223677509, -23.256778479538969 ], [ -46.914988473068554, -23.256776345554986 ], [ -46.91498958271707, -23.25677422547394 ], [ -46.914990692365549, -23.256772105392884 ], [ -46.914992956803438, -23.256771024497873 ], [ -46.914992926709417, -23.256768918319807 ], [ -46.914992896615402, -23.256766812141738 ], [ -46.914992866521395, -23.256764705963672 ], [ -46.914992836427388, -23.256762599785603 ], [ -46.91499052684869, -23.256760521413501 ], [ -46.914988232317022, -23.256759496130417 ], [ -46.914985952832339, -23.256759523936321 ], [ -46.914983673347656, -23.256759551742192 ], [ -46.914983643253798, -23.256757445564116 ], [ -46.914981348722229, -23.256756420280908 ], [ -46.914981318628421, -23.256754314102828 ], [ -46.914981288534612, -23.256752207924738 ], [ -46.914981258440804, -23.256750101746658 ], [ -46.914981228347003, -23.25674799556856 ], [ -46.914981198253209, -23.256745889390483 ], [ -46.914981168159407, -23.256743783212396 ], [ -46.914981138065613, -23.25674167703432 ], [ -46.914981107971826, -23.256739570856226 ], [ -46.914979938135879, -23.256737478581027 ], [ -46.914978768299974, -23.25673538630582 ], [ -46.914976473768839, -23.256734361022513 ], [ -46.914976443675137, -23.256732254844426 ], [ -46.914974164190895, -23.256732282650116 ], [ -46.914972994355125, -23.256730190374864 ], [ -46.91497296426148, -23.256728084196759 ], [ -46.914970684777316, -23.256728112002403 ], [ -46.914969514941639, -23.256726019727115 ], [ -46.914968345106004, -23.256723927451805 ], [ -46.914966065621897, -23.256723955257371 ], [ -46.914964895786326, -23.25672186298204 ], [ -46.914963725950805, -23.256719770706688 ], [ -46.91496255611532, -23.256717678431336 ], [ -46.91496138627987, -23.25671558615597 ], [ -46.914959091749196, -23.256714560872371 ], [ -46.914957921913832, -23.25671246859697 ], [ -46.914955627383236, -23.256711443313307 ], [ -46.91495445754795, -23.256709351037873 ], [ -46.914953287712706, -23.256707258762425 ], [ -46.914953257619409, -23.256705152584296 ], [ -46.914952087784229, -23.25670306030883 ], [ -46.914949808300449, -23.25670308811414 ], [ -46.914949778207209, -23.256700981936014 ], [ -46.914949748113976, -23.256698875757873 ], [ -46.914949718020736, -23.256696769579744 ], [ -46.914949687927511, -23.256694663401607 ], [ -46.914951967411142, -23.2566946355963 ], [ -46.91495193731788, -23.25669252941816 ], [ -46.914954216801469, -23.256692501612825 ], [ -46.914955326449949, -23.256690381532025 ], [ -46.914955296356645, -23.256688275353891 ], [ -46.914955266263334, -23.256686169175747 ], [ -46.914954096428318, -23.256684076900282 ], [ -46.914954066335035, -23.256681970722152 ], [ -46.914954036241753, -23.256679864544019 ], [ -46.914954006148484, -23.256677758365882 ], [ -46.914953976055216, -23.256675652187734 ], [ -46.914952806220313, -23.256673559912262 ], [ -46.914952776127066, -23.256671453734114 ], [ -46.914950466550629, -23.256669375361259 ], [ -46.914949296715847, -23.256667283085758 ], [ -46.914949266622664, -23.256665176907603 ], [ -46.91494923652948, -23.256663070729452 ], [ -46.914948066694777, -23.25666097845393 ], [ -46.914945757118602, -23.256658900080986 ], [ -46.91494572702549, -23.256656793902831 ], [ -46.9149445571909, -23.256654701627273 ], [ -46.914944527097809, -23.256652595449118 ], [ -46.914944497004733, -23.256650489270957 ], [ -46.914944466911642, -23.256648383092806 ], [ -46.914943297077158, -23.256646290817219 ], [ -46.914943266984103, -23.256644184639054 ], [ -46.914943236891048, -23.256642078460889 ], [ -46.914943206798, -23.256639972282731 ], [ -46.914943176704959, -23.256637866104576 ], [ -46.914943146611918, -23.256635759926414 ], [ -46.914944256260178, -23.256633639845671 ], [ -46.91494422616713, -23.25663153366752 ], [ -46.914945335815339, -23.256629413586776 ], [ -46.914945305722277, -23.256627307408625 ], [ -46.914946415370444, -23.256625187327888 ], [ -46.914946385277375, -23.256623081149723 ], [ -46.914947494925492, -23.256620961068975 ], [ -46.914948604573581, -23.256618840988224 ], [ -46.914948574480484, -23.25661673481007 ], [ -46.914948544387386, -23.256614628631912 ], [ -46.914950763683407, -23.256610388470392 ], [ -46.914953028119022, -23.256609307576085 ], [ -46.914954137766941, -23.256607187495309 ], [ -46.914956387155868, -23.256605053511883 ], [ -46.914957496803702, -23.256602933431083 ], [ -46.914958606451492, -23.256600813350282 ], [ -46.914959701052638, -23.256597640180377 ], [ -46.914959670959391, -23.256595534002237 ], [ -46.914958501125206, -23.256593441726746 ], [ -46.914957331291056, -23.256591349451224 ], [ -46.914957301197859, -23.25658924327308 ], [ -46.914955006669445, -23.256588217989254 ], [ -46.914953836835402, -23.256586125713714 ], [ -46.914952667001387, -23.256584033438159 ], [ -46.914952636908275, -23.256581927259994 ], [ -46.914951467074332, -23.256579834984432 ], [ -46.914951436981241, -23.256577728806256 ], [ -46.91495254662896, -23.256575608725505 ], [ -46.914953656276644, -23.256573488644715 ], [ -46.9149547659243, -23.256571368563954 ], [ -46.914954735831166, -23.256569262385785 ], [ -46.914957000266078, -23.25656818149147 ], [ -46.914956970172916, -23.256566075313302 ], [ -46.914958079820465, -23.256563955232505 ], [ -46.914960344255263, -23.256562874338147 ], [ -46.914961453902727, -23.256560754257347 ], [ -46.914961423809515, -23.256558648079192 ], [ -46.914963688244192, -23.256557567184778 ], [ -46.914963658150938, -23.256555461006631 ], [ -46.914965937632182, -23.256555433201285 ], [ -46.914967047279511, -23.256553313120431 ], [ -46.914967017186214, -23.256551206942284 ], [ -46.914968126833493, -23.256549086861423 ], [ -46.914968096740182, -23.256546980683275 ], [ -46.914970361174611, -23.256545899788801 ], [ -46.914971470821797, -23.256543779707926 ], [ -46.914973720209446, -23.256541645724322 ], [ -46.914973690116064, -23.256539539546189 ], [ -46.914974799763151, -23.2565374194653 ], [ -46.914974769669755, -23.256535313287142 ], [ -46.914977034103927, -23.256534232392585 ], [ -46.91497700401051, -23.256532126214434 ], [ -46.914976973917085, -23.256530020036287 ], [ -46.914976943823667, -23.256527913858129 ], [ -46.914976913730257, -23.256525807679985 ], [ -46.914976883636847, -23.256523701501838 ], [ -46.914976853543436, -23.256521595323679 ], [ -46.914976823450033, -23.256519489145532 ], [ -46.914976793356637, -23.256517382967377 ], [ -46.91497676326324, -23.25651527678923 ], [ -46.914976718123157, -23.256512117521989 ], [ -46.914976688029775, -23.256510011343835 ], [ -46.914976657936386, -23.256507905165687 ], [ -46.914976627843011, -23.256505798987526 ], [ -46.914975458009458, -23.256503706712103 ], [ -46.914975427916097, -23.256501600533952 ], [ -46.914974258082609, -23.256499508258504 ], [ -46.914973088249155, -23.256497415983059 ], [ -46.914970793722269, -23.256496390699354 ], [ -46.914969623888894, -23.25649429842386 ], [ -46.914968454055568, -23.25649220614838 ], [ -46.914966174575397, -23.256492233953693 ], [ -46.914965004742136, -23.256490141678157 ], [ -46.914962725262001, -23.256490169483421 ], [ -46.914961555428818, -23.256488077207866 ], [ -46.914959275948704, -23.256488105013069 ], [ -46.91495698142208, -23.256487079729162 ], [ -46.914954686895477, -23.256486054445208 ], [ -46.914951267675356, -23.256486096152859 ], [ -46.914950097842386, -23.256484003877201 ], [ -46.9149466786223, -23.256484045584749 ], [ -46.914944384095826, -23.256483020300628 ], [ -46.914942089569379, -23.256481995016504 ], [ -46.914939810089351, -23.25648202282142 ], [ -46.914937530609322, -23.256482050626307 ], [ -46.914935251129286, -23.256482078431162 ], [ -46.914932971649243, -23.256482106235985 ], [ -46.9149306921692, -23.256482134040777 ], [ -46.914928412689157, -23.256482161845522 ], [ -46.914926133209107, -23.256482189650253 ], [ -46.914922713989021, -23.256482231357278 ], [ -46.914920434508964, -23.25648225916191 ], [ -46.914918139982689, -23.256481233877409 ], [ -46.914915860502646, -23.256481261681984 ], [ -46.91491356597642, -23.256480236397394 ], [ -46.914911286496384, -23.256480264201901 ], [ -46.914909007016341, -23.256480292006369 ], [ -46.914906727536298, -23.256480319810812 ], [ -46.914904448056248, -23.256480347615224 ], [ -46.914902168576191, -23.256480375419592 ], [ -46.914900998744017, -23.256478283143519 ], [ -46.91489756447794, -23.256477271760858 ], [ -46.914895269951899, -23.256476246475994 ], [ -46.914892990471905, -23.256476274280224 ], [ -46.914892960379888, -23.25647416810196 ], [ -46.914890650807941, -23.256472089727897 ], [ -46.914888356282042, -23.256471064442923 ], [ -46.914888326190102, -23.256468958264641 ], [ -46.914886031664274, -23.256467932979628 ], [ -46.914886001572377, -23.256465826801346 ], [ -46.914883707046613, -23.256464801516298 ], [ -46.914882537214872, -23.256462709240051 ], [ -46.91488136738316, -23.256460616963789 ], [ -46.914879072857524, -23.25645959167867 ], [ -46.914879042765747, -23.256457485500377 ], [ -46.914879012673978, -23.25645537932208 ], [ -46.914878982582209, -23.256453273143794 ], [ -46.914880092230227, -23.256451153063509 ], [ -46.914880062138458, -23.256449046885212 ], [ -46.914880032046675, -23.256446940706923 ], [ -46.914880001954899, -23.256444834528626 ], [ -46.91487997186313, -23.256442728350343 ], [ -46.91487994177136, -23.256440622172043 ], [ -46.914879911679598, -23.256438515993747 ], [ -46.91488102132751, -23.256436395913468 ], [ -46.914882130975379, -23.256434275833168 ], [ -46.914882100883595, -23.256432169654872 ], [ -46.914883210531421, -23.256430049574583 ], [ -46.914884320179212, -23.256427929494272 ], [ -46.914886599658395, -23.256427901690216 ], [ -46.914886569566555, -23.25642579551193 ], [ -46.914886539474708, -23.256423689333637 ], [ -46.914888818953813, -23.256423661529542 ], [ -46.914889928601468, -23.256421541449221 ], [ -46.914892177988612, -23.256419407466797 ], [ -46.914893287636183, -23.256417287386444 ], [ -46.914894397283717, -23.256415167306073 ], [ -46.914896631624693, -23.256411980234475 ], [ -46.914896601532703, -23.256409874056189 ], [ -46.914898850919549, -23.256407740073694 ], [ -46.914898820827538, -23.256405633895429 ], [ -46.914898790735528, -23.256403527717143 ], [ -46.914898760643524, -23.256401421538865 ], [ -46.914897590812181, -23.256399329262681 ], [ -46.914896420980874, -23.256397236986505 ], [ -46.914895251149609, -23.256395144710297 ], [ -46.91489408131838, -23.256393052434081 ], [ -46.914891771747925, -23.256390974059926 ], [ -46.914891741656042, -23.256388867881629 ], [ -46.914890571824934, -23.256386775605375 ], [ -46.914890541733079, -23.256384669427096 ], [ -46.914901813948468, -23.256375769126972 ], [ -46.914901788665141, -23.256373999514871 ], [ -46.914904007959294, -23.256369759354079 ], [ -46.914903947775223, -23.2563655469975 ], [ -46.914903887591159, -23.256361334640928 ], [ -46.914903827407116, -23.256357122284356 ], [ -46.914903767223088, -23.256352909927781 ], [ -46.914903707039066, -23.256348697571216 ], [ -46.914903646855066, -23.256344485214633 ], [ -46.914905866148743, -23.256340245053813 ], [ -46.914908085442285, -23.256336004892979 ], [ -46.914912614305337, -23.256333843106081 ], [ -46.914914833598573, -23.256329602945154 ], [ -46.914917052891674, -23.256325362784199 ], [ -46.914921611846459, -23.256325307175352 ], [ -46.914921551661962, -23.256321094818798 ], [ -46.914926110616598, -23.256321039209816 ], [ -46.914930639478825, -23.256318877422441 ], [ -46.914935168340897, -23.256316715634934 ], [ -46.914939697202819, -23.256314553847314 ], [ -46.914944256157185, -23.256314498237817 ], [ -46.914946475449106, -23.256310258076518 ], [ -46.914951034403302, -23.256310202466846 ], [ -46.914955593357483, -23.256310146857022 ], [ -46.914960122218815, -23.256307985068855 ], [ -46.914964651079998, -23.256305823280552 ], [ -46.914969179941025, -23.256303661492129 ], [ -46.914973708801895, -23.256301499703596 ], [ -46.914978237662616, -23.256299337914935 ], [ -46.914982796616357, -23.256299282304347 ], [ -46.914985015906801, -23.256295042142607 ], [ -46.914989544767103, -23.256292880353644 ], [ -46.914994103720595, -23.256292824742754 ], [ -46.914998632580655, -23.256290662953539 ], [ -46.915003161440559, -23.256288501164189 ], [ -46.915005380730186, -23.256284261002218 ], [ -46.915009909589763, -23.256282099212712 ], [ -46.915014468542836, -23.256282043601249 ], [ -46.915019027495887, -23.256281987989645 ], [ -46.915023556355138, -23.256279826199773 ], [ -46.915028055120381, -23.256275558231614 ], [ -46.915032614073176, -23.256275502619644 ], [ -46.915037173025958, -23.256275447007535 ], [ -46.915041731978739, -23.256275391395281 ], [ -46.915046290931492, -23.256275335782924 ], [ -46.915050849884231, -23.256275280170421 ], [ -46.915055408836963, -23.25627522455779 ], [ -46.915059967789674, -23.256275168945031 ], [ -46.91506452674237, -23.256275113332123 ], [ -46.915069085695059, -23.25627505771909 ], [ -46.915073644647727, -23.25627500210593 ], [ -46.915078203600387, -23.256274946492631 ], [ -46.915082762553027, -23.256274890879205 ], [ -46.915087321505659, -23.256274835265643 ], [ -46.91509188045827, -23.25627477965195 ], [ -46.915096469505805, -23.256276830216194 ], [ -46.915101058553461, -23.256278880780297 ], [ -46.915103398219905, -23.256283065329388 ], [ -46.915107987267881, -23.256285115893256 ], [ -46.915108723465181, -23.256284284043168 ], [ -46.915111033036794, -23.256286362414063 ], [ -46.915112217917823, -23.256289507777531 ], [ -46.915113402798909, -23.256292653141006 ], [ -46.91511569732311, -23.2562936784228 ], [ -46.915115727418367, -23.25629578460083 ], [ -46.915118021942646, -23.256296809882596 ], [ -46.915119191776284, -23.256298902156981 ], [ -46.915119221871599, -23.256301008335026 ], [ -46.915120391705301, -23.256303100609394 ], [ -46.915121561539038, -23.256305192883758 ], [ -46.915123856063516, -23.256306218165406 ], [ -46.915123886158916, -23.256308324343447 ], [ -46.91512505599276, -23.256310416617776 ], [ -46.91512733546962, -23.256310388810363 ], [ -46.915128505303535, -23.256312481084652 ], [ -46.915129675137486, -23.256314573358939 ], [ -46.915131954614417, -23.256314545551451 ], [ -46.915133124448438, -23.256316637825702 ], [ -46.915134294282502, -23.256318730099945 ], [ -46.915136588807307, -23.256319755381384 ], [ -46.915138883332141, -23.256320780662801 ], [ -46.915138913427803, -23.256322886840795 ], [ -46.915141192904855, -23.256322859033169 ], [ -46.915143487429781, -23.256323884314501 ], [ -46.915145781954742, -23.256324909595808 ], [ -46.915148076479717, -23.256325934877058 ], [ -46.915150371004742, -23.25632696015829 ], [ -46.915152665529796, -23.256327985439469 ], [ -46.915154960054885, -23.256329010720638 ], [ -46.915157269627983, -23.256331089090743 ], [ -46.915159549105155, -23.256331061282825 ], [ -46.915161873726383, -23.256334192741853 ], [ -46.915164168251643, -23.256335218022858 ], [ -46.915165338086354, -23.256337310296821 ], [ -46.915166507921107, -23.256339402570791 ], [ -46.91516992713705, -23.2563393608587 ], [ -46.915169957233232, -23.256341467036656 ], [ -46.915172266806778, -23.256343545406487 ], [ -46.915175716119094, -23.256345609872234 ], [ -46.915175746215368, -23.256347716050193 ], [ -46.915176916050378, -23.25634980832405 ], [ -46.915179195527848, -23.256349780515833 ], [ -46.915179225624179, -23.256351886693771 ], [ -46.915180395459288, -23.256353978967596 ], [ -46.915180425555647, -23.256356085145548 ], [ -46.915180455652013, -23.256358191323475 ], [ -46.915179979588558, -23.256359777040014 ], [ -46.91518392001305, -23.256361308877963 ], [ -46.915185089848315, -23.256363401151752 ], [ -46.915185119944766, -23.256365507329679 ], [ -46.915187399422486, -23.256365479521332 ], [ -46.915201397701367, -23.25638281940541 ], [ -46.91520720222784, -23.256400127589576 ], [ -46.915202055575811, -23.25641888596401 ], [ -46.915200908804614, -23.256428379406927 ], [ -46.915210111860375, -23.256444197880437 ], [ -46.915219978347849, -23.256456585123903 ], [ -46.915261260545215, -23.256463717714048 ], [ -46.91527498527897, -23.256469392643563 ], [ -46.915281964002389, -23.25647101983046 ], [ -46.91528859034073, -23.2564716788102 ], [ -46.915297543217022, -23.256469989674912 ], [ -46.915305557136683, -23.256472393425515 ], [ -46.915307879882704, -23.256475393245818 ], [ -46.915309771464102, -23.256478135008283 ], [ -46.915314252260217, -23.25648008814203 ], [ -46.915314282358857, -23.256482194319783 ], [ -46.915314312457511, -23.256484300497526 ], [ -46.915314342556158, -23.256486406675265 ], [ -46.915314372654819, -23.256488512853011 ], [ -46.915314402753474, -23.256490619030764 ], [ -46.915315572591993, -23.25649271130332 ], [ -46.915317852071709, -23.256492683492933 ], [ -46.9153190219103, -23.256494775765457 ], [ -46.915321301390037, -23.256494747955021 ], [ -46.915323580869767, -23.256494720144541 ], [ -46.915324765757887, -23.256497865505885 ], [ -46.915324795856719, -23.25649997168362 ], [ -46.915327090385979, -23.256500996961954 ], [ -46.915328260224797, -23.256503089234396 ], [ -46.91532943006365, -23.256505181506817 ], [ -46.915329460162567, -23.256507287684542 ], [ -46.915330630001478, -23.25650937995696 ], [ -46.915331799840423, -23.256511472229377 ], [ -46.915332969679419, -23.256513564501773 ], [ -46.915334139518443, -23.256515656774145 ], [ -46.915335309357509, -23.25651774904653 ], [ -46.91533533945654, -23.256519855224234 ], [ -46.915335369555578, -23.256521961401948 ], [ -46.915335399654616, -23.256524067579647 ], [ -46.915335429753654, -23.256526173757347 ], [ -46.915335459852699, -23.256528279935075 ], [ -46.915335489951751, -23.256530386112772 ], [ -46.915335520050803, -23.256532492290486 ], [ -46.915336689890054, -23.256534584562836 ], [ -46.915336719989135, -23.256536690740528 ], [ -46.91533788982845, -23.256538783012864 ], [ -46.915337919927552, -23.256540889190561 ], [ -46.915339089766924, -23.256542981462889 ], [ -46.915340259606332, -23.256545073735182 ], [ -46.915342554136494, -23.256546099013228 ], [ -46.915343723975987, -23.256548191285507 ], [ -46.915346018506227, -23.256549216563492 ], [ -46.915348313036489, -23.256550241841431 ], [ -46.915350592517136, -23.256550214030497 ], [ -46.915352887047455, -23.25655123930839 ], [ -46.915355166528101, -23.256551211497392 ], [ -46.91535746105847, -23.256552236775207 ], [ -46.915357491157899, -23.256554342952871 ], [ -46.915359785688338, -23.256555368230647 ], [ -46.915362095268556, -23.256557446597206 ], [ -46.915362125368063, -23.256559552774881 ], [ -46.915365559639014, -23.25656056414698 ], [ -46.915366729479004, -23.256562656419057 ], [ -46.915366759578589, -23.256564762596707 ], [ -46.915366789678181, -23.256566868774378 ], [ -46.91536681977778, -23.256568974952032 ], [ -46.91536684987738, -23.256571081129675 ], [ -46.915366879976986, -23.256573187307346 ], [ -46.9153669100766, -23.256575293484996 ], [ -46.915366940176206, -23.256577399662653 ], [ -46.915366970275819, -23.256579505840307 ], [ -46.915369249756942, -23.256579478029074 ], [ -46.915369279856591, -23.256581584206717 ], [ -46.915371574387585, -23.25658260948428 ], [ -46.915371604487284, -23.256584715661923 ], [ -46.915372774327594, -23.256586807933928 ], [ -46.915373944167946, -23.256588900205898 ], [ -46.915375114008349, -23.256590992477886 ], [ -46.915376283848772, -23.256593084749845 ], [ -46.915378578380015, -23.256594110027283 ], [ -46.915380857861365, -23.256594082215869 ], [ -46.91538088796122, -23.256596188393495 ], [ -46.915383182492548, -23.256597213670862 ], [ -46.915385461973948, -23.256597185859363 ], [ -46.915386646864569, -23.256600331220053 ], [ -46.91538894139601, -23.256601356497328 ], [ -46.915391235927487, -23.256602381774556 ], [ -46.915392405768266, -23.256604474046377 ], [ -46.915394685249773, -23.256604446234743 ], [ -46.915395855090637, -23.256606538506528 ], [ -46.915397024931536, -23.256608630778295 ], [ -46.915399334513268, -23.256610709144205 ], [ -46.915399364613442, -23.256612815321809 ], [ -46.915401659145189, -23.25661384059887 ], [ -46.915403938626845, -23.256613812787094 ], [ -46.915403968727091, -23.256615918964702 ], [ -46.915406278309057, -23.256617997330469 ], [ -46.915408572840946, -23.256619022607435 ], [ -46.91540860294127, -23.256621128785014 ], [ -46.915410897473222, -23.25662215406194 ], [ -46.915413192005204, -23.25662317933881 ], [ -46.915415501587439, -23.256625257704442 ], [ -46.915417796119513, -23.25662628298123 ], [ -46.915420075601354, -23.256626255169213 ], [ -46.915420105701877, -23.256628361346795 ], [ -46.915422400234029, -23.256629386623516 ], [ -46.915424694766216, -23.256630411900215 ], [ -46.91542697424812, -23.256630384088076 ], [ -46.915429253730018, -23.256630356275931 ], [ -46.915431548262276, -23.256631381552516 ], [ -46.915433842794549, -23.256632406829073 ], [ -46.915436122276475, -23.2566323790168 ], [ -46.915440696290744, -23.256633376480945 ], [ -46.915442975772677, -23.256633348668583 ], [ -46.915445255254603, -23.256633320856199 ], [ -46.915447534736529, -23.256633293043762 ], [ -46.915449814218448, -23.256633265231308 ], [ -46.915452078649857, -23.256632184330044 ], [ -46.915454358131747, -23.256632156517529 ], [ -46.915455467771622, -23.256630036433705 ], [ -46.915457732202917, -23.256628955532374 ], [ -46.915459981583602, -23.256626821542238 ], [ -46.9154633857557, -23.256625726734519 ], [ -46.91546566523747, -23.25662569892183 ], [ -46.915465635136236, -23.256623592744312 ], [ -46.915467899567339, -23.256622511842842 ], [ -46.91546786946607, -23.25662040566532 ], [ -46.915470133897102, -23.256619324763829 ], [ -46.915472383277425, -23.256617190773532 ], [ -46.915472353176106, -23.256615084596032 ], [ -46.915474617607003, -23.256614003694466 ], [ -46.915476882037865, -23.256612922792879 ], [ -46.915476851936475, -23.256610816615378 ], [ -46.915476821835085, -23.256608710437867 ], [ -46.915479101316556, -23.256608682625014 ], [ -46.915479071215138, -23.256606576447499 ], [ -46.91548135069656, -23.256606548634608 ], [ -46.915481320595113, -23.256604442457096 ], [ -46.915483600076492, -23.256604414644194 ], [ -46.915484709715692, -23.256602294560206 ], [ -46.915485819354842, -23.25660017447623 ], [ -46.915488083785384, -23.256599093574486 ], [ -46.915489193424463, -23.256596973490502 ], [ -46.915491457854905, -23.256595892588724 ], [ -46.915493722285319, -23.256594811686909 ], [ -46.915495986715698, -23.256593730785095 ], [ -46.915499390886609, -23.256592635976656 ], [ -46.915500500525461, -23.256590515892572 ], [ -46.915502764955704, -23.256589434990666 ], [ -46.915503874594471, -23.256587314906568 ], [ -46.915506139024629, -23.256586234004601 ], [ -46.915508403454751, -23.256585153102606 ], [ -46.915508373352907, -23.25658304692513 ], [ -46.915510637782951, -23.256581966023109 ], [ -46.915510607681078, -23.256579859845626 ], [ -46.915511717319653, -23.256577739761493 ], [ -46.915511687217766, -23.256575633584028 ], [ -46.915512796856298, -23.256573513499884 ], [ -46.915515046235186, -23.256571379509076 ], [ -46.915516155873625, -23.256569259424918 ], [ -46.915517250461058, -23.256566086252011 ], [ -46.915517220359099, -23.256563980074556 ], [ -46.915517190257148, -23.256561873897073 ], [ -46.91551946973776, -23.256561846083695 ], [ -46.915521734167363, -23.256560765181533 ], [ -46.915523998596925, -23.256559684279338 ], [ -46.915526247975407, -23.256557550288392 ], [ -46.915528527455933, -23.256557522474871 ], [ -46.915530791885381, -23.256556441572595 ], [ -46.915533071365886, -23.256556413759007 ], [ -46.91553418100392, -23.25655429367475 ], [ -46.915535290641934, -23.256552173590482 ], [ -46.915535260539713, -23.256550067413027 ], [ -46.915536370177676, -23.256547947328755 ], [ -46.915536340075448, -23.256545841151308 ], [ -46.91553630997322, -23.256543734973857 ], [ -46.915536279870999, -23.256541628796398 ], [ -46.915536249768778, -23.256539522618944 ], [ -46.915537359406649, -23.256537402534669 ], [ -46.915537329304414, -23.256535296357217 ], [ -46.915537299202192, -23.256533190179766 ], [ -46.915537269099971, -23.256531084002301 ], [ -46.91553723899775, -23.256528977824836 ], [ -46.915537208895529, -23.256526871647395 ], [ -46.915537178793315, -23.256524765469937 ], [ -46.91553942817103, -23.256522631478838 ], [ -46.915540522757603, -23.256519458305828 ], [ -46.915541632395261, -23.256517338221531 ], [ -46.91554160229299, -23.256515232044077 ], [ -46.915543851670478, -23.25651309805292 ], [ -46.915543821568178, -23.256510991875469 ], [ -46.915546101047902, -23.256510964061743 ], [ -46.915547210685411, -23.256508843977432 ], [ -46.915548320322877, -23.2565067238931 ], [ -46.915549429960322, -23.256504603808757 ], [ -46.915549399857952, -23.256502497631324 ], [ -46.915550509495347, -23.256500377546978 ], [ -46.915550479392962, -23.256498271369537 ], [ -46.915550449290578, -23.256496165192079 ], [ -46.9155504191882, -23.256494059014635 ], [ -46.91555038908583, -23.256491952837173 ], [ -46.915550358983459, -23.256489846659726 ], [ -46.915550328881096, -23.256487740482282 ], [ -46.915550298778733, -23.256485634304816 ], [ -46.91555026867637, -23.256483528127362 ], [ -46.915550238574021, -23.256481421949918 ], [ -46.915552487950833, -23.25647928795868 ], [ -46.915552457848449, -23.256477181781232 ], [ -46.915554737327575, -23.25647715396742 ], [ -46.915557001755474, -23.25647607306486 ], [ -46.915558111392563, -23.256473952980485 ], [ -46.91556037582037, -23.256472872077875 ], [ -46.915562640248147, -23.25647179117523 ], [ -46.915564904675882, -23.256470710272556 ], [ -46.915566014312802, -23.256468590188124 ], [ -46.915568278740452, -23.256467509285418 ], [ -46.91557054316808, -23.256466428382684 ], [ -46.915570513065425, -23.25646432220524 ], [ -46.915570482962778, -23.25646221602781 ], [ -46.915570452860138, -23.256460109850384 ], [ -46.915570422757497, -23.256458003672947 ], [ -46.915570392654864, -23.256455897495503 ], [ -46.915570362552231, -23.256453791318062 ], [ -46.915569192710265, -23.256451699047645 ], [ -46.91556916260766, -23.256449592870201 ], [ -46.915569132505055, -23.256447486692753 ], [ -46.915569102402458, -23.256445380515331 ], [ -46.915567932560592, -23.256443288244881 ], [ -46.915567902458022, -23.256441182067437 ], [ -46.915567872355446, -23.256439075889993 ], [ -46.915567842252884, -23.256436969712549 ], [ -46.915567812150314, -23.256434863535109 ], [ -46.915567782047759, -23.256432757357651 ], [ -46.915567751945204, -23.256430651180214 ], [ -46.915567721842642, -23.256428545002773 ], [ -46.915567691740101, -23.256426438825315 ], [ -46.915567661637553, -23.256424332647875 ], [ -46.915565352056831, -23.256422254284356 ], [ -46.915564182215256, -23.256420162013864 ], [ -46.91556188768589, -23.256419136739016 ], [ -46.915560717844393, -23.256417044468488 ], [ -46.915558423315105, -23.25641601919358 ], [ -46.91555839321272, -23.256413913016122 ], [ -46.915556113734667, -23.256413940829908 ], [ -46.915556083632318, -23.256411834652443 ], [ -46.915554913790992, -23.256409742381866 ], [ -46.915554883688671, -23.256407636204397 ], [ -46.915552604210724, -23.256407664018138 ], [ -46.915552574108439, -23.256405557840655 ], [ -46.915551404267227, -23.256403465570042 ], [ -46.915550234426043, -23.256401373299401 ], [ -46.915547939897102, -23.256400348024325 ], [ -46.915547909794903, -23.256398241846838 ], [ -46.915545615266026, -23.256397216571717 ], [ -46.91554333578825, -23.256397244385312 ], [ -46.915541026208381, -23.256395166021363 ], [ -46.915538731679597, -23.256394140746135 ], [ -46.915536437150855, -23.256393115470882 ], [ -46.91553414262215, -23.256392090195579 ], [ -46.915531833042508, -23.256390011831492 ], [ -46.91552953851388, -23.256388986556122 ], [ -46.915527243985288, -23.256387961280698 ], [ -46.915523824768812, -23.256388003000652 ], [ -46.915523794667017, -23.256385896823154 ], [ -46.915521515189397, -23.256385924636405 ], [ -46.915519205610046, -23.256383846272112 ], [ -46.915516926132462, -23.256383874085298 ], [ -46.915514616553217, -23.256381795720934 ], [ -46.915512322024846, -23.256380770445286 ], [ -46.915510027496516, -23.256379745169607 ], [ -46.915508857656192, -23.256377652898603 ], [ -46.915506563127941, -23.256376627622871 ], [ -46.915504268599719, -23.256375602347095 ], [ -46.915501974071525, -23.256374577071288 ], [ -46.915499679543373, -23.256373551795438 ], [ -46.91549738501525, -23.256372526519552 ], [ -46.915495105537829, -23.256372554332412 ], [ -46.915492811009749, -23.256371529056462 ], [ -46.915490516481704, -23.256370503780467 ], [ -46.91548934664177, -23.256368411509303 ], [ -46.915487067164399, -23.256368439322038 ], [ -46.915485897324537, -23.256366347050843 ], [ -46.915483617847208, -23.256366374863521 ], [ -46.915481338369865, -23.256366402676171 ], [ -46.91548130826876, -23.256364296498585 ], [ -46.915477889052802, -23.256364338217498 ], [ -46.915475609575488, -23.25636436603007 ], [ -46.915473330098173, -23.256364393842606 ], [ -46.915473299997203, -23.256362287665034 ], [ -46.915471005469449, -23.256361262388733 ], [ -46.915468710941731, -23.2563602371124 ], [ -46.915466431464473, -23.256360264924826 ], [ -46.915464136936805, -23.256359239648429 ], [ -46.915461857459555, -23.256359267460795 ], [ -46.915459562931936, -23.256358242184319 ], [ -46.915457253353992, -23.256356163819017 ], [ -46.915453834138184, -23.25635620553739 ], [ -46.915451539610672, -23.256355180260783 ], [ -46.915449245083188, -23.256354154984152 ], [ -46.915448075244036, -23.256352062712619 ], [ -46.91544465602832, -23.256352104430796 ], [ -46.915442346450703, -23.256350026065221 ], [ -46.915441176611694, -23.256347933793624 ], [ -46.915438867034204, -23.25634585542802 ], [ -46.915438836933795, -23.256343749250387 ], [ -46.915435387617926, -23.256341684790701 ], [ -46.915434217779108, -23.256339592519037 ], [ -46.915431923252008, -23.256338567242125 ], [ -46.915430753413276, -23.256336474970421 ], [ -46.915428458886261, -23.256335449693459 ], [ -46.915426179409373, -23.256335477505271 ], [ -46.915422745143957, -23.256334466134106 ], [ -46.915421575305402, -23.256332373862328 ], [ -46.915419295828556, -23.25633240167404 ], [ -46.915417001301691, -23.256331376396897 ], [ -46.91541472182486, -23.256331404208527 ], [ -46.91541242729803, -23.256330378931317 ], [ -46.915410132771243, -23.256329353654049 ], [ -46.91540785329444, -23.256329381465598 ], [ -46.91540557381763, -23.256329409277111 ], [ -46.915403294340813, -23.256329437088574 ], [ -46.915400999814096, -23.256328411811186 ], [ -46.915398720337294, -23.256328439622607 ], [ -46.915396425810627, -23.256327414345137 ], [ -46.915394146333838, -23.256327442156479 ], [ -46.915391866857036, -23.25632746996779 ], [ -46.915390697019014, -23.256325377695731 ], [ -46.915388402492454, -23.256324352418151 ], [ -46.915386107965929, -23.256323327140517 ], [ -46.91538382848919, -23.256323354951707 ], [ -46.91538151891298, -23.256321276585162 ], [ -46.915380349075171, -23.256319184313011 ], [ -46.915378054548789, -23.256318159035263 ], [ -46.915376884711065, -23.256316066763077 ], [ -46.915375714873377, -23.256313974490887 ], [ -46.915374545035739, -23.2563118822187 ], [ -46.915372265559178, -23.256311910029712 ], [ -46.915371095721603, -23.256309817757476 ], [ -46.915369925884072, -23.256307725485232 ], [ -46.915368756046576, -23.256305633212978 ], [ -46.915366476570114, -23.256305661023895 ], [ -46.915366446470898, -23.256303554846177 ], [ -46.915366416371697, -23.256301448668445 ], [ -46.91536752601067, -23.256299328585261 ], [ -46.915368635649607, -23.25629720850208 ], [ -46.915369745288515, -23.256295088418884 ], [ -46.915372009715149, -23.256294007519081 ], [ -46.915373104304329, -23.256290834347006 ], [ -46.915376493419281, -23.256288686452777 ], [ -46.915377588008319, -23.25628551328068 ], [ -46.915379852434725, -23.25628443238076 ], [ -46.915380947023657, -23.256281259208645 ], [ -46.915382056662246, -23.256279139125386 ], [ -46.915382026562831, -23.256277032947668 ], [ -46.915384306038781, -23.256277005136553 ], [ -46.91538426088961, -23.256273845869995 ], [ -46.915385370528099, -23.256271725786711 ], [ -46.915385340428635, -23.256269619609 ], [ -46.915385310329185, -23.25626751343129 ], [ -46.915385280229735, -23.256265407253576 ], [ -46.915385250130285, -23.256263301075855 ], [ -46.915385220030842, -23.256261194898141 ], [ -46.915384050193573, -23.256259102625975 ], [ -46.915384020094159, -23.256256996448258 ], [ -46.915381740618542, -23.256257024259334 ], [ -46.915380570781373, -23.256254931987154 ], [ -46.915380540682015, -23.256252825809415 ], [ -46.915378246156806, -23.256251800531594 ], [ -46.915377076319743, -23.256249708259357 ], [ -46.915375906482716, -23.256247615987121 ], [ -46.915373627007249, -23.256247643798066 ], [ -46.915371332482181, -23.256246618520123 ], [ -46.915371302382979, -23.256244512342395 ], [ -46.915369022907562, -23.256244540153276 ], [ -46.91536672838258, -23.256243514875251 ], [ -46.915365558545766, -23.256241422602923 ], [ -46.915363279070391, -23.256241450413718 ], [ -46.915362109233655, -23.256239358141343 ], [ -46.915359814708808, -23.256238332863212 ], [ -46.915357520183996, -23.256237307585046 ], [ -46.91535635034738, -23.256235215312635 ], [ -46.915354070872105, -23.256235243123299 ], [ -46.915351776347386, -23.256234217845037 ], [ -46.915349466773272, -23.256232139477852 ], [ -46.91534717224863, -23.256231114199522 ], [ -46.915346002412242, -23.256229021927012 ], [ -46.915343722937052, -23.256229049737513 ], [ -46.915343692838313, -23.256226943559728 ], [ -46.915341413363159, -23.256226971370204 ], [ -46.915340243526892, -23.256224879097637 ], [ -46.915339073690667, -23.256222786825063 ], [ -46.91533677916626, -23.256221761546549 ], [ -46.915334484641889, -23.256220736268027 ], [ -46.915334454543306, -23.256218630090231 ], [ -46.915332160018998, -23.256217604811649 ], [ -46.915329865494741, -23.256216579533042 ], [ -46.915329835396228, -23.256214473355246 ], [ -46.915327540872035, -23.256213448076601 ], [ -46.915325246347869, -23.256212422797912 ], [ -46.915325216249443, -23.256210316620106 ], [ -46.915322921725348, -23.256209291341374 ], [ -46.915320627201289, -23.256208266062611 ], [ -46.915318332677259, -23.256207240783819 ], [ -46.915316038153271, -23.256206215504971 ], [ -46.915310279269789, -23.256202072674359 ], [ -46.915307969696876, -23.256199994306492 ], [ -46.915306799861384, -23.256197902033616 ], [ -46.91530452038667, -23.256197929843509 ], [ -46.915304490288584, -23.256195823665681 ], [ -46.915304460190505, -23.256193717487854 ], [ -46.915305569829741, -23.256191597405078 ], [ -46.915305539731648, -23.256189491227239 ], [ -46.915305509633562, -23.256187385049401 ], [ -46.915305479535476, -23.256185278871573 ], [ -46.915306589174634, -23.256183158788797 ], [ -46.915306559076541, -23.256181052610959 ], [ -46.915306528978448, -23.256178946433128 ], [ -46.915306498880369, -23.256176840255272 ], [ -46.915307608519441, -23.25617472017251 ], [ -46.915307563372302, -23.256171560905738 ], [ -46.915307533274209, -23.256169454727917 ], [ -46.915307503176116, -23.256167348550065 ], [ -46.915309752552183, -23.256165214562341 ], [ -46.915309722454069, -23.256163108384495 ], [ -46.915309692355954, -23.25616100220666 ], [ -46.915308522520824, -23.256158909933781 ], [ -46.91530735268573, -23.25615681766088 ], [ -46.915307322587665, -23.256154711483031 ], [ -46.915306152752628, -23.25615261921012 ], [ -46.915306122654592, -23.256150513032281 ], [ -46.915303828131677, -23.256149487753181 ], [ -46.915302658296753, -23.256147395480248 ], [ -46.915301488461857, -23.256145303207287 ], [ -46.915301458363899, -23.256143197029438 ], [ -46.915300288529075, -23.256141104756473 ], [ -46.915299118694278, -23.256139012483484 ], [ -46.915297948859525, -23.256136920210498 ], [ -46.915296779024814, -23.25613482793748 ], [ -46.915296748926949, -23.25613272175962 ], [ -46.915295579092287, -23.256130629486609 ], [ -46.915294409257676, -23.25612853721357 ], [ -46.915294379159853, -23.25612643103571 ], [ -46.91529434906203, -23.25612432485784 ], [ -46.915295458700932, -23.256122204775139 ], [ -46.915296568339805, -23.256120084692451 ], [ -46.915297677978643, -23.256117964609743 ], [ -46.915298787617452, -23.256115844527027 ], [ -46.915301052041812, -23.256114763628382 ], [ -46.915301021943911, -23.256112657450522 ], [ -46.91530099184601, -23.256110551272666 ], [ -46.915303256270271, -23.256109470373993 ], [ -46.915303226172341, -23.256107364196136 ], [ -46.915304335810973, -23.256105244113385 ], [ -46.915304305713029, -23.256103137935526 ], [ -46.915305415351625, -23.256101017852789 ], [ -46.915305385253667, -23.256098911674922 ], [ -46.915307634628704, -23.256096777687276 ], [ -46.915307619579707, -23.256095724598325 ], [ -46.915308759316197, -23.256095710693423 ], [ -46.915311023740145, -23.256094629794646 ], [ -46.915313303213097, -23.256094601984785 ], [ -46.915315567636981, -23.256093521085944 ], [ -46.915317847109904, -23.256093493276015 ], [ -46.915317817011768, -23.256091387098174 ], [ -46.915320096484642, -23.256091359288185 ], [ -46.915322360908419, -23.256090278389276 ], [ -46.915324640381279, -23.256090250579234 ], [ -46.915326904804999, -23.256089169680255 ], [ -46.915329154179517, -23.256087035692325 ], [ -46.915331418603138, -23.256085954793281 ], [ -46.915331388504789, -23.25608384861545 ], [ -46.915332498142803, -23.256081728532553 ], [ -46.915332468044447, -23.256079622354722 ], [ -46.915334732467919, -23.256078541455647 ], [ -46.915336996891355, -23.256077460556522 ], [ -46.915339246265518, -23.256075326568471 ], [ -46.9153415257381, -23.256075298758208 ], [ -46.915343805210675, -23.256075270947914 ], [ -46.915344914848426, -23.256073150864928 ], [ -46.915347194320958, -23.256073123054584 ], [ -46.915349473793491, -23.256073095244222 ], [ -46.915351753266023, -23.25607306743381 ], [ -46.915354032738541, -23.256073039623367 ], [ -46.915356312211067, -23.256073011812891 ], [ -46.915358591683585, -23.256072984002383 ], [ -46.915358561584839, -23.256070877824595 ], [ -46.915360841057314, -23.256070850014058 ], [ -46.91536312052979, -23.256070822203487 ], [ -46.915365384952835, -23.256069741303978 ], [ -46.915367664425283, -23.256069713493343 ], [ -46.91536994389773, -23.256069685682686 ], [ -46.915372208320697, -23.256068604783096 ], [ -46.915374487793116, -23.256068576972368 ], [ -46.915376767265535, -23.256068549161597 ], [ -46.915379046737954, -23.256068521350798 ], [ -46.915381326210365, -23.256068493539953 ], [ -46.915383605682777, -23.256068465729101 ], [ -46.915385885155175, -23.256068437918191 ], [ -46.915388164627579, -23.256068410107275 ], [ -46.915390444099977, -23.256068382296309 ], [ -46.915390414000733, -23.256066276118531 ], [ -46.915392693473088, -23.256066248307537 ], [ -46.915394957895792, -23.256065167407641 ], [ -46.915397237368119, -23.256065139596579 ], [ -46.915399501790766, -23.256064058696619 ], [ -46.915401766213357, -23.256062977796613 ], [ -46.915404030635926, -23.256061896896586 ], [ -46.915406295058446, -23.256060815996534 ], [ -46.91540855948093, -23.256059735096446 ], [ -46.915409669117508, -23.256057615013084 ], [ -46.915411933539914, -23.256056534112943 ], [ -46.915414213012077, -23.256056506301658 ], [ -46.915414182912478, -23.256054400123919 ], [ -46.915415292548921, -23.25605228004051 ], [ -46.915417556971185, -23.256051199140312 ], [ -46.915419821393407, -23.256050118240079 ], [ -46.915422085815599, -23.256049037339817 ], [ -46.915424350237743, -23.256047956439513 ], [ -46.915426629709742, -23.256047928628043 ], [ -46.915428909181742, -23.25604790081654 ], [ -46.915431188653734, -23.256047873005009 ], [ -46.915433468125734, -23.256047845193439 ], [ -46.915435747597712, -23.256047817381862 ], [ -46.915438027069705, -23.256047789570225 ], [ -46.915440306541683, -23.256047761758566 ], [ -46.915443725749647, -23.256047720041 ], [ -46.91544599017157, -23.256046639140397 ], [ -46.915448269643527, -23.256046611328632 ], [ -46.915450534065386, -23.256045530427972 ], [ -46.915452813537314, -23.256045502616125 ], [ -46.915455093009243, -23.25604547480425 ], [ -46.915458512217114, -23.256045433086378 ], [ -46.915460776638866, -23.256044352185569 ], [ -46.91546305611076, -23.256044324373569 ], [ -46.915465320532455, -23.256043243472714 ], [ -46.91546760000432, -23.256043215660657 ], [ -46.915469879476184, -23.25604318784859 ], [ -46.915472158948049, -23.256043160036462 ], [ -46.915475578155828, -23.25604311831821 ], [ -46.915477857627671, -23.256043090506004 ], [ -46.915480137099522, -23.256043062693777 ], [ -46.915482416571365, -23.256043034881504 ], [ -46.915484696043208, -23.256043007069206 ], [ -46.915486975515044, -23.256042979256868 ], [ -46.915489270037263, -23.256044004533297 ], [ -46.91549156455951, -23.256045029809734 ], [ -46.915493859081785, -23.256046055086109 ], [ -46.915496153604103, -23.25604708036246 ], [ -46.915498433075989, -23.256047052549938 ], [ -46.915500712547875, -23.256047024737406 ], [ -46.915501882384788, -23.256049117008757 ], [ -46.915504161856703, -23.256049089196164 ], [ -46.915505331693687, -23.256051181467477 ], [ -46.91550761116563, -23.256051153654827 ], [ -46.915507641266693, -23.256053259832459 ], [ -46.915509935789224, -23.256054285108583 ], [ -46.915508826154316, -23.256056405192556 ], [ -46.915508856255407, -23.256058511370171 ], [ -46.915506591833861, -23.256059592271651 ], [ -46.915506621934924, -23.256061698449265 ], [ -46.915506652035987, -23.256063804626901 ], [ -46.91550668213705, -23.256065910804512 ], [ -46.91550671223812, -23.256068016982123 ], [ -46.915505602603062, -23.256070137066082 ], [ -46.915505632704118, -23.256072243243693 ], [ -46.915506802541351, -23.256074335514988 ], [ -46.915506832642436, -23.256076441692596 ], [ -46.915509112114812, -23.256076413879892 ], [ -46.915509142215939, -23.256078520057514 ], [ -46.915509172317059, -23.256080626235132 ], [ -46.915511466840087, -23.256081651511192 ], [ -46.915513761363144, -23.256082676787234 ], [ -46.915513791464356, -23.256084782964834 ], [ -46.91551607093686, -23.256084755152035 ], [ -46.915518365460002, -23.256085780427995 ], [ -46.915518395561286, -23.256087886605599 ], [ -46.915520690084499, -23.256088911881513 ], [ -46.915522984607748, -23.256089937157398 ], [ -46.91552526408033, -23.256089909344457 ], [ -46.915525294181727, -23.256092015522036 ], [ -46.915527573654344, -23.256091987709052 ], [ -46.915529868177693, -23.256093012984838 ], [ -46.915533302437396, -23.256094024354045 ], [ -46.915533332538921, -23.256096130531621 ], [ -46.915537906535071, -23.256097127994167 ], [ -46.915540186007753, -23.256097100181005 ], [ -46.915542480531272, -23.256098125456589 ], [ -46.915544775054833, -23.256099150732126 ], [ -46.915547069578416, -23.256100176007628 ], [ -46.91554934905114, -23.256100148194324 ], [ -46.915551628523858, -23.256100120380985 ], [ -46.915553907996582, -23.256100092567618 ], [ -46.915556187469292, -23.256100064754207 ], [ -46.915558466942002, -23.256100036940772 ], [ -46.915560746414712, -23.256100009127305 ], [ -46.915563040938423, -23.256101034402572 ], [ -46.915565320411133, -23.256101006589034 ], [ -46.915567614934886, -23.25610203186422 ], [ -46.915569894407618, -23.256102004050614 ], [ -46.915571064246116, -23.25610409632133 ], [ -46.915573358769961, -23.256105121596434 ], [ -46.915575638242736, -23.25610509378274 ], [ -46.915577947817752, -23.256107172146539 ], [ -46.915577977920002, -23.256109278324054 ], [ -46.91558025739284, -23.256109250510278 ], [ -46.915581427231565, -23.256111342780908 ], [ -46.915582597070326, -23.256113435051521 ], [ -46.915582627172654, -23.256115541229029 ], [ -46.915583797011479, -23.25611763349962 ], [ -46.915586076484452, -23.256117605685777 ], [ -46.915586106586844, -23.256119711863278 ], [ -46.915587276425761, -23.256121804133841 ], [ -46.915588446264714, -23.256123896404393 ], [ -46.915590755840263, -23.256125974767951 ], [ -46.915591925679308, -23.256128067038464 ], [ -46.915593095518396, -23.256130159308977 ], [ -46.915595390042853, -23.256131184583715 ], [ -46.915596559882019, -23.256133276854186 ], [ -46.915597729721227, -23.256135369124642 ], [ -46.915600039297118, -23.256137447488054 ], [ -46.915601209136426, -23.256139539758486 ], [ -46.915602378975763, -23.256141632028886 ], [ -46.915604673500475, -23.256142657303485 ], [ -46.915604703603201, -23.256144763480968 ], [ -46.915605873442644, -23.256146855751332 ], [ -46.915607043282122, -23.256148948021714 ], [ -46.9156093227556, -23.256148920207469 ], [ -46.915609352858404, -23.256151026384945 ], [ -46.915610522697982, -23.256153118655298 ], [ -46.915611692537595, -23.256155210925613 ], [ -46.915612862377245, -23.256157303195923 ], [ -46.915615141850857, -23.2561572753816 ], [ -46.915616311690584, -23.25615936765189 ], [ -46.915616341793516, -23.256161473829344 ], [ -46.915616371896448, -23.256163580006803 ], [ -46.915618651370153, -23.256163552192412 ], [ -46.915618696524611, -23.256166711458601 ], [ -46.91561986636448, -23.256168803728848 ], [ -46.915622145838277, -23.256168775914411 ], [ -46.915622175941309, -23.256170882091855 ], [ -46.915622206044347, -23.256172988269306 ], [ -46.915623375884337, -23.256175080539499 ], [ -46.915624545724363, -23.256177172809707 ], [ -46.915625715564431, -23.256179265079897 ], [ -46.915626885404535, -23.256181357350084 ], [ -46.915625790822197, -23.256184530523505 ], [ -46.915625820925307, -23.256186636700935 ], [ -46.915625851028423, -23.256188742878379 ], [ -46.915627020868627, -23.256190835148551 ], [ -46.915629300342786, -23.256190807333979 ], [ -46.91562933044596, -23.256192913511409 ], [ -46.915631609920155, -23.256192885696805 ], [ -46.915631640023371, -23.256194991874253 ], [ -46.915631670126587, -23.256197098051668 ], [ -46.915633964652478, -23.256198123325738 ], [ -46.915635134492895, -23.256200215595829 ], [ -46.915637429018865, -23.256201240869835 ], [ -46.915639708493188, -23.256201213055114 ], [ -46.915640878333718, -23.256203305325151 ], [ -46.915643172859774, -23.256204330599076 ], [ -46.915645467385872, -23.256205355872961 ], [ -46.915647761911998, -23.256206381146807 ], [ -46.915650041386392, -23.256206353331919 ], [ -46.915650071489914, -23.256208459509331 ], [ -46.915652366016126, -23.256209484783103 ], [ -46.915654660542373, -23.256210510056839 ], [ -46.915656970120466, -23.256212588419242 ], [ -46.915658139961373, -23.256214680689133 ], [ -46.915660419435895, -23.256214652874078 ], [ -46.915660449539594, -23.256216759051462 ], [ -46.915661619380593, -23.256218851321329 ], [ -46.915661649484321, -23.256220957498709 ], [ -46.915663928958942, -23.2562209296836 ], [ -46.915666238537362, -23.256223008045833 ], [ -46.915667408378518, -23.256225100315628 ], [ -46.915669702905134, -23.256226125589137 ], [ -46.915672012483732, -23.256228203951267 ], [ -46.915672042587637, -23.256230310128647 ], [ -46.915674322062408, -23.256230282313364 ], [ -46.915674352166349, -23.256232388490755 ], [ -46.915676661745131, -23.25623446685281 ], [ -46.915677831586557, -23.25623655912251 ], [ -46.91568011106142, -23.256236531307152 ], [ -46.915681280902916, -23.25623862357682 ], [ -46.915682450744441, -23.256240715846467 ], [ -46.915683620586009, -23.256242808116117 ], [ -46.91568365069012, -23.256244914293468 ], [ -46.915684820531752, -23.256247006563097 ], [ -46.915684850635877, -23.256249112740452 ], [ -46.915686020477565, -23.256251205010056 ], [ -46.915687190319289, -23.256253297279667 ], [ -46.915687220423472, -23.256255403457015 ], [ -46.915689499898647, -23.256255375641487 ], [ -46.915690669740471, -23.256257467911059 ], [ -46.915690699844703, -23.256259574088403 ], [ -46.91569297931995, -23.25625954627283 ], [ -46.915694149161858, -23.256261638542366 ], [ -46.915695319003817, -23.256263730811888 ], [ -46.915695349108134, -23.256265836989233 ], [ -46.91569762858348, -23.256265809173584 ], [ -46.915698798425524, -23.256267901443085 ], [ -46.915699968267617, -23.256269993712564 ], [ -46.91570224774302, -23.256269965896859 ], [ -46.915703417585178, -23.256272058166292 ], [ -46.915703447689637, -23.256274164343619 ], [ -46.915705757269606, -23.256276242705162 ], [ -46.915706927111884, -23.256278334974574 ], [ -46.915708096954191, -23.256280427243986 ], [ -46.915708127058735, -23.256282533421292 ], [ -46.915709296901106, -23.256284625690679 ], [ -46.915709327005672, -23.256286731867988 ], [ -46.915710496848106, -23.256288824137364 ], [ -46.915711666690576, -23.256290916406726 ], [ -46.915711696795192, -23.256293022584032 ], [ -46.915712866637719, -23.256295114853387 ], [ -46.915714036480288, -23.256297207122721 ], [ -46.915714066584947, -23.256299313300026 ], [ -46.91571634606084, -23.256299285484069 ], [ -46.915717515903502, -23.256301377753378 ], [ -46.915719825484175, -23.256303456114654 ], [ -46.915720995326936, -23.256305548383949 ], [ -46.915722165169726, -23.256307640653205 ], [ -46.915723335012551, -23.256309732922432 ], [ -46.915725629541043, -23.256310758194992 ], [ -46.915726799383954, -23.256312850464216 ], [ -46.915727969226907, -23.256314942733425 ], [ -46.91573026375552, -23.256315968005886 ], [ -46.915731433598552, -23.256318060275056 ], [ -46.915733728127229, -23.256319085547464 ], [ -46.915736022655949, -23.256320110819836 ], [ -46.915737192499115, -23.25632220308896 ], [ -46.915739487027906, -23.256323228361271 ], [ -46.915739517133012, -23.256325334538534 ], [ -46.915741811661874, -23.256326359810807 ], [ -46.915741841767016, -23.256328465988069 ], [ -46.915743011610346, -23.256330558257119 ], [ -46.915745306139328, -23.256331583529349 ], [ -46.91574647598275, -23.256333675798388 ], [ -46.915748770511804, -23.256334701070546 ], [ -46.915748815669701, -23.256337860336412 ], [ -46.915751110198848, -23.256338885608525 ], [ -46.915752280042426, -23.25634097787751 ], [ -46.91575344988604, -23.256343070146485 ], [ -46.915755744415314, -23.256344095418537 ], [ -46.915755774520697, -23.256346201595765 ], [ -46.915758069050035, -23.256347226867774 ], [ -46.915760378632143, -23.256349305228351 ], [ -46.915761548475963, -23.256351397497241 ], [ -46.915763827952674, -23.256351369680534 ], [ -46.915763858058192, -23.256353475857765 ], [ -46.915763888163724, -23.256355582034985 ], [ -46.915766167640498, -23.256355554218249 ], [ -46.915766197746066, -23.256357660395469 ], [ -46.915768477222876, -23.256357632578684 ], [ -46.91576850732848, -23.256359738755911 ], [ -46.915768537434083, -23.256361844933121 ], [ -46.915770831963783, -23.256362870204914 ], [ -46.915770862069436, -23.256364976382127 ], [ -46.915770907227916, -23.256368135647939 ], [ -46.915770937333569, -23.256370241825156 ], [ -46.915770967439229, -23.256372348002355 ], [ -46.915770997544904, -23.256374454179575 ], [ -46.915771027650571, -23.256376560356784 ], [ -46.915769918017659, -23.25637868044242 ], [ -46.915769948123319, -23.256380786619623 ], [ -46.91576997822898, -23.256382892796832 ], [ -46.91577000833464, -23.256384998974049 ], [ -46.915770038440307, -23.256387105151255 ], [ -46.915771208284653, -23.256389197420038 ], [ -46.915771238390349, -23.256391303597233 ], [ -46.915772408234744, -23.256393395865995 ], [ -46.915774702765034, -23.256394421137696 ], [ -46.915775872609522, -23.256396513406422 ], [ -46.915775902715296, -23.256398619583614 ], [ -46.915775932821077, -23.256400725760816 ], [ -46.915777102665643, -23.256402818029532 ], [ -46.915775993032646, -23.256404938115203 ], [ -46.915776023138442, -23.256407044292395 ], [ -46.91577605324423, -23.256409150469604 ], [ -46.915778332721906, -23.256409122652624 ], [ -46.915779502566593, -23.256411214921304 ], [ -46.915780672411316, -23.25641330718998 ], [ -46.915780702517196, -23.256415413367179 ], [ -46.915780732623077, -23.25641751954436 ], [ -46.915783012100881, -23.256417491727298 ], [ -46.915785306631662, -23.25641851699881 ], [ -46.915785336737621, -23.256420623175977 ], [ -46.915786506582528, -23.256422715444611 ], [ -46.915788801113422, -23.256423740716048 ], [ -46.915789986011433, -23.256426886073225 ], [ -46.915791155856475, -23.256428978341788 ], [ -46.915793465440558, -23.256431056701746 ], [ -46.915795759971651, -23.25643208197306 ], [ -46.915798039449683, -23.256432054155784 ], [ -46.915798069555862, -23.25643416033294 ], [ -46.91580034903393, -23.256434132515615 ], [ -46.915800379140151, -23.256436238692778 ], [ -46.91580265861824, -23.256436210875417 ], [ -46.915804953149483, -23.256437236146592 ], [ -46.915807247680767, -23.256438261417745 ], [ -46.915809527158885, -23.256438233600267 ], [ -46.915811806637009, -23.256438205782782 ], [ -46.915814086115127, -23.256438177965247 ], [ -46.915816380646476, -23.256439203236265 ], [ -46.915818675177867, -23.256440228507234 ], [ -46.915820954656006, -23.256440200689596 ], [ -46.915823234134145, -23.25644017287193 ], [ -46.915823264240728, -23.256442279049057 ], [ -46.915826683457986, -23.256442237322492 ], [ -46.915828962936153, -23.256442209504741 ], [ -46.915830132781927, -23.25644430177298 ], [ -46.91583241226013, -23.256444273955164 ], [ -46.915834706791706, -23.256445299225888 ], [ -46.915837001323318, -23.256446324496579 ], [ -46.915840420540654, -23.256446282769708 ], [ -46.915842700018871, -23.256446254951761 ], [ -46.915844979497081, -23.256446227133772 ], [ -46.915846149343139, -23.256448319401866 ], [ -46.915848443874879, -23.256449344672365 ], [ -46.915850738406647, -23.256450369942847 ], [ -46.915853032938458, -23.256451395213279 ], [ -46.915854202784686, -23.256453487481306 ], [ -46.915856497316568, -23.256454512751674 ], [ -46.915856527423699, -23.256456618928762 ], [ -46.91585655753083, -23.256458725105837 ], [ -46.915854278052414, -23.256458752924015 ], [ -46.915854308159517, -23.256460859101093 ], [ -46.91585433826662, -23.256462965278178 ], [ -46.915854368373729, -23.25646507145526 ], [ -46.915854398480839, -23.256467177632342 ], [ -46.915854428587949, -23.25646928380943 ], [ -46.915854458695065, -23.256471389986515 ], [ -46.915855628541514, -23.256473482254496 ], [ -46.915856798387999, -23.256475574522476 ], [ -46.915857968234533, -23.256477666790445 ], [ -46.915859138081096, -23.256479759058404 ], [ -46.91586141755986, -23.256479731240127 ], [ -46.915863712092253, -23.256480756510374 ], [ -46.915865991571032, -23.256480728692043 ], [ -46.915868286103468, -23.256481753962202 ], [ -46.915870580635946, -23.256482779232329 ], [ -46.915872875168454, -23.256483804502434 ], [ -46.915875169701003, -23.256484829772493 ], [ -46.915877449179831, -23.256484801953984 ], [ -46.915879743712416, -23.256485827223962 ], [ -46.915882023191251, -23.256485799405397 ], [ -46.915883193038262, -23.256487891673149 ], [ -46.915885472517132, -23.256487863854531 ], [ -46.915886642364214, -23.256489956122248 ], [ -46.915887812211331, -23.256492048389955 ], [ -46.915890091690258, -23.256492020571262 ], [ -46.915891261537453, -23.256494112838919 ], [ -46.915892431384684, -23.256496205106583 ], [ -46.91589360123195, -23.256498297374236 ], [ -46.915893631339721, -23.256500403551254 ], [ -46.91589591081879, -23.256500375732472 ], [ -46.915895940926603, -23.256502481909489 ], [ -46.91589711077399, -23.256504574177107 ], [ -46.915898280621413, -23.256506666444697 ], [ -46.915900590208473, -23.256508744802861 ], [ -46.915901760055988, -23.256510837070426 ], [ -46.915901790163907, -23.256512943247436 ], [ -46.915904084697161, -23.256513968517027 ], [ -46.915905254544775, -23.256516060784556 ], [ -46.915905284652759, -23.256518166961548 ], [ -46.915907564132112, -23.256518139142582 ], [ -46.915907594240139, -23.256520245319589 ], [ -46.915908764087874, -23.256522337587079 ], [ -46.915909933935644, -23.256524429854561 ], [ -46.915909964043713, -23.256526536031565 ], [ -46.915909994151782, -23.256528642208565 ], [ -46.915912288685362, -23.256529667478009 ], [ -46.915914598273048, -23.2565317458359 ], [ -46.915914628381202, -23.256533852012897 ], [ -46.915914658489356, -23.25653595818989 ], [ -46.915914688597518, -23.256538064366872 ], [ -46.915916983131289, -23.256539089636224 ], [ -46.915919277665104, -23.256540114905558 ], [ -46.915919307773343, -23.256542221082533 ], [ -46.915920477621469, -23.256544313349927 ], [ -46.915921647469645, -23.256546405617282 ], [ -46.915921677577927, -23.256548511794261 ], [ -46.91592284742616, -23.256550604061616 ], [ -46.915924017274421, -23.256552696328949 ], [ -46.915925187122724, -23.256554788596297 ], [ -46.915927496711063, -23.256556866953954 ], [ -46.915928666559466, -23.256558959221255 ], [ -46.915928696667876, -23.256561065398216 ], [ -46.915928726776293, -23.256563171575177 ], [ -46.915929896624775, -23.256565263842472 ], [ -46.915931066473291, -23.256567356109741 ], [ -46.915933345953441, -23.256567328290334 ], [ -46.915933376061943, -23.256569434467284 ], [ -46.915933406170446, -23.256571540644252 ], [ -46.915935700704935, -23.25657256591327 ], [ -46.91593799523946, -23.256573591182278 ], [ -46.915938025348041, -23.256575697359228 ], [ -46.915940319882644, -23.256576722628182 ], [ -46.915942599362936, -23.256576694808619 ], [ -46.915943769211765, -23.256578787075792 ], [ -46.915946063746453, -23.256579812344651 ], [ -46.91594835828117, -23.256580837613487 ], [ -46.91595065281593, -23.256581862882278 ], [ -46.91595182266493, -23.256583955149349 ], [ -46.91595411719976, -23.256584980418101 ], [ -46.91595639668018, -23.256584952598342 ], [ -46.915956426789066, -23.256587058775263 ], [ -46.915958721323989, -23.25658808404393 ], [ -46.915961000804451, -23.256588056224093 ], [ -46.91596328028492, -23.256588028404238 ], [ -46.9159655748199, -23.256589053672794 ], [ -46.915967869354908, -23.256590078941311 ], [ -46.915970163889959, -23.256591104209804 ], [ -46.915972458425038, -23.256592129478264 ], [ -46.915974752960146, -23.256593154746664 ], [ -46.915977047495296, -23.25659418001505 ], [ -46.915979342030475, -23.256595205283386 ], [ -46.915980511880029, -23.256597297550215 ], [ -46.915982806415286, -23.256598322818508 ], [ -46.915982836524613, -23.256600428995391 ], [ -46.915985131059934, -23.256601454263631 ], [ -46.91598742559529, -23.25660247953186 ], [ -46.915987965356067, -23.256600366399898 ], [ -46.915992524317339, -23.256600310759335 ], [ -46.915997053169058, -23.256598148941766 ], [ -46.916001612130231, -23.256598093300926 ], [ -46.916006140981708, -23.256595931483112 ], [ -46.916010699942788, -23.256595875842024 ], [ -46.916015258903847, -23.256595820200793 ], [ -46.916017478164662, -23.256591580026445 ], [ -46.916022037125565, -23.256591524385041 ], [ -46.916026565976445, -23.256589362566665 ], [ -46.91603109482719, -23.256587200748175 ], [ -46.916035653787894, -23.256587145106383 ], [ -46.91603787304792, -23.256582904931793 ], [ -46.916042432008467, -23.256582849289806 ], [ -46.916044651268209, -23.256578609115131 ], [ -46.916046870527815, -23.256574368940427 ], [ -46.916049089787286, -23.256570128765709 ], [ -46.916049029566658, -23.256565916412086 ], [ -46.916053558416223, -23.256563754593007 ], [ -46.916058117376082, -23.256563698950611 ], [ -46.916062676335912, -23.256563643308095 ], [ -46.916067235295742, -23.256563587665429 ], [ -46.916071764144895, -23.256561425845852 ], [ -46.916073983403372, -23.256557185670854 ], [ -46.916078542362946, -23.256557130027879 ], [ -46.916083101322513, -23.256557074384776 ], [ -46.916087660282059, -23.256557018741546 ], [ -46.916089879539953, -23.256552778566338 ], [ -46.916094408388339, -23.25655061674615 ], [ -46.916098937236562, -23.256548454925852 ], [ -46.916098877014427, -23.256544242572332 ], [ -46.916103435973504, -23.256544186928672 ], [ -46.916103375751234, -23.256539974575158 ], [ -46.916107874487757, -23.256535706577878 ], [ -46.916107814265381, -23.256531494224369 ], [ -46.916112343112744, -23.256529332403733 ], [ -46.91611687195995, -23.25652717058297 ], [ -46.916121430918395, -23.256527114938816 ], [ -46.916123650174754, -23.256522874763231 ], [ -46.916128179021541, -23.256520712942162 ], [ -46.91613273797973, -23.256520657297703 ], [ -46.916137266826283, -23.256518495476396 ], [ -46.91613948608201, -23.256514255300619 ], [ -46.916144014928221, -23.256512093479135 ], [ -46.916143954704779, -23.25650788112571 ], [ -46.916146173960136, -23.256503640949855 ], [ -46.9161507329177, -23.256503585304898 ], [ -46.916152952172773, -23.256499345128979 ], [ -46.916155171427711, -23.256495104953029 ], [ -46.91615970027302, -23.256492943131143 ], [ -46.916161919527653, -23.256488702955103 ], [ -46.916166448372621, -23.25648654113305 ], [ -46.916168667626941, -23.256482300956943 ], [ -46.916170886881126, -23.256478060780804 ], [ -46.916170826656931, -23.256473848427433 ], [ -46.916170766432764, -23.256469636074055 ], [ -46.9161729856867, -23.256465395897902 ], [ -46.916172925462483, -23.256461183544523 ], [ -46.91617745430635, -23.256459021722215 ], [ -46.916181953037828, -23.256454753723098 ], [ -46.916186481881326, -23.256452591900551 ], [ -46.916188701134509, -23.256448351724217 ], [ -46.916190920387564, -23.256444111547864 ], [ -46.91619544923055, -23.256441949725087 ], [ -46.916199978073386, -23.256439787902192 ], [ -46.91620450691606, -23.256437626079173 ], [ -46.916209065871222, -23.256437570432681 ], [ -46.916213594713668, -23.256435408609406 ], [ -46.91621809344317, -23.256431140609386 ], [ -46.916222622285233, -23.256428978785866 ], [ -46.916227151127146, -23.256426816962236 ], [ -46.91622937037863, -23.25642257678544 ], [ -46.916231589629994, -23.256418336608601 ], [ -46.916231529404065, -23.25641412425535 ], [ -46.916233748655237, -23.256409884078504 ], [ -46.916233688429266, -23.256405671725236 ], [ -46.916233628203308, -23.256401459371983 ], [ -46.91623818715717, -23.25640140372473 ], [ -46.916242746111003, -23.256401348077343 ], [ -46.916244965361628, -23.256397107900366 ], [ -46.916249494202091, -23.256394946076185 ], [ -46.916254023042399, -23.256392784251869 ], [ -46.916260801245876, -23.256388488426886 ], [ -46.916265360199226, -23.256388432778873 ], [ -46.916269949266081, -23.256390483307317 ], [ -46.916274538333056, -23.256392533835609 ], [ -46.916279097286505, -23.256392478187188 ], [ -46.916283656239933, -23.256392422538635 ], [ -46.916288245307165, -23.256394473066521 ], [ -46.916292804260635, -23.256394417417695 ], [ -46.916297363214092, -23.256394361768738 ], [ -46.91629970291882, -23.256398546297309 ], [ -46.916302042623713, -23.256402730825844 ], [ -46.916302102851816, -23.256406943178924 ], [ -46.916299883602925, -23.256411183356601 ], [ -46.916297664353912, -23.25641542353425 ], [ -46.916297724581916, -23.256419635887337 ], [ -46.916295505332712, -23.256423876064961 ], [ -46.916293286083366, -23.256428116242567 ], [ -46.916291066833899, -23.256432356420149 ], [ -46.916291127061747, -23.25643656877325 ], [ -46.916286568106834, -23.256436624422118 ], [ -46.916284348857026, -23.256440864599618 ], [ -46.916284409084682, -23.256445076952726 ], [ -46.916279880243231, -23.256447238777987 ], [ -46.916279940470773, -23.256451451131113 ], [ -46.916280000698322, -23.256455663484232 ], [ -46.916280060925892, -23.256459875837336 ], [ -46.916284619881601, -23.256459820188617 ], [ -46.916284680109335, -23.256464032541725 ], [ -46.916289269179117, -23.256466083069373 ], [ -46.916291608885032, -23.256470267597983 ], [ -46.916293948591104, -23.256474452126525 ], [ -46.916298537661376, -23.256476502653886 ], [ -46.916298597889579, -23.256480715006941 ], [ -46.916303156845956, -23.256480659357628 ], [ -46.916303217074329, -23.256484871710672 ], [ -46.91630327730271, -23.256489084063709 ], [ -46.916305617009499, -23.256493268592038 ], [ -46.916307956716452, -23.2564974531203 ], [ -46.916308016945017, -23.25650166547333 ], [ -46.916308077173596, -23.256505877826353 ], [ -46.916310416880862, -23.256510062354554 ], [ -46.91631275658829, -23.25651424688272 ], [ -46.916312816817054, -23.256518459235721 ], [ -46.916315156524725, -23.256522643763816 ], [ -46.916317496232537, -23.256526828291886 ], [ -46.916317556461486, -23.256531040644873 ], [ -46.916317616690456, -23.256535252997864 ], [ -46.916322175648638, -23.256535197347862 ], [ -46.916326764721433, -23.256537247874217 ], [ -46.916331323679657, -23.256537192223952 ], [ -46.916335882637867, -23.256537136573559 ], [ -46.916340441596063, -23.256537080923042 ], [ -46.916345000554237, -23.256537025272372 ], [ -46.916349589627401, -23.256539075798027 ], [ -46.916354178700693, -23.256541126323544 ], [ -46.916354238930836, -23.256545338676439 ], [ -46.916358828004412, -23.256547389201785 ], [ -46.916363417078117, -23.256549439727003 ], [ -46.916365756787918, -23.256553624254199 ], [ -46.91637031574659, -23.256553568602765 ], [ -46.916374904820671, -23.256555619127617 ], [ -46.91637949389488, -23.256557669652313 ], [ -46.916381833605328, -23.256561854179225 ], [ -46.916386392564242, -23.256561798527308 ], [ -46.916390951523141, -23.25656174287526 ], [ -46.916395510482026, -23.256561687223083 ], [ -46.916400099556711, -23.25656373774714 ], [ -46.916404688631545, -23.256565788271065 ], [ -46.91640702834291, -23.256569972797525 ], [ -46.916409368054431, -23.256574157323954 ], [ -46.916409428286407, -23.256578369676692 ], [ -46.916413987245811, -23.25657831402393 ], [ -46.916418606437475, -23.25658247072376 ], [ -46.916418666669763, -23.256586683076453 ], [ -46.916423225629416, -23.256586627423417 ], [ -46.916427844821655, -23.25659078412292 ], [ -46.916427905054249, -23.256594996475602 ], [ -46.916427965286871, -23.25659920882827 ], [ -46.916432554363318, -23.25660125935126 ], [ -46.916437113323433, -23.256601203697784 ], [ -46.916441702400071, -23.256603254220501 ], [ -46.916446261360228, -23.256603198566751 ], [ -46.916450820320371, -23.256603142912873 ], [ -46.916455379280507, -23.25660308725886 ], [ -46.916459938240621, -23.256603031604712 ], [ -46.916464497200728, -23.25660297595044 ], [ -46.916469056160814, -23.256602920296029 ], [ -46.916473615120893, -23.256602864641486 ], [ -46.916478174080957, -23.256602808986798 ], [ -46.916482733041001, -23.256602753332 ], [ -46.916487292001037, -23.256602697677064 ], [ -46.916491881078379, -23.256604748198249 ], [ -46.916496470155849, -23.256606798719286 ], [ -46.91649653039066, -23.256611011071779 ], [ -46.916501089350938, -23.25661095541642 ], [ -46.916505648311201, -23.256610899760943 ], [ -46.916510177153825, -23.256608737929092 ], [ -46.916514705996306, -23.256606576097109 ], [ -46.916519234838631, -23.256604414265013 ], [ -46.916523763680793, -23.256602252432799 ], [ -46.916528322640701, -23.256602196776665 ], [ -46.916532881600595, -23.256602141120407 ], [ -46.916537440560468, -23.256602085464014 ], [ -46.91654202963845, -23.256604135983672 ], [ -46.916546618716552, -23.256606186503202 ], [ -46.916546678952933, -23.256610398855582 ], [ -46.916546739189322, -23.256614611207958 ], [ -46.916546799425731, -23.256618823560324 ], [ -46.916546859662155, -23.256623035912707 ], [ -46.916546919898593, -23.256627248265062 ], [ -46.916546980135045, -23.256631460617438 ], [ -46.916547040371505, -23.256635672969797 ], [ -46.916547100607985, -23.256639885322162 ], [ -46.916549440325113, -23.256644069846082 ], [ -46.916549500561686, -23.25664828219843 ], [ -46.916549560798281, -23.256652494550767 ], [ -46.916549621034889, -23.256656706903119 ], [ -46.916549681271512, -23.256660919255463 ], [ -46.916554270351732, -23.256662969774617 ], [ -46.916556610069527, -23.25666715429837 ], [ -46.91656119915006, -23.256669204817307 ], [ -46.916565758112142, -23.25666914915994 ], [ -46.916570317074211, -23.256669093502442 ], [ -46.916574876036265, -23.256669037844809 ], [ -46.916579434998312, -23.256668982187044 ], [ -46.916583993960337, -23.256668926529152 ], [ -46.916588552922349, -23.256668870871124 ], [ -46.91659314200335, -23.256670921389084 ], [ -46.916595481722482, -23.256675105912169 ], [ -46.916600100922935, -23.256679262605999 ], [ -46.916602440642443, -23.25668344712896 ], [ -46.916607029724148, -23.256685497646465 ], [ -46.916611588686663, -23.256685441987727 ], [ -46.916616147649158, -23.256685386328865 ], [ -46.916620706611646, -23.256685330669864 ], [ -46.916625265574119, -23.256685275010739 ], [ -46.916629824536571, -23.256685219351468 ], [ -46.916634353379344, -23.256683057516014 ], [ -46.916638912341696, -23.256683001856494 ], [ -46.916643471304049, -23.25668294619684 ], [ -46.916648000146488, -23.256680784361002 ], [ -46.916652559108726, -23.256680728701102 ], [ -46.916657087950931, -23.256678566865013 ], [ -46.916661677033176, -23.256680617380876 ], [ -46.916666266115548, -23.256682667896587 ], [ -46.916670855198063, -23.256684718412156 ], [ -46.91667541416038, -23.256684662751578 ], [ -46.91667997312269, -23.256684607090861 ], [ -46.916684532084972, -23.256684551430013 ], [ -46.916689091047246, -23.256684495769029 ], [ -46.916693680130123, -23.256686546283902 ], [ -46.91669823909244, -23.256686490622648 ], [ -46.916702798054743, -23.256686434961267 ], [ -46.916707357017032, -23.25668637929974 ], [ -46.916711885858412, -23.256684217462144 ], [ -46.916716444820601, -23.256684161800365 ], [ -46.916720973661747, -23.256681999962506 ], [ -46.916727781983738, -23.256679810293463 ], [ -46.916732340945728, -23.256679754631236 ], [ -46.916736899907711, -23.256679698968867 ], [ -46.91674145886968, -23.256679643306388 ], [ -46.916746017831635, -23.256679587643767 ], [ -46.91675060691508, -23.256681638156923 ], [ -46.916755195998647, -23.256683688669945 ], [ -46.916757535722908, -23.256687873190252 ], [ -46.916757595966146, -23.256692085542067 ], [ -46.916762154928485, -23.256692029878948 ], [ -46.916766713890809, -23.256691974215698 ], [ -46.916771272853111, -23.256691918552303 ], [ -46.916775831815414, -23.2566918628888 ], [ -46.916780390777689, -23.256691807225153 ], [ -46.916784949739956, -23.256691751561359 ], [ -46.916789508702202, -23.256691695897445 ], [ -46.916794067664448, -23.256691640233413 ], [ -46.916798626626665, -23.256691584569239 ], [ -46.916803185588876, -23.256691528904927 ], [ -46.916807744551065, -23.256691473240487 ], [ -46.916812333635733, -23.25669352375176 ], [ -46.916816892597971, -23.256693468087054 ], [ -46.916821421437568, -23.256691306246367 ], [ -46.916825950277008, -23.256689144405584 ], [ -46.916830509239063, -23.256689088740483 ], [ -46.916830448993537, -23.256684876388849 ], [ -46.916834977832607, -23.256682714547825 ], [ -46.916839536794413, -23.256682658882479 ], [ -46.916841756029456, -23.256678418698137 ], [ -46.916843975264356, -23.256674178513787 ], [ -46.91684850410283, -23.2566720166724 ], [ -46.916848443856786, -23.256667804320802 ], [ -46.916850663091324, -23.256663564136382 ], [ -46.916852882325728, -23.256659323951922 ], [ -46.916857441286695, -23.256659268286111 ], [ -46.916857381040408, -23.256655055934512 ], [ -46.916857320794136, -23.256650843582953 ], [ -46.916857260547879, -23.256646631231355 ], [ -46.916857200301642, -23.25664241887976 ], [ -46.916859419535534, -23.256638178695244 ], [ -46.916863948372551, -23.256636016853509 ], [ -46.91686616760613, -23.256631776668904 ], [ -46.916866107359645, -23.25662756431732 ], [ -46.916870636196194, -23.256625402475422 ], [ -46.916875165032579, -23.256623240633395 ], [ -46.916879723992267, -23.256623184967019 ], [ -46.916884252828417, -23.256621023124755 ], [ -46.916888781664412, -23.256618861282348 ], [ -46.916893340623908, -23.256618805615588 ], [ -46.916895559856286, -23.256614565430645 ], [ -46.916900118815612, -23.256614509763697 ], [ -46.916904647651116, -23.25661234792085 ], [ -46.916909206610342, -23.256612292253646 ], [ -46.916911425842109, -23.256608052068533 ], [ -46.916915984801172, -23.256607996401144 ], [ -46.916920513636164, -23.256605834557874 ], [ -46.916925042471, -23.256603672714505 ], [ -46.916929571305687, -23.256601510871 ], [ -46.91693179053663, -23.256597270685639 ], [ -46.916936349495273, -23.256597215017671 ], [ -46.916940848205172, -23.256592946998175 ], [ -46.916943067435632, -23.256588706812675 ], [ -46.916947566145041, -23.256584438792995 ], [ -46.91694750589614, -23.256580226441606 ], [ -46.916949725126202, -23.256575986256042 ], [ -46.916954284084078, -23.256575930587605 ], [ -46.916956503313848, -23.256571690401945 ], [ -46.916958722543491, -23.256567450216277 ], [ -46.916958662294284, -23.256563237864889 ], [ -46.916963191127039, -23.256561076020549 ], [ -46.916965410356312, -23.256556835834797 ], [ -46.91696762958545, -23.256552595649023 ], [ -46.916967569336009, -23.256548383297655 ], [ -46.916969788564963, -23.25654414311186 ], [ -46.916974287272076, -23.256539875091562 ], [ -46.916974227022465, -23.256535662740205 ], [ -46.916974166772867, -23.256531450388842 ], [ -46.916974106523291, -23.256527238037485 ], [ -46.916974046273722, -23.256523025686125 ], [ -46.916973986024168, -23.256518813334747 ], [ -46.916973925774627, -23.256514600983373 ], [ -46.916973865525101, -23.256510388632009 ], [ -46.916973805275589, -23.256506176280638 ], [ -46.916973745026091, -23.256501963929257 ], [ -46.916973684776607, -23.256497751577879 ], [ -46.916973624527138, -23.256493539226497 ], [ -46.916971284800248, -23.256489354709519 ], [ -46.916968945073506, -23.256485170192519 ], [ -46.916964355994196, -23.256483119685463 ], [ -46.916964295745053, -23.256478907334042 ], [ -46.916964235495939, -23.256474694982632 ], [ -46.916964175246832, -23.256470482631219 ], [ -46.916964114997739, -23.256466270279784 ], [ -46.916961775271673, -23.256462085762617 ], [ -46.916961715022687, -23.256457873411179 ], [ -46.916959375296855, -23.25645368889397 ], [ -46.916954786218774, -23.256451638386533 ], [ -46.916954725970037, -23.256447426035088 ], [ -46.916952386244631, -23.256443241517726 ], [ -46.916952325995993, -23.256439029166263 ], [ -46.916949986270822, -23.25643484464884 ], [ -46.916947646545808, -23.256430660131372 ], [ -46.916947586297354, -23.256426447779891 ], [ -46.916947526048915, -23.256422235428413 ], [ -46.916942936972099, -23.256420184920547 ], [ -46.916942876723823, -23.256415972569048 ], [ -46.916940536999398, -23.256411788051434 ], [ -46.916935947923051, -23.256409737543333 ], [ -46.91693360819896, -23.256405553025584 ], [ -46.916929019122918, -23.256403502517259 ], [ -46.916924430047018, -23.256401452008806 ], [ -46.916919840971246, -23.25639940150019 ], [ -46.916919780723752, -23.256395189148616 ], [ -46.916915191648265, -23.256393138639861 ], [ -46.916910602572905, -23.25639108813095 ], [ -46.916910542325724, -23.256386875779363 ], [ -46.916905953250655, -23.256384825270292 ], [ -46.916903613527964, -23.256380640752003 ], [ -46.916898994329806, -23.256376484066891 ], [ -46.916896654607491, -23.256372299548463 ], [ -46.916892065533112, -23.256370249038934 ], [ -46.916887476458868, -23.256368198529263 ], [ -46.916887416212482, -23.256363986177615 ], [ -46.916882827138515, -23.256361935667776 ], [ -46.916880487416975, -23.25635775114905 ], [ -46.916878147695584, -23.256353566630288 ], [ -46.916873558622115, -23.256351516120152 ], [ -46.916871218901058, -23.256347331601237 ], [ -46.916868879180157, -23.256343147082301 ], [ -46.916864320229969, -23.256343202747736 ], [ -46.91686198050936, -23.256339018228655 ], [ -46.9168596407889, -23.256334833709531 ], [ -46.916855081838968, -23.256334889374664 ], [ -46.916855021593697, -23.256330677022913 ], [ -46.916850432521343, -23.25632862651203 ], [ -46.916845843449117, -23.256326576000987 ], [ -46.916841284499426, -23.256326631665708 ], [ -46.916836695427392, -23.256324581154406 ], [ -46.916832106355493, -23.256322530642958 ], [ -46.916827547405902, -23.256322586307267 ], [ -46.916822988456303, -23.256322641971469 ], [ -46.916818429506691, -23.256322697635508 ], [ -46.916816089787865, -23.256318513115616 ], [ -46.916811500716449, -23.256316462603522 ], [ -46.91680691164516, -23.256314412091275 ], [ -46.916802322574007, -23.2563123615789 ], [ -46.916797763624686, -23.256312417242327 ], [ -46.916793204675358, -23.25631247290562 ], [ -46.916788645726008, -23.256312528568788 ], [ -46.916784086776651, -23.256312584231825 ], [ -46.916784147019641, -23.256316796583775 ], [ -46.916779588070121, -23.256316852246684 ], [ -46.916777368838147, -23.256321092430039 ], [ -46.916772809888464, -23.256321148092781 ], [ -46.916772870131126, -23.256325360444745 ], [ -46.91676834130255, -23.256327522283335 ], [ -46.916763812473818, -23.256329684121813 ], [ -46.916759253523807, -23.256329739784157 ], [ -46.916757034290995, -23.256333979967291 ], [ -46.916752505461844, -23.256336141805466 ], [ -46.916747946511585, -23.256336197467505 ], [ -46.916743387561311, -23.256336253129398 ], [ -46.916738828611024, -23.25633630879118 ], [ -46.916734269660722, -23.256336364452821 ], [ -46.916729710710399, -23.25633642011433 ], [ -46.916727370993975, -23.256332235592961 ], [ -46.91672281204378, -23.256332291254253 ], [ -46.916718222973088, -23.256330240739377 ], [ -46.916713664022936, -23.256330296400389 ], [ -46.916709105072769, -23.256330352061287 ], [ -46.916704516002319, -23.256328301545981 ], [ -46.916699957052202, -23.256328357206606 ], [ -46.916695398102064, -23.256328412867099 ], [ -46.916690839151912, -23.256328468527464 ], [ -46.916693058386826, -23.256324228345147 ], [ -46.916690718671745, -23.256320043823127 ], [ -46.916688378956813, -23.256315859301065 ], [ -46.916688318716837, -23.25631164694888 ], [ -46.916683729647325, -23.25630959643291 ], [ -46.916683669407512, -23.256305384080701 ], [ -46.916679110458112, -23.256305439740672 ], [ -46.91667677074382, -23.256301255218386 ], [ -46.916674431029683, -23.25629707069605 ], [ -46.91666987208054, -23.256297126355733 ], [ -46.916667532366695, -23.25629294183328 ], [ -46.916665192653006, -23.256288757310781 ], [ -46.916660633704119, -23.256288812970183 ], [ -46.916658293990714, -23.256284628447556 ], [ -46.916653735041962, -23.256284684106738 ], [ -46.916649145973857, -23.256282633589649 ], [ -46.916644587025139, -23.256282689248557 ], [ -46.91664005819559, -23.256284851083503 ], [ -46.916635529365891, -23.256287012918317 ], [ -46.916631000536043, -23.256289174753036 ], [ -46.916624162112548, -23.256289258240589 ], [ -46.916615014095719, -23.256287263380671 ], [ -46.916610425028033, -23.256285212862416 ], [ -46.916605835960468, -23.256283162344005 ], [ -46.916601277011623, -23.25628321800167 ], [ -46.916596718062756, -23.2562832736592 ], [ -46.916594378351377, -23.256279089135475 ], [ -46.916594318114463, -23.256274876783042 ], [ -46.916589759165866, -23.256274932440348 ], [ -46.916587419454871, -23.256270747916496 ], [ -46.916585079744024, -23.256266563392593 ], [ -46.916582740033334, -23.256262378868648 ], [ -46.916578150966949, -23.256260328349352 ], [ -46.916575811256592, -23.256256143825272 ], [ -46.916575751020325, -23.256251931472786 ], [ -46.916571192072453, -23.256251987129502 ], [ -46.916568852362474, -23.256247802605287 ], [ -46.916564233178846, -23.256243645909272 ], [ -46.916559674231223, -23.25624370156563 ], [ -46.916555085165797, -23.256241651045588 ], [ -46.916548216626751, -23.256239628353402 ], [ -46.91654365767922, -23.256239684009273 ], [ -46.916539068614149, -23.256237633488748 ], [ -46.916534509666668, -23.256237689144367 ], [ -46.916529980836565, -23.256239850976158 ], [ -46.916525421888984, -23.256239906631524 ], [ -46.916520862941383, -23.256239962286745 ], [ -46.91651864370202, -23.256244202466952 ], [ -46.916514084754262, -23.256244258121999 ], [ -46.916511865514614, -23.256248498302117 ], [ -46.916507306566693, -23.256248553956972 ], [ -46.916502777735737, -23.256250715788031 ], [ -46.916498218787709, -23.25625077144263 ], [ -46.916493629722837, -23.256248720920741 ], [ -46.916486791300862, -23.256248804402176 ], [ -46.916479952878852, -23.256248887883324 ], [ -46.916473084340296, -23.256246865187794 ], [ -46.916466215801933, -23.256244842491949 ], [ -46.916461656854011, -23.256244898145468 ], [ -46.916457037673574, -23.256240741446064 ], [ -46.916456977441079, -23.256236529093258 ], [ -46.916452418493414, -23.256236584746492 ], [ -46.916450078787314, -23.256232400220249 ], [ -46.916445519839769, -23.256232455873274 ], [ -46.916440930776233, -23.256230405349747 ], [ -46.916436341712824, -23.256228354826074 ], [ -46.916431782765386, -23.256228410478688 ], [ -46.916427223817934, -23.25622846613118 ], [ -46.91642266487046, -23.256228521783523 ], [ -46.916418105922979, -23.256228577435746 ], [ -46.916413546975484, -23.256228633087836 ], [ -46.916408988027968, -23.256228688739778 ], [ -46.916404429080444, -23.256228744391617 ], [ -46.916402209837422, -23.256232984570413 ], [ -46.916397650889735, -23.25623304022205 ], [ -46.916390842583375, -23.256235229875738 ], [ -46.916386283635575, -23.256235285527044 ], [ -46.916381724687767, -23.256235341178211 ], [ -46.916377195854935, -23.25623750300576 ], [ -46.91637263690702, -23.256237558656682 ], [ -46.916368077959092, -23.256237614307469 ], [ -46.916363519011156, -23.256237669958121 ], [ -46.916358960063206, -23.256237725608646 ], [ -46.916354401115235, -23.256237781259038 ], [ -46.916349842167257, -23.2562378369093 ], [ -46.916343003745261, -23.256237920384443 ], [ -46.916338444797248, -23.256237976034367 ], [ -46.916333885849212, -23.256238031684166 ], [ -46.91632932690117, -23.256238087333823 ], [ -46.916324767953114, -23.256238142983356 ], [ -46.916322428250822, -23.256233958454953 ], [ -46.916317869302887, -23.256234014104269 ], [ -46.916313280240949, -23.25623196357688 ], [ -46.916308661065251, -23.256227806872758 ], [ -46.916301792529815, -23.256225784169484 ], [ -46.916299452828454, -23.256221599640661 ], [ -46.916299392600969, -23.256217387287464 ], [ -46.91629480353987, -23.256215336759468 ], [ -46.916292463838928, -23.256211152230506 ], [ -46.916289507275565, -23.256209382710228 ], [ -46.916290154251726, -23.256209073878143 ], [ -46.916299151691156, -23.256200537874673 ], [ -46.916308209357148, -23.256196214223959 ], [ -46.916317267022507, -23.256191890572744 ], [ -46.916326324687255, -23.256187566921042 ], [ -46.916330763176859, -23.256179086565304 ], [ -46.916339881068907, -23.256178975266032 ], [ -46.916344319557375, -23.25617049490997 ], [ -46.916353377219743, -23.256166171256869 ], [ -46.916357815706959, -23.256157690900491 ], [ -46.916366933597416, -23.256157579599737 ], [ -46.916376051487809, -23.256157468298461 ], [ -46.916375931028412, -23.256149043592377 ], [ -46.916384988688208, -23.256144719937598 ], [ -46.916394046347406, -23.256140396282316 ], [ -46.91640310400598, -23.256136072626543 ], [ -46.916412161663935, -23.256131748970297 ], [ -46.91641204120242, -23.256123324264372 ], [ -46.916421159090241, -23.256123212960631 ], [ -46.916430216746704, -23.256118889303426 ], [ -46.916430096284117, -23.256110464597562 ], [ -46.916439214170978, -23.256110353292829 ], [ -46.916448271825935, -23.256106029634683 ], [ -46.916457329480281, -23.256101705976043 ], [ -46.916466447366389, -23.256101594669772 ], [ -46.916466326901634, -23.256093169964061 ], [ -46.916475384554481, -23.256088846304468 ], [ -46.916484502439616, -23.256088734997199 ], [ -46.916488940916068, -23.256080254637777 ], [ -46.916497998567237, -23.256075930976973 ], [ -46.916507056217789, -23.256071607315697 ], [ -46.916516113867736, -23.256067283653913 ], [ -46.916520552341503, -23.256058803293758 ], [ -46.916529609990114, -23.256054479631285 ], [ -46.916538667638108, -23.256050155968325 ], [ -46.916547725285497, -23.256045832304878 ], [ -46.916556782932254, -23.256041508640962 ], [ -46.916565840578414, -23.256037184976545 ], [ -46.916574958459556, -23.256037073664253 ], [ -46.916584076340648, -23.256036962351441 ], [ -46.916593133985501, -23.256032638685529 ], [ -46.916602191629742, -23.256028315019133 ], [ -46.916611309510088, -23.256028203704773 ], [ -46.916615747976522, -23.256019723342366 ], [ -46.916624865856214, -23.256019612027256 ], [ -46.916629304321511, -23.256011131664518 ], [ -46.916638422200549, -23.256011020348662 ], [ -46.916647540079524, -23.256010909032284 ], [ -46.916651978543101, -23.256002428669014 ], [ -46.916661036183207, -23.255998104999467 ], [ -46.916670093822702, -23.255993781329423 ], [ -46.91667915146158, -23.255989457658909 ], [ -46.916688209099846, -23.255985133987895 ], [ -46.916697326976795, -23.255985022668728 ], [ -46.916701765436379, -23.25597654230431 ], [ -46.916710823072968, -23.255972218632088 ], [ -46.916719820468984, -23.255963682607092 ], [ -46.916728878104074, -23.255959358933925 ], [ -46.916742434435243, -23.255950767247132 ], [ -46.916751552309563, -23.25595065592498 ], [ -46.916760670183834, -23.25595054460231 ], [ -46.916769788058048, -23.255950433279114 ], [ -46.916774226511905, -23.255941952912956 ], [ -46.916783404627353, -23.255946053941155 ], [ -46.916792462258954, -23.255941730264517 ], [ -46.916796900711077, -23.255933249897851 ], [ -46.91680601858392, -23.255933138572622 ], [ -46.916815136456705, -23.255933027246847 ], [ -46.916824194086303, -23.255928703568514 ], [ -46.916833311958683, -23.255928592241709 ], [ -46.916842369587322, -23.255924268562374 ], [ -46.916851487459311, -23.255924157234546 ], [ -46.916860545086983, -23.255919833554206 ], [ -46.916869602714044, -23.255915509873397 ], [ -46.916878720585288, -23.255915398544026 ], [ -46.916887838456482, -23.255915287214123 ], [ -46.916896896082243, -23.255910963531814 ], [ -46.916905953707385, -23.255906639848998 ], [ -46.91691507157784, -23.255906528517571 ], [ -46.916924189448231, -23.255906417185596 ], [ -46.916933307318565, -23.255906305853092 ], [ -46.916937745760464, -23.255897825483061 ], [ -46.916946803383254, -23.255893501798049 ], [ -46.916955921252594, -23.255893390464294 ], [ -46.916964978874425, -23.255889066778277 ], [ -46.916974096743367, -23.255888955443488 ], [ -46.916983214612245, -23.255888844108167 ], [ -46.916992332481072, -23.255888732772323 ], [ -46.917001450349836, -23.25588862143594 ], [ -46.917010568218551, -23.255888510099034 ], [ -46.917019686087208, -23.255888398761599 ], [ -46.917028803955809, -23.25588828742363 ], [ -46.917037921824353, -23.25588817608514 ], [ -46.917047039692832, -23.255888064746117 ], [ -46.917056157561262, -23.255887953406567 ], [ -46.917065275429643, -23.255887842066485 ], [ -46.917074453548835, -23.255891943077337 ], [ -46.917083631668568, -23.255896044087585 ], [ -46.917092749537346, -23.255895932745879 ], [ -46.917101927657832, -23.25590003375504 ], [ -46.917111105778851, -23.255904134763593 ], [ -46.917120223648027, -23.255904023420275 ], [ -46.917129341517153, -23.255903912076384 ], [ -46.917134020957299, -23.255912281106852 ], [ -46.917138700398063, -23.255920650137131 ], [ -46.917143379839445, -23.25592901916723 ], [ -46.917152618217067, -23.255937332524379 ], [ -46.917157297659941, -23.255945701553948 ], [ -46.917157418167264, -23.255954126256402 ], [ -46.917157538674637, -23.255962550958813 ], [ -46.917157659182067, -23.255970975661238 ], [ -46.91715777968956, -23.255979400363639 ], [ -46.91716701807173, -23.255987713719605 ], [ -46.917167138579899, -23.255996138421953 ], [ -46.917167259088131, -23.256004563124296 ], [ -46.917176437218259, -23.256008664128384 ], [ -46.917185615348927, -23.256012765131899 ], [ -46.917194793480121, -23.256016866134825 ], [ -46.917203971611841, -23.256020967137193 ], [ -46.917208651061131, -23.256029336164723 ], [ -46.917217829194101, -23.256033437166188 ], [ -46.917226947071498, -23.256033325816063 ], [ -46.917236064948845, -23.256033214465415 ], [ -46.917245182826136, -23.256033103114234 ], [ -46.91725430070337, -23.256032991762531 ], [ -46.917263418580546, -23.256032880410288 ], [ -46.917272536457666, -23.256032769057512 ], [ -46.91728165433473, -23.256032657704225 ], [ -46.917287161215746, -23.256035118302407 ], [ -46.917288492742493, -23.256032574188875 ], [ -46.917293051680979, -23.256032518511834 ], [ -46.917295270891991, -23.256028278322411 ], [ -46.917302079170256, -23.256026088631124 ], [ -46.917306607979214, -23.256023926778294 ], [ -46.917311166917358, -23.256023871100751 ], [ -46.917315695726067, -23.256021709247648 ], [ -46.917320224534627, -23.256019547394462 ], [ -46.917324753343024, -23.256017385541139 ], [ -46.917331561620173, -23.256015195848608 ], [ -46.917333780829679, -23.256010955658759 ], [ -46.91733830963755, -23.256008793805083 ], [ -46.917342838445272, -23.256006631951273 ], [ -46.917347367252844, -23.256004470097356 ], [ -46.917349586461675, -23.256000229907304 ], [ -46.917354085138925, -23.255995961877858 ], [ -46.917358644075989, -23.25599590619899 ], [ -46.917360863284337, -23.255991666008814 ], [ -46.917356274217411, -23.255989615512384 ], [ -46.917351715280546, -23.255989671191166 ], [ -46.917356244087401, -23.255987509337032 ], [ -46.917360803024174, -23.255987453658122 ], [ -46.91736302223233, -23.255983213467921 ], [ -46.917367581168946, -23.255983157788826 ], [ -46.917372140105542, -23.255983102109596 ], [ -46.917376699042123, -23.255983046430238 ], [ -46.917381257978697, -23.255982990750738 ], [ -46.917385786784784, -23.255980828895794 ], [ -46.917388005992031, -23.255976588705309 ], [ -46.917392534797791, -23.25597442685018 ], [ -46.917397063603389, -23.255972264994949 ], [ -46.917399282810145, -23.255968024804314 ], [ -46.91740384174615, -23.2559679691242 ], [ -46.917403781484701, -23.255963756773593 ], [ -46.917406000691116, -23.255959516582905 ], [ -46.917405940429617, -23.255955304232305 ], [ -46.917412748702091, -23.255953114536535 ], [ -46.9174126884404, -23.255948902185956 ], [ -46.917412628178731, -23.255944689835363 ], [ -46.917412567917076, -23.255940477484764 ], [ -46.917414787122873, -23.255936237293977 ], [ -46.917414726861175, -23.255932024943391 ], [ -46.917414666599484, -23.255927812592795 ], [ -46.917414606337815, -23.255923600242188 ], [ -46.917416825543306, -23.255919360051386 ], [ -46.917421384477606, -23.25591930437087 ], [ -46.917423603682813, -23.255915064179984 ], [ -46.917428132485917, -23.255912902323999 ], [ -46.917432661288863, -23.25591074046789 ], [ -46.917434880493587, -23.255906500276879 ], [ -46.917439439427397, -23.255906444595869 ], [ -46.917443968229925, -23.255904282739451 ], [ -46.917448527163636, -23.255904227058181 ], [ -46.917453086097332, -23.255904171376784 ], [ -46.917457645031021, -23.255904115695252 ], [ -46.917462203964689, -23.255904060013588 ], [ -46.917466762898343, -23.255904004331789 ], [ -46.917471321831982, -23.255903948649848 ], [ -46.917475850633842, -23.255901786792574 ], [ -46.917478069837024, -23.255897546601044 ], [ -46.917482598638557, -23.255895384743582 ], [ -46.917487127439927, -23.255893222885987 ], [ -46.917489346642618, -23.255888982694319 ], [ -46.917493905575689, -23.255888927011778 ], [ -46.917498464508746, -23.255888871329088 ], [ -46.917502993309618, -23.255886709471067 ], [ -46.917507522110334, -23.25588454761294 ], [ -46.917512081043206, -23.255884491929869 ], [ -46.91751660984368, -23.255882330071483 ], [ -46.917521138644013, -23.255880168212983 ], [ -46.917525667444181, -23.255878006354354 ], [ -46.917530196244201, -23.255875844495602 ], [ -46.91753475517671, -23.255875788811892 ], [ -46.917539253843771, -23.255871520777731 ], [ -46.917543782643335, -23.255869358918627 ], [ -46.917548341575589, -23.25586930323454 ], [ -46.917552870374905, -23.255867141375184 ], [ -46.917557399174065, -23.255864979515696 ], [ -46.917559618374064, -23.2558607393232 ], [ -46.917564147172889, -23.255858577463549 ], [ -46.917566366372576, -23.255854337270975 ], [ -46.917570895171067, -23.255852175411135 ], [ -46.917575454102668, -23.255852119726306 ], [ -46.917580013034254, -23.255852064041338 ], [ -46.917584571965833, -23.255852008356243 ], [ -46.917589130897383, -23.255851952671009 ], [ -46.917593659695392, -23.255849790810533 ], [ -46.917598248760456, -23.255851841300142 ], [ -46.917602807691971, -23.255851785614517 ], [ -46.917605147425178, -23.255855970121818 ], [ -46.917609736490618, -23.255858020611051 ], [ -46.917614295422311, -23.25585796492507 ], [ -46.917618884487936, -23.255860015414029 ], [ -46.917621224221783, -23.255864199921049 ], [ -46.917623563955786, -23.255868384428005 ], [ -46.917623624223864, -23.255872596778119 ], [ -46.917628183156019, -23.255872541091712 ], [ -46.917632772222341, -23.255874591580199 ], [ -46.917637361288804, -23.255876642068568 ], [ -46.917641950355389, -23.25587869255677 ], [ -46.917646569556531, -23.255882849219862 ], [ -46.917651158623464, -23.25588489970777 ], [ -46.917655717555959, -23.255884844020532 ], [ -46.917660306623084, -23.25588689450818 ], [ -46.917662646358714, -23.255891079014436 ], [ -46.917667235426144, -23.255893129501853 ], [ -46.917669575162108, -23.255897314007992 ], [ -46.91767413409498, -23.255897258320186 ], [ -46.917678693027831, -23.255897202632255 ], [ -46.917678753297729, -23.255901414982208 ], [ -46.917683312230714, -23.255901359294132 ], [ -46.917687901298784, -23.255903409780892 ], [ -46.917692490366974, -23.255905460267503 ], [ -46.917697049300067, -23.255905404579014 ], [ -46.917699389037168, -23.255909589084627 ], [ -46.917703947970374, -23.255909533395933 ], [ -46.917708506903573, -23.255909477707107 ], [ -46.917713126107756, -23.25591363436801 ], [ -46.917717685041069, -23.255913578678911 ], [ -46.917720024778951, -23.255917763184158 ], [ -46.917724583712385, -23.255917707494849 ], [ -46.917724643983782, -23.25592191984467 ], [ -46.917729202917336, -23.255921864155219 ], [ -46.917729263188889, -23.255926076505038 ], [ -46.917733822122578, -23.255926020815437 ], [ -46.917738441328105, -23.255930177475506 ], [ -46.917743030397908, -23.255932227960507 ], [ -46.917747619467846, -23.255934278445395 ], [ -46.91775217840177, -23.255934222755254 ], [ -46.9177567674719, -23.255936273239829 ], [ -46.917761326405859, -23.255936217549412 ], [ -46.917765885339804, -23.255936161858855 ], [ -46.917770444273735, -23.255936106168175 ], [ -46.917775003207659, -23.255936050477359 ], [ -46.917779562141561, -23.255935994786409 ], [ -46.917784090938795, -23.255933832920487 ], [ -46.917788649872605, -23.255933777229274 ], [ -46.917793208806401, -23.255933721537929 ], [ -46.917797767740176, -23.255933665846456 ], [ -46.917802326673936, -23.255933610154873 ], [ -46.917806885607689, -23.255933554463127 ], [ -46.917811444541421, -23.255933498771249 ], [ -46.917816003475146, -23.255933443079243 ], [ -46.917820532271627, -23.255931281212316 ], [ -46.917825091205252, -23.255931225520062 ], [ -46.917829650138856, -23.255931169827669 ], [ -46.917834209072453, -23.255931114135134 ], [ -46.917838768006028, -23.255931058442489 ], [ -46.917840987197742, -23.255926818246575 ], [ -46.917845546131154, -23.255926762553727 ], [ -46.917850074926875, -23.25592460068599 ], [ -46.917854603722446, -23.255922438818136 ], [ -46.917859162655674, -23.255922383124908 ], [ -46.917863691451011, -23.255920221256794 ], [ -46.917868250384132, -23.255920165563307 ], [ -46.917872809317252, -23.255920109869688 ], [ -46.917875028507687, -23.255915869673373 ], [ -46.917879587440645, -23.255915813979566 ], [ -46.917881806630795, -23.255911573783155 ], [ -46.917881746354496, -23.25590736143371 ], [ -46.917886305287141, -23.255907305739726 ], [ -46.917890834081483, -23.255905143870894 ], [ -46.917893053271115, -23.25590090367437 ], [ -46.917897582065123, -23.25589874180536 ], [ -46.917899801254443, -23.255894501608754 ], [ -46.917904360186604, -23.255894445914272 ], [ -46.917906579375646, -23.255890205717591 ], [ -46.917908798564554, -23.255885965520879 ], [ -46.917913357496403, -23.255885909826155 ], [ -46.917917886289544, -23.255883747956609 ], [ -46.917922415082543, -23.25588158608695 ], [ -46.9179269740142, -23.255881530391839 ], [ -46.917929193202312, -23.255877290194896 ], [ -46.917933752133813, -23.2558772344996 ], [ -46.917938280926307, -23.255875072629504 ], [ -46.917942839857695, -23.25587501693396 ], [ -46.917947368649948, -23.255872855063629 ], [ -46.917951927581242, -23.255872799367815 ], [ -46.917956486512523, -23.255872743671873 ], [ -46.917961015304449, -23.255870581801162 ], [ -46.917965544096226, -23.255868419930326 ], [ -46.91797007288784, -23.255866258059367 ], [ -46.91797469209795, -23.25587041471216 ], [ -46.917979251029088, -23.25587035901556 ], [ -46.917983840099915, -23.255872409493442 ], [ -46.917988399031096, -23.255872353796576 ], [ -46.917993018241958, -23.255876510448765 ], [ -46.917997577173253, -23.255876454751615 ], [ -46.918002166244534, -23.255878505228932 ], [ -46.91800675531595, -23.255880555706085 ], [ -46.918011314247345, -23.255880500008534 ], [ -46.918013653993398, -23.255884684508857 ], [ -46.918015993739616, -23.255888869009112 ], [ -46.918020552671273, -23.255888813311277 ], [ -46.918022892417774, -23.255892997811429 ], [ -46.918025232164432, -23.255897182311518 ], [ -46.918027571911246, -23.255901366811575 ], [ -46.918032130843294, -23.255901311113369 ], [ -46.918034470590392, -23.255905495613291 ], [ -46.918036810337647, -23.255909680113163 ], [ -46.918041369269957, -23.255909624414681 ], [ -46.918043709017496, -23.255913808914435 ], [ -46.918048267949928, -23.255913753215737 ], [ -46.918052826882345, -23.25591369751691 ], [ -46.918057385814748, -23.255913641817944 ], [ -46.91806194474713, -23.255913586118847 ], [ -46.918066503679512, -23.255913530419623 ], [ -46.918071062611865, -23.255913474720259 ], [ -46.91807559140301, -23.255911312846276 ], [ -46.918080150335271, -23.255911257146654 ], [ -46.918084709267518, -23.255911201446906 ], [ -46.918089268199743, -23.255911145747021 ], [ -46.918093827131962, -23.255911090047 ], [ -46.918098386064166, -23.255911034346855 ], [ -46.918102944996356, -23.255910978646575 ], [ -46.918107503928532, -23.255910922946164 ], [ -46.918112062860686, -23.255910867245618 ], [ -46.918116621792834, -23.25591081154494 ], [ -46.918121180724967, -23.25591075584413 ], [ -46.918125769799076, -23.255912806317621 ], [ -46.918130328731252, -23.255912750616542 ], [ -46.918134887663413, -23.255912694915327 ], [ -46.918139446595568, -23.255912639213985 ], [ -46.918144005527701, -23.255912583512508 ], [ -46.918150843925865, -23.255912499960047 ], [ -46.91815540285797, -23.255912444258243 ], [ -46.918162241256084, -23.255912360705281 ], [ -46.918166800188153, -23.255912305003147 ], [ -46.918171359120201, -23.255912249300877 ], [ -46.918178197518252, -23.255912165747226 ], [ -46.918182756450264, -23.255912110044626 ], [ -46.918187315382262, -23.255912054341891 ], [ -46.918191874314246, -23.255911998639029 ], [ -46.918196433246223, -23.255911942936031 ], [ -46.918200962035009, -23.25590978105857 ], [ -46.918205520966879, -23.255909725355313 ], [ -46.918210079898735, -23.255909669651924 ], [ -46.918214638830584, -23.255909613948404 ], [ -46.918219197762411, -23.255909558244753 ], [ -46.918223756694225, -23.25590950254097 ], [ -46.91822834576962, -23.255911553011355 ], [ -46.918232904701483, -23.255911497307306 ], [ -46.918237463633325, -23.255911441603114 ], [ -46.91824202256516, -23.255911385898798 ], [ -46.918246581496973, -23.255911330194348 ], [ -46.918251140428779, -23.255911274489762 ], [ -46.918255699360564, -23.255911218785048 ], [ -46.918260258292342, -23.255911163080203 ], [ -46.918264817224099, -23.255911107375223 ], [ -46.918269406300084, -23.255913157844347 ], [ -46.918273995376204, -23.255915208313333 ], [ -46.918278554308067, -23.255915152607948 ], [ -46.918283113239916, -23.255915096902427 ], [ -46.918287702316285, -23.255917147371004 ], [ -46.918292261248176, -23.255917091665211 ], [ -46.918296820180046, -23.255917035959293 ], [ -46.918301379111917, -23.255916980253236 ], [ -46.918305938043765, -23.255916924547048 ], [ -46.918310496975593, -23.255916868840732 ], [ -46.918315055907414, -23.255916813134281 ], [ -46.918319614839213, -23.255916757427702 ], [ -46.918324173771012, -23.255916701720981 ], [ -46.918328732702783, -23.255916646014136 ], [ -46.918333291634546, -23.255916590307155 ], [ -46.918337850566303, -23.255916534600043 ], [ -46.918342409498031, -23.2559164788928 ], [ -46.918346968429752, -23.255916423185422 ], [ -46.918351527361459, -23.255916367477916 ], [ -46.918356056147545, -23.255914205596127 ], [ -46.918360615079145, -23.255914149888362 ], [ -46.918367453476534, -23.255914066326465 ], [ -46.918372012408099, -23.255914010618373 ], [ -46.918376541193737, -23.255911848736023 ], [ -46.918381069979212, -23.25590968685357 ], [ -46.918385628910592, -23.255909631145087 ], [ -46.918390187841972, -23.255909575436469 ], [ -46.918394716627112, -23.255907413553626 ], [ -46.918399215265843, -23.255903145496585 ], [ -46.918403744050622, -23.2559009836135 ], [ -46.918408302981646, -23.255900927904381 ], [ -46.918415141378169, -23.255900844340449 ], [ -46.918419670162571, -23.255898682456937 ], [ -46.918424229093489, -23.255898626747356 ], [ -46.918428788024379, -23.255898571037644 ], [ -46.918433346955261, -23.255898515327814 ], [ -46.91843556612703, -23.255894275124746 ], [ -46.918440125057749, -23.255894219414721 ], [ -46.918444683988447, -23.255894163704561 ], [ -46.918449242919138, -23.255894107994262 ], [ -46.918453771702701, -23.255891946109806 ], [ -46.918458330633285, -23.255891890399251 ], [ -46.918462889563862, -23.255891834688569 ], [ -46.918467418347099, -23.255889672803747 ], [ -46.918471947130179, -23.255887510918804 ], [ -46.918476506060564, -23.255887455207731 ], [ -46.918481004695884, -23.255883187148548 ], [ -46.918485563626106, -23.255883131437212 ], [ -46.918490122556307, -23.255883075725766 ], [ -46.918494621191016, -23.255878807666225 ], [ -46.918499180121053, -23.255878751954519 ], [ -46.918503739051069, -23.255878696242675 ], [ -46.918508267833126, -23.255876534356741 ], [ -46.918512796615033, -23.255874372470675 ], [ -46.918517355544864, -23.255874316758451 ], [ -46.918521914474681, -23.255874261046102 ], [ -46.91852413364321, -23.255870020841986 ], [ -46.918526352811611, -23.255865780637855 ], [ -46.918530911741115, -23.255865724925247 ], [ -46.918535470670605, -23.255865669212522 ], [ -46.918540029600081, -23.255865613499655 ], [ -46.918544558381043, -23.255863451612736 ], [ -46.918549087161857, -23.255861289725704 ], [ -46.918553615942507, -23.255859127838541 ], [ -46.918558144723015, -23.255856965951264 ], [ -46.918562703652135, -23.25585691023776 ], [ -46.918569542045788, -23.255856826667252 ], [ -46.918574100974865, -23.255856770953415 ], [ -46.918578659903943, -23.25585671523945 ], [ -46.918583218833, -23.255856659525346 ], [ -46.918587777762042, -23.255856603811111 ], [ -46.918592336691063, -23.255856548096759 ], [ -46.918596895620077, -23.255856492382261 ], [ -46.918601454549076, -23.255856436667628 ], [ -46.918606013478062, -23.255856380952871 ], [ -46.918610572407033, -23.255856325237982 ], [ -46.918615131335997, -23.255856269522951 ], [ -46.918619690264933, -23.255856213807792 ], [ -46.918624249193861, -23.255856158092506 ], [ -46.918628808122776, -23.255856102377081 ], [ -46.918633367051683, -23.255856046661531 ], [ -46.918635586216297, -23.255851806456089 ], [ -46.918640145145034, -23.255851750740337 ], [ -46.918642364309378, -23.255847510534828 ], [ -46.918646923237951, -23.255847454818895 ], [ -46.91865148216651, -23.255847399102837 ], [ -46.918656041095048, -23.255847343386641 ], [ -46.918660600023578, -23.255847287670321 ], [ -46.918665158952095, -23.255847231953858 ], [ -46.918669717880597, -23.255847176237271 ], [ -46.918671937043904, -23.25584293603141 ], [ -46.918676495972242, -23.255842880314631 ], [ -46.918681024749958, -23.255840718423961 ], [ -46.918683243912795, -23.255836478217947 ], [ -46.918687802840886, -23.25583642250086 ], [ -46.918692331618189, -23.255834260609902 ], [ -46.918696890546173, -23.255834204892551 ], [ -46.91870138917232, -23.255829936827595 ], [ -46.918705948100133, -23.255829881109996 ], [ -46.918710476876889, -23.255827719218544 ], [ -46.918715005653482, -23.255825557326972 ], [ -46.918717224814998, -23.255821317120567 ], [ -46.918721783742484, -23.255821261402531 ], [ -46.918726342669949, -23.255821205684352 ], [ -46.918730871446037, -23.255819043792346 ], [ -46.91873543037341, -23.255818988073912 ], [ -46.918735370070557, -23.255814775726527 ], [ -46.918739928997766, -23.255814720007965 ], [ -46.918744457773393, -23.255812558115604 ], [ -46.918749016700509, -23.255812502396793 ], [ -46.918753545475901, -23.255810340504173 ], [ -46.918758104402912, -23.255810284785106 ], [ -46.918762633178069, -23.255808122892223 ], [ -46.91876485233778, -23.255803882685253 ], [ -46.918767071497356, -23.255799642478276 ], [ -46.918767011193566, -23.255795430130945 ], [ -46.918771539968077, -23.255793268237859 ], [ -46.918773759127284, -23.255789028030804 ], [ -46.918778287901453, -23.25578686613753 ], [ -46.918782846827604, -23.255786810417796 ], [ -46.918787405753733, -23.25578675469793 ], [ -46.918791934527583, -23.255784592804307 ], [ -46.918796463301277, -23.255782430910546 ], [ -46.918800992074821, -23.255780269016661 ], [ -46.918805551000681, -23.25578021329628 ], [ -46.918810109926532, -23.255780157575767 ], [ -46.918814668852363, -23.25578010185513 ], [ -46.91881925793087, -23.255782152307951 ], [ -46.918823816856751, -23.255782096587037 ], [ -46.918826156625286, -23.2557862810737 ], [ -46.918830715551287, -23.255786225352573 ], [ -46.918835304630221, -23.25578827580491 ], [ -46.91883989370929, -23.255790326257081 ], [ -46.918842233478479, -23.25579451074346 ], [ -46.918846792404715, -23.255794455021856 ], [ -46.918846852711006, -23.255798667368985 ], [ -46.91885141163737, -23.255798611647233 ], [ -46.91885375140707, -23.255802796133398 ], [ -46.918858310333555, -23.25580274041144 ], [ -46.918862899413433, -23.255804790862886 ], [ -46.918867488493447, -23.255806841314175 ], [ -46.918872077573596, -23.255808891765344 ], [ -46.918876666653873, -23.25581094221635 ], [ -46.918881255734284, -23.255812992667224 ], [ -46.918883595505172, -23.255817177152867 ], [ -46.918888154432061, -23.255817121430002 ], [ -46.918892743512842, -23.255819171880514 ], [ -46.918897362747735, -23.255823328504352 ], [ -46.91890195182885, -23.255825378954576 ], [ -46.9189065409101, -23.255827429404647 ], [ -46.918908880682032, -23.255831613889832 ], [ -46.918913469763595, -23.255833664339658 ], [ -46.9189180588453, -23.255835714789367 ], [ -46.918922647927126, -23.255837765238915 ], [ -46.918927237009086, -23.255839815688329 ], [ -46.918931795936629, -23.255839759964157 ], [ -46.918936385018782, -23.255841810413276 ], [ -46.918940943946374, -23.255841754688831 ], [ -46.918945502873953, -23.255841698964247 ], [ -46.918950031646681, -23.255839537066109 ], [ -46.91895459057416, -23.255839481341269 ], [ -46.918959119346653, -23.255837319442879 ], [ -46.918963648118989, -23.255835157544382 ], [ -46.918968207046277, -23.255835101819152 ], [ -46.918972765973557, -23.255835046093786 ], [ -46.918977294745574, -23.255832884194891 ], [ -46.918981853672747, -23.255832828469277 ], [ -46.918986412599907, -23.255832772743528 ], [ -46.918990971527066, -23.255832717017654 ], [ -46.918995530454197, -23.255832661291635 ], [ -46.919000089381321, -23.255832605565487 ], [ -46.91900464830843, -23.255832549839209 ], [ -46.919009207235518, -23.255832494112795 ], [ -46.9190137661626, -23.255832438386253 ], [ -46.919018325089667, -23.255832382659577 ], [ -46.919022884016712, -23.255832326932779 ], [ -46.919027442943744, -23.255832271205836 ], [ -46.919031971714666, -23.25583010930545 ], [ -46.919036530641606, -23.255830053578247 ], [ -46.91904108956853, -23.25582999785092 ], [ -46.919045648495434, -23.255829942123455 ], [ -46.919047867646178, -23.255825701913089 ], [ -46.919056985499658, -23.255825590457651 ], [ -46.91906604303982, -23.255821266655119 ], [ -46.919075160892895, -23.255821155198657 ], [ -46.919079478564797, -23.255804250084072 ], [ -46.919088536102741, -23.255799926280375 ], [ -46.919097653954239, -23.255799814822701 ], [ -46.91910209225135, -23.25579133440068 ], [ -46.919111210102194, -23.255791222942253 ], [ -46.919120267638121, -23.255786899136854 ], [ -46.919129385488574, -23.255786787677394 ], [ -46.919138443023549, -23.255782463870993 ], [ -46.919147560873597, -23.255782352410499 ], [ -46.919156678723581, -23.255782240949465 ], [ -46.91916111701633, -23.255773760526051 ], [ -46.919170234865668, -23.255773649064281 ], [ -46.919179352714949, -23.255773537601968 ], [ -46.919188470564166, -23.255773426139147 ], [ -46.919188349930273, -23.255765001446569 ], [ -46.919197467778872, -23.255764889983258 ], [ -46.919206525309917, -23.255760566173169 ], [ -46.919215582840344, -23.255756242362573 ], [ -46.919224640370153, -23.255751918551503 ], [ -46.919233697899351, -23.255747594739955 ], [ -46.919242755427931, -23.255743270927923 ], [ -46.919251812955906, -23.255738947115383 ], [ -46.919260930802388, -23.255738835648515 ], [ -46.919270048648812, -23.255738724181114 ], [ -46.919283665098504, -23.255734344632927 ], [ -46.919292722624384, -23.255730020818159 ], [ -46.919301780149645, -23.255725697002919 ], [ -46.919310897994968, -23.255725585533195 ], [ -46.919319955519278, -23.25572126171695 ], [ -46.919329073364189, -23.255721150246188 ], [ -46.919338130887546, -23.255716826428952 ], [ -46.919347248732059, -23.255716714957163 ], [ -46.919356306254457, -23.255712391138939 ], [ -46.919365424098572, -23.255712279666103 ], [ -46.919374541942638, -23.255712168192737 ], [ -46.919383599463728, -23.255707844373028 ], [ -46.919392656984215, -23.25570352055281 ], [ -46.919401714504083, -23.25569919673212 ], [ -46.919410772023333, -23.255694872910933 ], [ -46.919419889865971, -23.255694761435024 ], [ -46.919428947384262, -23.255690437612841 ], [ -46.919438004901949, -23.255686113790183 ], [ -46.91944712274384, -23.255686002312732 ], [ -46.919456240585674, -23.255685890834751 ], [ -46.919465358427452, -23.255685779356245 ], [ -46.91947447626918, -23.255685667877206 ], [ -46.919483594110844, -23.255685556397637 ], [ -46.919488032379448, -23.255677075966457 ], [ -46.919497150220451, -23.255676964486135 ], [ -46.919506207734749, -23.255672640659729 ], [ -46.919519824168574, -23.255668261091987 ], [ -46.91952894200881, -23.255668149609868 ], [ -46.919537999521367, -23.255663825781742 ], [ -46.919547057033306, -23.255659501953119 ], [ -46.919556174872803, -23.255659390469443 ], [ -46.919560613135907, -23.255650910036561 ], [ -46.91956973097475, -23.255650798552132 ], [ -46.919574169236725, -23.255642318118941 ], [ -46.919583226745935, -23.255637994288392 ], [ -46.919592284254527, -23.255633670457364 ], [ -46.919601341762508, -23.255629346625852 ], [ -46.919610459599667, -23.255629235139171 ], [ -46.919614897858366, -23.25562075470501 ], [ -46.919628514282756, -23.255616375128376 ], [ -46.919637571788279, -23.255612051294914 ], [ -46.919646689624059, -23.255611939806204 ], [ -46.91965574712863, -23.255607615971762 ], [ -46.919664864964012, -23.255607504482015 ], [ -46.919664744301151, -23.255599079791622 ], [ -46.919673862135909, -23.255598968301399 ], [ -46.919682979970609, -23.255598856810646 ], [ -46.919682859306661, -23.255590432120318 ], [ -46.919691916808496, -23.255586108283932 ], [ -46.91970103464223, -23.25558599679221 ], [ -46.919710092143099, -23.255581672954829 ], [ -46.919719209976428, -23.255581561462051 ], [ -46.919723648226665, -23.255573081025322 ], [ -46.919732705725863, -23.255568757186754 ], [ -46.919741763224458, -23.255564433347686 ], [ -46.919750820722427, -23.255560109508135 ], [ -46.919759878219793, -23.255555785668111 ], [ -46.919768935716533, -23.255551461827576 ], [ -46.919777932877849, -23.255542925641631 ], [ -46.91978705070818, -23.255542814145088 ], [ -46.919791488952875, -23.25553433370677 ], [ -46.919800546447057, -23.255530009864579 ], [ -46.919809603940635, -23.255525686021901 ], [ -46.919809483269148, -23.255517261332137 ], [ -46.919818540761561, -23.255512937488998 ], [ -46.919827598253363, -23.255508613645386 ], [ -46.919832036494434, -23.255500133206137 ], [ -46.919836474734979, -23.255491652766796 ], [ -46.919836354062006, -23.255483228077111 ], [ -46.919845411551208, -23.255478904232621 ], [ -46.919854408702797, -23.255470368042864 ], [ -46.919863405853235, -23.255461831852639 ], [ -46.919867844090646, -23.25545335141258 ], [ -46.919872282327525, -23.255444870972433 ], [ -46.919881339812918, -23.255440547126103 ], [ -46.919881219137416, -23.255432122436591 ], [ -46.919885657372824, -23.255423641996135 ], [ -46.919885536697159, -23.255415217306634 ], [ -46.919885416021543, -23.255406792617126 ], [ -46.919885295345985, -23.255398367927594 ], [ -46.91988973358017, -23.255389887487087 ], [ -46.919889612904441, -23.255381462797558 ], [ -46.919898670385059, -23.255377138950529 ], [ -46.919907788203481, -23.255377027447725 ], [ -46.919916906021832, -23.255376915944392 ], [ -46.919926023840134, -23.255376804440534 ], [ -46.919935141658371, -23.255376692936146 ], [ -46.919944259476559, -23.255376581431229 ], [ -46.919953377294689, -23.255376469925782 ], [ -46.919962495112763, -23.255376358419806 ], [ -46.91997161293078, -23.255376246913304 ], [ -46.919980730748748, -23.255376135406273 ], [ -46.919989848566644, -23.255376023898705 ], [ -46.919998966384497, -23.255375912390619 ], [ -46.920008084202287, -23.255375800881996 ], [ -46.92001720202002, -23.255375689372848 ], [ -46.920026319837703, -23.255375577863173 ], [ -46.920030758061998, -23.255367097419303 ], [ -46.920039755193997, -23.255358561220064 ], [ -46.920048873010387, -23.255358449709153 ], [ -46.920057930483651, -23.255354125853355 ], [ -46.92006704829965, -23.255354014341414 ], [ -46.920076166115592, -23.255353902828944 ], [ -46.920085283931471, -23.25535379131594 ], [ -46.920094401747299, -23.255353679802411 ], [ -46.920103519563057, -23.255353568288349 ], [ -46.920112637378772, -23.255353456773758 ], [ -46.920121815539495, -23.255357557602842 ], [ -46.920130933355381, -23.255357446087178 ], [ -46.920140051171209, -23.255357334570981 ], [ -46.920149168986974, -23.255357223054251 ], [ -46.920158286802696, -23.255357111537009 ], [ -46.920167404618354, -23.255357000019213 ], [ -46.920176522433955, -23.255356888500899 ], [ -46.92018557990243, -23.255352564638009 ], [ -46.920194697717633, -23.255352453118665 ], [ -46.92020381553278, -23.255352341598787 ], [ -46.920212933347869, -23.255352230078383 ], [ -46.920217371559296, -23.25534374963004 ], [ -46.920226429025405, -23.255339425764944 ], [ -46.9202355468395, -23.255339314243283 ], [ -46.920244604304656, -23.255334990377175 ], [ -46.920253722118346, -23.255334878854491 ], [ -46.920262779582551, -23.255330554987399 ], [ -46.920271837046137, -23.255326231119824 ], [ -46.920280834159151, -23.255317694907934 ], [ -46.920280713459263, -23.25530927022027 ], [ -46.920280592759433, -23.255300845532599 ], [ -46.920280472059666, -23.255292420844913 ], [ -46.920280351359949, -23.255283996157228 ], [ -46.920280230660289, -23.255275571469522 ], [ -46.920280109960686, -23.255267146781812 ], [ -46.92027998926114, -23.255258722094084 ], [ -46.92027986856165, -23.255250297406352 ], [ -46.920288986369393, -23.255250185881994 ], [ -46.920288865669391, -23.255241761194309 ], [ -46.92028874496944, -23.255233336506596 ], [ -46.920293183172539, -23.255224856056575 ], [ -46.920297621375113, -23.255216375606455 ], [ -46.920297500674764, -23.255207950918763 ], [ -46.920297379974464, -23.255199526231067 ], [ -46.920306437428252, -23.255195202362092 ], [ -46.920306316727469, -23.255186777674421 ], [ -46.920315374180092, -23.255182453804995 ], [ -46.92032431093029, -23.255169705247493 ], [ -46.920333428732313, -23.255169593720918 ], [ -46.920342546534279, -23.255169482193814 ], [ -46.920342425831379, -23.255161057506299 ], [ -46.920351483281003, -23.255156733634973 ], [ -46.920360601082002, -23.255156622106878 ], [ -46.92036977923523, -23.255160722921946 ], [ -46.920378957388991, -23.255164823736429 ], [ -46.920388075190388, -23.2551647122067 ], [ -46.920397253344909, -23.255168813020077 ], [ -46.920406371146477, -23.255168701489264 ], [ -46.920415488948002, -23.255168589957933 ], [ -46.920424606749457, -23.255168478426068 ], [ -46.920424727457565, -23.255176903113174 ], [ -46.920433845259545, -23.25517679158073 ], [ -46.920443023416112, -23.255180892391255 ], [ -46.920452201573205, -23.255184993201219 ], [ -46.920461319375583, -23.255184881667144 ], [ -46.920470497533437, -23.255188982475982 ], [ -46.920479615335992, -23.255188870940817 ], [ -46.920484294949212, -23.255197239859843 ], [ -46.920493412752258, -23.255197128323847 ], [ -46.920498092366635, -23.255205497242358 ], [ -46.920507270526912, -23.255209598048864 ], [ -46.920516388330675, -23.25520948651149 ], [ -46.920525506134375, -23.255209374973578 ], [ -46.920534623938018, -23.255209263435141 ], [ -46.920543741741604, -23.255209151896178 ], [ -46.920552859545133, -23.255209040356686 ], [ -46.920561977348605, -23.255208928816657 ], [ -46.920571095152027, -23.25520881727611 ], [ -46.920580212955386, -23.255208705735029 ], [ -46.920589330758695, -23.255208594193419 ], [ -46.92059844856194, -23.255208482651284 ], [ -46.920607566365135, -23.255208371108612 ], [ -46.920616684168266, -23.255208259565421 ], [ -46.920625801971347, -23.255208148021698 ], [ -46.920625681250421, -23.255199723335615 ], [ -46.92063935795408, -23.255199556019107 ], [ -46.920648536117611, -23.255203656817091 ], [ -46.920648415395284, -23.255195232131133 ], [ -46.920657533197314, -23.255195120585622 ], [ -46.920666590637559, -23.255190796696631 ], [ -46.920675708439184, -23.255190685150094 ], [ -46.920684765878477, -23.25518636126013 ], [ -46.920693823317166, -23.255182037369675 ], [ -46.920698261492277, -23.255173556909963 ], [ -46.920698140767001, -23.25516513222421 ], [ -46.920707258566715, -23.255165020675953 ], [ -46.920716376366364, -23.255164909127163 ], [ -46.920720814539514, -23.255156428666922 ], [ -46.920729871974928, -23.255152104774588 ], [ -46.920738989773575, -23.255151993224548 ], [ -46.920748047208022, -23.255147669331205 ], [ -46.920757104641865, -23.255143345437386 ], [ -46.920766162075083, -23.255139021543087 ], [ -46.92077527987265, -23.255138909990997 ], [ -46.92077971804121, -23.255130429529377 ], [ -46.920788835838131, -23.255130317976537 ], [ -46.920797893269331, -23.255125994080522 ], [ -46.920806950699919, -23.255121670184014 ], [ -46.920816008129897, -23.255117346287019 ], [ -46.920825065559256, -23.255113022389548 ], [ -46.920834183354742, -23.25511291083415 ], [ -46.920843301150171, -23.25511279927824 ], [ -46.920852418945543, -23.255112687721791 ], [ -46.920861476373261, -23.255108363822313 ], [ -46.920870533800368, -23.255104039922333 ], [ -46.920879591226857, -23.255099716021888 ], [ -46.920888648652728, -23.25509539212095 ], [ -46.920897766446672, -23.25509528056195 ], [ -46.92090682387159, -23.255090956660027 ], [ -46.920920500561891, -23.255090789319773 ], [ -46.92092037982313, -23.255082364635012 ], [ -46.920929437246379, -23.255078040731881 ], [ -46.920938555038923, -23.255077929170593 ], [ -46.92094767283141, -23.255077817608772 ], [ -46.92095211098696, -23.255069337143063 ], [ -46.920951990246337, -23.255060912458468 ], [ -46.920961108037602, -23.25506080089594 ], [ -46.920970165457945, -23.255056476990625 ], [ -46.920979222877669, -23.255052153084822 ], [ -46.920979102135448, -23.255043728400338 ], [ -46.920988219925398, -23.255043616836318 ], [ -46.920988099182651, -23.255035192151858 ], [ -46.920997216971976, -23.255035080587358 ], [ -46.921001655123071, -23.255026600120512 ], [ -46.921010712539697, -23.255022276213083 ], [ -46.921019769955713, -23.255017952305153 ], [ -46.921028827371103, -23.25501362839676 ], [ -46.921037884785882, -23.255009304487878 ], [ -46.92104694220005, -23.255004980578498 ], [ -46.921056059987002, -23.255004869010712 ], [ -46.921055939240219, -23.254996444326547 ], [ -46.921064996652888, -23.254992120416215 ], [ -46.921074114438866, -23.254992008847449 ], [ -46.921078552583715, -23.254983528378798 ], [ -46.921078431835639, -23.254975103694733 ], [ -46.921087549620388, -23.254974992125266 ], [ -46.921096607030499, -23.254970668213254 ], [ -46.921105724814844, -23.254970556642746 ], [ -46.921114782223995, -23.25496623272976 ], [ -46.921123839632529, -23.254961908816277 ], [ -46.921132897040451, -23.254957584902311 ], [ -46.921142014823722, -23.254957473329746 ], [ -46.92115113260693, -23.254957361756656 ], [ -46.921160250390081, -23.25495725018304 ], [ -46.921169368173175, -23.254957138608891 ], [ -46.921178485956204, -23.254957027034216 ], [ -46.921187603739192, -23.254956915459012 ], [ -46.921196721522115, -23.254956803883275 ], [ -46.921205839304989, -23.254956692307012 ], [ -46.921214957087798, -23.254956580730223 ], [ -46.921224074870558, -23.254956469152901 ], [ -46.921233192653254, -23.25495635757505 ], [ -46.921242310435893, -23.25495624599667 ], [ -46.921251488597889, -23.254960346759379 ], [ -46.921260606380713, -23.254960235179929 ], [ -46.921269724163466, -23.254960123599936 ], [ -46.921278841946169, -23.254960012019421 ], [ -46.921287959728822, -23.254959900438379 ], [ -46.921297077511404, -23.254959788856805 ], [ -46.921301757164684, -23.254968157748788 ], [ -46.921310874947757, -23.254968046166379 ], [ -46.921320053112382, -23.254972146924889 ], [ -46.921329170895625, -23.254972035341378 ], [ -46.921338288678818, -23.254971923757356 ], [ -46.921347466844423, -23.254976024514193 ], [ -46.921356645010562, -23.254980125270432 ], [ -46.92136576279416, -23.254980013684779 ], [ -46.921370442452371, -23.254988382574368 ], [ -46.921379560236453, -23.254988270987877 ], [ -46.921388678020477, -23.254988159400856 ], [ -46.921397795804459, -23.25498804781331 ], [ -46.92140691358837, -23.254987936225234 ], [ -46.921416031372232, -23.254987824636626 ], [ -46.921425149156029, -23.254987713047495 ], [ -46.921434266939777, -23.254987601457827 ], [ -46.92144338472346, -23.254987489867634 ], [ -46.921452502507094, -23.254987378276915 ], [ -46.921461680676778, -23.254991479026739 ], [ -46.921470798460582, -23.254991367434947 ], [ -46.92147991624433, -23.254991255842608 ], [ -46.921489094414994, -23.254995356590765 ], [ -46.921498272586192, -23.254999457338339 ], [ -46.921507390370337, -23.25499934574437 ], [ -46.921516568542295, -23.255003446490829 ], [ -46.921525686326625, -23.255003334895786 ], [ -46.921534804110891, -23.255003223300214 ], [ -46.921543982283829, -23.255007324044975 ], [ -46.921553160457307, -23.255011424789178 ], [ -46.921566897523768, -23.255015469733969 ], [ -46.921576075698411, -23.255019570476726 ], [ -46.921585193483516, -23.255019458878159 ], [ -46.921594371658927, -23.255023559619797 ], [ -46.921603489444202, -23.255023448020136 ], [ -46.921612667620366, -23.255027548760648 ], [ -46.921621785405812, -23.255027437159917 ], [ -46.921626465081317, -23.255035806040659 ], [ -46.921635643258952, -23.255039906779722 ], [ -46.921644761045123, -23.255039795177588 ], [ -46.921653939223525, -23.255043895915502 ], [ -46.92166311740246, -23.255047996652866 ], [ -46.921672235189028, -23.255047885049112 ], [ -46.921681413368717, -23.255051985785329 ], [ -46.921690531155456, -23.255051874180513 ], [ -46.921699709335904, -23.255055974915599 ], [ -46.921708827122821, -23.255055863309693 ], [ -46.921708947910965, -23.255064287990539 ], [ -46.92171812609277, -23.255068388724457 ], [ -46.921727243880433, -23.25506827711742 ], [ -46.921736361668039, -23.255068165509858 ], [ -46.921745539850839, -23.255072266242095 ], [ -46.921754718034165, -23.255076366973761 ], [ -46.921759397719605, -23.25508473584981 ], [ -46.921768575904181, -23.255088836580569 ], [ -46.92177769369296, -23.255088724970513 ], [ -46.921782373380282, -23.255097093845741 ], [ -46.921791551566322, -23.255101194575051 ], [ -46.921800729752903, -23.255105295303775 ], [ -46.921809907940016, -23.255109396031926 ], [ -46.921819086127648, -23.255113496759513 ], [ -46.92182826431582, -23.25511759748651 ], [ -46.921837382106233, -23.255117485872862 ], [ -46.921846560295165, -23.255121586598737 ], [ -46.92184668109234, -23.25513001127883 ], [ -46.921855859282402, -23.255134112004075 ], [ -46.921864977073795, -23.255134000388747 ], [ -46.921874094865125, -23.255133888772885 ], [ -46.921878774560042, -23.255142257644692 ], [ -46.921888013151758, -23.255150570707876 ], [ -46.921897130944096, -23.255150459090604 ], [ -46.921906309136915, -23.255154559812695 ], [ -46.921915426929424, -23.255154448194343 ], [ -46.921920106627638, -23.255162817064679 ], [ -46.921929284821942, -23.255166917785303 ], [ -46.921938402615169, -23.255166806165555 ], [ -46.921947580810219, -23.25517090688507 ], [ -46.921956698603623, -23.255170795264252 ], [ -46.92196587679944, -23.255174895982638 ], [ -46.921975054995784, -23.255178996700444 ], [ -46.92198423319266, -23.255183097417667 ], [ -46.921993350986689, -23.255182985794658 ], [ -46.922002468780668, -23.255182874171126 ], [ -46.922011646978532, -23.255186974886676 ], [ -46.922020825176929, -23.255191075601651 ], [ -46.922029942971307, -23.255190963976482 ], [ -46.922039121170457, -23.255195064690334 ], [ -46.92204829937014, -23.25519916540361 ], [ -46.922057417164922, -23.255199053776813 ], [ -46.922066534959647, -23.255198942149484 ], [ -46.922071214668726, -23.25520731101453 ], [ -46.922080332463942, -23.255207199386373 ], [ -46.922089510665558, -23.255211300097073 ], [ -46.922098628460937, -23.255211188467836 ], [ -46.922107746256273, -23.255211076838059 ], [ -46.922116864051539, -23.255210965207759 ], [ -46.922125981846762, -23.255210853576926 ], [ -46.922135160049827, -23.255214954284856 ], [ -46.922144277845206, -23.255214842652947 ], [ -46.922153395640542, -23.255214731020519 ], [ -46.922162573844602, -23.255218831726765 ], [ -46.922171691640102, -23.255218720093243 ], [ -46.922180869844922, -23.255222820798362 ], [ -46.922185549561824, -23.255231189659451 ], [ -46.922194667358049, -23.25523107802454 ], [ -46.92220378515421, -23.255230966389092 ], [ -46.922212902950321, -23.255230854753137 ], [ -46.922222081157074, -23.255234955455698 ], [ -46.922231198953348, -23.255234843818652 ], [ -46.922244936059094, -23.25523888870109 ], [ -46.922254114267247, -23.255242989401687 ], [ -46.922263292475932, -23.25524709010169 ], [ -46.922272410272818, -23.255246978462207 ], [ -46.922281528069647, -23.255246866822173 ], [ -46.922290645866418, -23.25524675518162 ], [ -46.92229976366314, -23.255246643540538 ], [ -46.922304443388143, -23.255255012397512 ], [ -46.922313621598988, -23.255259113094414 ], [ -46.92232279981036, -23.255263213790741 ], [ -46.922331917608027, -23.255263102147719 ], [ -46.922341095820158, -23.255267202842916 ], [ -46.922350274032823, -23.255271303537551 ], [ -46.922359391830895, -23.255271191892891 ], [ -46.922364071560459, -23.255279560747748 ], [ -46.922373189359014, -23.255279449102254 ], [ -46.922382367573384, -23.255283549794868 ], [ -46.92239148537211, -23.255283438148297 ], [ -46.92240066358724, -23.255287538839781 ], [ -46.922409841802896, -23.255291639530711 ], [ -46.922419020019085, -23.255295740221051 ], [ -46.922428137818443, -23.255295628572281 ], [ -46.922437255617744, -23.25529551692301 ], [ -46.922446433834928, -23.255299617611673 ], [ -46.92245561205263, -23.255303718299743 ], [ -46.922464729852337, -23.25530360664883 ], [ -46.922473847651986, -23.255303494997388 ], [ -46.922487524351354, -23.255303327519229 ], [ -46.922496702570392, -23.255307428204819 ], [ -46.922505820370127, -23.255307316551491 ], [ -46.922514938169812, -23.255307204897633 ], [ -46.922524116389845, -23.255311305581547 ], [ -46.922533234189693, -23.255311193926619 ], [ -46.922542351989485, -23.255311082271167 ], [ -46.922551469789227, -23.255310970615177 ], [ -46.922560587588912, -23.255310858958666 ], [ -46.92256970538854, -23.255310747301621 ], [ -46.922578823188111, -23.255310635644047 ], [ -46.922587940987626, -23.255310523985948 ], [ -46.922597058787083, -23.255310412327319 ], [ -46.922606176586484, -23.255310300668164 ], [ -46.922615294385828, -23.255310189008473 ], [ -46.922624412185115, -23.255310077348259 ], [ -46.922633529984346, -23.255309965687516 ], [ -46.922642647783526, -23.25530985402624 ], [ -46.922651765582643, -23.255309742364439 ], [ -46.922660883381702, -23.255309630702111 ], [ -46.922670001180713, -23.255309519039255 ], [ -46.922679118979651, -23.255309407375865 ], [ -46.922688297204118, -23.255313508049802 ], [ -46.922701973902782, -23.255313340552899 ], [ -46.922711152128123, -23.255317441225454 ], [ -46.922720269927382, -23.255317329559645 ], [ -46.922729387726598, -23.255317217893303 ], [ -46.922738505525743, -23.255317106226425 ], [ -46.922747623324845, -23.255316994559031 ], [ -46.922756741123884, -23.255316882891101 ], [ -46.922765858922865, -23.255316771222645 ], [ -46.922779535621238, -23.255316603718963 ], [ -46.922788713848824, -23.255320704386794 ], [ -46.922797831647898, -23.255320592716462 ], [ -46.922807009876244, -23.255324693383173 ], [ -46.922816127675489, -23.255324581711761 ], [ -46.922825245474684, -23.25532447003982 ], [ -46.922834363273815, -23.255324358367343 ], [ -46.922843541503383, -23.255328459031826 ], [ -46.922852659302684, -23.255328347358276 ], [ -46.922861837533013, -23.255332448021626 ], [ -46.922870955332492, -23.255332336346999 ], [ -46.922880073131907, -23.255332224671843 ], [ -46.922889190931272, -23.255332112996154 ], [ -46.922893870695134, -23.255340481832789 ], [ -46.92290298849499, -23.255340370156262 ], [ -46.922912106294788, -23.255340258479208 ], [ -46.922921224094523, -23.255340146801625 ], [ -46.922930402327474, -23.255344247460769 ], [ -46.92293958056095, -23.255348348119327 ], [ -46.92294869836109, -23.255348236440121 ], [ -46.922957876595326, -23.255352337097545 ], [ -46.922967054830103, -23.255356437754404 ], [ -46.922976172630641, -23.255356326073553 ], [ -46.922985350866171, -23.255360426729283 ], [ -46.922994529102226, -23.25536452738443 ], [ -46.923003646903176, -23.255364415701951 ], [ -46.923017444476642, -23.255372672851294 ], [ -46.923026562278018, -23.255372561167441 ], [ -46.923040238979972, -23.25537239364068 ], [ -46.923044918754528, -23.255380762472061 ], [ -46.923054036556309, -23.255380650786588 ], [ -46.923063214795583, -23.255384751437479 ], [ -46.923072393035397, -23.255388852087794 ], [ -46.923081510837584, -23.25538874040069 ], [ -46.923090628639713, -23.25538862871305 ], [ -46.923099867319252, -23.255396941698478 ], [ -46.923108985121836, -23.255396830009744 ], [ -46.923118163363689, -23.255400930657231 ], [ -46.923127341606083, -23.255405031304139 ], [ -46.923136459409072, -23.255404919613767 ], [ -46.923145577211997, -23.255404807922858 ], [ -46.923154755455379, -23.2554089085681 ], [ -46.923168432160011, -23.255408741029932 ], [ -46.923182229747283, -23.255416998163739 ], [ -46.923191347550798, -23.255416886470126 ], [ -46.923200525796226, -23.255420987112522 ], [ -46.923209643599904, -23.25542087541783 ], [ -46.923218821846085, -23.255424976059103 ], [ -46.923227939649941, -23.255424864363331 ], [ -46.923237117896882, -23.255428965003468 ], [ -46.923246296144356, -23.255433065643039 ], [ -46.923255413948617, -23.255432953945625 ], [ -46.923264592196851, -23.255437054584068 ], [ -46.923273710001276, -23.255436942885581 ], [ -46.92328282780565, -23.255436831186557 ], [ -46.923287507597358, -23.255445200009476 ], [ -46.923296685847291, -23.255449300645925 ], [ -46.923305803652383, -23.255449188945519 ], [ -46.923314981903083, -23.255453289580824 ], [ -46.923324099708346, -23.25545317787935 ], [ -46.92332877950318, -23.255461546700797 ], [ -46.923337957755358, -23.255465647334642 ], [ -46.923347136008061, -23.255469747967922 ], [ -46.923356314261291, -23.255473848600616 ], [ -46.923365432067726, -23.255473736896647 ], [ -46.923370172313369, -23.255486318052707 ], [ -46.923379290120579, -23.255486206347875 ], [ -46.923383969920053, -23.255494575167358 ], [ -46.923388649720145, -23.255502943986631 ], [ -46.923397767528385, -23.255502832280648 ], [ -46.923407006234008, -23.255511145246096 ], [ -46.923416124042703, -23.255511033539005 ], [ -46.923420803845389, -23.25551940235713 ], [ -46.923429982104054, -23.255523502985124 ], [ -46.92343909991348, -23.255523391276647 ], [ -46.923443779718028, -23.255531760093969 ], [ -46.923452957978178, -23.255535860720496 ], [ -46.923462075788315, -23.255535749010626 ], [ -46.923466755594738, -23.255544117827121 ], [ -46.923475933856359, -23.255548218452201 ], [ -46.923480613664118, -23.255556587268185 ], [ -46.923489791926976, -23.255560687892366 ], [ -46.923499030642155, -23.255569000851704 ], [ -46.923508208906384, -23.255573101474695 ], [ -46.923517387171138, -23.255577202097118 ], [ -46.923526565436426, -23.255581302718952 ], [ -46.923535743702239, -23.255585403340238 ], [ -46.923544921968585, -23.25558950396093 ], [ -46.923554160689058, -23.255597816916612 ], [ -46.923563338956761, -23.255601917536136 ], [ -46.923572517224997, -23.255606018155078 ], [ -46.923577197040863, -23.255614386967586 ], [ -46.923586314855669, -23.255614275250153 ], [ -46.923590994672701, -23.25562264406215 ], [ -46.923595674490336, -23.255631012873966 ], [ -46.923604852761478, -23.255635113490818 ], [ -46.923614031033146, -23.25563921410707 ], [ -46.923623209305354, -23.255643314722761 ], [ -46.923627889125747, -23.255651683533412 ], [ -46.923637067399198, -23.2556557841482 ], [ -46.923646366586553, -23.255668309433005 ], [ -46.92365104640934, -23.255676678242796 ], [ -46.923660164227989, -23.255676566520787 ], [ -46.923749090728279, -23.255660505133893 ], [ -46.923858131189732, -23.255658522580053 ], [ -46.923965189102347, -23.255708086428601 ], [ -46.924096037651083, -23.255763597933807 ], [ -46.92423878152789, -23.255797301349169 ], [ -46.924423159035435, -23.25581514433377 ], [ -46.924520304173825, -23.25577351070303 ], [ -46.924627362081431, -23.255714034087692 ], [ -46.92480579192744, -23.25566447024158 ], [ -46.924942622212797, -23.255613452297816 ], [ -46.925089297127215, -23.255616888949312 ], [ -46.925226093342488, -23.255571290210884 ], [ -46.92532417, -23.25549278 ], [ -46.92522278, -23.25498667 ], [ -46.92527417, -23.25479306 ], [ -46.92538889, -23.25450833 ], [ -46.92560361, -23.25405222 ], [ -46.92583056, -23.25374667 ], [ -46.92590778, -23.25310083 ], [ -46.92615, -23.25265778 ], [ -46.92627194, -23.252275 ], [ -46.92651722, -23.25209806 ], [ -46.92682778, -23.25179556 ], [ -46.92693, -23.25166583 ], [ -46.92727611, -23.25136056 ], [ -46.92757972, -23.251045 ], [ -46.92723194, -23.25097194 ], [ -46.92696333, -23.25101611 ], [ -46.92658667, -23.25094111 ], [ -46.92621389, -23.25083306 ], [ -46.92602667, -23.25076111 ], [ -46.92575722, -23.25068417 ], [ -46.92548222, -23.25065917 ], [ -46.92509111, -23.25065889 ], [ -46.924685, -23.25064333 ], [ -46.92417972, -23.2506775 ], [ -46.92377444, -23.25081222 ], [ -46.92354444, -23.2508275 ], [ -46.92323111, -23.25076056 ], [ -46.92292806, -23.25074472 ], [ -46.92242333, -23.25060972 ], [ -46.92203417, -23.25053028 ], [ -46.92165722, -23.25062222 ], [ -46.92124556, -23.25071083 ], [ -46.92086417, -23.25089083 ], [ -46.92056417, -23.25108 ], [ -46.92003361, -23.25138028 ], [ -46.91962778, -23.25123667 ], [ -46.9193325, -23.25109389 ], [ -46.91914, -23.25101889 ], [ -46.91885389, -23.250945 ], [ -46.91844028, -23.25098417 ], [ -46.91785861, -23.2511575 ], [ -46.91728889, -23.25136944 ], [ -46.91708611, -23.25144861 ], [ -46.91674361, -23.25164028 ], [ -46.91670528, -23.25182528 ], [ -46.916635, -23.2520575 ], [ -46.91649889, -23.25222333 ], [ -46.91633278, -23.25236667 ], [ -46.91609722, -23.25260111 ], [ -46.91580333, -23.25287806 ], [ -46.91555639, -23.25316611 ], [ -46.915285, -23.25340222 ], [ -46.91501, -23.25361833 ], [ -46.91474694, -23.25381639 ], [ -46.91452417, -23.25399028 ], [ -46.91418917, -23.25427556 ], [ -46.91333389, -23.2549775 ], [ -46.91282111, -23.25522972 ], [ -46.91258694, -23.2554775 ], [ -46.91203056, -23.25574222 ], [ -46.91186972, -23.25577444 ], [ -46.91182167, -23.2558425 ], [ -46.91144667, -23.25602639 ], [ -46.91117278, -23.25629056 ], [ -46.91115333, -23.25633028 ], [ -46.91126028, -23.25643056 ], [ -46.9114175, -23.25657389 ], [ -46.91150083, -23.2566675 ], [ -46.91155528, -23.25676056 ], [ -46.91157611, -23.25688028 ], [ -46.9115925, -23.25729083 ], [ -46.91160278, -23.25752194 ], [ -46.91162528, -23.2576675 ], [ -46.91167167, -23.25780583 ], [ -46.91178556, -23.25803472 ], [ -46.91186139, -23.25819583 ], [ -46.91194667, -23.25839028 ], [ -46.91200444, -23.25855972 ], [ -46.91207889, -23.25869694 ], [ -46.91216, -23.25881361 ], [ -46.91228611, -23.25897444 ], [ -46.91248972, -23.25921417 ], [ -46.912566670792764, -23.259292427524059 ], [ -46.912574945288235, -23.259300939951441 ], [ -46.91263694, -23.25936389 ], [ -46.91283806, -23.25950694 ], [ -46.91303222, -23.25963639 ], [ -46.913150392244724, -23.259700609173347 ], [ -46.913152910806758, -23.259700460363543 ], [ -46.913157469881035, -23.259700404798298 ], [ -46.913159689279261, -23.259696164656543 ], [ -46.913164248353375, -23.259696109091109 ], [ -46.913166467751331, -23.259691868949282 ], [ -46.913171026825268, -23.259691813383661 ], [ -46.913175585899204, -23.259691757817905 ], [ -46.913177805296726, -23.259687517675939 ], [ -46.913182304230922, -23.25968324975095 ], [ -46.913189112771441, -23.259681060222324 ], [ -46.913193671844965, -23.25968100465607 ], [ -46.913193611705054, -23.259676792297054 ], [ -46.91319583110176, -23.259672552154871 ], [ -46.913200360104931, -23.259670390408942 ], [ -46.913200299964835, -23.259666178049944 ], [ -46.913202519361178, -23.259661937907691 ], [ -46.913202459221054, -23.259657725548688 ], [ -46.91320239908093, -23.25965351318969 ], [ -46.913202338940827, -23.259649300830684 ], [ -46.913197749798435, -23.259647250217604 ], [ -46.913197689658489, -23.259643037858574 ], [ -46.913197629518564, -23.259638825499557 ], [ -46.913193070446496, -23.259638881065825 ], [ -46.913193010306721, -23.259634668706781 ], [ -46.913190670631067, -23.25963048413082 ], [ -46.913186111559256, -23.259630539696875 ], [ -46.913183771883894, -23.25962635512079 ], [ -46.913179182742553, -23.259624304507089 ], [ -46.913176843067525, -23.259620119930872 ], [ -46.913174503392646, -23.259615935354603 ], [ -46.913169914251796, -23.259613884740606 ], [ -46.913165355180503, -23.259613940306004 ], [ -46.913160766039844, -23.259611889691719 ], [ -46.91316070590117, -23.259607677332596 ], [ -46.913158336157728, -23.259601386576463 ], [ -46.913158276019161, -23.259597174217323 ], [ -46.913155936345298, -23.259592989640694 ], [ -46.913155876206822, -23.25958877728155 ], [ -46.913155816068368, -23.259584564922399 ], [ -46.913155755929928, -23.259580352563244 ], [ -46.913160315000113, -23.259580296998177 ], [ -46.913160254861545, -23.259576084639033 ], [ -46.913164783862214, -23.25957392289429 ], [ -46.913169312862735, -23.259571761149406 ], [ -46.913173871932592, -23.259571705583987 ], [ -46.913178400932871, -23.259569543838875 ], [ -46.913182929933001, -23.259567382093628 ], [ -46.913182869793758, -23.259563169734541 ], [ -46.913187398793596, -23.259561007989184 ], [ -46.913191927793278, -23.259558846243717 ], [ -46.913196426722983, -23.259554578318586 ], [ -46.913198646117884, -23.259550338176439 ], [ -46.91320086551265, -23.259546098034278 ], [ -46.9132053945116, -23.259543936288456 ], [ -46.913205334371717, -23.259539723929404 ], [ -46.913205274231849, -23.259535511570341 ], [ -46.91320068509345, -23.259533460957066 ], [ -46.913200624953753, -23.259529248597993 ], [ -46.913200564814062, -23.259525036238912 ], [ -46.913198225140363, -23.259520851662902 ], [ -46.913198165000772, -23.259516639303815 ], [ -46.913198104861188, -23.25951242694472 ], [ -46.913195765187815, -23.259508242368639 ], [ -46.913193425514599, -23.259504057792505 ], [ -46.913193365375207, -23.259499845433407 ], [ -46.913191025702218, -23.259495660857223 ], [ -46.913190965562933, -23.2594914484981 ], [ -46.913190905423654, -23.259487236138977 ], [ -46.913190815214762, -23.259480917600285 ], [ -46.913190755075519, -23.259476705241159 ], [ -46.913190694936297, -23.25947249288204 ], [ -46.913190634797083, -23.259468280522899 ], [ -46.913190574657882, -23.259464068163769 ], [ -46.913190514518696, -23.259459855804629 ], [ -46.913190424309946, -23.259453537265927 ], [ -46.913190364170788, -23.259449324906779 ], [ -46.913194863097146, -23.259445056981868 ], [ -46.913194802957882, -23.259440844622738 ], [ -46.913199301883822, -23.259436576697734 ], [ -46.913199241744444, -23.259432364338611 ], [ -46.91320377073972, -23.259430202593066 ], [ -46.913208299734841, -23.2594280408474 ], [ -46.913212858799703, -23.25942798528116 ], [ -46.913217417864551, -23.259427929714793 ], [ -46.913224286531872, -23.259429952544522 ], [ -46.913228845596755, -23.259429896977814 ], [ -46.91323343473185, -23.259431947590489 ], [ -46.913242582932064, -23.259433942635919 ], [ -46.913247172067479, -23.259435993248182 ], [ -46.913251761203021, -23.259438043860285 ], [ -46.913256350338706, -23.259440094472264 ], [ -46.913263219007121, -23.259442117300214 ], [ -46.91326780814309, -23.259444167911816 ], [ -46.913272397279201, -23.259446218523287 ], [ -46.913276956344511, -23.259446162955157 ], [ -46.913281515409807, -23.259446107386886 ], [ -46.91328610454616, -23.259448157997934 ], [ -46.913290663611505, -23.259448102429388 ], [ -46.913295222676823, -23.259448046860712 ], [ -46.913299781742133, -23.259447991291896 ], [ -46.913306590268682, -23.259445801759025 ], [ -46.913311119262424, -23.259443640010453 ], [ -46.913315678327542, -23.259443584441193 ], [ -46.913322486853552, -23.259441394907661 ], [ -46.91332701584686, -23.259439233158673 ], [ -46.913331544840013, -23.259437071409547 ], [ -46.913336073833015, -23.259434909660325 ], [ -46.913340632897764, -23.259434854090362 ], [ -46.913345161890526, -23.259432692340877 ], [ -46.913349690883138, -23.259430530591271 ], [ -46.913354249947702, -23.25943047502092 ], [ -46.913358809012259, -23.259430419450435 ], [ -46.913363338004544, -23.259428257700471 ], [ -46.913370176601212, -23.259428174344311 ], [ -46.913374705593213, -23.259426012594023 ], [ -46.913379264657564, -23.259425957022955 ], [ -46.913381484044656, -23.259421716878673 ], [ -46.913386013036238, -23.259419555128101 ], [ -46.913385952891041, -23.259415342769408 ], [ -46.913385892745858, -23.259411130410733 ], [ -46.913385832600689, -23.259406918052061 ], [ -46.913385772455527, -23.259402705693365 ], [ -46.913385712310387, -23.259398493334679 ], [ -46.91338565216526, -23.259394280975982 ], [ -46.913385592020148, -23.259390068617297 ], [ -46.913383252343564, -23.259385884044203 ], [ -46.913380912667137, -23.259381699471053 ], [ -46.913378542918437, -23.259375408718491 ], [ -46.913373983855806, -23.259375464289434 ], [ -46.91336942479316, -23.259375519860228 ], [ -46.913369364648609, -23.259371307501485 ], [ -46.913364775513891, -23.259369256892754 ], [ -46.91336021645143, -23.259369312463274 ], [ -46.913357876776026, -23.259365127889712 ], [ -46.913355537100777, -23.2593609433161 ], [ -46.913350947966613, -23.259358892706931 ], [ -46.913350887822688, -23.259354680348135 ], [ -46.913350827678784, -23.259350467989325 ], [ -46.913350767534887, -23.259346255630518 ], [ -46.913350707391011, -23.259342043271722 ], [ -46.913350647247142, -23.259337830912912 ], [ -46.913350587103295, -23.259333618554116 ], [ -46.913350526959455, -23.259329406195302 ], [ -46.913350466815636, -23.259325193836485 ], [ -46.913350406671825, -23.259320981477661 ], [ -46.913350346528034, -23.259316769118833 ], [ -46.913350286384251, -23.259312556760019 ], [ -46.913350226240482, -23.259308344401191 ], [ -46.913350166096734, -23.259304132042367 ], [ -46.913350105952993, -23.259299919683542 ], [ -46.913347766279273, -23.259295735109689 ], [ -46.913345426605709, -23.259291550535796 ], [ -46.913340837474131, -23.25928949992614 ], [ -46.913338497800893, -23.259285315352123 ], [ -46.913336158127812, -23.259281130778049 ], [ -46.913331568996725, -23.259279080168085 ], [ -46.913331508853645, -23.259274867809204 ], [ -46.91332694979431, -23.259274923378545 ], [ -46.913326859579932, -23.259268604840191 ], [ -46.913322240378029, -23.259264448050452 ], [ -46.913322150163914, -23.259258129512077 ], [ -46.91331981049187, -23.259253944937686 ], [ -46.913317470819969, -23.25924976036324 ], [ -46.913317410677422, -23.259245548004298 ], [ -46.913317350534882, -23.259241335645356 ], [ -46.913315010863307, -23.259237151070842 ], [ -46.913312671191896, -23.259232966496302 ], [ -46.913312611049541, -23.259228754137336 ], [ -46.913310271378364, -23.259224569562733 ], [ -46.913307931707337, -23.259220384988065 ], [ -46.913307871565173, -23.259216172629095 ], [ -46.913305531894387, -23.259211988054393 ], [ -46.913305471752317, -23.259207775695401 ], [ -46.913300882624235, -23.259205725084321 ], [ -46.913300822482327, -23.259201512725333 ], [ -46.913298482812046, -23.259197328150471 ], [ -46.913298422670245, -23.259193115791458 ], [ -46.913293833542767, -23.259191065180143 ], [ -46.913291493872904, -23.259186880605164 ], [ -46.913286904745746, -23.259184829993597 ], [ -46.913282315618723, -23.259182779381923 ], [ -46.913279975949365, -23.25917859480672 ], [ -46.913275386822647, -23.259176544194808 ], [ -46.913270797696065, -23.259174493582744 ], [ -46.913266208569617, -23.259172442970549 ], [ -46.91326161944329, -23.259170392358207 ], [ -46.913257000246894, -23.259166235566141 ], [ -46.913252441191055, -23.259166291133081 ], [ -46.913247882135195, -23.259166346699885 ], [ -46.913243323079328, -23.259166402266548 ], [ -46.91323876402344, -23.259166457833079 ], [ -46.913234174897688, -23.259164407219878 ], [ -46.913229585772072, -23.259162356606549 ], [ -46.913224996646591, -23.259160305993074 ], [ -46.91322040752123, -23.259158255379436 ], [ -46.913215848465562, -23.259158310945288 ], [ -46.913213508798705, -23.25915412636893 ], [ -46.913208919673714, -23.259152075754951 ], [ -46.913204330548872, -23.259150025140812 ], [ -46.913199771493431, -23.259150080706174 ], [ -46.913195212437991, -23.259150136271405 ], [ -46.913190653382529, -23.259150191836511 ], [ -46.913186064257985, -23.259148141221825 ], [ -46.913186004119851, -23.259143928862503 ], [ -46.913181445064581, -23.259143984427322 ], [ -46.913176855940378, -23.259141933812341 ], [ -46.913176795802549, -23.259137721452998 ], [ -46.913172236747464, -23.259137777017536 ], [ -46.913167647623595, -23.25913572640226 ], [ -46.913163088568552, -23.259135781966531 ], [ -46.913158529513495, -23.259135837530668 ], [ -46.913154030595521, -23.259140105454069 ], [ -46.913149501608778, -23.25914226719766 ], [ -46.913144972621879, -23.259144428941109 ], [ -46.91314044363483, -23.259146590684459 ], [ -46.913140503771537, -23.259150803043898 ], [ -46.913135944715904, -23.259150858607413 ], [ -46.913131415728479, -23.259153020350521 ], [ -46.913129196336982, -23.259157260491616 ], [ -46.913124637281108, -23.259157316054818 ], [ -46.913120078225212, -23.259157371617885 ], [ -46.91311548910133, -23.259155321001071 ], [ -46.913110930045484, -23.259155376563871 ], [ -46.913106370989617, -23.259155432126533 ], [ -46.913104031326107, -23.259151247548306 ], [ -46.91309944220265, -23.259149196931002 ], [ -46.913097102539467, -23.259145012352636 ], [ -46.913092513416323, -23.259142961735108 ], [ -46.913092453281152, -23.259138749375555 ], [ -46.913090113618388, -23.259134564797051 ], [ -46.913085554563182, -23.25913462035907 ], [ -46.913083214900709, -23.259130435780456 ], [ -46.913078625778262, -23.259128385162459 ], [ -46.913076286116123, -23.25912420058372 ], [ -46.913071666926754, -23.259120043785703 ], [ -46.913067077804833, -23.259117993167326 ], [ -46.913062488683039, -23.259115942548824 ], [ -46.91305789956138, -23.259113891930159 ], [ -46.913053310439849, -23.259111841311363 ], [ -46.913048751385311, -23.259111896872252 ], [ -46.913044192330766, -23.25911195243302 ], [ -46.913039633276199, -23.259112007993654 ], [ -46.913035104288262, -23.259114169734005 ], [ -46.913030605366757, -23.259118437654081 ], [ -46.913028385972453, -23.259122677793954 ], [ -46.913023826917474, -23.25912273335415 ], [ -46.913021607522886, -23.259126973493938 ], [ -46.913017048467751, -23.259127029053939 ], [ -46.913014829072885, -23.259131269193652 ], [ -46.913010330150151, -23.259135537113224 ], [ -46.913005801160921, -23.259137698852815 ], [ -46.913003581765523, -23.259141938992389 ], [ -46.913003641897916, -23.259146151352144 ], [ -46.91299911290821, -23.259148313091575 ], [ -46.912999173040483, -23.259152525451348 ], [ -46.912994613984417, -23.259152581010767 ], [ -46.912990084994334, -23.259154742749949 ], [ -46.91298786559819, -23.259158982889343 ], [ -46.912985646201911, -23.259163223028718 ], [ -46.912981117211316, -23.259165384767666 ], [ -46.91298117734307, -23.259169597127482 ], [ -46.912981237474838, -23.259173809487294 ], [ -46.912981297606621, -23.259178021847088 ], [ -46.912981357738424, -23.259182234206886 ], [ -46.912979138341605, -23.259186474346201 ], [ -46.91297460935013, -23.259188636085003 ], [ -46.91297005029277, -23.259188691643804 ], [ -46.912965521301061, -23.259190853382368 ], [ -46.912963301903602, -23.259195093521491 ], [ -46.912958742845994, -23.259195149079968 ], [ -46.912954183788365, -23.259195204638303 ], [ -46.912949654796158, -23.259197366376441 ], [ -46.912945095738436, -23.259197421934513 ], [ -46.912940536680694, -23.259197477492464 ], [ -46.912935977622951, -23.259197533050273 ], [ -46.912931418565179, -23.259197588607954 ], [ -46.912926859507401, -23.259197644165514 ], [ -46.912922300449615, -23.259197699722932 ], [ -46.912917741391801, -23.259197755280205 ], [ -46.91291318233398, -23.259197810837367 ], [ -46.912908623276152, -23.259197866394381 ], [ -46.912904034153584, -23.259195815771278 ], [ -46.912899475095799, -23.259195871328039 ], [ -46.912894916037992, -23.259195926884654 ], [ -46.912894855908874, -23.259191714524633 ], [ -46.912890296851195, -23.259191770081117 ], [ -46.912885737793502, -23.259191825637469 ], [ -46.912881178735802, -23.259191881193672 ], [ -46.912876589613816, -23.259189830569717 ], [ -46.912872030556152, -23.259189886125657 ], [ -46.912867471498473, -23.259189941681459 ], [ -46.912862912440787, -23.259189997237137 ], [ -46.912858323319099, -23.259187946612631 ], [ -46.912853764261456, -23.259188002168035 ], [ -46.912849205203798, -23.259188057723314 ], [ -46.912842366617284, -23.259188141055969 ], [ -46.912837807559583, -23.259188196610914 ], [ -46.912833248501869, -23.259188252165725 ], [ -46.912828689444147, -23.259188307720404 ], [ -46.912828629317133, -23.259184095360229 ], [ -46.912824070259539, -23.259184150914763 ], [ -46.912821730603945, -23.259179966331772 ], [ -46.912817171546472, -23.259180021886099 ], [ -46.912817111419841, -23.2591758095259 ], [ -46.912812552362496, -23.259175865080081 ], [ -46.912812492236029, -23.259171652719857 ], [ -46.912810152581031, -23.259167468136656 ], [ -46.912805593523949, -23.259167523690618 ], [ -46.91280103446686, -23.259167579244444 ], [ -46.912796445346785, -23.259165528618009 ], [ -46.912791856226832, -23.259163477991425 ], [ -46.912787297169835, -23.259163533544839 ], [ -46.912782738112838, -23.259163589098137 ], [ -46.912778179055813, -23.259163644651295 ], [ -46.912773619998781, -23.259163700204319 ], [ -46.912769060941734, -23.259163755757204 ], [ -46.912764501884674, -23.259163811309957 ], [ -46.912759942827591, -23.259163866862586 ], [ -46.912759882702808, -23.259159654502231 ], [ -46.912755323645861, -23.259159710054714 ], [ -46.9127507645889, -23.259159765607073 ], [ -46.912746175469749, -23.259157714979096 ], [ -46.912741616412838, -23.259157770531168 ], [ -46.912737057355905, -23.259157826083122 ], [ -46.912732498298958, -23.259157881634952 ], [ -46.912727939241996, -23.259157937186625 ], [ -46.912723380185028, -23.259157992738171 ], [ -46.912718821128038, -23.259158048289599 ], [ -46.912714262071034, -23.259158103840893 ], [ -46.912709733075623, -23.259160265572284 ], [ -46.912705174018519, -23.259160321123314 ], [ -46.912700645022866, -23.259162482854464 ], [ -46.912696116027057, -23.259164644585486 ], [ -46.912693776375704, -23.259160460000306 ], [ -46.912689187257271, -23.259158409370613 ], [ -46.912686847606253, -23.259154224785291 ], [ -46.912686787483793, -23.259150012424737 ], [ -46.912682198365822, -23.259147961794806 ], [ -46.912683130450397, -23.259145876806016 ], [ -46.912683070328072, -23.259141664445451 ], [ -46.912683010205768, -23.259137452084886 ], [ -46.912682950083479, -23.259133239724314 ] ], [ [ -46.913103878235084, -23.25924408144871 ], [ -46.91310676326453, -23.259244046287893 ], [ -46.91310963560904, -23.259243122582447 ], [ -46.913112520638457, -23.259243087421535 ], [ -46.913115392982903, -23.259242163715996 ], [ -46.913118265327299, -23.2592412400104 ], [ -46.91312018868021, -23.259241216569698 ], [ -46.91312208666308, -23.259239416039826 ], [ -46.913123997330921, -23.259238504054505 ], [ -46.913125907998747, -23.259237592069152 ], [ -46.913128780342959, -23.259236668363389 ], [ -46.913130703695792, -23.259236644922556 ], [ -46.913132614363541, -23.259235732937146 ], [ -46.913134512346161, -23.259233932407138 ], [ -46.913137397375344, -23.259233897245771 ], [ -46.913139320728121, -23.259233873804835 ], [ -46.913141231395763, -23.259232961819318 ], [ -46.913143154748532, -23.259232938378329 ], [ -46.913145078101294, -23.259232914937325 ], [ -46.913146988768879, -23.259232002951741 ], [ -46.913148899436429, -23.259231090966125 ], [ -46.913150835474369, -23.259231956069605 ], [ -46.913152758827117, -23.259231932628513 ], [ -46.913153745873934, -23.259233697997047 ], [ -46.913155669226697, -23.259233674555912 ], [ -46.913157605264715, -23.2592345396593 ], [ -46.913159541302747, -23.259235404762659 ], [ -46.913160528349678, -23.259237170131133 ], [ -46.91316245170249, -23.259237146689919 ], [ -46.913164375055295, -23.259237123248674 ], [ -46.913166311093406, -23.259237988351948 ], [ -46.913168247131544, -23.259238853455194 ], [ -46.913170170484364, -23.259238830013874 ], [ -46.913172106522531, -23.259239695117067 ], [ -46.913174029875364, -23.259239671675708 ], [ -46.91317595322819, -23.259239648234306 ], [ -46.913177876581017, -23.259239624792897 ], [ -46.913179812619241, -23.259240489895983 ], [ -46.913181735972074, -23.259240466454532 ], [ -46.913183659324901, -23.259240443013041 ], [ -46.913185582677727, -23.259240419571523 ], [ -46.913187506030553, -23.25924039613 ], [ -46.91318942938338, -23.259240372688453 ], [ -46.913191352736199, -23.259240349246856 ], [ -46.913193288774508, -23.259241214349778 ], [ -46.913194275821915, -23.259242979718021 ], [ -46.913196211860281, -23.259243844820904 ], [ -46.913198135213143, -23.259243821379243 ], [ -46.913201020242433, -23.259243786216697 ], [ -46.913202956280848, -23.259244651319491 ], [ -46.913204892319285, -23.259245516422258 ], [ -46.913206815672162, -23.259245492980483 ], [ -46.913207802719782, -23.259247258348626 ], [ -46.913209726072679, -23.25924723490682 ], [ -46.91321164942557, -23.259247211464981 ], [ -46.913214547140548, -23.259248064846698 ], [ -46.91321840653201, -23.259248906507395 ], [ -46.913220329884922, -23.259248883065453 ], [ -46.913220355256279, -23.259250660154482 ], [ -46.913222278609211, -23.259250636712515 ], [ -46.9132251636386, -23.2592506015495 ], [ -46.913227086991526, -23.25925057810748 ], [ -46.913229010344452, -23.259250554665432 ], [ -46.913231908059586, -23.259251408046808 ], [ -46.913233831412519, -23.259251384604696 ], [ -46.913235767451226, -23.259252249707068 ], [ -46.913237690804166, -23.259252226264913 ], [ -46.91323771617575, -23.259254003353924 ], [ -46.913239639528712, -23.259253979911733 ], [ -46.913241562881673, -23.259253956469525 ], [ -46.913243511606296, -23.2592557101163 ], [ -46.91324546033097, -23.259257463763035 ], [ -46.913247383683974, -23.259257440320749 ], [ -46.913249332408718, -23.259259193967445 ], [ -46.913249357780472, -23.259260971056424 ], [ -46.913251281133519, -23.259260947614102 ], [ -46.913253217172468, -23.259261812716247 ], [ -46.913255153211438, -23.259262677818349 ], [ -46.91325517858327, -23.259264454907331 ], [ -46.91325710193636, -23.259264431464928 ], [ -46.913259025289449, -23.259264408022492 ], [ -46.913260961328497, -23.25926527312453 ], [ -46.913260986700408, -23.259267050213516 ], [ -46.913262922739499, -23.259267915315505 ], [ -46.913263909788022, -23.259269680683239 ], [ -46.913264896836573, -23.259271446050963 ], [ -46.913266845561751, -23.259273199697407 ], [ -46.913267832610366, -23.259274965065103 ], [ -46.91326881965901, -23.259276730432788 ], [ -46.913268845031041, -23.259278507521753 ], [ -46.913270793756382, -23.259280261168126 ], [ -46.913270819128442, -23.259282038257101 ], [ -46.913270844500509, -23.259283815346073 ], [ -46.913270869872576, -23.259285592435045 ], [ -46.913269933567946, -23.259287381245315 ], [ -46.913268997263287, -23.259289170055574 ], [ -46.91326711196789, -23.259291859131611 ], [ -46.913265188614417, -23.259291882574164 ], [ -46.913264252309666, -23.259293671384413 ], [ -46.913262341642145, -23.259294583371414 ], [ -46.913260443660576, -23.2592963839029 ], [ -46.913257571316208, -23.259297307611099 ], [ -46.913255660648588, -23.259298219598037 ], [ -46.913254724343666, -23.259300008408232 ], [ -46.91325378803873, -23.259301797218424 ], [ -46.913251877371017, -23.259302709205322 ], [ -46.913250941066018, -23.259304498015503 ], [ -46.913250004760997, -23.259306286825673 ], [ -46.913248106779093, -23.25930808735702 ], [ -46.913246208797133, -23.259309887888339 ], [ -46.913244298129257, -23.25931079987517 ], [ -46.913243361824108, -23.259312588685304 ], [ -46.913242425518931, -23.259314377495432 ], [ -46.913242450890664, -23.259316154584429 ], [ -46.913240540222667, -23.25931706657121 ], [ -46.913240565594371, -23.2593188436602 ], [ -46.913239629289123, -23.259320632470313 ], [ -46.913238692983853, -23.259322421280434 ], [ -46.913236769629904, -23.259322444722685 ], [ -46.913234858961779, -23.259323356709409 ], [ -46.913232960979435, -23.259325157240585 ], [ -46.913231050311239, -23.259326069227257 ], [ -46.913228190651786, -23.259327881479464 ], [ -46.913224369315216, -23.259329705452693 ], [ -46.913222471332631, -23.259331505983766 ], [ -46.913220560664271, -23.259332417970313 ], [ -46.913218637310166, -23.25933244141234 ], [ -46.913215777650393, -23.25933425366436 ], [ -46.913211956313461, -23.25933607763729 ], [ -46.913210032959292, -23.25933610107921 ], [ -46.91320716061368, -23.259337024786571 ], [ -46.913204300953645, -23.259338837038374 ], [ -46.913200466930803, -23.259339772466546 ], [ -46.913198556262159, -23.259340684452841 ], [ -46.913196645593487, -23.259341596439125 ], [ -46.913193773247642, -23.259342520146244 ], [ -46.913191862578898, -23.259343432132479 ], [ -46.913188977547456, -23.259343467294986 ], [ -46.913187054193152, -23.259343490736644 ], [ -46.913185130838855, -23.259343514178273 ], [ -46.913183207484543, -23.259343537619866 ], [ -46.913181284130239, -23.259343561061456 ], [ -46.913177450107064, -23.259344496489064 ], [ -46.913174565075565, -23.259344531651326 ], [ -46.913172654406651, -23.259345443637326 ], [ -46.913170731052304, -23.259345467078777 ], [ -46.91316880769795, -23.2593454905202 ], [ -46.913166884343596, -23.259345513961598 ], [ -46.913164960989249, -23.259345537402982 ], [ -46.913163037634888, -23.259345560844341 ], [ -46.91316111428052, -23.259345584285676 ], [ -46.913159190926166, -23.259345607726999 ], [ -46.91315726757179, -23.259345631168273 ], [ -46.913155344217429, -23.25934565460954 ], [ -46.913151510193963, -23.259346590036539 ], [ -46.913148625162378, -23.259346625198337 ], [ -46.913146701807989, -23.259346648639493 ], [ -46.913144791138826, -23.259347560625159 ], [ -46.913142867784416, -23.259347584066269 ], [ -46.91314289315487, -23.259349361155365 ], [ -46.913140008123207, -23.259349396316985 ], [ -46.913138084768768, -23.259349419758049 ], [ -46.913136174099499, -23.259350331743629 ], [ -46.913134263430216, -23.259351243729181 ], [ -46.913132340075741, -23.259351267170164 ], [ -46.913130416721259, -23.259351290611136 ], [ -46.913129480414298, -23.259353079420709 ], [ -46.913127557059788, -23.259353102861642 ], [ -46.913124684713132, -23.259354026567539 ], [ -46.913120850689161, -23.259354961993818 ], [ -46.913118952704757, -23.259356762523751 ], [ -46.91311702935019, -23.259356785964567 ], [ -46.913115105995615, -23.259356809405347 ], [ -46.913113182641041, -23.259356832846102 ], [ -46.91311125928646, -23.259356856286843 ], [ -46.913108374254584, -23.25935689144789 ], [ -46.913105489222708, -23.259356926608902 ], [ -46.91310356586812, -23.25935695004954 ], [ -46.913101642513531, -23.25935697349016 ], [ -46.913099731843879, -23.259357885475314 ], [ -46.913097808489276, -23.259357908915884 ], [ -46.913095885134659, -23.25935793235643 ], [ -46.913093961780049, -23.259357955796958 ], [ -46.913092051110318, -23.259358867782016 ], [ -46.913090127755694, -23.25935889122249 ], [ -46.913088204401056, -23.259358914662961 ], [ -46.913086281046418, -23.259358938103375 ], [ -46.913085293999401, -23.259357172734454 ], [ -46.913083370644785, -23.259357196174832 ], [ -46.913081447290175, -23.259357219615211 ], [ -46.913079523935551, -23.25935724305555 ], [ -46.913077600580927, -23.25935726649589 ], [ -46.913075677226303, -23.25935728993618 ], [ -46.913073753871672, -23.259357313376462 ], [ -46.91307183051704, -23.259357336816699 ], [ -46.913069907162409, -23.259357360256942 ], [ -46.91306699676101, -23.259355618328069 ], [ -46.913065073406393, -23.259355641768241 ], [ -46.913063150051777, -23.259355665208378 ], [ -46.91306122669716, -23.259355688648505 ], [ -46.913059303342536, -23.259355712088603 ], [ -46.913057379987912, -23.259355735528672 ], [ -46.913055456633295, -23.259355758968731 ], [ -46.913052571601341, -23.259355794128755 ], [ -46.91305064824671, -23.259355817568746 ], [ -46.913047763214763, -23.259355852728696 ], [ -46.913045839860125, -23.25935587616862 ], [ -46.91304391650548, -23.259355899608533 ], [ -46.913041993150834, -23.259355923048414 ], [ -46.913040069796189, -23.259355946488274 ], [ -46.913038146441544, -23.259355969928116 ], [ -46.913036223086891, -23.259355993367929 ], [ -46.913034299732239, -23.259356016807722 ], [ -46.913032376377586, -23.259356040247489 ], [ -46.913030453022927, -23.259356063687235 ], [ -46.91302852966826, -23.259356087126953 ], [ -46.913025644636271, -23.259356122286491 ], [ -46.913023721281597, -23.259356145726155 ], [ -46.91302179792693, -23.259356169165795 ], [ -46.913019874572257, -23.259356192605406 ], [ -46.91301795121759, -23.259356216044992 ], [ -46.913016027862902, -23.259356239484568 ], [ -46.913013130146517, -23.259355386099255 ], [ -46.913011181423137, -23.259353632449542 ], [ -46.91300828370683, -23.259352779064137 ], [ -46.913006360352192, -23.259352802503603 ], [ -46.913004424313243, -23.259351937398407 ], [ -46.913002500958612, -23.259351960837805 ], [ -46.913000564919699, -23.259351095732551 ], [ -46.912997667203491, -23.259350242346954 ], [ -46.912994769487327, -23.259349388961297 ], [ -46.912992833448499, -23.259348523855948 ], [ -46.912990897409685, -23.259347658750574 ], [ -46.912989910363969, -23.25934589338096 ], [ -46.912987987009409, -23.25934591682017 ], [ -46.912986050970659, -23.259345051714732 ], [ -46.912985063925035, -23.259343286345064 ], [ -46.912983127886349, -23.259342421239602 ], [ -46.91298117916353, -23.259340667589466 ], [ -46.912981153795229, -23.259338890500207 ], [ -46.912981128426942, -23.259337113410954 ], [ -46.912981103058655, -23.259335336321687 ], [ -46.912980116013173, -23.259333570951991 ], [ -46.912980090644893, -23.259331793862724 ], [ -46.912980065276635, -23.259330016773472 ], [ -46.912980039908362, -23.259328239684201 ], [ -46.912980014540096, -23.259326462594963 ], [ -46.912979989171838, -23.259324685505689 ], [ -46.912980925480696, -23.259322896696887 ], [ -46.91298090011243, -23.259321119607623 ], [ -46.91298182373712, -23.259318442254173 ], [ -46.91298179836884, -23.259316665164913 ], [ -46.912981773000567, -23.259314888075657 ], [ -46.912981747632294, -23.259313110986387 ], [ -46.912982683941067, -23.259311322177588 ], [ -46.912984581926828, -23.259309521649207 ], [ -46.912984556558527, -23.259307744559955 ], [ -46.912986479912547, -23.259307721120816 ], [ -46.912988377898209, -23.2593059205924 ], [ -46.912990301252194, -23.259305897153219 ], [ -46.912992199237785, -23.259304096624756 ], [ -46.912996020577246, -23.259302272657035 ], [ -46.912997931246935, -23.259301360673135 ], [ -46.912999841916594, -23.259300448689224 ], [ -46.913001752586233, -23.259299536705289 ], [ -46.913003663255843, -23.259298624721325 ], [ -46.913005573925425, -23.259297712737343 ], [ -46.913007497279267, -23.259297689297959 ], [ -46.913009407948813, -23.259296777313946 ], [ -46.913011331302641, -23.259296753874505 ], [ -46.91301325465647, -23.259296730435061 ], [ -46.913015178010298, -23.259296706995578 ], [ -46.913019012033573, -23.259295771571924 ], [ -46.913020935387372, -23.259295748132374 ], [ -46.913022858741179, -23.259295724692809 ], [ -46.913024782094979, -23.259295701253212 ], [ -46.913026705448779, -23.259295677813594 ], [ -46.91302861611814, -23.259294765829345 ], [ -46.91303052678748, -23.25929385384509 ], [ -46.913034373495002, -23.259293806965694 ], [ -46.913034348126061, -23.259292029876477 ], [ -46.913038194833533, -23.259291982996992 ], [ -46.91304009281825, -23.259290182468014 ], [ -46.913041029126063, -23.25928839365891 ], [ -46.913041003757044, -23.259286616569696 ], [ -46.913041940064836, -23.259284827760588 ], [ -46.9130428763726, -23.259283038951473 ], [ -46.91304381268035, -23.259281250142369 ], [ -46.913045736033922, -23.259281226702534 ], [ -46.913047646702935, -23.259280314718069 ], [ -46.91304955737192, -23.259279402733586 ], [ -46.913049532002795, -23.259277625644394 ], [ -46.91305145535631, -23.259277602204492 ], [ -46.913053378709819, -23.259277578764564 ], [ -46.913055289378725, -23.259276666780007 ], [ -46.913057200047596, -23.25927575479545 ], [ -46.91305909803183, -23.259273954266256 ], [ -46.913061021385282, -23.259273930826236 ], [ -46.913062932054075, -23.259273018841608 ], [ -46.913064855407505, -23.259272995401542 ], [ -46.913064817353522, -23.259270329767755 ], [ -46.913065753660888, -23.259268540958544 ], [ -46.913067651644894, -23.259266740429268 ], [ -46.913068587952203, -23.259264951620029 ], [ -46.913069524259484, -23.259263162810782 ], [ -46.913071447612765, -23.259263139370653 ], [ -46.913073358281331, -23.259262227385911 ], [ -46.913074294588533, -23.259260438576639 ], [ -46.913076205257042, -23.259259526591862 ], [ -46.913077141564187, -23.25925773778259 ], [ -46.913078077871305, -23.259255948973291 ], [ -46.9130790141784, -23.259254160164012 ], [ -46.913079950485475, -23.259252371354723 ], [ -46.913099069852649, -23.259244140049951 ], [ -46.913101954882109, -23.25924410488922 ], [ -46.913103878235084, -23.25924408144871 ] ], [ [ -46.912618476656426, -23.258997605827215 ], [ -46.912619463694497, -23.25899937119976 ], [ -46.91262141240761, -23.259001124855086 ], [ -46.912621437770731, -23.259002901944797 ], [ -46.912623386483922, -23.259004655600098 ], [ -46.912623411847065, -23.259006432689802 ], [ -46.912624398885271, -23.259008198062304 ], [ -46.912626334916993, -23.259009063172709 ], [ -46.912628270948737, -23.259009928283092 ], [ -46.912628296311951, -23.259011705372782 ], [ -46.912628321675164, -23.259013482462489 ], [ -46.912629308713498, -23.259015247834949 ], [ -46.912631244745356, -23.259016112945268 ], [ -46.912631270108619, -23.259017890034972 ], [ -46.912632257147017, -23.2590196554074 ], [ -46.912632282510295, -23.259021432497093 ], [ -46.912634218542259, -23.259022297607384 ], [ -46.912636154574244, -23.259023162717657 ], [ -46.912638077924569, -23.259023139283055 ], [ -46.912639064963109, -23.25902490465544 ], [ -46.91264005200167, -23.25902667002779 ], [ -46.91264103904026, -23.25902843540015 ], [ -46.91264298775409, -23.259030189055171 ], [ -46.91264493646797, -23.259031942710163 ], [ -46.912646872500154, -23.259032807820279 ], [ -46.912648821214127, -23.259034561475218 ], [ -46.912650769928149, -23.259036315130121 ], [ -46.912651756966952, -23.259038080502386 ], [ -46.912651782330514, -23.259039857592057 ], [ -46.912653718362854, -23.259040722702089 ], [ -46.912654705401735, -23.259042488074339 ], [ -46.912656641434133, -23.259043353184332 ], [ -46.912656666797766, -23.259045130273982 ], [ -46.91265573048608, -23.259046919081079 ], [ -46.91265381981723, -23.259047831060748 ], [ -46.912653845180834, -23.259049608150416 ], [ -46.912651934511935, -23.259050520130067 ], [ -46.912650011161233, -23.259050543564864 ], [ -46.912648125855817, -23.259053232634123 ], [ -46.912646215186818, -23.259054144613714 ], [ -46.91264429183606, -23.259054168048447 ], [ -46.912642368485294, -23.259054191483134 ], [ -46.912640457816245, -23.25905510346265 ], [ -46.912638534465458, -23.259055126897319 ], [ -46.912636611114678, -23.25905515033196 ], [ -46.912634675082209, -23.25905428522173 ], [ -46.912632739049769, -23.259053420111467 ], [ -46.912630815699004, -23.259053443546041 ], [ -46.912628879666599, -23.259052578435725 ], [ -46.912626943634216, -23.259051713325395 ], [ -46.912625007601854, -23.259050848215043 ], [ -46.91262307156952, -23.259049983104653 ], [ -46.912621135537201, -23.259049117994248 ], [ -46.912619212186492, -23.259049141428665 ], [ -46.912617263472654, -23.259047387773357 ], [ -46.912615327440413, -23.259046522662871 ], [ -46.912613404089726, -23.259046546097217 ], [ -46.912612417051335, -23.259044780724675 ], [ -46.912610481019158, -23.259043915614125 ], [ -46.912608557668499, -23.259043939048421 ], [ -46.912606634317839, -23.259043962482664 ], [ -46.912605647279555, -23.259042197110066 ], [ -46.912603723928918, -23.259042220544284 ], [ -46.912601787896833, -23.259041355433617 ], [ -46.912599864546202, -23.259041378867789 ], [ -46.912597941195571, -23.259041402301943 ], [ -46.912596005163529, -23.259040537191204 ], [ -46.912594081812905, -23.259040560625301 ], [ -46.912591196786963, -23.259040595776405 ], [ -46.912589273436332, -23.259040619210445 ], [ -46.912587350085694, -23.259040642644464 ], [ -46.912585426735063, -23.259040666078448 ], [ -46.912583503384425, -23.259040689512414 ], [ -46.912581580033788, -23.259040712946369 ], [ -46.91257965668315, -23.259040736380296 ], [ -46.912578720370419, -23.259042525186999 ], [ -46.912576809701036, -23.259043437165751 ], [ -46.912574899031625, -23.259044349144506 ], [ -46.912572988362179, -23.259045261123223 ], [ -46.91257106501147, -23.259045284557047 ], [ -46.912569141660747, -23.259045307990846 ], [ -46.912567218310024, -23.25904533142462 ], [ -46.9125652949593, -23.259045354858376 ], [ -46.912563371608577, -23.259045378292104 ], [ -46.91256144825784, -23.25904540172581 ], [ -46.91255952490711, -23.259045425159488 ], [ -46.912557601556379, -23.259045448593149 ], [ -46.912555665524494, -23.259044583481892 ], [ -46.912552780498402, -23.259044618632299 ], [ -46.912549882791197, -23.259043765237767 ], [ -46.912547959440474, -23.259043788671296 ], [ -46.912544087376887, -23.259042058448529 ], [ -46.912542164026178, -23.259042081882001 ], [ -46.912540240675476, -23.259042105315444 ], [ -46.912538304643732, -23.259041240203956 ], [ -46.912536381293037, -23.259041263637346 ], [ -46.912534445261336, -23.25904039852584 ], [ -46.912531534873331, -23.259038656586057 ], [ -46.912529598841687, -23.259037791474466 ], [ -46.912527662810071, -23.259036926362839 ], [ -46.9125247777841, -23.259036961512734 ], [ -46.91252379074691, -23.259035196139557 ], [ -46.91252089304006, -23.259034342744449 ], [ -46.912518957008544, -23.259033477632727 ], [ -46.912517020977049, -23.259032612520979 ], [ -46.912514110589427, -23.259030870580833 ], [ -46.912511212882713, -23.259030017185555 ], [ -46.912509276851317, -23.259029152073698 ], [ -46.912506353783044, -23.259026521588495 ], [ -46.912505354065381, -23.259023867670258 ], [ -46.912504367028554, -23.259022102296907 ], [ -46.912502418316528, -23.25902034864006 ], [ -46.912501431279765, -23.259018583266695 ], [ -46.912500431562265, -23.259015929348411 ], [ -46.912498482850388, -23.25901417569149 ], [ -46.912496521457825, -23.259011533489616 ], [ -46.912495534421204, -23.259009768116215 ], [ -46.912494547384618, -23.259008002742796 ], [ -46.912494522023181, -23.259006225652954 ], [ -46.912495458336856, -23.259004436846702 ], [ -46.912496394650503, -23.259002648040443 ], [ -46.912497330964136, -23.259000859234163 ], [ -46.91249730560267, -23.258999082144332 ], [ -46.912499203591317, -23.258997281621625 ], [ -46.912501126941429, -23.258997258188735 ], [ -46.912501101579913, -23.258995481098893 ], [ -46.912503012249225, -23.258994569121057 ], [ -46.912504922918508, -23.258993657143215 ], [ -46.912506820906977, -23.258991856620408 ], [ -46.912508744257003, -23.258991833187412 ], [ -46.912509680570395, -23.258990044381097 ], [ -46.912510616883758, -23.25898825557476 ], [ -46.912512514872077, -23.2589864550519 ], [ -46.912514438222011, -23.258986431618862 ], [ -46.912516348891096, -23.258985519640877 ], [ -46.912520182910065, -23.258984584229758 ], [ -46.912522106259964, -23.258984560796616 ], [ -46.912525927597947, -23.258982736840434 ], [ -46.912527850947811, -23.258982713407228 ], [ -46.912531672285645, -23.258980889450942 ], [ -46.912534557310401, -23.258980854301019 ], [ -46.912536467979258, -23.258979942322789 ], [ -46.912537404292188, -23.258978153516328 ], [ -46.912539327641987, -23.258978130082991 ], [ -46.912541238310759, -23.258977218104718 ], [ -46.912543161660537, -23.258977194671331 ], [ -46.912543136298488, -23.258975417581524 ], [ -46.912544072611311, -23.258973628775031 ], [ -46.912543085574406, -23.258971863401946 ], [ -46.912543060212371, -23.258970086312136 ], [ -46.912543009488303, -23.258966532132554 ], [ -46.912542022451483, -23.258964766759455 ], [ -46.912540073739891, -23.258963013103017 ], [ -46.912540048377906, -23.258961236013214 ], [ -46.912539061341157, -23.258959470640075 ], [ -46.912539023298208, -23.258956805005383 ], [ -46.912537087267751, -23.258955939893792 ], [ -46.912537061905816, -23.258954162803992 ], [ -46.912535113194451, -23.258952409147486 ], [ -46.912535087832545, -23.258950632057676 ], [ -46.912533139121265, -23.258948878401128 ], [ -46.912531203090957, -23.258948013289466 ], [ -46.912530216054435, -23.258946247916274 ], [ -46.912528280024183, -23.258945382804566 ], [ -46.912527292987726, -23.258943617431331 ], [ -46.912526293270396, -23.258940963513194 ], [ -46.912524357240244, -23.258940098401439 ], [ -46.912523370203878, -23.258938333028166 ], [ -46.912523344842143, -23.258936555938352 ], [ -46.912521396131226, -23.258934802281637 ], [ -46.912520409094938, -23.25893303690836 ], [ -46.912519422058679, -23.258931271535062 ], [ -46.912519396697007, -23.258929494445244 ], [ -46.912519371335328, -23.258927717355405 ], [ -46.912517435305418, -23.258926852243548 ], [ -46.912516448269244, -23.258925086870228 ], [ -46.912515461233099, -23.258923321496912 ], [ -46.912514474196989, -23.258921556123564 ], [ -46.912513487160901, -23.258919790750223 ], [ -46.91251153845036, -23.25891803709337 ], [ -46.91251150040803, -23.258915371458603 ], [ -46.912509564378347, -23.25891450634662 ], [ -46.912509539016824, -23.258912729256785 ], [ -46.912509500974544, -23.258910063622015 ], [ -46.912509475613028, -23.258908286532176 ], [ -46.912509450251513, -23.258906509442319 ], [ -46.912509424889997, -23.258904732352484 ], [ -46.912509386847738, -23.258902066717706 ], [ -46.912509348805486, -23.258899401082946 ], [ -46.912509323443984, -23.2588976239931 ], [ -46.9125102597568, -23.258895835186788 ], [ -46.912511196069602, -23.258894046380476 ], [ -46.912513106737443, -23.258893134402602 ], [ -46.912515004724469, -23.258891333879802 ], [ -46.912516928073046, -23.25889131044681 ], [ -46.912518851421609, -23.2588912870138 ], [ -46.912520774770179, -23.258891263580761 ], [ -46.912522698118742, -23.258891240147701 ], [ -46.912525595822437, -23.258892093542986 ], [ -46.912527519171014, -23.258892070109862 ], [ -46.912530416874745, -23.258892923505048 ], [ -46.912534263571892, -23.258892876638651 ], [ -46.912536199601391, -23.258893741750338 ], [ -46.912538135630918, -23.258894606862 ], [ -46.912540071660459, -23.258895471973638 ], [ -46.912542969364338, -23.258896325368589 ], [ -46.912544892712944, -23.258896301935245 ], [ -46.912545879749239, -23.258898067308376 ], [ -46.912547815778879, -23.2588989324199 ], [ -46.91254973912752, -23.258898908986499 ], [ -46.912549764489555, -23.258900686076313 ], [ -46.912549789851603, -23.258902463166113 ], [ -46.912550776887997, -23.258904228539208 ], [ -46.912551763924434, -23.25890599391229 ], [ -46.912551789286503, -23.258907771002097 ], [ -46.912551814648587, -23.258909548091889 ], [ -46.912553737997378, -23.258909524658421 ], [ -46.912553776040532, -23.258912190293135 ], [ -46.912554763077068, -23.258913955666181 ], [ -46.912555750113633, -23.258915721039237 ], [ -46.912557686143593, -23.25891658615063 ], [ -46.91255772418684, -23.258919251785311 ], [ -46.912557749549009, -23.258921028875115 ], [ -46.912558736585673, -23.258922794248132 ], [ -46.912560672615747, -23.258923659359457 ], [ -46.912560697977966, -23.258925436449257 ], [ -46.912560723340185, -23.258927213539049 ], [ -46.912560748702404, -23.258928990628831 ], [ -46.912561735739168, -23.258930756001828 ], [ -46.912561761101401, -23.258932533091617 ], [ -46.912561786463641, -23.258934310181388 ], [ -46.912561811825881, -23.258936087271177 ], [ -46.912562798862723, -23.258937852644163 ], [ -46.912564734893046, -23.258938717755434 ], [ -46.912565734611093, -23.258941371673284 ], [ -46.912566721648027, -23.258943137046238 ], [ -46.912566747010345, -23.258944914136013 ], [ -46.912567734047322, -23.258946679508952 ], [ -46.912568721084327, -23.258948444881881 ], [ -46.91257064443365, -23.258948421448185 ], [ -46.912572618507788, -23.258951952194007 ], [ -46.912574554538381, -23.258952817305119 ], [ -46.912575554256748, -23.258955471222887 ], [ -46.912577515649886, -23.258958113423752 ], [ -46.912577541012361, -23.258959890513509 ], [ -46.912580426036591, -23.258959855362765 ], [ -46.912580451399108, -23.258961632452532 ], [ -46.912581438436391, -23.258963397825354 ], [ -46.912582425473708, -23.258965163198177 ], [ -46.912584361504557, -23.258966028309175 ], [ -46.912585348541931, -23.258967793681965 ], [ -46.91258728457283, -23.258968658792924 ], [ -46.912589220603756, -23.25896952390384 ], [ -46.912591169316038, -23.258971277559628 ], [ -46.912595054059395, -23.258973896326218 ], [ -46.912597015453194, -23.258976538526777 ], [ -46.912598951484284, -23.258977403637562 ], [ -46.912601874553097, -23.258980034121013 ], [ -46.912604810303442, -23.258983553149253 ], [ -46.912604848347762, -23.258986218783846 ], [ -46.912606784379037, -23.258987083894528 ], [ -46.912606835104846, -23.258990638073968 ], [ -46.912608783817674, -23.258992391729493 ], [ -46.912618476656426, -23.258997605827215 ] ], [ [ -46.912211622706806, -23.257898225700814 ], [ -46.912216181722307, -23.257898170166968 ], [ -46.912220740737787, -23.257898114632958 ], [ -46.91222529975326, -23.257898059098839 ], [ -46.912229828716477, -23.257895897383403 ], [ -46.91223438773185, -23.257895841849013 ], [ -46.912238916694825, -23.257893680133339 ], [ -46.912243445657651, -23.257891518417534 ], [ -46.91224800467284, -23.257891462882764 ], [ -46.912252563688014, -23.257891407347856 ], [ -46.912257122703174, -23.257891351812823 ], [ -46.912261711771045, -23.257893402458791 ], [ -46.912264051384199, -23.257897587053417 ], [ -46.912268610399529, -23.257897531518026 ], [ -46.912273199467776, -23.257899582163638 ], [ -46.912275539081392, -23.257903766758055 ], [ -46.912280128149952, -23.257905817403426 ], [ -46.912280188256041, -23.257910029765636 ], [ -46.912284747271762, -23.257909974229769 ], [ -46.912284807378001, -23.257914186591975 ], [ -46.91228936639385, -23.257914131055948 ], [ -46.912289426500251, -23.257918343418147 ], [ -46.912291766114727, -23.257922528012248 ], [ -46.912294105729366, -23.257926712606313 ], [ -46.912298694798977, -23.25792876325108 ], [ -46.912298754905713, -23.25793297561323 ], [ -46.912298815012463, -23.257937187975379 ], [ -46.912298875119234, -23.25794140033754 ], [ -46.912298935226012, -23.257945612699693 ], [ -46.912298995332812, -23.257949825061843 ], [ -46.912296775931033, -23.257954065192191 ], [ -46.91229683603779, -23.257958277554334 ], [ -46.912296896144554, -23.257962489916491 ], [ -46.912292367180399, -23.257964651633923 ], [ -46.912292427287042, -23.257968863996073 ], [ -46.9122924873937, -23.25797307635823 ], [ -46.912290267991381, -23.257977316488521 ], [ -46.912290328097995, -23.257981528850667 ], [ -46.912290388204624, -23.257985741212817 ], [ -46.912290448311268, -23.25798995357497 ], [ -46.912288228908636, -23.257994193705258 ], [ -46.912288289015237, -23.257998406067401 ], [ -46.912288349121859, -23.25800261842954 ], [ -46.912288409228481, -23.258006830791675 ], [ -46.912288469335124, -23.258011043153829 ], [ -46.912288529441774, -23.258015255515954 ], [ -46.912288589548446, -23.258019467878107 ], [ -46.912288649655125, -23.258023680240232 ], [ -46.912288709761832, -23.258027892602371 ], [ -46.912288769868539, -23.258032104964503 ], [ -46.91228882997526, -23.258036317326635 ], [ -46.912288890082003, -23.258040529688749 ], [ -46.91228895018876, -23.25804474205087 ], [ -46.912284421221777, -23.258046903768243 ], [ -46.912282201818158, -23.258051143898488 ], [ -46.91228226192473, -23.258055356260602 ], [ -46.912280042520912, -23.258059596390833 ], [ -46.912280102627442, -23.258063808752976 ], [ -46.912277883223439, -23.258068048883167 ], [ -46.912277943329926, -23.258072261245307 ], [ -46.912275723925731, -23.258076501375488 ], [ -46.912275784032175, -23.258080713737609 ], [ -46.91227362473419, -23.258089166229908 ], [ -46.912269065712351, -23.258089221765871 ], [ -46.912264536743557, -23.258091383482764 ], [ -46.912257728263604, -23.258093572967365 ], [ -46.912253169241566, -23.258093628502877 ], [ -46.912248580166704, -23.258091577857144 ], [ -46.91224399109197, -23.258089527211283 ], [ -46.912239402017377, -23.258087476565269 ], [ -46.912239341912056, -23.258083264203055 ], [ -46.91223700229596, -23.258079079608311 ], [ -46.912232413221822, -23.258077028962067 ], [ -46.912230073606061, -23.258072844367199 ], [ -46.912230013501066, -23.258068632004957 ], [ -46.912225424427398, -23.25806658135847 ], [ -46.912223084812048, -23.258062396763471 ], [ -46.912220745196848, -23.258058212168418 ], [ -46.912220685092201, -23.258053999806133 ], [ -46.91221834547725, -23.258049815211024 ], [ -46.912213756404391, -23.258047764564147 ], [ -46.912213696299993, -23.258043552201844 ], [ -46.912209107227419, -23.258041501554803 ], [ -46.912209047123184, -23.25803728919249 ], [ -46.912208987018964, -23.258033076830163 ], [ -46.912204427998851, -23.258033132364115 ], [ -46.912204367894795, -23.258028920001781 ], [ -46.91219977882286, -23.258026869354421 ], [ -46.912199718718959, -23.258022656992065 ], [ -46.912195129647309, -23.258020606344552 ], [ -46.912190570627594, -23.258020661878081 ], [ -46.912185981556128, -23.258018611230273 ], [ -46.912181392484804, -23.258016560582323 ], [ -46.912179052871778, -23.2580123759865 ], [ -46.912176713258901, -23.258008191390608 ], [ -46.912174373646181, -23.258004006794692 ], [ -46.91217431354314, -23.257999794432273 ], [ -46.912171973930661, -23.257995609836303 ], [ -46.912171913827727, -23.257991397473852 ], [ -46.912167354808936, -23.257991453006643 ], [ -46.912165015196827, -23.257987268410528 ], [ -46.912160456178164, -23.257987323943095 ], [ -46.912155897159479, -23.257987379475551 ], [ -46.912153677752492, -23.257991619604212 ], [ -46.912149118733652, -23.257991675136466 ], [ -46.912144589765823, -23.257993836849845 ], [ -46.912142370358367, -23.257998076978375 ], [ -46.912137841390219, -23.258000238691583 ], [ -46.912135621982451, -23.258004478820023 ], [ -46.912135682084283, -23.258008691182543 ], [ -46.912131153115659, -23.258010852895588 ], [ -46.912131213217371, -23.2580150652581 ], [ -46.912128993809183, -23.258019305386487 ], [ -46.912126774400853, -23.258023545514838 ], [ -46.912124585043166, -23.258029891824432 ], [ -46.912124645144729, -23.258034104186969 ], [ -46.912122425736051, -23.258038344315271 ], [ -46.912122485837564, -23.258042556677808 ], [ -46.912115647306571, -23.25804263997496 ], [ -46.912111118336476, -23.2580448016875 ], [ -46.912111178437655, -23.258049014050069 ], [ -46.912111238538849, -23.258053226412624 ], [ -46.912111298640063, -23.258057438775161 ], [ -46.912111358741285, -23.258061651137723 ], [ -46.912111418842521, -23.258065863500278 ], [ -46.912109199432962, -23.258070103628445 ], [ -46.912109259534155, -23.258074315990989 ], [ -46.912109319635356, -23.258078528353533 ], [ -46.912109379736584, -23.25808274071608 ], [ -46.91210943983782, -23.258086953078617 ], [ -46.912107220427899, -23.258091193206781 ], [ -46.912107280529085, -23.258095405569325 ], [ -46.912107340630293, -23.258099617931862 ], [ -46.912109680242899, -23.258103802528769 ], [ -46.912109740344206, -23.258108014891295 ], [ -46.912109800445528, -23.258112227253829 ], [ -46.912109860546863, -23.258116439616344 ], [ -46.912109920648206, -23.258120651978871 ], [ -46.91210998074957, -23.25812486434139 ], [ -46.912112320362759, -23.258129048938208 ], [ -46.912112380464215, -23.258133261300724 ], [ -46.912114720077646, -23.258137445897475 ], [ -46.912117059691226, -23.258141630494197 ], [ -46.912119399304963, -23.25814581509087 ], [ -46.912119459406689, -23.25815002745335 ], [ -46.912121799020667, -23.258154212049973 ], [ -46.912124138634795, -23.258158396646532 ], [ -46.912124198736713, -23.258162609009005 ], [ -46.912126538351075, -23.258166793605511 ], [ -46.9121288779656, -23.258170978201985 ], [ -46.912128938067703, -23.258175190564437 ], [ -46.91212899816982, -23.258179402926874 ], [ -46.912133587246238, -23.258181453575993 ], [ -46.912133647348519, -23.258185665938434 ], [ -46.912135986963634, -23.258189850534738 ], [ -46.912138326578891, -23.258194035131009 ], [ -46.912138386681356, -23.258198247493421 ], [ -46.912143005809874, -23.258202404323406 ], [ -46.912147654990086, -23.258208667334422 ], [ -46.912147745144289, -23.258214985877991 ], [ -46.912154643786984, -23.258219114941223 ], [ -46.912154703890032, -23.258223327303579 ], [ -46.912157043506525, -23.25822751189947 ], [ -46.91215710360968, -23.258231724261819 ], [ -46.912161662636663, -23.258231668728786 ], [ -46.912161722739974, -23.258235881091124 ], [ -46.912164062356929, -23.258240065686884 ], [ -46.912166401974034, -23.258244250282583 ], [ -46.912168771643081, -23.258250541059404 ], [ -46.912171111260541, -23.258254725655004 ], [ -46.91217345087815, -23.258258910250582 ], [ -46.912175790495915, -23.258263094846093 ], [ -46.912175850599752, -23.258267307208378 ], [ -46.912180409627901, -23.258267251674717 ], [ -46.912184998708099, -23.25826930232207 ], [ -46.91218958778844, -23.258271352969263 ], [ -46.912194176868901, -23.258273403616318 ], [ -46.912198765949505, -23.258275454263227 ], [ -46.912203355030236, -23.258277504909998 ], [ -46.912205694649266, -23.258281689504972 ], [ -46.912208034268453, -23.258285874099908 ], [ -46.912212593297149, -23.25828581856528 ], [ -46.912214932916626, -23.258290003160081 ], [ -46.912217272536253, -23.258294187754839 ], [ -46.912219612156036, -23.258298372349561 ], [ -46.912219672261358, -23.258302584711718 ], [ -46.912219732366694, -23.258306797073871 ], [ -46.912219792472044, -23.258311009436003 ], [ -46.912222132092239, -23.258315194030661 ], [ -46.912222192197689, -23.2583194063928 ], [ -46.912222252303152, -23.25832361875494 ], [ -46.91222231240863, -23.258327831117075 ], [ -46.912220092999007, -23.258332071246727 ], [ -46.912215564021409, -23.25833423296276 ], [ -46.912213374664091, -23.258340579273412 ], [ -46.912208845686088, -23.258342740989264 ], [ -46.912204346760419, -23.258347008886084 ], [ -46.912202127349936, -23.258351249015536 ], [ -46.912197568318987, -23.258351304550008 ], [ -46.912193039340352, -23.258353466265444 ], [ -46.91218851036156, -23.258355627980762 ], [ -46.912183981382611, -23.258357789695957 ], [ -46.912179422351393, -23.258357845229916 ], [ -46.912174863320168, -23.258357900763759 ], [ -46.912172523700541, -23.258353716168369 ], [ -46.912167964669436, -23.258353771701987 ], [ -46.912163375586466, -23.258351721054346 ], [ -46.912161035967308, -23.258347536458768 ], [ -46.912158696348314, -23.258343351863129 ], [ -46.912154107265827, -23.258341301215186 ], [ -46.912149488131867, -23.258337144385923 ], [ -46.912144899049721, -23.258335093737685 ], [ -46.912142559431452, -23.258330909141765 ], [ -46.912140219813338, -23.258326724545793 ], [ -46.912140159710439, -23.258322512183444 ], [ -46.912137820092568, -23.258318327587428 ], [ -46.912135480474845, -23.258314142991367 ], [ -46.912133140857286, -23.258309958395248 ], [ -46.912133080754657, -23.258305746032885 ], [ -46.912130741137332, -23.258301561436706 ], [ -46.912130681034803, -23.258297349074329 ], [ -46.912130620932295, -23.258293136711959 ], [ -46.91212828131529, -23.258288952115716 ], [ -46.912123722286267, -23.258289007647907 ], [ -46.912123662184001, -23.258284795285508 ], [ -46.912121322567373, -23.258280610689148 ], [ -46.912118982950901, -23.258276426092738 ], [ -46.912116643334578, -23.258272241496275 ], [ -46.912112084306095, -23.258272297028089 ], [ -46.912112024204241, -23.258268084665655 ], [ -46.912111964102401, -23.25826387230321 ], [ -46.912107375023339, -23.25826182165364 ], [ -46.912107284870835, -23.258255503109961 ], [ -46.912102695792136, -23.258253452460231 ], [ -46.91210263569063, -23.258249240097779 ], [ -46.912102575589138, -23.258245027735295 ], [ -46.912102515487668, -23.258240815372815 ], [ -46.912102455386204, -23.258236603010346 ], [ -46.912102395284755, -23.258232390647855 ], [ -46.91210233518332, -23.258228178285389 ], [ -46.912102275081899, -23.258223965922902 ], [ -46.912102214980493, -23.258219753560407 ], [ -46.912102154879101, -23.258215541197927 ], [ -46.912102094777723, -23.258211328835422 ], [ -46.912102034676359, -23.258207116472935 ], [ -46.912097415548843, -23.258202959641679 ], [ -46.912092796421611, -23.258198802810259 ], [ -46.912092736320581, -23.258194590447733 ], [ -46.912090396706674, -23.258190405850691 ], [ -46.91208805709293, -23.258186221253609 ], [ -46.912085717479329, -23.258182036656471 ], [ -46.912085657378569, -23.258177824293909 ], [ -46.912081098353205, -23.258177879824611 ], [ -46.912081038252602, -23.258173667462053 ], [ -46.912080978152005, -23.25816945509948 ], [ -46.912076419126919, -23.258169510630033 ], [ -46.912076359026486, -23.258165298267464 ], [ -46.912076298926067, -23.258161085904884 ], [ -46.912073959313325, -23.258156901307494 ], [ -46.912071619700733, -23.258152716710079 ], [ -46.912067030626147, -23.25815066605902 ], [ -46.912066970526055, -23.258146453696401 ], [ -46.912064630913882, -23.258142269098837 ], [ -46.912062291301872, -23.258138084501233 ], [ -46.912062231201965, -23.258133872138611 ], [ -46.912059861540286, -23.258127581359631 ], [ -46.912057521928709, -23.258123396761913 ], [ -46.912057461829001, -23.258119184399266 ], [ -46.912057401729299, -23.258114972036616 ], [ -46.91205506211805, -23.258110787438834 ], [ -46.912052722506949, -23.258106602841018 ], [ -46.912048163483924, -23.258106658370608 ], [ -46.912048103384556, -23.258102446007921 ], [ -46.912043484262455, -23.258098289174665 ], [ -46.912043424163258, -23.258094076811954 ], [ -46.91203886514063, -23.258094132341245 ], [ -46.912038805041597, -23.258089919978541 ], [ -46.912036465431399, -23.258085735380408 ], [ -46.912031846310242, -23.25808157854674 ], [ -46.912029506700421, -23.258077393948483 ], [ -46.912024917629054, -23.258075343295957 ], [ -46.912024857530504, -23.258071130933196 ], [ -46.912022517921095, -23.258066946334797 ], [ -46.912020178311849, -23.258062761736348 ], [ -46.912017838702752, -23.258058577137842 ], [ -46.912017748555343, -23.258052258593679 ], [ -46.912013129435962, -23.258048101759329 ], [ -46.912013069337867, -23.258043889396529 ], [ -46.912010699680359, -23.258037598616479 ], [ -46.912008360072051, -23.258033414017774 ], [ -46.912008299974147, -23.258029201654967 ], [ -46.912005930317164, -23.258022910874804 ], [ -46.91200359070929, -23.258018726275999 ], [ -46.912001251101564, -23.258014541677152 ], [ -46.912001191003945, -23.258010329314295 ], [ -46.911998851396454, -23.258006144715399 ], [ -46.911998791298927, -23.258001932352542 ], [ -46.911998731201415, -23.257997719989682 ], [ -46.911998671103916, -23.257993507626821 ], [ -46.911998611006432, -23.257989295263954 ], [ -46.91199405198725, -23.257989350791707 ], [ -46.911991712380399, -23.257985166192643 ], [ -46.911987123312798, -23.257983115538739 ], [ -46.911982534245318, -23.257981064884689 ], [ -46.911980194638979, -23.257976880285419 ], [ -46.911975635620173, -23.257976935812611 ], [ -46.911971076601354, -23.25797699133966 ], [ -46.911971016504786, -23.257972778976729 ], [ -46.911970956408226, -23.257968566613776 ], [ -46.911968616802483, -23.257964382014293 ], [ -46.911964057784076, -23.257964437541119 ], [ -46.911963997687764, -23.257960225178159 ], [ -46.91196165808239, -23.257956040578541 ], [ -46.911961597986185, -23.25795182821556 ], [ -46.911966126955996, -23.257949666507344 ], [ -46.911966066859655, -23.257945454144384 ], [ -46.911970625877416, -23.25794539861754 ], [ -46.911970565780955, -23.257941186254584 ], [ -46.911975124798559, -23.257941130727612 ], [ -46.911975064701963, -23.257936918364663 ], [ -46.911977284114037, -23.257932678238202 ], [ -46.911979503525977, -23.257928438111691 ], [ -46.911979443429281, -23.257924225748756 ], [ -46.9119793833326, -23.257920013385803 ], [ -46.911981602744291, -23.257915773259288 ], [ -46.911981542647574, -23.257911560896346 ], [ -46.911983762059073, -23.257907320769803 ], [ -46.911983701962306, -23.257903108406857 ], [ -46.91198136235748, -23.25789892380747 ], [ -46.91198130226082, -23.257894711444521 ], [ -46.91198124216416, -23.257890499081565 ], [ -46.91197890255966, -23.257886314482121 ], [ -46.911978842463107, -23.257882102119147 ], [ -46.911978782366567, -23.257877889756163 ], [ -46.911978722270042, -23.257873677393196 ], [ -46.911978662173524, -23.257869465030218 ], [ -46.911978602077035, -23.257865252667237 ], [ -46.911980821487973, -23.257861012540761 ], [ -46.911985320406139, -23.257856744650717 ], [ -46.911987539816742, -23.257852504524166 ], [ -46.911992098831291, -23.257852448996911 ], [ -46.911996627797308, -23.257850287288054 ], [ -46.912001156763175, -23.257848125579073 ], [ -46.912005715777532, -23.257848070051434 ], [ -46.912010304840599, -23.257850120705118 ], [ -46.91201492395259, -23.257854277540101 ], [ -46.912017263557537, -23.257858462138991 ], [ -46.9120218225722, -23.257858406610861 ], [ -46.912021882670039, -23.257862618973721 ], [ -46.912024222275356, -23.257866803572483 ], [ -46.912028781290289, -23.257866748044126 ], [ -46.91202884138837, -23.257870960406986 ], [ -46.91203118099407, -23.257875145005602 ], [ -46.912033520599913, -23.257879329604179 ], [ -46.912033580698179, -23.257883541967015 ], [ -46.912038199812073, -23.257887698801177 ], [ -46.912040539418385, -23.257891883399605 ], [ -46.912042879024845, -23.25789606799799 ], [ -46.912047468090101, -23.25789811865042 ], [ -46.912052057155485, -23.257900169302726 ], [ -46.91205211725439, -23.257904381665497 ], [ -46.912054456861448, -23.257908566263669 ], [ -46.912059015877716, -23.257908510734342 ], [ -46.912061355485072, -23.257912695332386 ], [ -46.912065974600843, -23.257916852165604 ], [ -46.91207053361736, -23.257916796635925 ], [ -46.912070593716898, -23.25792100899864 ], [ -46.91207518278339, -23.257923059650189 ], [ -46.912079741800106, -23.257923004120222 ], [ -46.912084330866783, -23.257925054771484 ], [ -46.912088889883542, -23.257924999241254 ], [ -46.912095728408637, -23.257924915945654 ], [ -46.912100287425353, -23.257924860415102 ], [ -46.912104876492371, -23.257926911065731 ], [ -46.91210943550913, -23.257926855534897 ], [ -46.912113994525882, -23.25792680000394 ], [ -46.912118583593141, -23.257928850654153 ], [ -46.912123142609936, -23.257928795122925 ], [ -46.912127701626709, -23.257928739591556 ], [ -46.912132260643467, -23.257928684060065 ], [ -46.912134480050277, -23.257924443931703 ], [ -46.912139039066872, -23.257924388400021 ], [ -46.912143598083453, -23.257924332868207 ], [ -46.912145817489829, -23.25792009273972 ], [ -46.912150376506247, -23.257920037207711 ], [ -46.91215490547156, -23.257917875494321 ], [ -46.912159434436717, -23.257915713780804 ], [ -46.91216399345295, -23.257915658248418 ], [ -46.912166182807276, -23.257909311938427 ], [ -46.912170741823275, -23.257909256405867 ], [ -46.912175270787856, -23.25790709469192 ], [ -46.912207063691298, -23.257898281234546 ], [ -46.912211622706806, -23.257898225700814 ] ], [ [ -46.91219907879217, -23.257658232106738 ], [ -46.912199138894998, -23.25766244446929 ], [ -46.912203697902505, -23.257662388936314 ], [ -46.912203758005496, -23.257666601298855 ], [ -46.912206097612383, -23.257670785894845 ], [ -46.912210656620161, -23.257670730361653 ], [ -46.912212996227346, -23.257674914957505 ], [ -46.912213056330664, -23.257679127320014 ], [ -46.912217615338704, -23.257679071786601 ], [ -46.912222174346738, -23.257679016253057 ], [ -46.912222234450347, -23.257683228615534 ], [ -46.912226823510395, -23.257685279263072 ], [ -46.91223141257057, -23.257687329910492 ], [ -46.912231472674492, -23.257691542272944 ], [ -46.912231532778435, -23.257695754635389 ], [ -46.912236121839051, -23.257697805282625 ], [ -46.912240710899788, -23.257699855929712 ], [ -46.912243050508451, -23.257704040525013 ], [ -46.9122476395695, -23.257706091171865 ], [ -46.912247699673998, -23.257710303534282 ], [ -46.91225003928308, -23.257714488129452 ], [ -46.912252378892326, -23.257718672724572 ], [ -46.912254718501714, -23.257722857319649 ], [ -46.912259307563581, -23.257724907966104 ], [ -46.91226164717331, -23.257729092561053 ], [ -46.912263986783188, -23.257733277155953 ], [ -46.912264046888268, -23.257737489518295 ], [ -46.912268605898163, -23.257737433983277 ], [ -46.912270945508411, -23.257741618578034 ], [ -46.912271005613739, -23.257745830940365 ], [ -46.912277844128973, -23.257745747637454 ], [ -46.912277904234529, -23.257749959999753 ], [ -46.912280243845309, -23.257754144594358 ], [ -46.912282583456246, -23.257758329188889 ], [ -46.91228492306734, -23.257762513783391 ], [ -46.912284983173166, -23.257766726145665 ], [ -46.912285043279006, -23.257770938507949 ], [ -46.912280544373729, -23.257775206405814 ], [ -46.912275985362584, -23.257775261941255 ], [ -46.912271426351417, -23.25777531747659 ], [ -46.912266837287611, -23.257773266830618 ], [ -46.912262278276486, -23.257773322365669 ], [ -46.912257689212858, -23.257771271719427 ], [ -46.912253100149364, -23.257769221073019 ], [ -46.912253040044533, -23.257765008710663 ], [ -46.912248481033664, -23.257765064245302 ], [ -46.912243891970512, -23.257763013598598 ], [ -46.912239302907487, -23.257760962951778 ], [ -46.912236963297801, -23.257756778356502 ], [ -46.912232374235089, -23.257754727709447 ], [ -46.912227785172512, -23.257752677062239 ], [ -46.91222319611007, -23.257750626414897 ], [ -46.91222313600624, -23.257746414052452 ], [ -46.912218546944075, -23.257744363404953 ], [ -46.912213987933811, -23.257744418938543 ], [ -46.912211648325211, -23.257740234342801 ], [ -46.912209308716768, -23.257736049747024 ], [ -46.912204749706767, -23.257736105280319 ], [ -46.912202410098615, -23.257731920684417 ], [ -46.912197821037239, -23.257729870036265 ], [ -46.912195481429414, -23.257725685440231 ], [ -46.912195421326523, -23.257721473077716 ], [ -46.912190832265608, -23.257719422429304 ], [ -46.912190772162873, -23.257715210066767 ], [ -46.912186183102236, -23.257713159418206 ], [ -46.912186122999671, -23.257708947055654 ], [ -46.912181503888114, -23.257704790225649 ], [ -46.9121769448791, -23.257704845758067 ], [ -46.912174605272412, -23.257700661161635 ], [ -46.912170016212499, -23.257698610512556 ], [ -46.912165427152722, -23.257696559863323 ], [ -46.912163087546539, -23.2576923752667 ], [ -46.912158498487081, -23.257690324617233 ], [ -46.912153909427751, -23.257688273967638 ], [ -46.912147040864319, -23.257686251083637 ], [ -46.912142481855838, -23.257686306614996 ], [ -46.91214014225055, -23.257682122017961 ], [ -46.912135553191753, -23.257680071367787 ], [ -46.91213099418345, -23.257680126898816 ], [ -46.912128654578638, -23.257675942301574 ], [ -46.912124095570455, -23.257675997832386 ], [ -46.912121755965927, -23.257671813235032 ], [ -46.912117196957873, -23.257671868765648 ], [ -46.912112637949804, -23.257671924296126 ], [ -46.912112577849669, -23.257667711933362 ], [ -46.912107988791732, -23.257665661282303 ], [ -46.912103399733944, -23.257663610631123 ], [ -46.912098810676277, -23.257661559979795 ], [ -46.912094221618737, -23.257659509328295 ], [ -46.912094161519221, -23.257655296965499 ], [ -46.912089602511656, -23.257655352495263 ], [ -46.912089542412289, -23.257651140132452 ], [ -46.912091761816576, -23.257646900004772 ], [ -46.912091701717173, -23.257642687641951 ], [ -46.912093921121269, -23.257638447514239 ], [ -46.912093861021816, -23.257634235151418 ], [ -46.912096080425727, -23.257629995023695 ], [ -46.912096020326231, -23.257625782660877 ], [ -46.91209596022675, -23.257621570298053 ], [ -46.91209814958065, -23.257615223988896 ], [ -46.912102678536996, -23.25761306227756 ], [ -46.912104897940317, -23.257608822149745 ], [ -46.912109486996194, -23.257610872801035 ], [ -46.912114076052205, -23.257612923452161 ], [ -46.912118635058263, -23.257612867921779 ], [ -46.9121231940643, -23.257612812391255 ], [ -46.91212778312056, -23.257614863041972 ], [ -46.912132372176949, -23.257616913692541 ], [ -46.912141550290116, -23.257621014993269 ], [ -46.912196739185731, -23.257654047510616 ], [ -46.91219907879217, -23.257658232106738 ] ], [ [ -46.9145738418717, -23.256373934371492 ], [ -46.914569388218105, -23.256381361595782 ], [ -46.914564934564041, -23.256388788819994 ], [ -46.914560375606143, -23.256388844418645 ], [ -46.914555846734835, -23.256391006195869 ], [ -46.914551317863364, -23.256393167972959 ], [ -46.914546788991743, -23.256395329749957 ], [ -46.914542260119966, -23.256397491526819 ], [ -46.914537761334373, -23.25640175948228 ], [ -46.914533232462219, -23.256403921258912 ], [ -46.914528733676114, -23.256408189214149 ], [ -46.914524204803591, -23.256410350990539 ], [ -46.914519675930912, -23.256412512766797 ], [ -46.914515147058076, -23.256414674542931 ], [ -46.914515207230082, -23.256418886900438 ], [ -46.914510678356955, -23.256421048676469 ], [ -46.914506149483678, -23.256423210452372 ], [ -46.914506209655421, -23.256427422809892 ], [ -46.914501710867668, -23.256431690764455 ], [ -46.91449718199388, -23.256433852540134 ], [ -46.914494962685495, -23.256438092696069 ], [ -46.914490433811373, -23.256440254471585 ], [ -46.914488214502683, -23.256444494627459 ], [ -46.91448599519385, -23.256448734783316 ], [ -46.914483775884889, -23.256452974939137 ], [ -46.914479247010078, -23.256455136714351 ], [ -46.914477027700805, -23.256459376870104 ], [ -46.914477087871738, -23.256463589227675 ], [ -46.914470249430721, -23.256463672622026 ], [ -46.914470309601448, -23.256467884979603 ], [ -46.914468090291706, -23.256472125135247 ], [ -46.914463531330711, -23.256472180731276 ], [ -46.914461312020684, -23.256476420886848 ], [ -46.914459092710523, -23.256480661042396 ], [ -46.914452284353665, -23.25648285061483 ], [ -46.91445006504312, -23.256487090770257 ], [ -46.914445536166582, -23.256489252544622 ], [ -46.914441007289888, -23.256491414318859 ], [ -46.91443647841303, -23.256493576092971 ], [ -46.914431949536038, -23.256495737866953 ], [ -46.914427420658882, -23.256497899640831 ], [ -46.91442289178157, -23.256500061414574 ], [ -46.914418332819508, -23.256500117009338 ], [ -46.914418392988715, -23.256504329367051 ], [ -46.91441383402649, -23.256504384961701 ], [ -46.914409305148723, -23.256506546735082 ], [ -46.914404776270807, -23.256508708508338 ], [ -46.914400277477064, -23.256512976460357 ], [ -46.914395718514498, -23.256513032054507 ], [ -46.914393499201672, -23.256517272209273 ], [ -46.914388940238943, -23.256517327803216 ], [ -46.914389000407276, -23.256521540160993 ], [ -46.914384441444398, -23.256521595754837 ], [ -46.914379912565522, -23.256523757527443 ], [ -46.914375383686497, -23.256525919299918 ], [ -46.914373164372826, -23.256530159454456 ], [ -46.914368635493474, -23.256532321226754 ], [ -46.91436407653017, -23.256532376820033 ], [ -46.914364136697756, -23.256536589177841 ], [ -46.914359607818028, -23.256538750949908 ], [ -46.914355078938144, -23.256540912721853 ], [ -46.914350550058103, -23.256543074493678 ], [ -46.914350610225306, -23.256547286851511 ], [ -46.91434605126144, -23.256547342444293 ], [ -46.914341522381029, -23.256549504215879 ], [ -46.914336963417071, -23.256549559808395 ], [ -46.914334744101808, -23.256553799962493 ], [ -46.914330215220971, -23.256555961733778 ], [ -46.914325686339993, -23.256558123504938 ], [ -46.914321157458851, -23.256560285275974 ], [ -46.914318938142912, -23.256564525429884 ], [ -46.914314379178379, -23.256564581021788 ], [ -46.91430982021383, -23.256564636613565 ], [ -46.914305291332191, -23.256566798384178 ], [ -46.914300732367543, -23.256566853975695 ], [ -46.914298513050845, -23.25657109412936 ], [ -46.914293984168786, -23.25657325589966 ], [ -46.914289455286571, -23.256575417669847 ], [ -46.91428489632159, -23.256575473260916 ], [ -46.914280367439133, -23.256577635030862 ], [ -46.914275838556527, -23.25657979680069 ], [ -46.914271309673772, -23.256581958570376 ], [ -46.914266750708514, -23.256582014160937 ], [ -46.914262191743248, -23.256582069751371 ], [ -46.914262101496469, -23.256575751214314 ], [ -46.914255263048865, -23.256575834599687 ], [ -46.914252923402103, -23.256571650036673 ], [ -46.914250583755503, -23.256567465473637 ], [ -46.9142459947087, -23.256565414884523 ], [ -46.914245934544731, -23.256561202526431 ], [ -46.914245874380775, -23.256556990168352 ], [ -46.91424353473468, -23.256552805605153 ], [ -46.914243474570824, -23.256548593247054 ], [ -46.914243414406982, -23.256544380888965 ], [ -46.914241074761208, -23.256540196325698 ], [ -46.914238735115582, -23.2565360117624 ], [ -46.914238674951932, -23.256531799404289 ], [ -46.914238614788289, -23.256527587046158 ], [ -46.914234025743056, -23.256525536456572 ], [ -46.914233965579584, -23.256521324098447 ], [ -46.914233905416125, -23.256517111740305 ], [ -46.914231565771175, -23.256512927176839 ], [ -46.91422922612638, -23.256508742613331 ], [ -46.914229135881477, -23.256502424076096 ], [ -46.914224546837254, -23.256500373486173 ], [ -46.914224486674151, -23.256496161127998 ], [ -46.914224426511062, -23.256491948769821 ], [ -46.9142220868669, -23.256487764206152 ], [ -46.914219747222887, -23.256483579642442 ], [ -46.914217407579031, -23.256479395078678 ], [ -46.914217347416212, -23.256475182720475 ], [ -46.914215007772597, -23.256470998156658 ], [ -46.914214947609878, -23.256466785798452 ], [ -46.914210388648385, -23.256466841387123 ], [ -46.914210298404548, -23.256460522849775 ], [ -46.914210238242013, -23.256456310491544 ], [ -46.914207898598988, -23.256452125927588 ], [ -46.914207838436539, -23.256447913569346 ], [ -46.914207778274118, -23.256443701211097 ], [ -46.914205438631413, -23.25643951664706 ], [ -46.914205378469084, -23.256435304288814 ], [ -46.914205288225624, -23.25642898575143 ], [ -46.914205228063324, -23.256424773393181 ], [ -46.914205167901052, -23.256420561034918 ], [ -46.91420510773878, -23.256416348676652 ], [ -46.914205047576537, -23.256412136318382 ], [ -46.914204957333183, -23.256405817780973 ], [ -46.914204897170968, -23.256401605422706 ], [ -46.914204837008768, -23.256397393064436 ], [ -46.914204776846574, -23.256393180706162 ], [ -46.914204716684409, -23.256388968347878 ], [ -46.914204656522251, -23.256384755989586 ], [ -46.914204596360101, -23.256380543631316 ], [ -46.914204536197971, -23.256376331273021 ], [ -46.914204476035856, -23.256372118914729 ], [ -46.914204415873748, -23.256367906556449 ], [ -46.914199826834626, -23.256365855965427 ], [ -46.914199766672681, -23.256361643607129 ], [ -46.914197427031858, -23.256357459042821 ], [ -46.914195087391185, -23.256353274478478 ], [ -46.914195027229425, -23.256349062120155 ], [ -46.914190438191092, -23.256347011528813 ], [ -46.914190378029502, -23.256342799170476 ], [ -46.914190317867927, -23.256338586812131 ], [ -46.91418572883002, -23.256336536220623 ], [ -46.914185668668608, -23.256332323862253 ], [ -46.914185608507211, -23.256328111503898 ], [ -46.914185548345827, -23.256323899145535 ], [ -46.914185488184458, -23.25631968678718 ], [ -46.914185428023103, -23.256315474428806 ], [ -46.914185367861762, -23.256311262070444 ], [ -46.914185307700436, -23.256307049712071 ], [ -46.914185247539123, -23.256302837353704 ], [ -46.914185187377825, -23.256298624995324 ], [ -46.914185127216541, -23.256294412636933 ], [ -46.914185067055278, -23.256290200278563 ], [ -46.914187286371721, -23.256285960126423 ], [ -46.914191785165663, -23.256281692180476 ], [ -46.914196314040112, -23.256279530413575 ], [ -46.914200872995266, -23.256279474825735 ], [ -46.914205431950407, -23.25627941923776 ], [ -46.914212270383096, -23.256279335855556 ], [ -46.914216799257083, -23.256277174088119 ], [ -46.914221328130928, -23.256275012320543 ], [ -46.914225887085863, -23.256274956731986 ], [ -46.914230476122107, -23.256277007322439 ], [ -46.914235035077091, -23.256276951733614 ], [ -46.914239594032054, -23.256276896144655 ], [ -46.914244152987003, -23.256276840555572 ], [ -46.914248711941944, -23.256276784966349 ], [ -46.914253270896857, -23.256276729376996 ], [ -46.914257829851771, -23.256276673787507 ], [ -46.914262388806669, -23.256276618197898 ], [ -46.914266947761547, -23.256276562608143 ], [ -46.914271536798381, -23.256278613197349 ], [ -46.914276095753308, -23.25627855760732 ], [ -46.914285243745304, -23.256280552605961 ], [ -46.914289802700253, -23.256280497015538 ], [ -46.914294421819868, -23.256284653783101 ], [ -46.914299010857356, -23.256286704371462 ], [ -46.914303599894971, -23.256288754959666 ], [ -46.914310438327739, -23.256288671573163 ], [ -46.914312777970601, -23.256292856135659 ], [ -46.914319646486284, -23.256294878927754 ], [ -46.914326515002173, -23.256296901719555 ], [ -46.91433107395757, -23.256296846127892 ], [ -46.91433566299596, -23.256298896715091 ], [ -46.914340221951399, -23.256298841123172 ], [ -46.914344871156302, -23.25630510406809 ], [ -46.914349430111933, -23.256305048475866 ], [ -46.914356298628697, -23.256307071266292 ], [ -46.914358638273299, -23.256311255827981 ], [ -46.914365506790489, -23.256313278617966 ], [ -46.914370095829916, -23.256315329204096 ], [ -46.914374654785824, -23.256315273611129 ], [ -46.914379273909162, -23.256319430375925 ], [ -46.914383832865184, -23.256319374782688 ], [ -46.914388421905066, -23.256321425368245 ], [ -46.91439298086113, -23.256321369774732 ], [ -46.91439753981718, -23.25632131418109 ], [ -46.914402128857311, -23.256323364766239 ], [ -46.91440671789757, -23.256325415351224 ], [ -46.914411306937957, -23.256327465936078 ], [ -46.914418175456625, -23.256329488723654 ], [ -46.914422734412888, -23.25632943312926 ], [ -46.914427323453623, -23.256331483713616 ], [ -46.914431882409929, -23.256331428118955 ], [ -46.914436471450863, -23.256333478703041 ], [ -46.914441060491932, -23.256335529286964 ], [ -46.914447898926532, -23.256335445894312 ], [ -46.914452457882923, -23.256335390299043 ], [ -46.914457016839293, -23.256335334703643 ], [ -46.914461575795649, -23.256335279108114 ], [ -46.91446613475199, -23.256335223512451 ], [ -46.914470723793499, -23.256337274095486 ], [ -46.914477562228079, -23.256337190701537 ], [ -46.914482151269809, -23.256339241284206 ], [ -46.914486710226235, -23.256339185687946 ], [ -46.914489049875399, -23.256343370247365 ], [ -46.91449360883194, -23.256343314650888 ], [ -46.914498197874103, -23.256345365233067 ], [ -46.914502756830693, -23.256345309636316 ], [ -46.914507345873041, -23.256347360218204 ], [ -46.914511904829673, -23.256347304621183 ], [ -46.914516493872206, -23.256349355202797 ], [ -46.914521082914881, -23.256351405784272 ], [ -46.914525641871613, -23.256351350186833 ], [ -46.914532480306683, -23.256351266790453 ], [ -46.914537039263386, -23.256351211192683 ], [ -46.914541598220062, -23.256351155594803 ], [ -46.91454615717673, -23.256351099996785 ], [ -46.914550746219852, -23.256353150577358 ], [ -46.914555335263103, -23.256355201157774 ], [ -46.914557674914654, -23.256359385716006 ], [ -46.914562233871557, -23.25635933011749 ], [ -46.914566822915184, -23.256361380697559 ], [ -46.914569162567204, -23.256365565255567 ], [ -46.914571502219367, -23.256369749813558 ], [ -46.9145738418717, -23.256373934371492 ] ], [ [ -46.914364081270861, -23.255526470880802 ], [ -46.914330250477711, -23.255534315702388 ], [ -46.914296909985914, -23.255545592633439 ], [ -46.914264550096817, -23.255548044140198 ], [ -46.914241996234715, -23.255539709017242 ], [ -46.914227777495917, -23.255516174552721 ], [ -46.914209146043845, -23.255503917017862 ], [ -46.91419835941457, -23.255479401951202 ], [ -46.914178747360573, -23.255460770499901 ], [ -46.914171392840323, -23.255442139048604 ], [ -46.914160115909276, -23.255422526994604 ], [ -46.914155703197125, -23.255405856748702 ], [ -46.914168941333571, -23.255385264092009 ], [ -46.914177766757874, -23.255369574448807 ], [ -46.914193211250399, -23.255351678449529 ], [ -46.914216990865874, -23.255334763052961 ], [ -46.914228635522974, -23.255304486944578 ], [ -46.914228512947588, -23.255268572370706 ], [ -46.914209881496291, -23.255247489412657 ], [ -46.914193211250392, -23.255237193084316 ], [ -46.914174089497742, -23.255216600427623 ], [ -46.914173721771775, -23.255194659442186 ], [ -46.91415018730698, -23.255143668101788 ], [ -46.914158032128576, -23.255088754350595 ], [ -46.914187327634203, -23.255056271886183 ], [ -46.914189411414974, -23.255006383723799 ], [ -46.914222629331398, -23.254968017643179 ], [ -46.914223609934098, -23.25491310389198 ], [ -46.914210371797644, -23.254868486469142 ], [ -46.914196153058498, -23.254844461702984 ], [ -46.914177644182573, -23.254825952827009 ], [ -46.914179482812607, -23.254814308169966 ], [ -46.914184630976784, -23.254800824882849 ], [ -46.914192720949039, -23.254781703130199 ], [ -46.914171637990997, -23.254753265651907 ], [ -46.914138787800546, -23.254701784010148 ], [ -46.9141118212263, -23.254683642860201 ], [ -46.914095150980401, -23.254670404723754 ], [ -46.91408975766555, -23.254649812067058 ], [ -46.914105937610096, -23.254637554533311 ], [ -46.914128491472198, -23.254633141821163 ], [ -46.914150555032947, -23.254640986642755 ], [ -46.914161341662641, -23.254667462915666 ], [ -46.914178502209893, -23.254693939188552 ], [ -46.914209391194937, -23.254708157927698 ], [ -46.914216990867047, -23.254717718803107 ], [ -46.914233661111666, -23.25473536965281 ], [ -46.914237093221217, -23.254749343241098 ], [ -46.914244202590794, -23.254760375021483 ], [ -46.914255234371169, -23.254771406801858 ], [ -46.914269207959642, -23.254779006472784 ], [ -46.914281220342716, -23.25478072252751 ], [ -46.914292497273763, -23.254776554966039 ], [ -46.914303774204818, -23.254785625541011 ], [ -46.914315051135866, -23.254796412170705 ], [ -46.914321670204089, -23.254805237595001 ], [ -46.914340301655521, -23.254809895457768 ], [ -46.914348146476996, -23.254810876060528 ], [ -46.914360649161416, -23.254807689101753 ], [ -46.914369229435039, -23.254816514526045 ], [ -46.91437768713336, -23.254829875237814 ], [ -46.914393499351867, -23.254847893812457 ], [ -46.91442022077544, -23.254856474086083 ], [ -46.914451109760485, -23.254865054359701 ], [ -46.914473663622587, -23.254865789811724 ], [ -46.91448861781376, -23.254856964387432 ], [ -46.914505745726416, -23.254846374498847 ], [ -46.914514358634634, -23.254853287127307 ], [ -46.91452122285353, -23.254860641647554 ], [ -46.91454157035956, -23.254873634633324 ], [ -46.914544021866305, -23.254880989153587 ], [ -46.914546473373058, -23.254895943344742 ], [ -46.914545247619685, -23.254915555398743 ], [ -46.914556401975354, -23.254927445206469 ], [ -46.91457000783786, -23.254928548384516 ], [ -46.914588394138484, -23.254923155069665 ], [ -46.914605064384382, -23.254928058083166 ], [ -46.914613889808685, -23.254939089863541 ], [ -46.914610702849913, -23.254954044054717 ], [ -46.914599916220212, -23.254962624328329 ], [ -46.914585207179712, -23.25497463671141 ], [ -46.914581775070261, -23.255000132381607 ], [ -46.914575156002037, -23.25502195079169 ], [ -46.914567066029761, -23.255031756818685 ], [ -46.91454917003049, -23.255032001969354 ], [ -46.914528425754554, -23.255034993861525 ], [ -46.914520242250838, -23.255053575228754 ], [ -46.914517545593412, -23.25507539363884 ], [ -46.914525390415008, -23.255104321418475 ], [ -46.914538016009246, -23.255129208727045 ], [ -46.914565595125708, -23.255140113417028 ], [ -46.914587658686457, -23.255161686676423 ], [ -46.914609231945853, -23.255191595058765 ], [ -46.914609231945853, -23.255231799769472 ], [ -46.914587168385104, -23.255263669357216 ], [ -46.914558240605459, -23.255281320205818 ], [ -46.914529803127152, -23.255310247985467 ], [ -46.914520977702857, -23.255330840642159 ], [ -46.914507249265057, -23.255351923600212 ], [ -46.914505288059651, -23.255380361078505 ], [ -46.914501855950206, -23.255403895543299 ], [ -46.914506758963704, -23.255423507597307 ], [ -46.914520487401504, -23.255436745733753 ], [ -46.914532254633897, -23.255453906281005 ], [ -46.9145400994555, -23.255474498937694 ], [ -46.914536177044702, -23.255487737074148 ], [ -46.914529312825799, -23.255504407320043 ], [ -46.914524900113648, -23.255527941784848 ], [ -46.914509210470449, -23.25554265082534 ], [ -46.914495972334002, -23.255550005345597 ], [ -46.914483224498902, -23.255549515044244 ], [ -46.914476850581352, -23.255539709017242 ], [ -46.914464593047605, -23.255520587264591 ], [ -46.914452825815204, -23.255508329730844 ], [ -46.914430762254455, -23.255509800634897 ], [ -46.914404776282908, -23.255517645456493 ], [ -46.914364081270861, -23.255526470880802 ] ] ] ] } }
]
}
