{
"type": "FeatureCollection",
"name": "Montanhas do Japi",
"crs": { "type": "name", "properties": { "name": "urn:ogc:def:crs:OGC:1.3:CRS84" } },
"features": [
{ "type": "Feature", "properties": { "FID": null, "Área (ha)": 281.919 }, "geometry": { "type": "MultiPolygon", "coordinates": [ [ [ [ -46.914356670179195, -23.254132920078966 ], [ -46.913806598843024, -23.254587153871768 ], [ -46.91380751438944, -23.254588791408853 ], [ -46.91418917, -23.25427556 ], [ -46.914356670179195, -23.254132920078966 ] ] ], [ [ [ -46.908680912589823, -23.253183573141332 ], [ -46.908673246884838, -23.253068291357081 ], [ -46.908455215496907, -23.253192800697946 ], [ -46.908454659651852, -23.253193102712089 ], [ -46.908280099334718, -23.253283233703122 ], [ -46.908279701652418, -23.253283431670823 ], [ -46.908279297556767, -23.253283618221236 ], [ -46.908278887431557, -23.253283793177186 ], [ -46.908278471666335, -23.253283956372488 ], [ -46.908278050656001, -23.253284107652153 ], [ -46.908277624800427, -23.253284246872468 ], [ -46.908277194504095, -23.253284373901216 ], [ -46.908276760175703, -23.253284488617755 ], [ -46.908276322227778, -23.253284590913115 ], [ -46.908275881076278, -23.253284680690133 ], [ -46.9080457044277, -23.253328097786699 ], [ -46.908045206369067, -23.253328183475883 ], [ -46.908044705403029, -23.253328253209741 ], [ -46.908044202128082, -23.253328306904965 ], [ -46.908043697145466, -23.253328344497419 ], [ -46.907824088645548, -23.253341167469724 ], [ -46.907673043552407, -23.253350245680519 ], [ -46.907673070119422, -23.253352112463016 ], [ -46.907680588332006, -23.253365561003719 ], [ -46.907680780991868, -23.2533790985525 ], [ -46.907688299206932, -23.253392547092634 ], [ -46.907688491867816, -23.253406084641309 ], [ -46.907688684528843, -23.253419622189966 ], [ -46.907688877190026, -23.253433159738588 ], [ -46.907689069851344, -23.253446697287181 ], [ -46.907689262512811, -23.253460234835757 ], [ -46.907682129614926, -23.253473861393267 ], [ -46.907674996715684, -23.253487487950537 ], [ -46.907660345595048, -23.253487665966876 ], [ -46.907645694474269, -23.253487843981851 ], [ -46.907631043353341, -23.253488021995462 ], [ -46.907616392232278, -23.253488200007705 ], [ -46.907601837437561, -23.253495146793188 ], [ -46.907587186315467, -23.253495324802756 ], [ -46.90756520963204, -23.253495591814552 ], [ -46.907550558509584, -23.253495769820709 ], [ -46.907528581825623, -23.253496036827382 ], [ -46.907513930702798, -23.253496214830129 ], [ -46.907499279579838, -23.253496392831504 ], [ -46.907484628456722, -23.253496570831519 ], [ -46.90746265177178, -23.253496837828973 ], [ -46.907448000648309, -23.253497015825573 ], [ -46.90743325320669, -23.253490425045545 ], [ -46.907418602083666, -23.25349060303936 ], [ -46.907403854644002, -23.253484012256415 ], [ -46.907389203521433, -23.253484190247445 ], [ -46.90737445608373, -23.253477599461586 ], [ -46.907359804961608, -23.25347777744982 ], [ -46.90734515383933, -23.253477955436693 ], [ -46.907337635651992, -23.253464506878291 ], [ -46.907322888218701, -23.253457916087271 ], [ -46.907308237098285, -23.253458094070552 ], [ -46.907293489666948, -23.253451503276615 ], [ -46.90727874223699, -23.2534449124812 ], [ -46.907264091117618, -23.253445090460261 ], [ -46.907249343689614, -23.253438499661939 ], [ -46.907234596262988, -23.253431908862119 ], [ -46.907212619585437, -23.253432175823896 ], [ -46.907197968466889, -23.253432353796704 ], [ -46.907183317348199, -23.253432531768144 ], [ -46.907172482571198, -23.253437703009016 ], [ -46.907147322973017, -23.253477497385923 ], [ -46.907147363674497, -23.253480358125771 ], [ -46.907147556281586, -23.25349389567857 ], [ -46.907147590603202, -23.25349630800109 ], [ -46.90716556, -23.25349778 ], [ -46.90737222, -23.25353861 ], [ -46.90752194, -23.25363944 ], [ -46.90780194, -23.25390333 ], [ -46.907828913851993, -23.253938761525454 ], [ -46.90784251743986, -23.253932268729955 ], [ -46.907857168607514, -23.253932090693414 ], [ -46.907864301507757, -23.253918464128255 ], [ -46.907878856331273, -23.253911517316645 ], [ -46.907885989228305, -23.253897890750689 ], [ -46.907893122123966, -23.253884264184471 ], [ -46.907892929437992, -23.253870726638244 ], [ -46.907907580598483, -23.253870548597448 ], [ -46.907914713490634, -23.253856922030451 ], [ -46.907921846381413, -23.253843295463206 ], [ -46.907921653692924, -23.253829757917135 ], [ -46.907936208503763, -23.253822811100957 ], [ -46.907936015814009, -23.253809273554953 ], [ -46.907935823124404, -23.253795736008936 ], [ -46.907942956010189, -23.253782109440987 ], [ -46.907957510814782, -23.253775162623217 ], [ -46.907971969271344, -23.253761447031287 ], [ -46.907971776578549, -23.253747909485476 ], [ -46.90798642772495, -23.253747731438203 ], [ -46.907993560603231, -23.253734104868386 ], [ -46.908008019051742, -23.2537203892736 ], [ -46.908015151926506, -23.253706762703001 ], [ -46.90801495922986, -23.253693225157431 ], [ -46.908014766533348, -23.253679687611832 ], [ -46.908014573836994, -23.253666150066213 ], [ -46.90802170670861, -23.253652523495443 ], [ -46.9080215140118, -23.253638985949834 ], [ -46.908028646881455, -23.253625359378859 ], [ -46.908028454184198, -23.253611821833257 ], [ -46.908043008965933, -23.253604875008932 ], [ -46.908057563746084, -23.253597928183346 ], [ -46.908064696610076, -23.25358430161106 ], [ -46.908079347737811, -23.253584123556301 ], [ -46.90808648059889, -23.25357049698319 ], [ -46.908093613458597, -23.253556870409835 ], [ -46.908108264583085, -23.253556692352578 ], [ -46.908122819354347, -23.253549745521465 ], [ -46.908137470477804, -23.25354956746154 ], [ -46.908144603331195, -23.253535940886248 ], [ -46.908159158098137, -23.253528994052022 ], [ -46.908173809219015, -23.253528815988862 ], [ -46.908188460339751, -23.253528637924322 ], [ -46.908203111460345, -23.253528459858423 ], [ -46.90821776258079, -23.253528281791159 ], [ -46.908232317342609, -23.253521334950449 ], [ -46.908246968462024, -23.253521156880513 ], [ -46.908261523221377, -23.253514210037242 ], [ -46.908276174339768, -23.253514031964635 ], [ -46.908290729096642, -23.253507085118802 ], [ -46.90830538021401, -23.253506907043519 ], [ -46.908320031331222, -23.253506728966869 ], [ -46.908334682448299, -23.253506550888854 ], [ -46.908349333565219, -23.253506372809476 ], [ -46.908363984681998, -23.253506194728725 ], [ -46.908378635798641, -23.253506016646615 ], [ -46.908393286915128, -23.253505838563147 ], [ -46.908407938031473, -23.2535056604783 ], [ -46.908429914705728, -23.253505393348473 ], [ -46.908444469452625, -23.253498446488962 ], [ -46.908459120567727, -23.253498268399401 ], [ -46.908473771682679, -23.253498090308472 ], [ -46.908488326426223, -23.253491143445093 ], [ -46.908502881168182, -23.253484196580441 ], [ -46.908524761464655, -23.253477160666606 ], [ -46.908546641758626, -23.253470124749871 ], [ -46.908561196494944, -23.25346317788015 ], [ -46.908575847605185, -23.253462999779948 ], [ -46.908582980408525, -23.253449373187841 ], [ -46.908597236128998, -23.253442569031169 ], [ -46.908617753565267, -23.253378976776119 ], [ -46.908640465300955, -23.253301692589204 ], [ -46.908680912589823, -23.253183573141332 ] ] ], [ [ [ -46.908669923256838, -23.25338061685018 ], [ -46.908684381595933, -23.253366901199598 ], [ -46.908699032694607, -23.253366723088611 ], [ -46.908713491029118, -23.253353007435614 ], [ -46.908728142126023, -23.253352829322004 ], [ -46.908742696839347, -23.253345882436822 ], [ -46.908757347935229, -23.253345704320541 ], [ -46.90876448071414, -23.25333207772163 ], [ -46.908779131808323, -23.253331899603413 ], [ -46.908786264584315, -23.253318273003664 ], [ -46.908793397358941, -23.253304646403677 ], [ -46.908793204587447, -23.253291108863571 ], [ -46.908800337360113, -23.253277482263368 ], [ -46.908814988448029, -23.253277304142202 ], [ -46.908814795674608, -23.253263766602217 ], [ -46.908814602901337, -23.253250229062211 ], [ -46.908836386753151, -23.253236424338382 ], [ -46.90884351951879, -23.253222797736612 ], [ -46.908850652283064, -23.253209171134589 ], [ -46.90885778504596, -23.253195544532311 ], [ -46.90885759226898, -23.253182006992525 ], [ -46.908857399492142, -23.25316846945271 ], [ -46.908857206715453, -23.253154931912867 ], [ -46.908871665011461, -23.253141216247538 ], [ -46.90887879776907, -23.253127589644581 ], [ -46.908885930525308, -23.253113963041372 ], [ -46.908900485204335, -23.253107016143606 ], [ -46.908900292423859, -23.253093478604011 ], [ -46.908907425176288, -23.253079852000024 ], [ -46.908921979850469, -23.253072905100556 ], [ -46.908929112599687, -23.253059278495776 ], [ -46.908928919816766, -23.253045740956317 ], [ -46.908943474486115, -23.253038794055147 ], [ -46.908958029153872, -23.25303184715273 ], [ -46.908957836368288, -23.253018309613459 ], [ -46.908964969111253, -23.25300468300739 ], [ -46.908972101852854, -23.252991056401065 ], [ -46.908971909066217, -23.25297751886183 ], [ -46.908986560119892, -23.252977340726826 ], [ -46.908986367331927, -23.252963803187683 ], [ -46.908993500069414, -23.252950176580612 ], [ -46.909000632805537, -23.252936549973303 ], [ -46.909015283854487, -23.252936371835911 ], [ -46.909022416587689, -23.252922745227774 ], [ -46.909037067634941, -23.252922567088458 ], [ -46.909051718682043, -23.252922388947766 ], [ -46.909058851410776, -23.252908762338233 ], [ -46.90907340605812, -23.252901815426327 ], [ -46.909073213262097, -23.252888277887745 ], [ -46.909080345987022, -23.252874651277455 ], [ -46.909087478710575, -23.252861024666924 ], [ -46.909094611432756, -23.252847398056126 ], [ -46.9090944186351, -23.252833860517605 ], [ -46.90910155135532, -23.252820233906597 ], [ -46.909108684074177, -23.252806607295341 ], [ -46.909123335107999, -23.252806429148809 ], [ -46.90912314230782, -23.252792891610454 ], [ -46.90913769693924, -23.252785944693549 ], [ -46.909152155167639, -23.252772229006293 ], [ -46.909151962364867, -23.252758691468109 ], [ -46.909159095075623, -23.252745064855013 ], [ -46.909158902272402, -23.252731527316833 ], [ -46.909158709469324, -23.252717989778631 ], [ -46.909158516666388, -23.252704452240405 ], [ -46.909150998353162, -23.252691003776803 ], [ -46.909150805551256, -23.252677466238467 ], [ -46.909135961731479, -23.252664106848147 ], [ -46.909128443423015, -23.252650658383093 ], [ -46.909113696007346, -23.25264406775964 ], [ -46.909098948593048, -23.252637477134687 ], [ -46.909091430289863, -23.252624028667487 ], [ -46.909076779275686, -23.252624206809728 ], [ -46.909069260975492, -23.252610758341234 ], [ -46.90906174267689, -23.252597309872268 ], [ -46.909047091665379, -23.252597488011549 ], [ -46.909032344259181, -23.252590897379736 ], [ -46.909024825965403, -23.252577448908649 ], [ -46.909024633177289, -23.252563911369123 ], [ -46.909039091395869, -23.252550195692741 ], [ -46.909046224109048, -23.252536569084409 ], [ -46.909060875113909, -23.252536390945654 ], [ -46.909068007824168, -23.252522764336504 ], [ -46.909075140533062, -23.252509137727099 ], [ -46.909078677145985, -23.252507449702406 ], [ -46.909031893721099, -23.252504578609695 ], [ -46.908701069644223, -23.253027451886986 ], [ -46.908718061382757, -23.253187564305012 ], [ -46.908661656089294, -23.253384562718637 ], [ -46.908669923256838, -23.25338061685018 ] ] ], [ [ [ -46.90446278, -23.2535675 ], [ -46.90471139, -23.25359389 ], [ -46.90487167, -23.25357389 ], [ -46.904979379181526, -23.253533666863376 ], [ -46.904979284275854, -23.253526988754011 ], [ -46.904964440740834, -23.253513628949182 ], [ -46.904949693401441, -23.253507037927797 ], [ -46.904934946063428, -23.253500446904933 ], [ -46.904920198726778, -23.253493855880578 ], [ -46.9049054513915, -23.253487264854737 ], [ -46.904890800247202, -23.25348744261273 ], [ -46.904875956725043, -23.253474082798597 ], [ -46.90486111320584, -23.25346072298284 ], [ -46.904846365876807, -23.253454131950985 ], [ -46.904831618549146, -23.253447540917641 ], [ -46.904816967408564, -23.253447718668461 ], [ -46.904802412452831, -23.253454665203613 ], [ -46.904787761311219, -23.253454842951754 ], [ -46.904773110169458, -23.253455020698532 ], [ -46.904758459027555, -23.253455198443941 ], [ -46.904743807885509, -23.253455376187986 ], [ -46.904729156743322, -23.253455553930671 ], [ -46.904714505600978, -23.253455731671984 ], [ -46.904699758278667, -23.253449140625825 ], [ -46.904714313239879, -23.25344219409989 ], [ -46.904721446448619, -23.253428567657405 ], [ -46.904736001406398, -23.253421621129664 ], [ -46.904743134611927, -23.253407994686377 ], [ -46.904750267816091, -23.253394368242844 ], [ -46.904764726585789, -23.25338065292684 ], [ -46.904764534220305, -23.253367115355012 ], [ -46.904771667420363, -23.253353488910722 ], [ -46.904786318551039, -23.253353311164808 ], [ -46.904800777312687, -23.253339595845951 ], [ -46.904815332256469, -23.253332649311687 ], [ -46.904822465449612, -23.253319022865494 ], [ -46.904829598641392, -23.253305396419055 ], [ -46.9048367318318, -23.253291769972357 ], [ -46.904843865020837, -23.25327814352541 ], [ -46.904850998208509, -23.253264517078215 ], [ -46.904858131394811, -23.25325089063077 ], [ -46.90486526457974, -23.253237264183074 ], [ -46.904879819509013, -23.253230317643688 ], [ -46.904886952690724, -23.253216691195192 ], [ -46.90490892936279, -23.25321642456116 ], [ -46.904916062540813, -23.253202798111552 ], [ -46.904923195717465, -23.253189171661703 ], [ -46.904937750638283, -23.253182225117445 ], [ -46.904944883811716, -23.253168598666797 ], [ -46.904952016983792, -23.253154972215896 ], [ -46.90496657189933, -23.253148025669287 ], [ -46.90497370506818, -23.253134399217583 ], [ -46.904988259980286, -23.253127452669155 ], [ -46.9050028148908, -23.253120506119483 ], [ -46.905017369799737, -23.253113559568554 ], [ -46.905031828512108, -23.253099844231279 ], [ -46.905046479612849, -23.253099666462926 ], [ -46.905046287221523, -23.253086128892846 ], [ -46.905060842124293, -23.253079182338251 ], [ -46.905060649731702, -23.253065644768252 ], [ -46.905067782886917, -23.253052018313056 ], [ -46.905067590493879, -23.253038480743058 ], [ -46.905074723647132, -23.253024854287638 ], [ -46.905074531253646, -23.253011316717657 ], [ -46.905074338860302, -23.252997779147648 ], [ -46.905074146467108, -23.252984241577625 ], [ -46.905073954074055, -23.252970704007559 ], [ -46.905073761681145, -23.252957166437472 ], [ -46.905073569288376, -23.25294362886736 ], [ -46.905073376895757, -23.25293009129723 ], [ -46.905073184503287, -23.252916553727069 ], [ -46.905080317650416, -23.252902927271673 ], [ -46.905087450796174, -23.252889300816019 ], [ -46.905102005675921, -23.252882354258986 ], [ -46.905116464355906, -23.252868638915754 ], [ -46.905131019231774, -23.252861692356266 ], [ -46.90514567030565, -23.252861514580374 ], [ -46.905145477906508, -23.252847977010667 ], [ -46.905145285507515, -23.252834439440939 ], [ -46.905159936578286, -23.25283426166391 ], [ -46.905159744177965, -23.252820724094271 ], [ -46.905174395247116, -23.252820546315995 ], [ -46.905174202845458, -23.252807008746444 ], [ -46.905188853912989, -23.252806830966918 ], [ -46.905203408778114, -23.252799884401355 ], [ -46.905217963641668, -23.252792937834531 ], [ -46.905232518503624, -23.25278599126646 ], [ -46.905247169568362, -23.252785813481648 ], [ -46.905261724427852, -23.252778866911008 ], [ -46.90527637549156, -23.252778689123517 ], [ -46.905291026555126, -23.252778511334668 ], [ -46.905305677618543, -23.252778333544452 ], [ -46.905320328681817, -23.252778155752864 ], [ -46.905320521097956, -23.252791693321303 ], [ -46.905320713514243, -23.252805230889734 ], [ -46.905320905930679, -23.252818768458123 ], [ -46.905321098347258, -23.252832306026495 ], [ -46.905321290763986, -23.252845843594844 ], [ -46.905321483180856, -23.252859381163162 ], [ -46.905329001134618, -23.25287282983475 ], [ -46.905329193552511, -23.252886367402969 ], [ -46.905329385970553, -23.252899904971155 ], [ -46.905329578388738, -23.25291344253932 ], [ -46.905344229466571, -23.252913264744535 ], [ -46.905358880544256, -23.252913086948379 ], [ -46.905373531621798, -23.252912909150862 ], [ -46.905388182699191, -23.25291273135198 ], [ -46.905402833776442, -23.252912553551727 ], [ -46.905417581067127, -23.252919144533845 ], [ -46.905425099034005, -23.252932593199869 ], [ -46.905439942542735, -23.252945952963273 ], [ -46.905447460513486, -23.25295940162794 ], [ -46.905462111595327, -23.252959223821826 ], [ -46.905476666460281, -23.252952277230886 ], [ -46.905491317541099, -23.2529520994221 ], [ -46.905498450645837, -23.252938472950433 ], [ -46.905513101724964, -23.252938295139714 ], [ -46.905527656584717, -23.252931348544355 ], [ -46.905542307662806, -23.252931170730964 ], [ -46.905557054961456, -23.252937761699364 ], [ -46.905557247402982, -23.252951299265664 ], [ -46.905557439844642, -23.252964836831946 ], [ -46.905557632286452, -23.252978374398197 ], [ -46.905557824728405, -23.252991911964418 ], [ -46.905558017170506, -23.253005449530619 ], [ -46.905550980289789, -23.253025844787821 ], [ -46.905543847186607, -23.253039471261697 ], [ -46.905536714082061, -23.253053097735314 ], [ -46.905529580976143, -23.253066724208679 ], [ -46.905529773416077, -23.253080261774976 ], [ -46.905529965856168, -23.253093799341244 ], [ -46.905530158296386, -23.253107336907487 ], [ -46.905530350736761, -23.253120874473712 ], [ -46.905530543177285, -23.25313441203992 ], [ -46.905530735617937, -23.253147949606081 ], [ -46.905516180735717, -23.253154896203096 ], [ -46.905501625851898, -23.253161842798843 ], [ -46.905501818289885, -23.253175380365196 ], [ -46.905487263403081, -23.253182326959791 ], [ -46.905472708514694, -23.253189273553136 ], [ -46.905458057407806, -23.253189451361898 ], [ -46.905443502516938, -23.253196397952671 ], [ -46.905436369394707, -23.253210024422696 ], [ -46.905436561826562, -23.253223561989486 ], [ -46.905422103146137, -23.253237277361993 ], [ -46.905407548248149, -23.253244223949867 ], [ -46.905400415119963, -23.253257850418585 ], [ -46.905385764004961, -23.253258028221094 ], [ -46.905378630873862, -23.253271654688991 ], [ -46.905363979757169, -23.253271832489563 ], [ -46.90535684662315, -23.253285458956658 ], [ -46.905349713487759, -23.253299085423496 ], [ -46.905342580350997, -23.253312711890079 ], [ -46.905327929229514, -23.253312889687585 ], [ -46.905328121651365, -23.25332642725505 ], [ -46.905313566738499, -23.253333373835083 ], [ -46.905291686261634, -23.253340409310859 ], [ -46.905277131345152, -23.253347355887726 ], [ -46.905262576427084, -23.253354302463354 ], [ -46.905255443278648, -23.253367928926664 ], [ -46.905240888357156, -23.25337487550048 ], [ -46.905226333434072, -23.253381822073028 ], [ -46.905211778509404, -23.253388768644324 ], [ -46.905204645354061, -23.253402395105734 ], [ -46.905189994221594, -23.253402572891023 ], [ -46.905190186630357, -23.253416110459419 ], [ -46.905197704606991, -23.253429559135199 ], [ -46.905212355742336, -23.253429381349001 ], [ -46.905212548153607, -23.253442918917177 ], [ -46.905222712621367, -23.25344279557418 ], [ -46.90527556, -23.25342306 ], [ -46.905334859735127, -23.253415209869384 ], [ -46.905336697963271, -23.253414332543951 ], [ -46.905341970348957, -23.253414268560981 ], [ -46.905354619014958, -23.253412594120238 ], [ -46.905365904014857, -23.253407208160962 ], [ -46.905380458932356, -23.253400261575781 ], [ -46.90539511006294, -23.253400083772746 ], [ -46.905417086758554, -23.253399817065628 ], [ -46.905424219891422, -23.253386190595997 ], [ -46.905446100367193, -23.253379155101747 ], [ -46.905460655277025, -23.253372208509578 ], [ -46.905475306403858, -23.253372030699257 ], [ -46.905489765091936, -23.25335831532146 ], [ -46.905504319997007, -23.253351368725522 ], [ -46.905518874900494, -23.253344422128325 ], [ -46.905533526023795, -23.253344244312778 ], [ -46.905540659141892, -23.253330617838746 ], [ -46.905547792258623, -23.25331699136445 ], [ -46.905562443378678, -23.253316813546402 ], [ -46.905576902051692, -23.253303098161481 ], [ -46.905591456945842, -23.253296151558111 ], [ -46.905606011838408, -23.253289204953486 ], [ -46.905620662954931, -23.253289027130204 ], [ -46.905620470503884, -23.253275489564977 ], [ -46.905635025392584, -23.253268542957887 ], [ -46.905642158496562, -23.25325491648006 ], [ -46.905656809609027, -23.253254738653663 ], [ -46.905663942710092, -23.253241112175015 ], [ -46.905678497592618, -23.253234165564258 ], [ -46.905693052473566, -23.253227218952251 ], [ -46.905707703582571, -23.253227041121299 ], [ -46.905722354691434, -23.25322686328898 ], [ -46.905736909569029, -23.253219916673096 ], [ -46.905751464445032, -23.253212970055962 ], [ -46.905766115551977, -23.253212792219667 ], [ -46.905780670425514, -23.253205845599965 ], [ -46.905795321531436, -23.253205667760991 ], [ -46.905809972637215, -23.253205489920656 ], [ -46.905824527507399, -23.253198543297085 ], [ -46.905824335036613, -23.253185005733311 ], [ -46.905838889903798, -23.253178059108585 ], [ -46.905853444769406, -23.253171112482601 ], [ -46.905868095870915, -23.253170934637094 ], [ -46.905875228945938, -23.253157308150421 ], [ -46.905889687568745, -23.253143592739665 ], [ -46.905904338666936, -23.253143414890967 ], [ -46.9059114717369, -23.253129788402948 ], [ -46.905926026593171, -23.253122841770782 ], [ -46.905940677688783, -23.253122663918848 ], [ -46.905947810753979, -23.25310903742945 ], [ -46.905954847576297, -23.253088642158353 ], [ -46.90595465509336, -23.253075104595421 ], [ -46.90595446261058, -23.253061567032479 ], [ -46.905961595671556, -23.253047940542661 ], [ -46.90596872873116, -23.253034314052591 ], [ -46.9059758617894, -23.253020687562273 ], [ -46.905982994846269, -23.25300706107171 ], [ -46.905982802361251, -23.25299352350887 ], [ -46.9059972609559, -23.252979808089822 ], [ -46.905997068469695, -23.252966270527047 ], [ -46.905996875983639, -23.252952732964239 ], [ -46.905996683497726, -23.252939195401414 ], [ -46.905996491011955, -23.252925657838567 ], [ -46.905996298526333, -23.252912120275695 ], [ -46.906010853354822, -23.25290517363733 ], [ -46.906010660867935, -23.252891636074541 ], [ -46.90601046838119, -23.252878098511715 ], [ -46.906017601427948, -23.252864472020068 ], [ -46.906017408940762, -23.25285093445726 ], [ -46.906017216453712, -23.252837396894417 ], [ -46.906024349497919, -23.252823770402596 ], [ -46.906039000560014, -23.252823592543649 ], [ -46.90605365162196, -23.252823414683331 ], [ -46.90606820643778, -23.252816468040411 ], [ -46.906068013945934, -23.25280293047792 ], [ -46.906082665005371, -23.252802752615043 ], [ -46.906097316064674, -23.252802574750802 ], [ -46.906111967123827, -23.252802396885205 ], [ -46.906126618182839, -23.252802219018236 ], [ -46.906141269241701, -23.252802041149902 ], [ -46.906155824050117, -23.252795094499287 ], [ -46.906170475107956, -23.252794916628279 ], [ -46.9061850299139, -23.252787969975103 ], [ -46.906199680970708, -23.252787792101419 ], [ -46.906206813993457, -23.252774165602617 ], [ -46.906213947014841, -23.252760539103569 ], [ -46.906221080034847, -23.252746912604266 ], [ -46.906228213053495, -23.252733286104718 ], [ -46.906242864103959, -23.252733108227403 ], [ -46.90625751515428, -23.252732930348724 ], [ -46.906272262460341, -23.252739521249183 ], [ -46.90628691351111, -23.252739343367718 ], [ -46.906301564561737, -23.252739165484886 ], [ -46.906316311870356, -23.252745756381007 ], [ -46.906331059180353, -23.252752347275646 ], [ -46.906345710232017, -23.252752169388604 ], [ -46.906360457543968, -23.252758760280337 ], [ -46.906375204857291, -23.252765351170577 ], [ -46.906389952171978, -23.252771942059329 ], [ -46.906404699488036, -23.2527785329466 ], [ -46.906419446805472, -23.252785123832382 ], [ -46.906434194124266, -23.252791714716686 ], [ -46.906448845179348, -23.252791536819732 ], [ -46.906470821761708, -23.252791269971748 ], [ -46.906485472816435, -23.252791092071387 ], [ -46.906500123871012, -23.252790914169658 ], [ -46.906514774925455, -23.252790736266572 ], [ -46.906529425979741, -23.252790558362108 ], [ -46.906544077033885, -23.252790380456286 ], [ -46.906558728087887, -23.252790202549097 ], [ -46.90657337914174, -23.252790024640543 ], [ -46.906588030195458, -23.252789846730625 ], [ -46.906602681249026, -23.252789668819336 ], [ -46.906617332302446, -23.252789490906686 ], [ -46.906632175904384, -23.252802850550733 ], [ -46.906646923234121, -23.252809441414204 ], [ -46.906654441312838, -23.252822890013764 ], [ -46.906654633864072, -23.252836427571587 ], [ -46.906669381198576, -23.2528430184326 ], [ -46.906684032257253, -23.252842840513349 ], [ -46.906698683315788, -23.25284266259273 ], [ -46.906713334374182, -23.252842484670737 ], [ -46.906727985432425, -23.252842306747382 ], [ -46.906742732770674, -23.252848897601215 ], [ -46.906757480110286, -23.252855488453562 ], [ -46.906772227451263, -23.252862079304418 ], [ -46.906786974793619, -23.252868670153802 ], [ -46.906801625854094, -23.252868492223396 ], [ -46.906816276914419, -23.252868314291618 ], [ -46.906823795013274, -23.252881762881628 ], [ -46.906838446074865, -23.252881584947694 ], [ -46.906853193422215, -23.252888175790467 ], [ -46.906875266302272, -23.252894677662855 ], [ -46.906890109940505, -23.252908037279862 ], [ -46.906904857293028, -23.252914628117402 ], [ -46.906912375403408, -23.252928076702336 ], [ -46.906927219049031, -23.252941436315293 ], [ -46.906941966406912, -23.25294802714896 ], [ -46.906949484523011, -23.252961475731695 ], [ -46.906964328176016, -23.252974835340595 ], [ -46.906964520759949, -23.252988372895707 ], [ -46.906979171831992, -23.252988194947875 ], [ -46.906986689954238, -23.253001643528361 ], [ -46.907001341027538, -23.253001465578365 ], [ -46.907023317637211, -23.253001198650807 ], [ -46.90702351022734, -23.253014736205412 ], [ -46.907031028355576, -23.25302818478335 ], [ -46.907045679431398, -23.253028006829027 ], [ -46.907060330507072, -23.253027828873336 ], [ -46.907060523101187, -23.253041366427599 ], [ -46.907075270476035, -23.253047957247496 ], [ -46.907090017852262, -23.253054548065901 ], [ -46.907104668930458, -23.253054370105886 ], [ -46.907119416308639, -23.253060960921378 ], [ -46.907126934449103, -23.253074409493831 ], [ -46.907141778131894, -23.253087769083773 ], [ -46.907156525515447, -23.253094359895389 ], [ -46.907171272900356, -23.253100950705523 ], [ -46.907186020286638, -23.253107541514179 ], [ -46.9072006713698, -23.253107363544821 ], [ -46.907215322452821, -23.253107185574102 ], [ -46.907229973535692, -23.253107007602015 ], [ -46.907244720925121, -23.253113598404909 ], [ -46.907259468315928, -23.253120189206303 ], [ -46.9072742157081, -23.25312678000622 ], [ -46.907288963101642, -23.253133370804644 ], [ -46.907303614186745, -23.253133192825509 ], [ -46.907318265271705, -23.253133014844995 ], [ -46.907332916356516, -23.25313283686312 ], [ -46.907347567441185, -23.253132658879881 ], [ -46.907362314838466, -23.253139249671126 ], [ -46.907376965923589, -23.253139071685098 ], [ -46.907384484093932, -23.253152520243084 ], [ -46.907399231495035, -23.253159111030588 ], [ -46.907413882582006, -23.253158933040972 ], [ -46.907428533668828, -23.253158755049991 ], [ -46.907443281072482, -23.253165345833153 ], [ -46.907443473706529, -23.253178883384166 ], [ -46.907458317430951, -23.253192242941147 ], [ -46.907458510066768, -23.253205780491978 ], [ -46.90746602824926, -23.253219229045165 ], [ -46.9074662208861, -23.253232766595893 ], [ -46.907480871980546, -23.253232588599499 ], [ -46.907495619394801, -23.253239179376973 ], [ -46.907517788679321, -23.253252449927977 ], [ -46.907532536097385, -23.253259040701717 ], [ -46.907547187194133, -23.253258862698942 ], [ -46.907561934614165, -23.253265453469762 ], [ -46.907576682035554, -23.253272044239097 ], [ -46.907591333133354, -23.253271866232115 ], [ -46.907605984230997, -23.253271688223769 ], [ -46.907613502431957, -23.253285136768557 ], [ -46.907628153530872, -23.253284958758048 ], [ -46.907642804629631, -23.253284780746167 ], [ -46.907650322834996, -23.25329822928888 ], [ -46.907665166592672, -23.253311588823859 ], [ -46.90767164954417, -23.25332318550068 ], [ -46.907822199334078, -23.253314137060663 ], [ -46.907822226351691, -23.253314135459973 ], [ -46.908040835434178, -23.253301370847421 ], [ -46.908267786888658, -23.253258562107732 ], [ -46.908440078165818, -23.253169602699334 ], [ -46.90865472985675, -23.253047023387847 ], [ -46.909010902218789, -23.252484086997978 ], [ -46.909138153461996, -23.252245861969325 ], [ -46.909137310480716, -23.252244354070989 ], [ -46.909122466713512, -23.252230994675443 ], [ -46.909122273918747, -23.252217457136091 ], [ -46.909107526552681, -23.252210866508531 ], [ -46.909092779187972, -23.252204275879485 ], [ -46.909078031824635, -23.252197685248955 ], [ -46.909063284462668, -23.252191094616922 ], [ -46.909048633495559, -23.252191272753414 ], [ -46.909033886135546, -23.252184682118482 ], [ -46.909019042384976, -23.252171322711938 ], [ -46.909004391419643, -23.252171500844163 ], [ -46.908996873155374, -23.25215805236931 ], [ -46.908996680373967, -23.252144514828846 ], [ -46.908981933021465, -23.252137924188478 ], [ -46.908981740241757, -23.252124386647857 ], [ -46.908974221982682, -23.252110938171512 ], [ -46.908966703725191, -23.252097489694695 ], [ -46.908966510947401, -23.252083952153882 ], [ -46.908951763603049, -23.252077361510093 ], [ -46.90895157082695, -23.252063823969131 ], [ -46.908936823485526, -23.252057233323729 ], [ -46.908936630711118, -23.252043695782611 ], [ -46.908929112461564, -23.252030247303377 ], [ -46.908921594213595, -23.252016798823668 ], [ -46.908914075967203, -23.252003350343482 ], [ -46.908906557722418, -23.251989901862814 ], [ -46.908906364951683, -23.251976364321337 ], [ -46.908898846709356, -23.251962915840103 ], [ -46.908884002997539, -23.251949556417895 ], [ -46.908883810229455, -23.251936018876172 ], [ -46.908876291991888, -23.251922570393493 ], [ -46.908868773755906, -23.25190912191033 ], [ -46.90885402643557, -23.251902531255634 ], [ -46.90884650820302, -23.25188908277115 ], [ -46.908846315439284, -23.251875545229012 ], [ -46.908853448142146, -23.25186191862942 ], [ -46.908845929912246, -23.251848470144694 ], [ -46.908845737148951, -23.251834932602495 ], [ -46.908823664373308, -23.251828431001226 ], [ -46.908823471612443, -23.251814893458818 ], [ -46.908808724304741, -23.251808302798956 ], [ -46.908793976998403, -23.251801712137606 ], [ -46.908786458778096, -23.251788263649303 ], [ -46.908771807852631, -23.251788441757068 ], [ -46.908764289635315, -23.251774993267485 ], [ -46.908764096880937, -23.251761455724516 ], [ -46.908749349581804, -23.251754865058452 ], [ -46.908749156829124, -23.251741327515322 ], [ -46.90874896407658, -23.251727789972183 ], [ -46.908748771324191, -23.251714252428993 ], [ -46.908748578571945, -23.251700714885793 ], [ -46.908748385819841, -23.251687177342568 ], [ -46.908748193067872, -23.251673639799321 ], [ -46.908755325771907, -23.251660013203907 ], [ -46.908747807564396, -23.251646564712743 ], [ -46.908733060279026, -23.251639974044167 ], [ -46.908732867529054, -23.251626436500707 ], [ -46.908718216620805, -23.251626614602312 ], [ -46.908703469338953, -23.251620023930684 ], [ -46.908688722058464, -23.251613433257589 ], [ -46.908673974779354, -23.251606842582994 ], [ -46.90865932387274, -23.251607020678961 ], [ -46.908644672965977, -23.251607198773559 ], [ -46.908644865706876, -23.251620736317744 ], [ -46.908630214798492, -23.251620914411088 ], [ -46.90861556388996, -23.251621092503072 ], [ -46.908600912981285, -23.251621270593695 ], [ -46.908586262072475, -23.251621448682947 ], [ -46.908571611163509, -23.251621626770834 ], [ -46.908556960254401, -23.251621804857358 ], [ -46.908542309345158, -23.251621982942517 ], [ -46.908527658435759, -23.251622161026308 ], [ -46.908513007526217, -23.251622339108735 ], [ -46.908498260253452, -23.251615748417134 ], [ -46.908483609344358, -23.251615926496772 ], [ -46.908468958435122, -23.251616104575046 ], [ -46.908466856081972, -23.251616130128525 ], [ -46.908467905171442, -23.251616732148655 ], [ -46.908471552706565, -23.251620014979004 ], [ -46.908479331142267, -23.251643050045637 ], [ -46.908497543793452, -23.251676529684286 ], [ -46.908515767441592, -23.251693245471635 ], [ -46.908533980878303, -23.251751850410631 ], [ -46.908561289906203, -23.251802106377596 ], [ -46.90857949935107, -23.251827241067652 ], [ -46.908579481670095, -23.25186117443981 ], [ -46.908582238902902, -23.251861986595557 ], [ -46.908589785276284, -23.251864209414645 ], [ -46.908594827174426, -23.251866462676816 ], [ -46.908599869072724, -23.251868715938819 ], [ -46.908607382499255, -23.251868624608061 ], [ -46.908612424397816, -23.251870877869639 ], [ -46.908614994768577, -23.251875475723754 ], [ -46.908620003719811, -23.251875414836132 ], [ -46.908625045618813, -23.251877668097269 ], [ -46.908630087517977, -23.251879921358235 ], [ -46.908635129417313, -23.251882174619009 ], [ -46.90864017131679, -23.251884427879624 ], [ -46.908645246164596, -23.251888995288958 ], [ -46.90865025511625, -23.251888934400334 ], [ -46.908655264067882, -23.25188887351155 ], [ -46.908660338916341, -23.251893440920334 ], [ -46.908660404813205, -23.251898069218068 ], [ -46.908665479662197, -23.251902636626657 ], [ -46.908665545559259, -23.251907264924377 ], [ -46.908670620408792, -23.251911832332755 ], [ -46.908670686306067, -23.251916460630451 ], [ -46.908670752203356, -23.251921088928139 ], [ -46.90867081810066, -23.251925717225831 ], [ -46.908670883997985, -23.251930345523519 ], [ -46.908670949895324, -23.251934973821196 ], [ -46.908671015792684, -23.25193960211887 ], [ -46.908666072736402, -23.251944291305982 ], [ -46.908663634156703, -23.251948950048323 ], [ -46.90866370005385, -23.251953578346026 ], [ -46.908661261473924, -23.251958237088338 ], [ -46.908661360319577, -23.251965179534878 ], [ -46.908661426216696, -23.251969807832563 ], [ -46.908656483159028, -23.251974497019443 ], [ -46.908656549056012, -23.251979125317142 ], [ -46.90865661495301, -23.251983753614834 ], [ -46.908654176372359, -23.251988412357086 ], [ -46.908654275217785, -23.251995354803626 ], [ -46.908654341114762, -23.251999983101314 ], [ -46.908654407011753, -23.252004611398991 ], [ -46.908654472908751, -23.25200923969668 ], [ -46.908654538805784, -23.252013867994354 ], [ -46.908654604702825, -23.252018496292042 ], [ -46.90865467059988, -23.252023124589716 ], [ -46.908654736496956, -23.25202775288739 ], [ -46.908654802394047, -23.252032381185053 ], [ -46.908654868291158, -23.25203700948272 ], [ -46.908657438666943, -23.252041607335752 ], [ -46.908657504564175, -23.252046235633408 ], [ -46.908660074940258, -23.252050833486368 ], [ -46.908662645316518, -23.252055431339269 ], [ -46.90866521569297, -23.252060029192123 ], [ -46.908667819018433, -23.252066941193718 ], [ -46.908672893874495, -23.252071508601542 ], [ -46.90867295977236, -23.252076136899134 ], [ -46.908678001679938, -23.252078390157951 ], [ -46.908680572057399, -23.252082988010478 ], [ -46.908683142435038, -23.252087585862942 ], [ -46.908685712812868, -23.252092183715352 ], [ -46.908685778711238, -23.252096812012901 ], [ -46.908688349089353, -23.252101409865247 ], [ -46.908688414987836, -23.252106038162776 ], [ -46.908693423947469, -23.25210597727224 ], [ -46.908693489846144, -23.252110605569758 ], [ -46.90869606022482, -23.252115203421937 ], [ -46.908701135083739, -23.252119770828624 ], [ -46.908701200982719, -23.252124399126117 ], [ -46.908703771361949, -23.252128996978115 ], [ -46.908703837261058, -23.25213362527559 ], [ -46.90870390316018, -23.252138253573069 ], [ -46.908703969059317, -23.252142881870533 ], [ -46.908704034958475, -23.252147510168015 ], [ -46.908704100857655, -23.252152138465473 ], [ -46.908704166756834, -23.252156766762937 ], [ -46.908704232656049, -23.252161395060398 ], [ -46.908704298555271, -23.252166023357855 ], [ -46.908704364454515, -23.252170651655309 ], [ -46.908704430353765, -23.252175279952763 ], [ -46.908704496253037, -23.252179908250206 ], [ -46.90870456215233, -23.252184536547649 ], [ -46.908707132532989, -23.252189134399483 ], [ -46.908709702913832, -23.252193732251261 ], [ -46.908709768813345, -23.252198360548686 ], [ -46.908712339194473, -23.252202958400392 ], [ -46.908714909575792, -23.252207556252053 ], [ -46.908714975475526, -23.252212184549453 ], [ -46.908715041375281, -23.252216812846846 ], [ -46.908717644706925, -23.252223724847116 ], [ -46.908720215088863, -23.252228322698635 ], [ -46.908722818421033, -23.252235234698784 ], [ -46.908722884321136, -23.252239862996149 ], [ -46.908722950221247, -23.252244491293503 ], [ -46.908725520603824, -23.252249089144875 ], [ -46.908725586504062, -23.252253717442237 ], [ -46.908725652404314, -23.252258345739573 ], [ -46.908725718304588, -23.25226297403692 ], [ -46.908725784204869, -23.252267602334257 ], [ -46.908725850105171, -23.252272230631597 ], [ -46.908725916005494, -23.252276858928926 ], [ -46.908728519339093, -23.252283770928855 ], [ -46.908728585239544, -23.252288399226174 ], [ -46.908728651140009, -23.252293027523493 ], [ -46.908728717040489, -23.252297655820801 ], [ -46.908731287424416, -23.252302253671974 ], [ -46.908733857808528, -23.252306851523098 ], [ -46.908736428192817, -23.252311449374162 ], [ -46.908738998577306, -23.252316047225172 ], [ -46.908741568961972, -23.252320645076122 ], [ -46.908741634862984, -23.252325273373387 ], [ -46.908741700764018, -23.252329901670642 ], [ -46.908744271149075, -23.252334499521517 ], [ -46.908746841534317, -23.252339097372339 ], [ -46.908751949354638, -23.252345978925206 ], [ -46.908754552691164, -23.252352890924456 ], [ -46.908757123077145, -23.252357488775061 ], [ -46.908757188978811, -23.252362117072256 ], [ -46.90875975936509, -23.252366714922783 ], [ -46.908759825266884, -23.25237134321997 ], [ -46.908759891168685, -23.252375971517143 ], [ -46.908764966040188, -23.252380538920836 ], [ -46.908765031942202, -23.252385167217994 ], [ -46.908765097844231, -23.25238979551516 ], [ -46.90876766823137, -23.252394393365488 ], [ -46.90876780003569, -23.252403649959781 ], [ -46.908767865937875, -23.252408278256922 ], [ -46.908767931840082, -23.252412906554063 ], [ -46.908767997742302, -23.252417534851194 ], [ -46.908768063644537, -23.252422163148335 ], [ -46.908768162497921, -23.252429105594025 ], [ -46.908768228400199, -23.252433733891152 ], [ -46.908770798788403, -23.252438331741345 ], [ -46.908770864690801, -23.252442960038461 ], [ -46.908770930593214, -23.252447588335571 ], [ -46.908770996495647, -23.25245221663268 ], [ -46.908771062398095, -23.252456844929785 ], [ -46.908773632786897, -23.252461442779879 ], [ -46.908773698689465, -23.25246607107697 ], [ -46.908773764592055, -23.252470699374058 ], [ -46.908773830494653, -23.252475327671149 ], [ -46.908773896397278, -23.252479955968226 ], [ -46.908771457813152, -23.252484614712355 ], [ -46.908769019228856, -23.252489273456444 ], [ -46.908769085131354, -23.252493901753528 ], [ -46.908766646546837, -23.252498560497592 ], [ -46.908766745400513, -23.252505502943229 ], [ -46.908766811302989, -23.252510131240314 ], [ -46.908766877205473, -23.252514759537391 ], [ -46.908766943107985, -23.252519387834475 ], [ -46.908767009010504, -23.252524016131549 ], [ -46.908767107864321, -23.252530958577157 ], [ -46.90876717376689, -23.252535586874227 ], [ -46.908767239669473, -23.252540215171294 ], [ -46.908767305572063, -23.25254484346836 ], [ -46.908767371474681, -23.252549471765423 ], [ -46.908767437377314, -23.252554100062479 ], [ -46.908767503279961, -23.252558728359531 ], [ -46.908767569182629, -23.25256335665658 ], [ -46.90877013957364, -23.252567954506546 ], [ -46.908770205476429, -23.252572582803595 ], [ -46.908770271379232, -23.252577211100625 ], [ -46.908772841770634, -23.252581808950524 ], [ -46.908777916650884, -23.252586376353122 ], [ -46.908780487042748, -23.252590974202867 ], [ -46.908783090386443, -23.252597886201031 ], [ -46.908788231171187, -23.252607081900209 ], [ -46.908793339004809, -23.252613963450681 ], [ -46.908793404908543, -23.252618591747634 ], [ -46.908801017232257, -23.252625442850238 ], [ -46.908801083136289, -23.252630071147152 ], [ -46.90880114904035, -23.25263469944408 ], [ -46.908803752386106, -23.252641611441742 ], [ -46.908803851242382, -23.252648553887095 ], [ -46.908803917146585, -23.252653182183998 ], [ -46.908803983050809, -23.252657810480898 ], [ -46.908804048955055, -23.25266243877779 ], [ -46.908804114859308, -23.252667067074686 ], [ -46.908804180763582, -23.252671695371571 ], [ -46.908804279620021, -23.252678637816906 ], [ -46.908804345524338, -23.252683266113777 ], [ -46.908804411428669, -23.252687894410659 ], [ -46.908806981823624, -23.252692492259708 ], [ -46.908807047728075, -23.252697120556586 ], [ -46.908807113632548, -23.252701748853443 ], [ -46.908807179537028, -23.252706377150304 ], [ -46.90880724544153, -23.252711005447161 ], [ -46.908807311346052, -23.252715633744014 ], [ -46.908807377250589, -23.252720262040867 ], [ -46.908804938663941, -23.252724920785582 ], [ -46.908802565981546, -23.252734207827132 ], [ -46.908800127394507, -23.252738866571789 ], [ -46.908797688807304, -23.252743525316429 ], [ -46.908792745728285, -23.252748214508738 ], [ -46.908790307140677, -23.252752873253282 ], [ -46.90878536406106, -23.252757562445382 ], [ -46.908780420981103, -23.252762251637364 ], [ -46.908775477900797, -23.252766940829201 ], [ -46.90877303931228, -23.252771599573528 ], [ -46.908765558787515, -23.252774005064008 ], [ -46.908763120198529, -23.252778663808201 ], [ -46.908758144165489, -23.252781038851094 ], [ -46.908753135180831, -23.252781099745363 ], [ -46.908750696591284, -23.252785758489406 ], [ -46.908743249016545, -23.25279047812738 ], [ -46.90873830593388, -23.252795167318194 ], [ -46.908733329899754, -23.252797542360366 ], [ -46.908728353865449, -23.252799917402381 ], [ -46.908720873338169, -23.252802322890879 ], [ -46.908715930254267, -23.252807012081057 ], [ -46.908710987170018, -23.252811701271099 ], [ -46.908706044085427, -23.25281639046101 ], [ -46.908701068049886, -23.252818765502234 ], [ -46.908693587521, -23.252821170989531 ], [ -46.908686106991816, -23.252823576476484 ], [ -46.908681163905889, -23.252828265665688 ], [ -46.908676187869418, -23.252830640706183 ], [ -46.908671211832775, -23.252833015746532 ], [ -46.908666235795934, -23.252835390786732 ], [ -46.908661259758915, -23.252837765826794 ], [ -46.90865882116519, -23.252842424569653 ], [ -46.908653845127766, -23.252844799609495 ], [ -46.908648869090158, -23.25284717464919 ], [ -46.908641388558593, -23.252849580134164 ], [ -46.908638949963965, -23.252854238876761 ], [ -46.908633973925717, -23.252856613916023 ], [ -46.908628964937876, -23.252856674806512 ], [ -46.908624054798004, -23.252863678142745 ], [ -46.908616574265004, -23.252866083626611 ], [ -46.908611598225889, -23.252868458665212 ], [ -46.908606589237536, -23.252868519555022 ], [ -46.908601580249169, -23.25286858044467 ], [ -46.908598347944832, -23.252868619736724 ], [ -46.90858841294866, -23.252884806855839 ], [ -46.908542682317083, -23.252927960475432 ], [ -46.908496859417681, -23.25297134802841 ], [ -46.908487966004216, -23.252981834922501 ], [ -46.908487987918676, -23.252983374153583 ], [ -46.908488053813045, -23.25298800245114 ], [ -46.908485615210743, -23.25299266119179 ], [ -46.9084831766083, -23.252997319932433 ], [ -46.908480738005686, -23.253001978673034 ], [ -46.908480803899856, -23.253006606970605 ], [ -46.908480869794047, -23.253011235268165 ], [ -46.908475926694017, -23.253015924451731 ], [ -46.908475992588066, -23.253020552749302 ], [ -46.908471049487531, -23.253025241932733 ], [ -46.908466073439783, -23.253027616967248 ], [ -46.908461097391843, -23.253029992001604 ], [ -46.908456088397017, -23.253030052887013 ], [ -46.908451145295416, -23.253034742069882 ], [ -46.908446202193467, -23.253039431252631 ], [ -46.908443763588878, -23.253044089992763 ], [ -46.908441324984118, -23.25304874873288 ], [ -46.908436381881323, -23.253053437915362 ], [ -46.908436447774129, -23.253058066213008 ], [ -46.90843150467083, -23.253062755395369 ], [ -46.908431570563501, -23.253067383693026 ], [ -46.908426627459697, -23.253072072875259 ], [ -46.908421684355559, -23.253076762057351 ], [ -46.908419245749506, -23.253081420797201 ], [ -46.908414269698696, -23.253083795830246 ], [ -46.908406822095117, -23.253088515453967 ], [ -46.908401846043802, -23.253090890486657 ], [ -46.908396902938087, -23.253095579668059 ], [ -46.908391992777737, -23.253102582998206 ], [ -46.908387016725626, -23.253104958030466 ], [ -46.908382040673324, -23.25310733306258 ], [ -46.908377064620836, -23.253109708094545 ], [ -46.908372121513558, -23.253114397275269 ], [ -46.908364640961452, -23.253116802748277 ], [ -46.908359697853456, -23.253121491928642 ], [ -46.908352217300695, -23.253123897401103 ], [ -46.908347241247014, -23.253126272432194 ], [ -46.908339760693728, -23.25312867790409 ], [ -46.908334784639628, -23.253131052934812 ], [ -46.908329775640659, -23.253131113816437 ], [ -46.908324799586275, -23.253133488846856 ], [ -46.908322360975845, -23.253138147585457 ], [ -46.908317351976578, -23.253138208466705 ], [ -46.908312375921682, -23.253140583496759 ], [ -46.908307366922294, -23.253140644377698 ], [ -46.908302390867114, -23.25314301940745 ], [ -46.908297414811742, -23.253145394437066 ], [ -46.908292438756185, -23.253147769466537 ], [ -46.90828746270045, -23.253150144495855 ], [ -46.908282486644524, -23.253152519525024 ], [ -46.908277477644596, -23.253152580405036 ], [ -46.908272501588392, -23.25315495543391 ], [ -46.90826752553199, -23.253157330462638 ], [ -46.908262516531842, -23.253157391342182 ], [ -46.908257507531673, -23.253157452221565 ], [ -46.908252498531496, -23.253157513100795 ], [ -46.908247555417908, -23.253162202277959 ], [ -46.90824261230398, -23.253166891454999 ], [ -46.90823766918971, -23.253171580631903 ], [ -46.908232726075092, -23.253176269808659 ], [ -46.908225212573647, -23.253176361126325 ], [ -46.908222773958975, -23.253181019863636 ], [ -46.908217764957811, -23.253181080741811 ], [ -46.908212788899377, -23.253183455768923 ], [ -46.90820781284075, -23.253185830795886 ], [ -46.908202803839359, -23.253185891673596 ], [ -46.908200365223742, -23.253190550410608 ], [ -46.908195356222159, -23.253190611288098 ], [ -46.908192917606193, -23.253195270025014 ], [ -46.908187908604404, -23.253195330902269 ], [ -46.908182932544854, -23.253197705928496 ], [ -46.908177989427294, -23.25320239510372 ], [ -46.908173013367289, -23.253204770129663 ], [ -46.908168037307099, -23.253207145155454 ], [ -46.908163094188666, -23.253211834330262 ], [ -46.908158085186173, -23.253211895206608 ], [ -46.908153076183666, -23.253211956082801 ], [ -46.908148067181138, -23.25321201695883 ], [ -46.908143058178602, -23.253212077834696 ], [ -46.908138082117546, -23.253214452859595 ], [ -46.90813307311489, -23.253214513735156 ], [ -46.908128064112205, -23.253214574610549 ], [ -46.908123120992016, -23.253219263784199 ], [ -46.908118144930306, -23.253221638808494 ], [ -46.908113168868404, -23.253224013832664 ], [ -46.908108159865307, -23.25322407470745 ], [ -46.90810315086221, -23.253224135582073 ], [ -46.908098141859078, -23.253224196456543 ], [ -46.908093132855932, -23.253224257330849 ], [ -46.908088123852778, -23.253224318205003 ], [ -46.908083114849603, -23.253224379078993 ], [ -46.908078105846407, -23.253224439952817 ], [ -46.908070592341588, -23.253224531263264 ], [ -46.908065583338356, -23.253224592136696 ], [ -46.90806057433511, -23.253224653009969 ], [ -46.908055565331836, -23.253224713883082 ], [ -46.908050556328547, -23.253224774756028 ], [ -46.908045547325251, -23.253224835628824 ], [ -46.908040538321927, -23.25322489650145 ], [ -46.908032991877214, -23.253222673660773 ], [ -46.908027982873939, -23.253222734533004 ], [ -46.908022940931112, -23.253220481255735 ], [ -46.908017898988454, -23.253218227978294 ], [ -46.908012889985294, -23.253218288850022 ], [ -46.908007880982126, -23.2532183497216 ], [ -46.908002871978937, -23.253218410593018 ], [ -46.907997862975733, -23.253218471464272 ], [ -46.907992853972516, -23.253218532335371 ], [ -46.90798784496927, -23.253218593206306 ], [ -46.907982835966017, -23.253218654077081 ], [ -46.90797782696275, -23.2532187149477 ], [ -46.907972817959461, -23.253218775818162 ], [ -46.907967808956158, -23.253218836688454 ], [ -46.907962799952834, -23.2532188975586 ], [ -46.907957790949496, -23.253218958428576 ], [ -46.907952781946129, -23.253219019298399 ], [ -46.907947772942762, -23.253219080168051 ], [ -46.907942763939367, -23.253219141037558 ], [ -46.907937754935965, -23.253219201906898 ], [ -46.907932745932534, -23.253219262776078 ], [ -46.907927736929096, -23.253219323645098 ], [ -46.907922727925637, -23.253219384513962 ], [ -46.907917718922164, -23.253219445382662 ], [ -46.907912709918669, -23.253219506251206 ], [ -46.907905196413402, -23.25321959755372 ], [ -46.907900187409865, -23.253219658421862 ], [ -46.907895178406321, -23.253219719289849 ], [ -46.907890169402748, -23.253219780157671 ], [ -46.907885160399161, -23.253219841025341 ], [ -46.90788015139556, -23.253219901892852 ], [ -46.907872637890122, -23.253219993193806 ], [ -46.907867628886478, -23.253220054060911 ], [ -46.90786261988282, -23.253220114927856 ], [ -46.907857577942465, -23.253217861645084 ], [ -46.907850064437049, -23.253217952944958 ], [ -46.907845055433413, -23.253218013811338 ], [ -46.907840046429762, -23.253218074677562 ], [ -46.907835037426096, -23.253218135543619 ], [ -46.90783002842241, -23.253218196409527 ], [ -46.907825019418709, -23.253218257275268 ], [ -46.907817505913123, -23.253218348573583 ], [ -46.907812496909379, -23.253218409438933 ], [ -46.907807487905622, -23.253218470304112 ], [ -46.907802478901836, -23.253218531169139 ], [ -46.907797469898043, -23.253218592034003 ], [ -46.907792460894228, -23.25321865289871 ], [ -46.9077874518904, -23.253218713763257 ], [ -46.907782442886557, -23.253218774627644 ], [ -46.907777433882693, -23.253218835491875 ], [ -46.90777239194361, -23.25321658220626 ], [ -46.907769821571414, -23.253211984338861 ], [ -46.907764779632707, -23.25320973105298 ], [ -46.907759737694157, -23.253207477766932 ], [ -46.907752191254062, -23.253205254912363 ], [ -46.907749620882775, -23.253200657044577 ], [ -46.907744611879487, -23.25320071790771 ], [ -46.907739602876184, -23.253200778770687 ], [ -46.907732089371208, -23.253200870064852 ], [ -46.90772708036787, -23.253200930927427 ], [ -46.90772207136451, -23.253200991789846 ], [ -46.907717062361137, -23.253201052652106 ], [ -46.907712053357741, -23.253201113514205 ], [ -46.907707044354332, -23.253201174376144 ], [ -46.907699530849186, -23.253201265668753 ], [ -46.907694521845734, -23.253201326530295 ], [ -46.907689512842268, -23.25320138739167 ], [ -46.907684536772443, -23.253203762402691 ], [ -46.907682098137897, -23.253208421132854 ], [ -46.907677089134125, -23.253208481993859 ], [ -46.90767208013034, -23.253208542854701 ], [ -46.907667104059904, -23.253210917865204 ], [ -46.907662095055997, -23.253210978725733 ], [ -46.907657086052076, -23.253211039586102 ], [ -46.907652077048134, -23.253211100446311 ], [ -46.907647068044177, -23.253211161306361 ], [ -46.907642059040199, -23.253211222166254 ], [ -46.907637050036207, -23.253211283025983 ], [ -46.907632041032201, -23.253211343885557 ], [ -46.907627032028174, -23.253211404744974 ], [ -46.907622055956729, -23.253213779754105 ], [ -46.907614608315455, -23.253218499342481 ], [ -46.907609599311108, -23.253218560201358 ], [ -46.907604590306754, -23.253218621060068 ], [ -46.907599581302371, -23.253218681918625 ], [ -46.907592100727868, -23.253221087356074 ], [ -46.907587091723357, -23.253221148214241 ], [ -46.907582115650762, -23.253223523222175 ], [ -46.9075770737143, -23.253221269930084 ], [ -46.907572031777988, -23.253219016637829 ], [ -46.907566956910195, -23.253214449195426 ], [ -46.907564386544827, -23.253209851324197 ], [ -46.907561816179651, -23.253205253452908 ], [ -46.907556774244192, -23.253203000160095 ], [ -46.907551732308889, -23.253200746867108 ], [ -46.907546690373742, -23.25319849357394 ], [ -46.907541615507583, -23.253193926130603 ], [ -46.907536540641765, -23.253189358687081 ], [ -46.907531465776287, -23.253184791243367 ], [ -46.907531399914319, -23.253180162943345 ], [ -46.907531334052365, -23.253175534643304 ], [ -46.907528763689022, -23.253170936771347 ], [ -46.907528697827196, -23.253166308471307 ], [ -46.907526127464145, -23.253161710599269 ], [ -46.907526061602425, -23.253157082299218 ], [ -46.907525995740727, -23.253152453999149 ], [ -46.907525929879043, -23.253147825699095 ], [ -46.907525864017387, -23.253143197399023 ], [ -46.907525798155739, -23.253138569098954 ], [ -46.907525732294111, -23.25313394079889 ], [ -46.907525666432498, -23.25312931249881 ], [ -46.907525637654743, -23.253127290196261 ], [ -46.90750179708246, -23.253112224861543 ], [ -46.90745673538941, -23.253077779474811 ], [ -46.907430096178373, -23.25302642631079 ], [ -46.907385133132188, -23.252992053482522 ], [ -46.907367298885688, -23.25296636428639 ], [ -46.907349524781367, -23.252940642839494 ], [ -46.907295265242261, -23.252915050224079 ], [ -46.907268298744341, -23.25288952914774 ], [ -46.907250014635842, -23.252889612730993 ], [ -46.907186346352859, -23.252872796083867 ], [ -46.907150256252052, -23.252855716378832 ], [ -46.907086818159023, -23.252830342498971 ], [ -46.907059753378668, -23.252813389719098 ], [ -46.906986967990711, -23.252796652497882 ], [ -46.906951118342683, -23.252779430019565 ], [ -46.90690629922991, -23.252753728967107 ], [ -46.906870253645202, -23.252736781922426 ], [ -46.90681567105019, -23.252720120405318 ], [ -46.906761740432053, -23.252694532894026 ], [ -46.906735551357237, -23.252668715055133 ], [ -46.906655470360683, -23.252609146161898 ], [ -46.906628102555572, -23.252600898764804 ], [ -46.906555552099299, -23.252559124350878 ], [ -46.906501077085188, -23.252534083250865 ], [ -46.90645585237089, -23.252517357148371 ], [ -46.906409841618483, -23.252517710976996 ], [ -46.906382266980607, -23.252517899271719 ], [ -46.906336933551422, -23.252517854725994 ], [ -46.906273492756583, -23.252517786667919 ], [ -46.906246305957993, -23.252517757499191 ], [ -46.906191935857322, -23.252517699142455 ], [ -46.906155691821127, -23.25251766020294 ], [ -46.906091756456981, -23.2525261961684 ], [ -46.906017971910593, -23.252551785340437 ], [ -46.905926876653879, -23.25256858926376 ], [ -46.905872558100363, -23.252568474048061 ], [ -46.905818079016463, -23.252593549735444 ], [ -46.905772704553669, -23.25261853970547 ], [ -46.905754552491317, -23.252635224335684 ], [ -46.905718398552708, -23.252660174775936 ], [ -46.905673480775377, -23.252676625774416 ], [ -46.90562873374332, -23.252684654077612 ], [ -46.905538867395627, -23.252709238483163 ], [ -46.90546717133023, -23.252708815250209 ], [ -46.905422743953849, -23.252708394115061 ], [ -46.905369774344933, -23.252707711394542 ], [ -46.905316593660778, -23.252707194022243 ], [ -46.905272130300183, -23.252706827273165 ], [ -46.905245390416738, -23.25270663736676 ], [ -46.905218529511806, -23.252681524640614 ], [ -46.90518277392453, -23.252656351351852 ], [ -46.905163072137981, -23.252628159520636 ], [ -46.90501722, -23.25278417 ], [ -46.90474278, -23.25326028 ], [ -46.90471972, -23.25333222 ], [ -46.90465278, -23.25337389 ], [ -46.90451722, -23.25342833 ], [ -46.90446278, -23.2535675 ] ] ], [ [ [ -46.90684694, -23.24982278 ], [ -46.906659254471876, -23.250040480838912 ], [ -46.906673526247381, -23.250043594159621 ], [ -46.906659254471876, -23.250040480838912 ], [ -46.90684694, -23.24982278 ] ] ], [ [ [ -46.907853793355443, -23.248546639666298 ], [ -46.907855672836057, -23.248550001805459 ], [ -46.907859335480957, -23.248549957305848 ], [ -46.907861214961763, -23.248553319444916 ], [ -46.907864925765203, -23.248556659334081 ], [ -46.90786858841026, -23.248556614834239 ], [ -46.907872251055309, -23.248556570334308 ], [ -46.907875913700366, -23.248556525834299 ], [ -46.907879576345394, -23.248556481334198 ], [ -46.907883238990422, -23.248556436834022 ], [ -46.907886901635443, -23.248556392333747 ], [ -46.90789056428045, -23.248556347833397 ], [ -46.90789422692545, -23.248556303332958 ], [ -46.907897913650089, -23.248557951026854 ], [ -46.907901600374814, -23.248559598720654 ], [ -46.907905287099616, -23.248561246414358 ], [ -46.907908973824519, -23.248562894107977 ], [ -46.907912636469653, -23.248562849607104 ], [ -46.907916323194669, -23.248564497300542 ], [ -46.907920009919778, -23.248566144993873 ], [ -46.907923672564976, -23.248566100492727 ], [ -46.907927359290206, -23.248567748185895 ], [ -46.907932877338155, -23.248569373628268 ], [ -46.907936539983417, -23.248569329126816 ], [ -46.907940202628673, -23.248569284625283 ], [ -46.907943889354158, -23.248570932318042 ], [ -46.907949407402398, -23.248572557759811 ], [ -46.907953070047718, -23.248572513257972 ], [ -46.90795675677343, -23.248574160950401 ], [ -46.907960443499228, -23.248575808642741 ], [ -46.907964106144611, -23.248575764140636 ], [ -46.907967792870537, -23.248577411832798 ], [ -46.907971479596547, -23.248579059524864 ], [ -46.907975142241995, -23.2485790150225 ], [ -46.907978804887435, -23.248578970520047 ], [ -46.907982467532861, -23.248578926017515 ], [ -46.90798613017828, -23.248578881514888 ], [ -46.907989792823692, -23.248578837012182 ], [ -46.907993455469089, -23.248578792509392 ], [ -46.907997118114487, -23.248578748006512 ], [ -46.908000780759863, -23.248578703503547 ], [ -46.90800444340524, -23.248578659000501 ], [ -46.908008106050609, -23.248578614497365 ], [ -46.908011768695964, -23.248578569994145 ], [ -46.908015431341305, -23.248578525490842 ], [ -46.908019118067848, -23.248580173181736 ], [ -46.908022780713225, -23.24858012867826 ], [ -46.908026443358594, -23.248580084174694 ], [ -46.908030106003949, -23.248580039671044 ], [ -46.908033768649297, -23.248579995167312 ], [ -46.908037455376068, -23.248581642857769 ], [ -46.908041118021444, -23.248581598353855 ], [ -46.908046611989491, -23.248581531597832 ], [ -46.908050274634846, -23.248581487093713 ], [ -46.908053937280194, -23.248581442589501 ], [ -46.908057599925527, -23.248581398085211 ], [ -46.90806128665259, -23.248583045775085 ], [ -46.908064949297952, -23.248583001270617 ], [ -46.908068611943307, -23.248582956766064 ], [ -46.908072250506777, -23.24858122006718 ], [ -46.908075913152068, -23.248581175562467 ], [ -46.908079575797345, -23.248581131057662 ], [ -46.90808145528397, -23.248584493193697 ], [ -46.908085117929332, -23.248584448688753 ], [ -46.90808878057468, -23.248584404183728 ], [ -46.908094274542691, -23.248584337426028 ], [ -46.908099768510674, -23.24858427066814 ], [ -46.908103431155993, -23.24858422616277 ], [ -46.908107093801299, -23.248584181657325 ], [ -46.908112587769239, -23.248584114898986 ], [ -46.908118081737157, -23.248584048140451 ], [ -46.908121720299931, -23.248582311440462 ], [ -46.908125382945137, -23.248582266934591 ], [ -46.908129069672938, -23.248583914622817 ], [ -46.90813273231818, -23.248583870116768 ], [ -46.908136394963414, -23.248583825610634 ], [ -46.908140057608634, -23.248583781104411 ], [ -46.908143744336634, -23.248585428792275 ], [ -46.908147406981882, -23.248585384285878 ], [ -46.908154732272358, -23.248585295272832 ], [ -46.908158394917585, -23.24858525076618 ], [ -46.90816208164582, -23.248586898453603 ], [ -46.908169431019424, -23.248588501634018 ], [ -46.908173093664708, -23.248588457127017 ], [ -46.90817675630997, -23.248588412619934 ], [ -46.90818041895524, -23.248588368112763 ], [ -46.908185937006436, -23.248589993545977 ], [ -46.908187816495769, -23.248593355680537 ], [ -46.908191479141138, -23.248593311173103 ], [ -46.908195165869948, -23.248594958859705 ], [ -46.908198852598836, -23.248596606546212 ], [ -46.908202563411358, -23.248599946426726 ], [ -46.908206226056883, -23.248599901918936 ], [ -46.908208105546862, -23.248603264053216 ], [ -46.908213623598947, -23.248604889485389 ], [ -46.908217310328318, -23.248606537171419 ], [ -46.908220997057768, -23.248608184857368 ], [ -46.908222876548244, -23.248611546991434 ], [ -46.90822653919404, -23.248611502483143 ], [ -46.908230225923731, -23.24861315016885 ], [ -46.908233888569555, -23.248613105660393 ], [ -46.908237575299367, -23.248614753345915 ], [ -46.908241262029264, -23.248616401031349 ], [ -46.908244948759247, -23.248618048716693 ], [ -46.908248635489322, -23.248619696401938 ], [ -46.908250110181328, -23.248620355475989 ], [ -46.908250466812305, -23.248619674147392 ], [ -46.908253936784611, -23.248606092086007 ], [ -46.908253744111114, -23.248592554533538 ], [ -46.908257310419444, -23.248585741248341 ], [ -46.908264539372254, -23.248578883453963 ], [ -46.908268057511037, -23.248568685780462 ], [ -46.90828617805716, -23.248554925681024 ], [ -46.908308057582445, -23.248547889845728 ], [ -46.908311575717214, -23.248537692171485 ], [ -46.908318901004378, -23.248537603150954 ], [ -46.908318804664653, -23.248530834374925 ], [ -46.908326081781375, -23.248527360966083 ], [ -46.908340684184033, -23.24852379853543 ], [ -46.908351623942778, -23.248520280614592 ], [ -46.908351527601482, -23.248513511838677 ], [ -46.908358804716336, -23.248510038428417 ], [ -46.908366130001795, -23.248509949405793 ], [ -46.908373310773698, -23.248499707219057 ], [ -46.908380539715857, -23.248492849419961 ], [ -46.908384106015255, -23.248486036132405 ], [ -46.908395045769623, -23.24848251820881 ], [ -46.908402419225283, -23.248485813572454 ], [ -46.908409792681276, -23.248489108935736 ], [ -46.9084173106544, -23.248502557462164 ], [ -46.908421117813951, -23.248512666113015 ], [ -46.908424924974128, -23.248522774763714 ], [ -46.908428828480226, -23.248539652189883 ], [ -46.908432635641887, -23.248549760840287 ], [ -46.908432731987453, -23.248556529615854 ], [ -46.908432828333048, -23.24856329839141 ], [ -46.90842926203446, -23.248570111679989 ], [ -46.908425695735531, -23.248576924968507 ], [ -46.908418418619149, -23.24858039838195 ], [ -46.908418514964133, -23.248587167157545 ], [ -46.90841499683669, -23.248597364833671 ], [ -46.908415093181581, -23.248604133609273 ], [ -46.908429840107921, -23.248610724333265 ], [ -46.908444683382108, -23.248624083831235 ], [ -46.908459430311964, -23.24863067455221 ], [ -46.908463237478998, -23.24864078320142 ], [ -46.908467044646663, -23.248650891850513 ], [ -46.908474418113414, -23.248654187209979 ], [ -46.908481791580499, -23.248657482569087 ], [ -46.908489165047939, -23.248660777927807 ], [ -46.908503815634162, -23.248660599868956 ], [ -46.908511189102235, -23.248663895226606 ], [ -46.908522225217332, -23.248667146068598 ], [ -46.908525791513227, -23.248660332778126 ], [ -46.908544104745538, -23.248660110200095 ], [ -46.908555044508702, -23.248656592264755 ], [ -46.908562369801324, -23.248656503232446 ], [ -46.90856969509391, -23.24865641419979 ], [ -46.908576875856511, -23.248646172004428 ], [ -46.908591526440389, -23.248645993937501 ], [ -46.908598851732279, -23.248645904903533 ], [ -46.908606128846756, -23.248642431481823 ], [ -46.908620731252249, -23.24863886902482 ], [ -46.908638996302422, -23.248635262048584 ], [ -46.908657261351458, -23.248631655070263 ], [ -46.908664586642288, -23.248631566033275 ], [ -46.908675526399364, -23.248628048089891 ], [ -46.90867904450716, -23.248617850409218 ], [ -46.9086863216178, -23.248614376984008 ], [ -46.90869359872805, -23.24861090355849 ], [ -46.908711863771863, -23.248607296574125 ], [ -46.908722851705733, -23.248607163014828 ], [ -46.908733791459021, -23.248603645067607 ], [ -46.908741068567309, -23.248600171639993 ], [ -46.908751960138531, -23.248593269304433 ], [ -46.908759237245739, -23.248589795876054 ], [ -46.90876651435255, -23.248586322447348 ], [ -46.908770080633765, -23.248579509152226 ], [ -46.908777357739723, -23.248576035723076 ], [ -46.908788345670608, -23.248575902159367 ], [ -46.908799285419335, -23.248572384207851 ], [ -46.908810273349793, -23.248572250642628 ], [ -46.908821164914919, -23.24856534830262 ], [ -46.908832152844646, -23.248565214735905 ], [ -46.908843140774302, -23.248565081168426 ], [ -46.908850514244044, -23.248568376509962 ], [ -46.908861598541129, -23.248575011715026 ], [ -46.908868972011824, -23.248578307055631 ], [ -46.908876345482867, -23.248581602395856 ], [ -46.908883718954243, -23.248584897735714 ], [ -46.908898417713417, -23.248588104027466 ], [ -46.908913164658188, -23.2485946947046 ], [ -46.908913261028204, -23.248601463478238 ], [ -46.908917068227623, -23.248611572114267 ], [ -46.908917309153431, -23.248628494048248 ], [ -46.908924730813723, -23.248635173772701 ], [ -46.908932152474748, -23.248641853496736 ], [ -46.908939525950728, -23.248645148833649 ], [ -46.908943284967684, -23.24865187308205 ], [ -46.908950658444468, -23.248655168418363 ], [ -46.908961839126256, -23.248668572388873 ], [ -46.908969212604376, -23.248671867724219 ], [ -46.908973019810325, -23.248681976358405 ], [ -46.908976875203741, -23.248695469379097 ], [ -46.9089806342241, -23.248702193626354 ], [ -46.908984393244857, -23.248708917873483 ], [ -46.908984489619002, -23.248715686646726 ], [ -46.908984585993181, -23.248722455419973 ], [ -46.908977308885682, -23.248725928858843 ], [ -46.908973742612048, -23.248732742158111 ], [ -46.90897017633808, -23.248739555457327 ], [ -46.908959332954488, -23.248749842194609 ], [ -46.908955766679362, -23.248756655493558 ], [ -46.908948537755514, -23.248763513317918 ], [ -46.908945067851953, -23.248777095390018 ], [ -46.908930610000297, -23.248790811037651 ], [ -46.908930754558021, -23.248800964197734 ], [ -46.908923622002114, -23.248814590794552 ], [ -46.908916393073604, -23.248821448617704 ], [ -46.908905549679453, -23.248831735351889 ], [ -46.908894609913446, -23.24883525331192 ], [ -46.908891043632984, -23.24884206660969 ], [ -46.908880103865691, -23.248845584568798 ], [ -46.908869164097773, -23.248849102527174 ], [ -46.908861886980247, -23.248852575961294 ], [ -46.908854658046458, -23.248859433781913 ], [ -46.908847477295907, -23.248869675989077 ], [ -46.908840248360477, -23.248876533809128 ], [ -46.908832971240663, -23.248880007242036 ], [ -46.908829404955938, -23.248886820538658 ], [ -46.908818416999843, -23.248886954106919 ], [ -46.908811139878843, -23.2488904275389 ], [ -46.908803910940385, -23.248897285357451 ], [ -46.908796633818412, -23.248900758788803 ], [ -46.908782031390871, -23.248904321263634 ], [ -46.908771043433028, -23.248904454828676 ], [ -46.908756537367786, -23.248914786075179 ], [ -46.908741983118823, -23.248921732933454 ], [ -46.908738416828371, -23.248928546228356 ], [ -46.908731091521645, -23.248928635269856 ], [ -46.908727525230468, -23.248935448564545 ], [ -46.908727669773825, -23.248945601725644 ], [ -46.90872776613611, -23.248952370499708 ], [ -46.908735235988196, -23.248962434619305 ], [ -46.908742657659865, -23.248969114351475 ], [ -46.90875012751404, -23.248979178470208 ], [ -46.908757597369373, -23.248989242588511 ], [ -46.908765019043663, -23.248995922319427 ], [ -46.908772392536299, -23.24899921766302 ], [ -46.908779717846706, -23.248999128619339 ], [ -46.908790705812237, -23.248998995053174 ], [ -46.908798031122551, -23.248998906008637 ], [ -46.908805500982524, -23.249008970124322 ], [ -46.908816537132225, -23.249012220943129 ], [ -46.908823910626865, -23.249015516284157 ], [ -46.908831284121852, -23.249018811624811 ], [ -46.908842320272875, -23.249022062441711 ], [ -46.908853356424373, -23.249025313257796 ], [ -46.908864392576348, -23.249028564073061 ], [ -46.908875428728813, -23.249031814887527 ], [ -46.908886464881753, -23.249035065701165 ], [ -46.90889379019363, -23.249034976652037 ], [ -46.908904874533008, -23.249041611850981 ], [ -46.908904970904679, -23.249048380624259 ], [ -46.908912296217203, -23.249048291574216 ], [ -46.908919621529677, -23.249048202523831 ], [ -46.908926946842129, -23.249048113473108 ], [ -46.908934272154539, -23.249048024422049 ], [ -46.908941597466914, -23.249047935370641 ], [ -46.908952585435415, -23.249047801792891 ], [ -46.908963573403824, -23.249047668214377 ], [ -46.908978224028253, -23.249047490108492 ], [ -46.908985549340407, -23.249047401055034 ], [ -46.908992874652526, -23.249047312001242 ], [ -46.909011187932677, -23.249047089365266 ], [ -46.909022175900652, -23.249046955782653 ], [ -46.90903316386855, -23.249046822199272 ], [ -46.909040537369705, -23.249050117529631 ], [ -46.909051525337745, -23.24904998394495 ], [ -46.909051621716856, -23.249056752717632 ], [ -46.909058947029209, -23.249056663660724 ], [ -46.909066272341519, -23.249056574603472 ], [ -46.909073597653801, -23.249056485545879 ], [ -46.909080826585445, -23.24904962771538 ], [ -46.909091814553186, -23.249049494127881 ], [ -46.909099139864971, -23.249049405069126 ], [ -46.90910646517672, -23.249049316010023 ], [ -46.909113790488426, -23.249049226950589 ], [ -46.909121067608794, -23.249045753504589 ], [ -46.909128392920252, -23.249045664444481 ], [ -46.909135718231667, -23.249045575384038 ], [ -46.909146706198726, -23.24904544179272 ], [ -46.909157742357912, -23.249048692586776 ], [ -46.90916506766937, -23.249048603524944 ], [ -46.909172392980793, -23.249048514462778 ], [ -46.909179718292172, -23.249048425400265 ], [ -46.909186995410558, -23.249044951951337 ], [ -46.909197935184011, -23.249041433970376 ], [ -46.909212489418579, -23.249034487070624 ], [ -46.909227140039434, -23.249034308941617 ], [ -46.90924179066014, -23.249034130811246 ], [ -46.909252778625579, -23.249033997212578 ], [ -46.909260103935821, -23.249033908146366 ], [ -46.909271091901125, -23.249033774546422 ], [ -46.90927485094651, -23.249040498784751 ], [ -46.909285838912254, -23.249040365183728 ], [ -46.909293164222703, -23.249040276115952 ], [ -46.909300489533123, -23.249040187047839 ], [ -46.909315091957673, -23.249036624524756 ], [ -46.909329694381348, -23.249033062000372 ], [ -46.909337019691208, -23.249032972930578 ], [ -46.909347959458955, -23.249029454939482 ], [ -46.909358947423328, -23.249029321333413 ], [ -46.909366272732868, -23.249029232262266 ], [ -46.909373598042365, -23.249029143190782 ], [ -46.909380875154021, -23.24902566973326 ], [ -46.909388200463262, -23.249025580661105 ], [ -46.909395525772467, -23.249025491588611 ], [ -46.909402802883285, -23.249022018130116 ], [ -46.909413742648077, -23.249018500134614 ], [ -46.909417308905041, -23.249011686826549 ], [ -46.909424634213359, -23.249011597752748 ], [ -46.90943557397663, -23.249008079755807 ], [ -46.909446513739276, -23.249004561758134 ], [ -46.909461116155079, -23.249000999221966 ], [ -46.909472104116396, -23.249000865608135 ], [ -46.909475670369886, -23.248994052298965 ], [ -46.909486610130145, -23.248990534298635 ], [ -46.909493887236451, -23.248987060836189 ], [ -46.909504875196404, -23.248986927220137 ], [ -46.909519525809564, -23.248986749064215 ], [ -46.909526851116084, -23.248986659985736 ], [ -46.909534272825745, -23.248993339677746 ], [ -46.909541742737957, -23.249003403754742 ], [ -46.909549212651314, -23.249013467831311 ], [ -46.909552971709488, -23.249020192062108 ], [ -46.909564056076626, -23.249026827212433 ], [ -46.909575140444815, -23.249033462361886 ], [ -46.909578899504879, -23.249040186591923 ], [ -46.909582706768298, -23.249050295207141 ], [ -46.909590080281163, -23.249053590510766 ], [ -46.909597501997716, -23.249060270199291 ], [ -46.909608586370268, -23.249066905346066 ], [ -46.909615959884619, -23.249070200648362 ], [ -46.909623333399317, -23.249073495950295 ], [ -46.909630658710135, -23.249073406866664 ], [ -46.909637984020911, -23.249073317782695 ], [ -46.909645309331658, -23.249073228698379 ], [ -46.909656297297701, -23.249073095071271 ], [ -46.909670947918968, -23.249072916900602 ], [ -46.909682032295862, -23.249079552041863 ], [ -46.909700393779019, -23.249082713710294 ], [ -46.909707767296197, -23.249086009008078 ], [ -46.909711526364354, -23.249092733234356 ], [ -46.909718899882328, -23.249096028531554 ], [ -46.909726273400651, -23.249099323828368 ], [ -46.909733646919314, -23.24910261912482 ], [ -46.909741020438325, -23.249105914420891 ], [ -46.909748345750408, -23.249105825331657 ], [ -46.909755671062456, -23.249105736242079 ], [ -46.909762996374461, -23.249105647152163 ], [ -46.90977032168643, -23.249105558061903 ], [ -46.909777646998364, -23.249105468971305 ], [ -46.90978497231027, -23.249105379880362 ], [ -46.909792297622133, -23.249105290789078 ], [ -46.909799622933967, -23.249105201697454 ], [ -46.909806948245759, -23.249105112605484 ], [ -46.909814273557515, -23.249105023513177 ], [ -46.909821598869229, -23.249104934420536 ], [ -46.909828875971627, -23.249101460942761 ], [ -46.909836201283092, -23.249101371849449 ], [ -46.909843526594521, -23.249101282755788 ], [ -46.909850803696081, -23.249097809277043 ], [ -46.909858080797243, -23.249094335797995 ], [ -46.909865357898006, -23.249090862318628 ], [ -46.909872683208732, -23.249090773223642 ], [ -46.909876249443187, -23.249083959906631 ], [ -46.909879767466805, -23.249073762204858 ], [ -46.909886996355183, -23.249066904339909 ], [ -46.909886899933859, -23.249060135570534 ], [ -46.909894032399549, -23.249046508935955 ], [ -46.909901309496753, -23.249043035455134 ], [ -46.909901213074825, -23.249036266685799 ], [ -46.909901116652925, -23.249029497916453 ], [ -46.909911959980143, -23.249019211117734 ], [ -46.909915526210909, -23.24901239780003 ], [ -46.909919092441342, -23.249005584482251 ], [ -46.909922610460015, -23.248995386779782 ], [ -46.909929935765284, -23.248995297682487 ], [ -46.909929839342126, -23.248988528913216 ], [ -46.909933405571266, -23.248981715595196 ], [ -46.909933309147995, -23.248974946825943 ], [ -46.909940489816719, -23.248964704574341 ], [ -46.909944056044758, -23.24895789125614 ], [ -46.909947622272441, -23.248951077937875 ], [ -46.90995118849979, -23.248944264619546 ], [ -46.909958465589959, -23.248940791136487 ], [ -46.909958369165615, -23.248934022367294 ], [ -46.90996559804271, -23.248927164499367 ], [ -46.909966754077459, -23.248924955880746 ], [ -46.90970169923316, -23.24876582681884 ], [ -46.909701309496114, -23.248765584540383 ], [ -46.909700928361133, -23.248765330846386 ], [ -46.909700556219654, -23.248765065997421 ], [ -46.909700193453908, -23.248764790265515 ], [ -46.90949643426692, -23.248604789489825 ], [ -46.909496113849428, -23.248604530383552 ], [ -46.909495801712339, -23.248604262786383 ], [ -46.909495498119057, -23.248603986924167 ], [ -46.909495203325804, -23.248603703029698 ], [ -46.909275974773259, -23.248386345518163 ], [ -46.909275677451134, -23.248386041645645 ], [ -46.909275390211015, -23.248385729603001 ], [ -46.909275113315715, -23.248385409675727 ], [ -46.909119536191, -23.248199972543542 ], [ -46.90911697335018, -23.248201049861084 ], [ -46.909093079341638, -23.248223962877447 ], [ -46.909060365767509, -23.248238259860354 ], [ -46.909019575761548, -23.248252551361226 ], [ -46.90898730695622, -23.248267568911313 ], [ -46.908971179808198, -23.248275095570889 ], [ -46.90891498682398, -23.248305658313818 ], [ -46.908882917034703, -23.248321077697355 ], [ -46.908859225561848, -23.248344576277617 ], [ -46.908842885193529, -23.24834427873196 ], [ -46.908777942032692, -23.248343917233228 ], [ -46.908728816691067, -23.248327860219959 ], [ -46.908712138418743, -23.24831192003845 ], [ -46.908654960273559, -23.248295839894265 ], [ -46.90861468784037, -23.248288776488259 ], [ -46.908566517312238, -23.248289609864287 ], [ -46.9085263543586, -23.248290304416884 ], [ -46.908462314615278, -23.248306983015429 ], [ -46.908446168288677, -23.248307104934113 ], [ -46.908398048192787, -23.248323244287363 ], [ -46.908381855169473, -23.248323263631288 ], [ -46.908334468553441, -23.248379034177358 ], [ -46.908278570802345, -23.248419143172011 ], [ -46.90819746288804, -23.248419347837043 ], [ -46.908124043228597, -23.248395633478285 ], [ -46.908035245788625, -23.248366036209962 ], [ -46.908154110264299, -23.248293983668919 ], [ -46.907989661844262, -23.248393667963626 ], [ -46.907878097544611, -23.248482464222192 ], [ -46.907877767147525, -23.248482719475334 ], [ -46.907877428777198, -23.248482965648716 ], [ -46.907877082725769, -23.248483202529812 ], [ -46.907876729292006, -23.24848342991411 ], [ -46.907876368781032, -23.248483647605276 ], [ -46.907853090667999, -23.24849725715471 ], [ -46.907853107102589, -23.248498412123848 ], [ -46.907853131181611, -23.248500104318321 ], [ -46.9078549745429, -23.248500928165846 ], [ -46.907854998621943, -23.248502620360313 ], [ -46.907855022700986, -23.248504312554783 ], [ -46.907855046780028, -23.248506004749263 ], [ -46.907853227497689, -23.248506873096225 ], [ -46.90785233591577, -23.24850857641556 ], [ -46.907851444333836, -23.248510279734884 ], [ -46.907849625051412, -23.248511148081807 ], [ -46.907847793729481, -23.248511170331479 ], [ -46.907847817808452, -23.24851286252596 ], [ -46.907845998525964, -23.248513730872848 ], [ -46.90784416720399, -23.248513753122477 ], [ -46.907844203322377, -23.248516291414205 ], [ -46.907842384039824, -23.248517159761054 ], [ -46.907840564757237, -23.248518028107885 ], [ -46.907840588836123, -23.248519720302369 ], [ -46.907838769553493, -23.248520588649182 ], [ -46.907837877971311, -23.248522291968449 ], [ -46.9078369863891, -23.248523995287709 ], [ -46.907835167106391, -23.24852486363449 ], [ -46.907835191185214, -23.248526555828978 ], [ -46.907833371902456, -23.248527424175734 ], [ -46.907833371902456, -23.248527424175766 ], [ -46.907835215264036, -23.248528248023511 ], [ -46.907838926066127, -23.248531587913369 ], [ -46.907840805546151, -23.248534950052754 ], [ -46.907844492269618, -23.248536597747993 ], [ -46.907846371749855, -23.248539959887282 ], [ -46.907848251230185, -23.248543322026553 ], [ -46.907851913874921, -23.248543277527123 ], [ -46.907853793355443, -23.248546639666298 ] ] ], [ [ [ -46.915285, -23.25340222 ], [ -46.91555639, -23.25316611 ], [ -46.91580333, -23.25287806 ], [ -46.91609722, -23.25260111 ], [ -46.91633278, -23.25236667 ], [ -46.91649889, -23.25222333 ], [ -46.916635, -23.2520575 ], [ -46.91670528, -23.25182528 ], [ -46.91674361, -23.25164028 ], [ -46.91708611, -23.25144861 ], [ -46.91728889, -23.25136944 ], [ -46.91785861, -23.2511575 ], [ -46.91844028, -23.25098417 ], [ -46.91885389, -23.250945 ], [ -46.91914, -23.25101889 ], [ -46.9193325, -23.25109389 ], [ -46.91962778, -23.25123667 ], [ -46.92003361, -23.25138028 ], [ -46.92056417, -23.25108 ], [ -46.92086417, -23.25089083 ], [ -46.92124556, -23.25071083 ], [ -46.92165722, -23.25062222 ], [ -46.92203417, -23.25053028 ], [ -46.92242333, -23.25060972 ], [ -46.92292806, -23.25074472 ], [ -46.92323111, -23.25076056 ], [ -46.92354444, -23.2508275 ], [ -46.92377444, -23.25081222 ], [ -46.92417972, -23.250677499999988 ], [ -46.924685, -23.25064333 ], [ -46.92509111, -23.25065889 ], [ -46.92548222, -23.25065917 ], [ -46.92575722, -23.25068417 ], [ -46.92602667, -23.25076111 ], [ -46.92621389, -23.25083306 ], [ -46.92658667, -23.25094111 ], [ -46.92696333, -23.25101611 ], [ -46.92723194, -23.25097194 ], [ -46.92757972, -23.251045 ], [ -46.92775056, -23.2508875 ], [ -46.92797722, -23.25081611 ], [ -46.92872417, -23.2508775 ], [ -46.92927056, -23.25092 ], [ -46.92964944, -23.25100111 ], [ -46.930053648929999, -23.250910910188196 ], [ -46.930392659557697, -23.250918661784898 ], [ -46.931539329497902, -23.251176622181099 ], [ -46.9327029565845, -23.251261629002109 ], [ -46.933847394264603, -23.250998592003501 ], [ -46.93416167, -23.25066528 ], [ -46.93420056, -23.2504225 ], [ -46.93443083, -23.25024222 ], [ -46.93497222, -23.24996611 ], [ -46.9349925, -23.24973722 ], [ -46.92858806, -23.24981611 ], [ -46.92862472, -23.24877583 ], [ -46.92858083, -23.24854694 ], [ -46.92854306, -23.24828778 ], [ -46.92852611, -23.24804306 ], [ -46.92850667, -23.24780444 ], [ -46.92848111, -23.24756778 ], [ -46.92842389, -23.24733333 ], [ -46.92836278, -23.24710444 ], [ -46.92830917, -23.24685083 ], [ -46.9282725, -23.24662083 ], [ -46.92827028, -23.24638556 ], [ -46.92830583, -23.24614556 ], [ -46.92830833, -23.245865 ], [ -46.92829639, -23.245635 ], [ -46.92823889, -23.24537694 ], [ -46.92816333, -23.24514028 ], [ -46.92809861, -23.24491944 ], [ -46.92804972, -23.24469722 ], [ -46.92798944, -23.24459472 ], [ -46.92783833, -23.24458778 ], [ -46.92758167, -23.244555 ], [ -46.92733611, -23.2444975 ], [ -46.92708556, -23.24444778 ], [ -46.92682417, -23.24440917 ], [ -46.92655639, -23.2443675 ], [ -46.92629472, -23.24434472 ], [ -46.92602472, -23.24427694 ], [ -46.92586889, -23.24427 ], [ -46.92571222, -23.24196528 ], [ -46.92544194, -23.24191667 ], [ -46.92503417, -23.24185139 ], [ -46.92452972, -23.24165556 ], [ -46.92402528, -23.241608609999989 ], [ -46.92352167, -23.24149556 ], [ -46.92287, -23.2416875 ], [ -46.9225925, -23.24174028 ], [ -46.92227667, -23.241600559999988 ], [ -46.92219972, -23.24145778 ], [ -46.92172306, -23.241085829999989 ], [ -46.9211675, -23.2410675 ], [ -46.92078083, -23.24103194 ], [ -46.92049333, -23.2410725 ], [ -46.92009111, -23.24107861 ], [ -46.91975611, -23.24101833 ], [ -46.9193725, -23.24099556 ], [ -46.91915722, -23.24067361 ], [ -46.91901, -23.24028139 ], [ -46.91878167, -23.23990611 ], [ -46.91859583, -23.23951833 ], [ -46.91859083, -23.23920194 ], [ -46.91842806, -23.23889861 ], [ -46.91823556, -23.23853472 ], [ -46.91798972, -23.23810917 ], [ -46.91801139, -23.23792944 ], [ -46.91794806, -23.23767389 ], [ -46.91768583, -23.23755667 ], [ -46.91738611, -23.2375175 ], [ -46.91681, -23.237295 ], [ -46.91616, -23.23750556 ], [ -46.91556139, -23.23771167 ], [ -46.9152875, -23.2381225 ], [ -46.91501889, -23.23824611 ], [ -46.91477444, -23.23823111 ], [ -46.91434417, -23.23803722 ], [ -46.9139825, -23.23796361 ], [ -46.91372472, -23.23786139 ], [ -46.91338444, -23.23777611 ], [ -46.91316667, -23.23769806 ], [ -46.91275667, -23.23779944 ], [ -46.91219917, -23.23792333 ], [ -46.91198306, -23.23807361 ], [ -46.91161333, -23.23813417 ], [ -46.91149417, -23.23817972 ], [ -46.91133833, -23.23817306 ], [ -46.91074639, -23.23800417 ], [ -46.91041556, -23.23803722 ], [ -46.91006528, -23.23794056 ], [ -46.90981833, -23.23791222 ], [ -46.90953972, -23.2377375 ], [ -46.90929056, -23.2375025 ], [ -46.90911361, -23.237125 ], [ -46.90881417, -23.23686417 ], [ -46.90865361, -23.23717306 ], [ -46.90843083, -23.23770056 ], [ -46.90843667, -23.23840556 ], [ -46.90804583, -23.23877417 ], [ -46.90766111, -23.23910278 ], [ -46.90737361, -23.23936361 ], [ -46.90677528, -23.23966 ], [ -46.90627861, -23.23995556 ], [ -46.9057725, -23.24070917 ], [ -46.90556444, -23.24101528 ], [ -46.90489472, -23.24137167 ], [ -46.90448944, -23.241485 ], [ -46.90420028, -23.24167 ], [ -46.90371556, -23.24204194 ], [ -46.90328833, -23.24240139 ], [ -46.90310917, -23.24245444 ], [ -46.90304167, -23.24265611 ], [ -46.90288694, -23.24281583 ], [ -46.90312083, -23.24342833 ], [ -46.90330444, -23.24413333 ], [ -46.90281333, -23.24487806 ], [ -46.90259722, -23.24562861 ], [ -46.90315, -23.24596889 ], [ -46.90366972, -23.24623167 ], [ -46.90403333, -23.24638194 ], [ -46.90444694, -23.24643194 ], [ -46.90474111, -23.24647611 ], [ -46.90533833, -23.24687028 ], [ -46.90556222, -23.24712722 ], [ -46.90586944, -23.24748139 ], [ -46.905869445725635, -23.247481397160293 ], [ -46.905882401041922, -23.247477231295594 ], [ -46.90589695530857, -23.247470284701873 ], [ -46.90591160578694, -23.247470106893353 ], [ -46.905926256265168, -23.247469929083472 ], [ -46.905940810528463, -23.247462982485878 ], [ -46.905955364790174, -23.24745603588703 ], [ -46.90597001526649, -23.24745585807317 ], [ -46.905984665742658, -23.247455680257946 ], [ -46.90599931621869, -23.247455502441358 ], [ -46.906013966694566, -23.247455324623402 ], [ -46.9060286171703, -23.247455146804082 ], [ -46.906043267645892, -23.247454968983405 ], [ -46.906057918121341, -23.247454791161349 ], [ -46.906072568596642, -23.247454613337936 ], [ -46.9060872190718, -23.247454435513156 ], [ -46.906094736754355, -23.247467884171758 ], [ -46.906109387230778, -23.247467706344818 ], [ -46.906124133931094, -23.247474297302134 ], [ -46.906138880632788, -23.247480888257954 ], [ -46.906153531110249, -23.247480710426803 ], [ -46.906168374040277, -23.247494070165157 ], [ -46.906190445985708, -23.247500572198994 ], [ -46.906205192693172, -23.247507163148164 ], [ -46.906220035631101, -23.247520522881057 ], [ -46.906234782342082, -23.247527113827182 ], [ -46.906249529054421, -23.247533704771836 ], [ -46.90625704675773, -23.247547153421156 ], [ -46.906271697241415, -23.247546975578508 ], [ -46.906286443957569, -23.2475535665194 ], [ -46.906301286908509, -23.247566926243653 ], [ -46.906316033628165, -23.247573517181518 ], [ -46.906330684114231, -23.247573339333176 ], [ -46.906338201827921, -23.247586787977873 ], [ -46.906352948551387, -23.247593378911983 ], [ -46.906360466268502, -23.247606827555341 ], [ -46.906375212995187, -23.247613418487131 ], [ -46.906390055961417, -23.247626778201877 ], [ -46.906397573684252, -23.247640226843036 ], [ -46.906412224176904, -23.247640048986611 ], [ -46.906419741902731, -23.247653497626491 ], [ -46.906434392396648, -23.247653319767903 ], [ -46.906449139131716, -23.247659910692136 ], [ -46.906463789626081, -23.247659732830758 ], [ -46.906478440120296, -23.247659554968017 ], [ -46.906493090614369, -23.247659377103911 ], [ -46.906507644864028, -23.247652430454487 ], [ -46.906522295357071, -23.247652252587706 ], [ -46.906536945849965, -23.247652074719564 ], [ -46.906551596342723, -23.247651896850055 ], [ -46.906566246835332, -23.247651718979178 ], [ -46.906580897327792, -23.247651541106944 ], [ -46.906595547820118, -23.247651363233334 ], [ -46.906610198312293, -23.247651185358368 ], [ -46.90662484880432, -23.247651007482037 ], [ -46.906639499296205, -23.247650829604336 ], [ -46.906654149787947, -23.247650651725269 ], [ -46.906661667537833, -23.247664100351908 ], [ -46.906676318030833, -23.247663922470682 ], [ -46.90668383578371, -23.247677371096032 ], [ -46.906698486277968, -23.247677193212645 ], [ -46.906713136772083, -23.247677015327888 ], [ -46.906727787266057, -23.247676837441773 ], [ -46.906742437759881, -23.247676659554287 ], [ -46.906757088253563, -23.247676481665437 ], [ -46.906771738747096, -23.247676303775222 ], [ -46.906786389240487, -23.247676125883643 ], [ -46.906801135992914, -23.247682716773461 ], [ -46.90681578648676, -23.247682538879097 ], [ -46.906830436980449, -23.247682360983362 ], [ -46.906830629501869, -23.247695898548653 ], [ -46.906845279996901, -23.247695720651439 ], [ -46.906860026754025, -23.247702311535377 ], [ -46.906874773512513, -23.247708902417827 ], [ -46.906889424008583, -23.2477087245164 ], [ -46.90690426703361, -23.247722084178271 ], [ -46.906919013796205, -23.247728675056269 ], [ -46.906933760560172, -23.247735265932782 ], [ -46.906933953092505, -23.24774880349716 ], [ -46.906948699859392, -23.247755394372053 ], [ -46.906948892393423, -23.247768931936271 ], [ -46.906956410179355, -23.247782380546205 ], [ -46.906978482203016, -23.247788882463318 ], [ -46.906978771009094, -23.24780918880921 ], [ -46.906978963546656, -23.247822726373116 ], [ -46.906993806593455, -23.247836086024911 ], [ -46.907001324388013, -23.247849534632028 ], [ -46.907008842184155, -23.247862983238672 ], [ -46.907009034725249, -23.247876520802233 ], [ -46.907009227266499, -23.247890058365773 ], [ -46.907009419807885, -23.247903595929301 ], [ -46.90700970862023, -23.247923902274525 ], [ -46.907017226421942, -23.247937350880317 ], [ -46.907024744225232, -23.247950799485622 ], [ -46.907032262030107, -23.247964248090444 ], [ -46.907039779836566, -23.247977696694797 ], [ -46.907039972381845, -23.247991234257924 ], [ -46.907040164927274, -23.248004771821023 ], [ -46.907054911727755, -23.248011362683517 ], [ -46.907055104274875, -23.248024900246467 ], [ -46.907069851078269, -23.248031491107351 ], [ -46.907070043627087, -23.248045028670141 ], [ -46.907070236176047, -23.24805856623292 ], [ -46.90708498298391, -23.248065157092075 ], [ -46.907085175534561, -23.24807869465468 ], [ -46.907099826069228, -23.24807851673097 ], [ -46.907100018621506, -23.248092054293451 ], [ -46.907100211173919, -23.2481055918559 ], [ -46.907114957988398, -23.248112182711751 ], [ -46.907129704804234, -23.248118773566116 ], [ -46.907129897359901, -23.248132311128291 ], [ -46.907144644178665, -23.24813890198104 ], [ -46.907159294719392, -23.248138724051351 ], [ -46.907159487278221, -23.248152261613249 ], [ -46.907174137820292, -23.248152083682079 ], [ -46.907188884643155, -23.248158674530366 ], [ -46.907203535185666, -23.24815849659641 ], [ -46.90721828201049, -23.248165087441791 ], [ -46.907232932553455, -23.248164909505039 ], [ -46.907247679380241, -23.24817150034751 ], [ -46.907262426208398, -23.248178091188493 ], [ -46.907277173037926, -23.24818468202799 ], [ -46.907291919868818, -23.248191272866002 ], [ -46.907306570414015, -23.248191094922195 ], [ -46.907314088261472, -23.248204543510369 ], [ -46.907328738807927, -23.248204365564401 ], [ -46.907336256658382, -23.248217814151307 ], [ -46.907351003495521, -23.248224404983304 ], [ -46.907351196074501, -23.248237942543543 ], [ -46.90736584662428, -23.24823776459387 ], [ -46.907366039204881, -23.248251302153978 ], [ -46.907373557061938, -23.248264750738585 ], [ -46.907373749643568, -23.248278288298575 ], [ -46.907373942225341, -23.248291825858548 ], [ -46.907374134807249, -23.248305363418488 ], [ -46.907374327389313, -23.248318900978404 ], [ -46.907374519971526, -23.248332438538299 ], [ -46.907367387273126, -23.248346065073967 ], [ -46.907367579854885, -23.248359602633872 ], [ -46.907367772436793, -23.248373140193753 ], [ -46.907360639735842, -23.24838676672924 ], [ -46.907346085459714, -23.248393713459503 ], [ -46.907346233433053, -23.248404115358095 ], [ -46.907380031772817, -23.248413351281208 ], [ -46.90743213836965, -23.248435661835519 ], [ -46.907466894969922, -23.248458655535774 ], [ -46.907501921588313, -23.248465695684914 ], [ -46.907528282351009, -23.248473795150787 ], [ -46.907546093087966, -23.248483330296764 ], [ -46.907546071775919, -23.248481832313544 ], [ -46.907546047700798, -23.248480140118758 ], [ -46.907546011588124, -23.248477601826583 ], [ -46.907546903173895, -23.248475898508737 ], [ -46.907546879098767, -23.248474206313958 ], [ -46.907548698382939, -23.248473337970438 ], [ -46.907548674307797, -23.248471645775659 ], [ -46.907550493591927, -23.248470777432114 ], [ -46.907551385177598, -23.248469074114254 ], [ -46.907551361102428, -23.248467381919482 ], [ -46.907553168348876, -23.248465667478523 ], [ -46.907553144273692, -23.248463975283741 ], [ -46.907555855143251, -23.248461403622279 ], [ -46.907555831068031, -23.2484597114275 ], [ -46.907556722653567, -23.248458008109615 ], [ -46.90755669857834, -23.248456315914844 ], [ -46.907558529899831, -23.248456293668614 ], [ -46.907558505824589, -23.248454601473838 ], [ -46.907560325108413, -23.248453733130201 ], [ -46.907560301033151, -23.24845204093543 ], [ -46.907560276957881, -23.248450348740658 ], [ -46.90756116854331, -23.248448645422744 ], [ -46.907562060128718, -23.248446942104835 ], [ -46.907563879412422, -23.248446073761176 ], [ -46.907565686658444, -23.2484443593201 ], [ -46.907567505942083, -23.248443490976396 ], [ -46.907569325225708, -23.248442622632673 ], [ -46.907571144509298, -23.248441754288923 ], [ -46.907572036094535, -23.24844005097097 ], [ -46.907573867415792, -23.248440028724577 ], [ -46.907575686699317, -23.248439160380787 ], [ -46.907577505982822, -23.248438292036976 ], [ -46.90757933730405, -23.248438269790526 ], [ -46.907581156587518, -23.248437401446669 ], [ -46.907582975870952, -23.248436533102801 ], [ -46.907584807192151, -23.248436510856283 ], [ -46.907586626475549, -23.248435642512362 ], [ -46.907588433721124, -23.248433928071059 ], [ -46.907590253004464, -23.248433059727109 ], [ -46.907592084325607, -23.24843303748051 ], [ -46.907593903608905, -23.248432169136525 ], [ -46.907595722892182, -23.248431300792504 ], [ -46.907595698816493, -23.248429608597764 ], [ -46.907597530137579, -23.248429586351108 ], [ -46.907598421722398, -23.248427883033035 ], [ -46.907600241005589, -23.248427014688968 ], [ -46.907601132590358, -23.24842531137088 ], [ -46.90760296391138, -23.24842528912416 ], [ -46.907603855496106, -23.248423585806062 ], [ -46.90760566274129, -23.24842187136457 ], [ -46.907607494062262, -23.248421849117801 ], [ -46.90760838564691, -23.248420145799685 ], [ -46.907608361571079, -23.248418453604948 ], [ -46.907610192891994, -23.248418431358154 ], [ -46.907612024212916, -23.248418409111341 ], [ -46.907613843495874, -23.248417540767129 ], [ -46.907615674816775, -23.24841751852027 ], [ -46.907617506137676, -23.248417496273394 ], [ -46.90761933745857, -23.248417474026496 ], [ -46.907622084439915, -23.248417440656102 ], [ -46.907623915760801, -23.248417418409147 ], [ -46.907625747081696, -23.248417396162171 ], [ -46.907627578402582, -23.248417373915174 ], [ -46.907629409723462, -23.248417351668159 ], [ -46.907631253082407, -23.248418175518488 ], [ -46.907633084403301, -23.248418153271427 ], [ -46.907634915724188, -23.248418131024341 ], [ -46.907636747045075, -23.248418108777237 ], [ -46.907638578365962, -23.248418086530108 ], [ -46.907640409686842, -23.248418064282966 ], [ -46.907642241007721, -23.248418042035798 ], [ -46.907644072328608, -23.248418019788613 ], [ -46.907645903649481, -23.248417997541399 ], [ -46.90764865063079, -23.248417964170546 ], [ -46.907650493989848, -23.248418788020622 ], [ -46.907652337348914, -23.248419611870681 ], [ -46.907654168669808, -23.248419589623374 ], [ -46.907656012028909, -23.248420413473387 ], [ -46.907658759010253, -23.248420380102349 ], [ -46.907660590331147, -23.248420357854972 ], [ -46.907662433690298, -23.248421181704902 ], [ -46.907664265011199, -23.248421159457475 ], [ -46.907666096332093, -23.248421137210027 ], [ -46.907667927652987, -23.248421114962554 ], [ -46.907669758973881, -23.248421092715063 ], [ -46.907671590294768, -23.248421070467558 ], [ -46.907673421615655, -23.248421048220017 ], [ -46.907675252936542, -23.248421025972462 ], [ -46.907677084257429, -23.248421003724886 ], [ -46.907678903539946, -23.248420135379956 ], [ -46.907680722822441, -23.248419267035004 ], [ -46.907682554143292, -23.248419244787371 ], [ -46.907684385464144, -23.248419222539713 ], [ -46.907686216784988, -23.248419200292027 ], [ -46.907688963766262, -23.248419166920467 ], [ -46.907690795087106, -23.248419144672731 ], [ -46.907692626407943, -23.248419122424973 ], [ -46.907694457728788, -23.248419100177198 ], [ -46.907696289049625, -23.248419077929398 ], [ -46.907698120370462, -23.24841905568158 ], [ -46.907699939652794, -23.248418187336416 ], [ -46.90770177097361, -23.248418165088552 ], [ -46.907703590255906, -23.248417296743352 ], [ -46.907705421576715, -23.248417274495452 ], [ -46.907707252897509, -23.248417252247524 ], [ -46.907709084218311, -23.248417229999578 ], [ -46.907710915539106, -23.248417207751608 ], [ -46.9077127468599, -23.248417185503623 ], [ -46.907714590219278, -23.248418009352921 ], [ -46.90771642154008, -23.248417987104894 ], [ -46.907718252860874, -23.248417964856838 ], [ -46.907720096220295, -23.248418788706072 ], [ -46.907721939579737, -23.248419612555285 ], [ -46.907723782939193, -23.248420436404473 ], [ -46.907725614260016, -23.248420414156332 ], [ -46.907727457619508, -23.248421238005484 ], [ -46.907729288940338, -23.2484212157573 ], [ -46.907730228678133, -23.248422896827808 ], [ -46.907732059998978, -23.248422874579585 ], [ -46.90773390335854, -23.248423698428656 ], [ -46.907735734679399, -23.248423676180394 ], [ -46.907737578038983, -23.248424500029408 ], [ -46.907740337059039, -23.24842531275424 ], [ -46.907742180418673, -23.248426136603207 ], [ -46.907744023778335, -23.248426960452143 ], [ -46.907745855099229, -23.24842693820376 ], [ -46.907747686420116, -23.248426915955356 ], [ -46.907749529779814, -23.248427739804225 ], [ -46.907751373139533, -23.248428563653071 ], [ -46.90775321649928, -23.248429387501897 ], [ -46.907755059859042, -23.248430211350708 ], [ -46.907756903218825, -23.248431035199477 ], [ -46.907758734539755, -23.248431012950945 ], [ -46.907760589938462, -23.248432682896958 ], [ -46.907762421259413, -23.24843266064838 ], [ -46.907764264619267, -23.248433484497063 ], [ -46.907766095940225, -23.248433462248439 ], [ -46.907767939300122, -23.248434286097087 ], [ -46.907769782660026, -23.248435109945699 ], [ -46.907771626019965, -23.248435933794298 ], [ -46.907773469379912, -23.248436757642864 ], [ -46.907775312739886, -23.248437581491405 ], [ -46.907777156099883, -23.248438405339936 ], [ -46.9077789994599, -23.248439229188435 ], [ -46.907779939198441, -23.248440910258601 ], [ -46.907781770519478, -23.248440888009785 ], [ -46.907783625918597, -23.248442557955507 ], [ -46.9077854692787, -23.248443381803924 ], [ -46.907787324677898, -23.248445051749595 ], [ -46.907789168038057, -23.248445875597962 ], [ -46.907791011398253, -23.248446699446315 ], [ -46.907792854758455, -23.248447523294633 ], [ -46.907793794497223, -23.248449204364704 ], [ -46.907794734236013, -23.248450885434742 ], [ -46.907796589635424, -23.2484525553803 ], [ -46.907797529374278, -23.248454236450332 ], [ -46.907798481152298, -23.248456763617629 ], [ -46.907800336551844, -23.248458433563115 ], [ -46.907801276290783, -23.248460114633133 ], [ -46.907803119651241, -23.248460938481312 ], [ -46.907803143729581, -23.248462630675846 ], [ -46.907804999129269, -23.248464300621276 ], [ -46.907805938868314, -23.24846598169124 ], [ -46.907807782228879, -23.248466805539366 ], [ -46.907807806307282, -23.248468497733899 ], [ -46.90780964966789, -23.248469321581986 ], [ -46.907810589407035, -23.248471002651925 ], [ -46.907812432767692, -23.24847182649998 ], [ -46.907814288167614, -23.248473496445282 ], [ -46.907816131528328, -23.24847432029329 ], [ -46.907817071267594, -23.248476001363187 ], [ -46.907818914628351, -23.248476825211149 ], [ -46.907820745949849, -23.24847680296185 ], [ -46.907821685689186, -23.248478484031711 ], [ -46.907823529050006, -23.248479307879634 ], [ -46.907825372410848, -23.248480131727529 ], [ -46.907827203732381, -23.248480109478148 ], [ -46.907827604101243, -23.248480104613922 ], [ -46.907859783784332, -23.248461290764975 ], [ -46.907971256257966, -23.248372567603109 ], [ -46.907971623483427, -23.248372284827404 ], [ -46.907972000493025, -23.248372013267534 ], [ -46.907972386885717, -23.248371753212361 ], [ -46.907972782250511, -23.248371504938486 ], [ -46.908138044283398, -23.248271327467624 ], [ -46.908006674292537, -23.248350960505057 ], [ -46.907985724496832, -23.248311908126819 ], [ -46.907977593415417, -23.2483043567632 ], [ -46.907952928623871, -23.248243170911564 ], [ -46.907952491257049, -23.248181585490062 ], [ -46.90795216690001, -23.248142932506735 ], [ -46.907951691249792, -23.248096132386252 ], [ -46.907967191543428, -23.248041222408688 ], [ -46.907990840511452, -23.247994294797387 ], [ -46.90799836297645, -23.247940240945358 ], [ -46.907990015836532, -23.247902088478039 ], [ -46.907917691616113, -23.247873473675899 ], [ -46.9078853199658, -23.247850747034573 ], [ -46.907853087376232, -23.247850863080217 ], [ -46.907796645837657, -23.247850925561039 ], [ -46.907731774314449, -23.247833851183472 ], [ -46.907666877913897, -23.247808357575405 ], [ -46.90758616498934, -23.247783460883969 ], [ -46.907529729219007, -23.247744256325642 ], [ -46.907465334756097, -23.247712342015173 ], [ -46.907425185713457, -23.247688277390324 ], [ -46.907353006987023, -23.247639929357899 ], [ -46.907329022542122, -23.24760812843623 ], [ -46.907281134288432, -23.247576615220758 ], [ -46.90722539655097, -23.2475371072976 ], [ -46.90720956394145, -23.247505980256186 ], [ -46.907185755466799, -23.247490126814572 ], [ -46.907146358445708, -23.247412712132572 ], [ -46.907122632286288, -23.247389676030206 ], [ -46.907091062578893, -23.247359012373131 ], [ -46.90708330928517, -23.247328471176328 ], [ -46.907059683472937, -23.247305507263473 ], [ -46.907044049083417, -23.247275005623511 ], [ -46.90703655171351, -23.247214242046411 ], [ -46.907036939735967, -23.247153841596827 ], [ -46.907037190956558, -23.247101603029332 ], [ -46.907037323960758, -23.247071852645785 ], [ -46.907037534446758, -23.24702723558725 ], [ -46.907053432242407, -23.246990271397358 ], [ -46.907053584415422, -23.246938768688967 ], [ -46.907014352337562, -23.246894709863476 ], [ -46.907014541897212, -23.246843233047045 ], [ -46.907014745376721, -23.246798949317672 ], [ -46.907014980993956, -23.246754607904144 ], [ -46.907015200647898, -23.246717595570164 ], [ -46.90701529819426, -23.246702791619377 ], [ -46.907010861855468, -23.246698798605063 ], [ -46.90701079603199, -23.246694170299808 ], [ -46.907008225827397, -23.246689572406336 ], [ -46.907005622711367, -23.246682660360172 ], [ -46.90700051521474, -23.246675778725589 ], [ -46.906997945010886, -23.246671180831889 ], [ -46.906995374807231, -23.24666658293814 ], [ -46.906995308984392, -23.246661954632824 ], [ -46.906992672958303, -23.246652728433673 ], [ -46.906987631286086, -23.246650475103873 ], [ -46.906985061083212, -23.246645877209897 ], [ -46.906977449208895, -23.246639025985676 ], [ -46.906974879006619, -23.246634428091483 ], [ -46.906972275893551, -23.246627516044537 ], [ -46.906967201311737, -23.246622948561278 ], [ -46.906964631110142, -23.246618350666861 ], [ -46.906959589439666, -23.24661609733603 ], [ -46.906954514858718, -23.246611529852292 ], [ -46.906951944657791, -23.246606931957622 ], [ -46.906946902987947, -23.246604678626341 ], [ -46.906941861318252, -23.246602425294881 ], [ -46.90693678673842, -23.246597857810492 ], [ -46.906931712158922, -23.246593290325915 ], [ -46.906926703400018, -23.246593351146693 ], [ -46.906924133200405, -23.246588753251466 ], [ -46.906919025711716, -23.246581871613643 ], [ -46.906913984043307, -23.246579618281189 ], [ -46.906913918223559, -23.246574989975603 ], [ -46.906913852403818, -23.246570361670017 ], [ -46.906908810735935, -23.246568108337353 ], [ -46.906906207627749, -23.246561196288951 ], [ -46.906903637429522, -23.246556598393287 ], [ -46.906903571610194, -23.246551970087662 ], [ -46.906903505790893, -23.246547341782026 ], [ -46.9069034399716, -23.246542713476405 ], [ -46.906900869773864, -23.246538115580645 ], [ -46.906895828107423, -23.24653586224748 ], [ -46.906893257910092, -23.246531264351582 ], [ -46.906893192091204, -23.246526636045907 ], [ -46.906890556075396, -23.246517409844262 ], [ -46.906885448591339, -23.246510528204986 ], [ -46.906882878394903, -23.246505930308828 ], [ -46.906882812576448, -23.246501302003129 ], [ -46.906875233624852, -23.246496764925819 ], [ -46.90687263052002, -23.246489852876586 ], [ -46.906872564701978, -23.24648522457084 ], [ -46.906872465974949, -23.246478282112204 ], [ -46.906869895779643, -23.246473684215754 ], [ -46.906869829961742, -23.246469055909998 ], [ -46.906867259766727, -23.246464458013492 ], [ -46.906862218103633, -23.246462204678988 ], [ -46.906857110623292, -23.246455323038518 ], [ -46.906852101869312, -23.246455383856571 ], [ -46.906847027298269, -23.246450816368629 ], [ -46.906842018544431, -23.246450877186351 ], [ -46.906837009790578, -23.246450938003914 ], [ -46.906831968128444, -23.24644868466838 ], [ -46.906826860650149, -23.246441803026769 ], [ -46.906821851896588, -23.246441863843824 ], [ -46.906816843143012, -23.246441924660726 ], [ -46.906811801481517, -23.246439671324502 ], [ -46.906806792727991, -23.24643973214107 ], [ -46.90680175106673, -23.246437478804499 ], [ -46.906796709405626, -23.24643522546776 ], [ -46.906789163368018, -23.246433002538819 ], [ -46.906781617330637, -23.246430779609494 ], [ -46.906779047139374, -23.246426181711279 ], [ -46.906776476948288, -23.246421583812989 ], [ -46.906768898004607, -23.24641704672997 ], [ -46.906763856344767, -23.246414793392081 ], [ -46.906758814685091, -23.246412540054013 ], [ -46.906753740118724, -23.246407972562707 ], [ -46.906748698459459, -23.246405719224288 ], [ -46.906743656800352, -23.246403465885695 ], [ -46.906738615141407, -23.246401212546914 ], [ -46.906733540576134, -23.24639664505489 ], [ -46.906725994541567, -23.246394422122687 ], [ -46.906720952883227, -23.246392168783313 ], [ -46.906715878318877, -23.246387601290635 ], [ -46.906710869567021, -23.24638766210402 ], [ -46.906705860815144, -23.246387722917248 ], [ -46.906700819157351, -23.246385469577177 ], [ -46.906695744593911, -23.2463809020838 ], [ -46.906690735842247, -23.246380962896527 ], [ -46.906685727090561, -23.246381023709095 ], [ -46.906680685433315, -23.246378770368331 ], [ -46.906675643776232, -23.2463765170274 ], [ -46.906670536308603, -23.246369635379931 ], [ -46.906660485900773, -23.246367442850374 ], [ -46.906657915714888, -23.246362844949783 ], [ -46.90665287405875, -23.246360591608049 ], [ -46.906647799497833, -23.246356024112924 ], [ -46.906640253466705, -23.246353801176348 ], [ -46.906637683281787, -23.246349203275344 ], [ -46.906632674531131, -23.246349264086142 ], [ -46.906630104346569, -23.246344666184996 ], [ -46.906625062691532, -23.246342412842292 ], [ -46.906619988132242, -23.246337845346154 ], [ -46.90661741794834, -23.246333247444745 ], [ -46.906614847764629, -23.246328649543287 ], [ -46.906614781955987, -23.246324021236742 ], [ -46.906607203022951, -23.246319484145136 ], [ -46.9066071372146, -23.246314855838559 ], [ -46.906604567031629, -23.246310257936884 ], [ -46.906601996848849, -23.246305660035127 ], [ -46.906599426666247, -23.246301062133334 ], [ -46.90659685648383, -23.246296464231481 ], [ -46.906596790675913, -23.246291835924872 ], [ -46.906596724868017, -23.246287207618263 ], [ -46.906589178841507, -23.246284984678891 ], [ -46.906589113033895, -23.246280356372253 ], [ -46.906584071381957, -23.246278103028011 ], [ -46.906579029730175, -23.246275849683599 ], [ -46.906574020982085, -23.246275910492344 ], [ -46.906568979330537, -23.246273657147579 ], [ -46.906563937679145, -23.246271403802648 ], [ -46.906558928931176, -23.246271464610903 ], [ -46.906553920183192, -23.246271525419004 ], [ -46.906548911435195, -23.246271586226939 ], [ -46.906546341255094, -23.246266988324095 ], [ -46.906541332507246, -23.246267049131777 ], [ -46.906536290856501, -23.246264795785905 ], [ -46.906531249205926, -23.246262542439858 ], [ -46.906523703181676, -23.246260319497175 ], [ -46.906518694434006, -23.246260380304122 ], [ -46.906516124255148, -23.246255782400699 ], [ -46.90651111550762, -23.246255843207383 ], [ -46.906506073857756, -23.246253589860473 ], [ -46.906501032208048, -23.246251336513399 ], [ -46.906500966403577, -23.246246708206513 ], [ -46.906495891852074, -23.246242140705782 ], [ -46.906490850202964, -23.246239887358335 ], [ -46.906488280025471, -23.246235289454347 ], [ -46.906483205474828, -23.246230721953147 ], [ -46.906480635297783, -23.246226124048999 ], [ -46.906475560747758, -23.246221556547503 ], [ -46.906472957669479, -23.246214644489708 ], [ -46.90647038749313, -23.246210046585325 ], [ -46.906467817316958, -23.246205448680911 ], [ -46.906465247140979, -23.246200850776418 ], [ -46.906462644063701, -23.24619393871837 ], [ -46.906460073888148, -23.246189340813771 ], [ -46.90645750371278, -23.246184742909112 ], [ -46.906457437910021, -23.246180114602058 ], [ -46.90645236336259, -23.246175547099625 ], [ -46.906452297560044, -23.246170918792554 ], [ -46.906449727385329, -23.246166320887717 ], [ -46.906447157210806, -23.24616172298283 ], [ -46.906447091408488, -23.246157094675734 ], [ -46.906447025606177, -23.246152466368642 ], [ -46.906444422530946, -23.246145554310122 ], [ -46.90644435672877, -23.246140926003015 ], [ -46.906444290926608, -23.246136297695898 ], [ -46.906439216381365, -23.246131730192882 ], [ -46.906436646207936, -23.246127132287725 ], [ -46.906434076034699, -23.246122534382518 ], [ -46.906429067291917, -23.246122595186272 ], [ -46.906423959847011, -23.246115713529086 ], [ -46.906418951104449, -23.246115774332502 ], [ -46.906413942361866, -23.24611583513575 ], [ -46.906406429247973, -23.246115926340327 ], [ -46.90639891613403, -23.246116017544551 ], [ -46.90639390739139, -23.246116078347157 ], [ -46.906388898648721, -23.246116139149613 ], [ -46.906381352634739, -23.246113916199342 ], [ -46.90637634389212, -23.246113977001389 ], [ -46.906371335149487, -23.246114037803277 ], [ -46.906366293507133, -23.246111784451337 ], [ -46.906358747493691, -23.246109561499942 ], [ -46.906353738751172, -23.246109622301262 ], [ -46.906348730008638, -23.246109683102421 ], [ -46.906343721266069, -23.246109743903407 ], [ -46.9063387125235, -23.24610980470425 ], [ -46.906333703780916, -23.246109865504923 ], [ -46.906328695038304, -23.246109926305447 ], [ -46.906323686295678, -23.246109987105807 ], [ -46.90631861175531, -23.246105419598525 ], [ -46.906313603012819, -23.246105480398551 ], [ -46.906306057000421, -23.246103257444542 ], [ -46.906303486832016, -23.246098659536862 ], [ -46.906295940820144, -23.246096436582317 ], [ -46.906293370652222, -23.246091838674438 ], [ -46.906288296113544, -23.246087271166065 ], [ -46.90628328737165, -23.246087331965079 ], [ -46.906278212833477, -23.246082764456343 ], [ -46.906270666822834, -23.246080541500501 ], [ -46.906265625183238, -23.246078288145117 ], [ -46.906260583543798, -23.246076034789564 ], [ -46.906255541904514, -23.246073781433836 ], [ -46.906250533163025, -23.24607384223177 ], [ -46.906242987153256, -23.246071619274534 ], [ -46.906237945514398, -23.246069365918213 ], [ -46.906232903875704, -23.246067112561715 ], [ -46.906227895134393, -23.246067173358913 ], [ -46.906222853495926, -23.246064920002073 ], [ -46.906217778960567, -23.246060352491174 ], [ -46.906210200055085, -23.246055815378384 ], [ -46.906205158417315, -23.246053562020915 ], [ -46.906197612409301, -23.246051339061367 ], [ -46.906192570771879, -23.246049085703479 ], [ -46.906189967711867, -23.246042173639651 ], [ -46.906187397548635, -23.246037575729698 ], [ -46.906187331755667, -23.246032947421824 ], [ -46.906187265962714, -23.246028319113957 ], [ -46.906187200169782, -23.246023690806076 ], [ -46.90618463000704, -23.246019092896038 ], [ -46.906184564214229, -23.24601446458815 ], [ -46.906184498421432, -23.246009836280255 ], [ -46.906184432628649, -23.246005207972363 ], [ -46.906184366835888, -23.246000579664472 ], [ -46.90618430104314, -23.24599595135658 ], [ -46.906184235250407, -23.245991323048671 ], [ -46.906184169457696, -23.245986694740772 ], [ -46.906184103665005, -23.24598206643287 ], [ -46.906184037872322, -23.245977438124957 ], [ -46.90618397207966, -23.245972809817051 ], [ -46.906183906287012, -23.245968181509131 ], [ -46.906183840494393, -23.245963553201214 ], [ -46.90618377470178, -23.245958924893294 ], [ -46.90617876596437, -23.245958985688652 ], [ -46.906173724330813, -23.245956732329891 ], [ -46.906171154169982, -23.245952134419472 ], [ -46.906163608168242, -23.245949911457842 ], [ -46.906158533639413, -23.245945343944545 ], [ -46.906153459110932, -23.245940776431063 ], [ -46.906148384582792, -23.245936208917385 ], [ -46.906143310055, -23.245931641403526 ], [ -46.906140739895719, -23.24592704349249 ], [ -46.906133161000447, -23.245922506375226 ], [ -46.90613169930657, -23.24591989146337 ], [ -46.906130547652033, -23.245919558946412 ], [ -46.906100786134488, -23.245912331679289 ], [ -46.906078444074531, -23.2459051825461 ], [ -46.906026431013657, -23.245904734615131 ], [ -46.905960179960417, -23.245890089114106 ], [ -46.905916377170684, -23.24586172853942 ], [ -46.905887114222509, -23.245847531587447 ], [ -46.905857877552577, -23.24583335070578 ], [ -46.905807128188087, -23.245798098195689 ], [ -46.90576393932259, -23.245769862311533 ], [ -46.905742710556147, -23.245748780459227 ], [ -46.905700403520527, -23.245706734034549 ], [ -46.905679263866737, -23.24568577224397 ], [ -46.905657786449339, -23.245678696970685 ], [ -46.905614396919979, -23.245657763706159 ], [ -46.905578382364453, -23.245636897242036 ], [ -46.90554252265499, -23.245609178283846 ], [ -46.905492125178569, -23.245581467783254 ], [ -46.905463755491503, -23.245553829769289 ], [ -46.905427336864548, -23.245546904662369 ], [ -46.905391047600098, -23.245519422639436 ], [ -46.905369343160807, -23.245491969234291 ], [ -46.905369615492951, -23.245478255043665 ], [ -46.905355992267772, -23.245437119828544 ], [ -46.905342248144223, -23.245402879753918 ], [ -46.905342937037609, -23.245368679492461 ], [ -46.905343547626593, -23.245348176527443 ], [ -46.90535234785392, -23.245314039268759 ], [ -46.905376615623737, -23.245259486637515 ], [ -46.905384516951528, -23.245245875241856 ], [ -46.90542229787485, -23.245211854261964 ], [ -46.905452762903508, -23.245184618222726 ], [ -46.905488941231461, -23.245184527244938 ], [ -46.905539540713939, -23.24518438702577 ], [ -46.905580905916857, -23.24521824244712 ], [ -46.905660027765833, -23.245231706729726 ], [ -46.905695464937352, -23.245252123446321 ], [ -46.905717074351749, -23.245258927274079 ], [ -46.90577492834413, -23.245265660842779 ], [ -46.905847708073637, -23.245265519141871 ], [ -46.905935643834169, -23.245265382788141 ], [ -46.906016350207842, -23.245265247681175 ], [ -46.906046236787653, -23.245251443374517 ], [ -46.906097736639779, -23.245251351252886 ], [ -46.906141751949797, -23.245251249403555 ], [ -46.906178737879451, -23.245237360331604 ], [ -46.906208086417571, -23.245237273351545 ], [ -46.906237628075488, -23.245223357782812 ], [ -46.906260154545237, -23.245181838363408 ], [ -46.906296957575613, -23.245167823834244 ], [ -46.906311682309628, -23.24514003954144 ], [ -46.906341158278018, -23.245112154988437 ], [ -46.906385521649923, -23.245070261024765 ], [ -46.906415188762736, -23.245056198407251 ], [ -46.906445004656597, -23.245056055069142 ], [ -46.906541842290942, -23.245041563895146 ], [ -46.906623658498809, -23.245019938960063 ], [ -46.90667583851549, -23.245005471757793 ], [ -46.90670589764725, -23.244998245592193 ], [ -46.906743444910539, -23.244976951931239 ], [ -46.906796066614703, -23.244955547547704 ], [ -46.906803642244498, -23.244955400704868 ], [ -46.906871725891847, -23.244933978838702 ], [ -46.906932397259688, -23.244926574268291 ], [ -46.906970358361178, -23.244919304184457 ], [ -46.907038815863856, -23.244911781219219 ], [ -46.907084478555603, -23.244890287636153 ], [ -46.907092129239871, -23.244890225164276 ], [ -46.907145532077429, -23.24487565746368 ], [ -46.907160808315872, -23.244875510832181 ], [ -46.907214358361742, -23.244860924342394 ], [ -46.90726030048863, -23.244853167355217 ], [ -46.907298679198497, -23.244852548476278 ], [ -46.907352617258177, -23.244851741305276 ], [ -46.9073834914334, -23.244851263122595 ], [ -46.907445379350378, -23.244850030320578 ], [ -46.907492041942817, -23.244849135719871 ], [ -46.907546749906167, -23.244862262976675 ], [ -46.907601666478961, -23.244868235492536 ], [ -46.907656874814656, -23.24487420070302 ], [ -46.907680606375706, -23.244873702321488 ], [ -46.907704388241008, -23.244880402093273 ], [ -46.907744150123762, -23.244901181566572 ], [ -46.907799903494073, -23.244914622245702 ], [ -46.907807855640399, -23.244921724451988 ], [ -46.907855727225282, -23.244957146782966 ], [ -46.907911749038931, -23.244985343465064 ], [ -46.907927792183237, -23.244992384081339 ], [ -46.907975919590648, -23.2450208396588 ], [ -46.908016041618197, -23.245049516667581 ], [ -46.908024035530687, -23.245056717219917 ], [ -46.908056052255617, -23.245085566963635 ], [ -46.908088150104433, -23.245099923034186 ], [ -46.908160447953072, -23.245099525737988 ], [ -46.908184321540269, -23.245150452758018 ], [ -46.908203907847735, -23.245168275231244 ], [ -46.908205168473891, -23.245168259914088 ], [ -46.908210210105857, -23.245170513207523 ], [ -46.908217789019183, -23.245175050223054 ], [ -46.908222863581834, -23.245179617667489 ], [ -46.908227872284172, -23.245179556808875 ], [ -46.908232946847328, -23.245184124252933 ], [ -46.908237955549794, -23.245184063393982 ], [ -46.908245534464761, -23.245188600408074 ], [ -46.908250543167355, -23.245188539548714 ], [ -46.908255551869942, -23.245188478689194 ], [ -46.908260593503414, -23.245190731980898 ], [ -46.908268139488406, -23.245192954842434 ], [ -46.908273181122247, -23.245195208133705 ], [ -46.908278222756238, -23.245197461424812 ], [ -46.908283264390384, -23.245199714715728 ], [ -46.908288338956112, -23.245204282157815 ], [ -46.908293347659168, -23.245204221297048 ], [ -46.908298389293797, -23.245206474587452 ], [ -46.908303496791959, -23.245213356180315 ], [ -46.908308538427093, -23.245215609470353 ], [ -46.908313580062377, -23.245217862760221 ], [ -46.908313645926135, -23.245222491062822 ], [ -46.908318654629795, -23.245222430201199 ], [ -46.90832122484565, -23.245227028072907 ], [ -46.908323795061683, -23.245231625944569 ], [ -46.908328803765656, -23.245231565082605 ], [ -46.908333845401863, -23.245233818371755 ], [ -46.908336415618464, -23.245238416243158 ], [ -46.908343961607173, -23.245240639100786 ], [ -46.908349036176475, -23.245245206540648 ], [ -46.90835411074611, -23.245249773980323 ], [ -46.90835915238339, -23.245252027268581 ], [ -46.908366731306025, -23.245256564276239 ], [ -46.908371772943745, -23.245258817564064 ], [ -46.908376781648592, -23.245258756700501 ], [ -46.908381823286547, -23.245261009987988 ], [ -46.908389402210396, -23.245265546994464 ], [ -46.908394443848785, -23.245267800281507 ], [ -46.908399452553908, -23.245267739417208 ], [ -46.908404461259018, -23.245267678552747 ], [ -46.908409502897705, -23.245269931839278 ], [ -46.908414544536555, -23.245272185125636 ], [ -46.90841961910936, -23.245276752562965 ], [ -46.908424627814746, -23.245276691697839 ], [ -46.90842966945408, -23.245278944983674 ], [ -46.908430806119043, -23.245279968054003 ], [ -46.908446815848649, -23.245280058085395 ], [ -46.908526809054692, -23.24530273469427 ], [ -46.90857544482504, -23.245310207522248 ], [ -46.908607604377963, -23.24533266834478 ], [ -46.908647425123128, -23.245355284289531 ], [ -46.908679458777172, -23.245362889649325 ], [ -46.908711394248861, -23.245377998225656 ], [ -46.908767663663298, -23.245393170080192 ], [ -46.908799239326711, -23.245408437603778 ], [ -46.908846793593128, -23.245408840945728 ], [ -46.908917599865937, -23.24542480040871 ], [ -46.908988966077857, -23.245448054647277 ], [ -46.909036700650717, -23.245463561963959 ], [ -46.909084610547723, -23.245464037031031 ], [ -46.909140462719172, -23.2454796536305 ], [ -46.909203902166738, -23.245495615878365 ], [ -46.909266830034873, -23.245527027466004 ], [ -46.909329732855539, -23.245566196627689 ], [ -46.909409050783061, -23.245575444140709 ], [ -46.909480805220291, -23.245576907781434 ], [ -46.909528764041447, -23.245577885884916 ], [ -46.909585069572877, -23.245578843011284 ], [ -46.909657892030872, -23.245579925842804 ], [ -46.909730885744871, -23.245580984936428 ], [ -46.909779383119542, -23.245581909488756 ], [ -46.909811966946847, -23.245567153497017 ], [ -46.909812313433932, -23.245521242613268 ], [ -46.909796758049787, -23.24547486658194 ], [ -46.909773109379032, -23.245436071103502 ], [ -46.90974922337233, -23.245420287532674 ], [ -46.909725277368658, -23.245412167761959 ], [ -46.909693565100028, -23.24538863964511 ], [ -46.909605647482579, -23.245371941907869 ], [ -46.90950975037223, -23.245362957622017 ], [ -46.909429913117521, -23.245346811871524 ], [ -46.909406381646427, -23.245323743848605 ], [ -46.90934246100521, -23.245308013194805 ], [ -46.909270138692001, -23.245284948864079 ], [ -46.909229707484769, -23.245262269989126 ], [ -46.909189520189209, -23.245254520151274 ], [ -46.90915740473811, -23.245246819766979 ], [ -46.909149627178707, -23.245216683925275 ], [ -46.909117470455641, -23.245201526935759 ], [ -46.909109524124077, -23.245178968775704 ], [ -46.909053179260511, -23.24516375312442 ], [ -46.909013391939531, -23.245126018639684 ], [ -46.90898959453277, -23.245110873302888 ], [ -46.908957851534879, -23.24509569929619 ], [ -46.908894069023873, -23.245057993823341 ], [ -46.908862447618652, -23.245035374040604 ], [ -46.908782830524331, -23.245005154647036 ], [ -46.908719039388998, -23.244982538687527 ], [ -46.908662849777677, -23.244952575932942 ], [ -46.908646717457742, -23.244952559531679 ], [ -46.908590394071439, -23.244937564998914 ], [ -46.908558632868257, -23.244922554381649 ], [ -46.908486785642097, -23.244907498362284 ], [ -46.908463086762808, -23.244885073208806 ], [ -46.908415072615007, -23.244870102463508 ], [ -46.908375445086833, -23.2448551058486 ], [ -46.908304531505479, -23.244825161849644 ], [ -46.908281421529161, -23.244802755474698 ], [ -46.908266088545417, -23.244787823531041 ], [ -46.908235483419887, -23.24475797900374 ], [ -46.908174043291211, -23.244728118881209 ], [ -46.908114793183941, -23.244690886975935 ], [ -46.90808624972567, -23.24465381760443 ], [ -46.908050177438589, -23.244616831622164 ], [ -46.908035779058608, -23.244602067741507 ], [ -46.907983972109491, -23.244572609002489 ], [ -46.90796182680549, -23.244550529956793 ], [ -46.907924024719883, -23.244521139416896 ], [ -46.907885620284311, -23.244506484530586 ], [ -46.907855842158682, -23.244477186033549 ], [ -46.9078196984131, -23.24442596535625 ], [ -46.90779768893055, -23.244404074230495 ], [ -46.90778303211907, -23.244389495715858 ], [ -46.907755654188563, -23.24433854092868 ], [ -46.907734775401252, -23.244316859050858 ], [ -46.907708101844882, -23.244273528547335 ], [ -46.907694341727677, -23.244259164663493 ], [ -46.90766816950331, -23.244208777881809 ], [ -46.907655969242221, -23.244165552863667 ], [ -46.90765905204686, -23.244122335866848 ], [ -46.907638264941298, -23.244086467028655 ], [ -46.907624576350877, -23.244043241372726 ], [ -46.907627841272053, -23.2439930303144 ], [ -46.907629856855678, -23.243964425269816 ], [ -46.907617010578612, -23.243921551370995 ], [ -46.907603773840528, -23.243885898711529 ], [ -46.907580016739963, -23.243878616512173 ], [ -46.907556782357013, -23.243856991446783 ], [ -46.907516847245446, -23.243827924137992 ], [ -46.907501642490892, -23.24379910360058 ], [ -46.907497911172008, -23.243742253939804 ], [ -46.907499989389763, -23.243721098779034 ], [ -46.907508209611777, -23.243644034407787 ], [ -46.907511118166127, -23.243616072547955 ], [ -46.907556218892147, -23.243603457738377 ], [ -46.907632622266142, -23.243619687222125 ], [ -46.907673318557563, -23.243634544691705 ], [ -46.907714501264778, -23.243642353037611 ], [ -46.907755913884429, -23.243643114733011 ], [ -46.907788538572341, -23.243643611165176 ], [ -46.907861015068548, -23.243644322313074 ], [ -46.907894761628043, -23.243630904796731 ], [ -46.907951242553395, -23.243617309059548 ], [ -46.907983955303322, -23.243603608505694 ], [ -46.908047177664727, -23.243582575249921 ], [ -46.908079871741833, -23.24356177719616 ], [ -46.9081177980269, -23.243554310294815 ], [ -46.908171470832663, -23.24353978451207 ], [ -46.908210526413022, -23.243525588970403 ], [ -46.908242083775953, -23.243511550969696 ], [ -46.908273619345344, -23.243497496237048 ], [ -46.908305955678337, -23.243476674364235 ], [ -46.908372187542973, -23.243475052511663 ], [ -46.90841640498904, -23.243473945304725 ], [ -46.908467888607142, -23.243472557983608 ], [ -46.908489784966484, -23.243471862499575 ], [ -46.908519021579977, -23.24347093395345 ], [ -46.908578802968528, -23.243455317371549 ], [ -46.908650423638079, -23.243451983031978 ], [ -46.90868615996105, -23.243450187888428 ], [ -46.908736203658968, -23.24344758130411 ], [ -46.908778951166738, -23.243445129333669 ], [ -46.908807651772314, -23.243443568261252 ], [ -46.908851368117183, -23.243441519574862 ], [ -46.908903917162633, -23.243439902881192 ], [ -46.90895897914784, -23.24342518672443 ], [ -46.908992210036303, -23.24340439448077 ], [ -46.909008542064853, -23.243404732783809 ], [ -46.909058072978283, -23.243391633114921 ], [ -46.909115621258842, -23.243378735570808 ], [ -46.909172836714703, -23.243380205621289 ], [ -46.909238864522358, -23.243375255027715 ], [ -46.909255177048443, -23.243375705721558 ], [ -46.909310635129167, -23.243390495525645 ], [ -46.909366374090283, -23.243391137747533 ], [ -46.909428747254744, -23.243405214868353 ], [ -46.909443638425287, -23.243418965348525 ], [ -46.909520647985822, -23.243439354114841 ], [ -46.90954408156707, -23.243439226235903 ], [ -46.909606467028823, -23.243438719416531 ], [ -46.909621635372517, -23.243445430271958 ], [ -46.909675607866753, -23.24345159091877 ], [ -46.909698570158177, -23.243458182881785 ], [ -46.909760458630281, -23.243464247757267 ], [ -46.909806373110811, -23.243477249976781 ], [ -46.909829358823437, -23.243483752986883 ], [ -46.909883740045409, -23.243489945832753 ], [ -46.909891604153991, -23.24348988920946 ], [ -46.909954612239261, -23.243496797770653 ], [ -46.90999395040086, -23.243503773355684 ], [ -46.910025809776201, -23.243504014938843 ], [ -46.910113120190438, -23.243518915510197 ], [ -46.910137121464743, -23.243519279662635 ], [ -46.91018507830001, -23.243520007662426 ], [ -46.910225382649948, -23.243506724921438 ], [ -46.910257984662898, -23.243472280034464 ], [ -46.910305794704122, -23.243451452140768 ], [ -46.910345533187638, -23.243452191815177 ], [ -46.91039303797271, -23.24346726473415 ], [ -46.910440302326222, -23.243503521042356 ], [ -46.910448233002107, -23.243503667256991 ], [ -46.910503394058281, -23.243540027141595 ], [ -46.910534827895617, -23.243568884022967 ], [ -46.910574139421449, -23.24359048238577 ], [ -46.910597617387822, -23.243619010523567 ], [ -46.910629118201427, -23.243626315425381 ], [ -46.910644759332257, -23.243647613201635 ], [ -46.910691903370264, -23.243676172526772 ], [ -46.91071536579468, -23.243718818311386 ], [ -46.910770425441243, -23.243761419526045 ], [ -46.910801979474051, -23.243768586335541 ], [ -46.910849255756403, -23.243818163048477 ], [ -46.910872930558909, -23.243839365799349 ], [ -46.910904569429043, -23.243853521426409 ], [ -46.91092040212235, -23.243867666008832 ], [ -46.9109758947491, -23.243895981193852 ], [ -46.911015609584759, -23.243924490120545 ], [ -46.911047381851432, -23.243938861074195 ], [ -46.911063300652138, -23.243953234325591 ], [ -46.911134693889473, -23.243967966828702 ], [ -46.911166522013247, -23.243982342918819 ], [ -46.911230178769863, -23.244003941796294 ], [ -46.911278098313844, -23.244025403258924 ], [ -46.911326203129263, -23.244046777589404 ], [ -46.911366216531647, -23.24404641312529 ], [ -46.911439736121487, -23.244103097193211 ], [ -46.911472521104727, -23.244124371908462 ], [ -46.911522173821972, -23.244159911240924 ], [ -46.911530810207758, -23.244181583116777 ], [ -46.911565028693268, -23.244239355746828 ], [ -46.911590627081146, -23.244268204053355 ], [ -46.91162475550523, -23.244297012748969 ], [ -46.911660557979751, -23.244362800615825 ], [ -46.911712195449923, -23.244391854079325 ], [ -46.911729813484527, -23.244414006994287 ], [ -46.911789741176612, -23.244435938243903 ], [ -46.911823969813071, -23.244458280607411 ], [ -46.911891544511327, -23.244457943049557 ], [ -46.911933983288542, -23.244480447624461 ], [ -46.911959262177191, -23.244487928638513 ], [ -46.912034869279438, -23.244502924728998 ], [ -46.912084441883479, -23.24450290011518 ], [ -46.912141229601829, -23.244503057319207 ], [ -46.912197143955957, -23.244518327093921 ], [ -46.912213952025027, -23.244548562193202 ], [ -46.912230524059098, -23.244563694090893 ], [ -46.912271796605587, -23.244593950588936 ], [ -46.912290462564989, -23.24464701094892 ], [ -46.912291918290933, -23.244677419308001 ], [ -46.912301275051362, -23.244707785218555 ], [ -46.912303274891329, -23.244761172996018 ], [ -46.912288741005099, -23.244829875256624 ], [ -46.91226431492435, -23.244898525030205 ], [ -46.912246108334237, -23.24496667883178 ], [ -46.912228261323278, -23.245019608766963 ], [ -46.912218672949592, -23.245049541837414 ], [ -46.912183255528802, -23.245101827682767 ], [ -46.912165403541103, -23.245124034680618 ], [ -46.912123285463252, -23.245138798123737 ], [ -46.912048991641612, -23.245138734684229 ], [ -46.911999459703729, -23.245138676614143 ], [ -46.911974869460799, -23.245138735105062 ], [ -46.91192460841534, -23.245161011214893 ], [ -46.911833619006103, -23.245175779936588 ], [ -46.911751050575887, -23.245190694958026 ], [ -46.911726362611475, -23.245190682637759 ], [ -46.91166054936933, -23.245205741439229 ], [ -46.91161974545858, -23.245221056998123 ], [ -46.911578779728032, -23.245251410489455 ], [ -46.911529527255212, -23.24525907679946 ], [ -46.911463935866621, -23.245289564747857 ], [ -46.911390017433341, -23.245304879569474 ], [ -46.911357112183381, -23.245335157811382 ], [ -46.911315988369438, -23.245365466522383 ], [ -46.91125860529371, -23.245388635555141 ], [ -46.91122580774384, -23.245426907408973 ], [ -46.911201251377101, -23.245457674369167 ], [ -46.911176608879828, -23.245473132746291 ], [ -46.911102448315759, -23.24548107087114 ], [ -46.911044689025353, -23.245481041009761 ], [ -46.910995181290957, -23.24546561387378 ], [ -46.910970344745628, -23.245427179326153 ], [ -46.910953834415338, -23.24539648140312 ], [ -46.910937344413348, -23.245342935894524 ], [ -46.910929060220937, -23.245289606649688 ], [ -46.910896178825269, -23.245243931271368 ], [ -46.910863281781893, -23.245206053504056 ], [ -46.910822174380101, -23.245175877904373 ], [ -46.910731644557941, -23.245138280480049 ], [ -46.910690448232629, -23.245123298610864 ], [ -46.910616202059707, -23.245108470152413 ], [ -46.910575037932098, -23.24507821130857 ], [ -46.910542297111469, -23.245032678817552 ], [ -46.91054245581396, -23.245002156644961 ], [ -46.910534241553648, -23.244994578794682 ], [ -46.910526646609377, -23.244933617468575 ], [ -46.910502304245497, -23.244895693348614 ], [ -46.910461839410559, -23.244827568511223 ], [ -46.910429166885713, -23.244797400785501 ], [ -46.910404776606477, -23.244767228853995 ], [ -46.910355275090751, -23.244752271431054 ], [ -46.910296907571151, -23.244775099910466 ], [ -46.91025513693824, -23.244790368601841 ], [ -46.910221408891381, -23.244828385362496 ], [ -46.910196110258063, -23.244858827875472 ], [ -46.910195882973085, -23.244881610249763 ], [ -46.91019556139247, -23.244912015459079 ], [ -46.910203446398619, -23.244950062475993 ], [ -46.910211368745848, -23.244988117083896 ], [ -46.910227594628843, -23.245041363741585 ], [ -46.910235607262983, -23.245094615597161 ], [ -46.910235575077557, -23.245125001765444 ], [ -46.910235537890102, -23.24515533169868 ], [ -46.910235711352918, -23.245223460303507 ], [ -46.910235863753726, -23.245284014479779 ], [ -46.910235890373379, -23.245299163056799 ], [ -46.910202627922963, -23.24535248418227 ], [ -46.910202662448896, -23.245367621892449 ], [ -46.910185896081508, -23.245436166134848 ], [ -46.910185867132682, -23.245443786072745 ], [ -46.910127099907363, -23.245490376818445 ], [ -46.910076408039522, -23.245544752122285 ], [ -46.910034079276564, -23.245606657423227 ], [ -46.910025725525863, -23.245652421158898 ], [ -46.910025730968343, -23.245682901717164 ], [ -46.910025831539258, -23.245720845267126 ], [ -46.910042290781071, -23.245766688405052 ], [ -46.910075186388433, -23.245805137068039 ], [ -46.910099871320099, -23.245835892808596 ], [ -46.910116332467418, -23.245851328758853 ], [ -46.910157497545825, -23.245874706541844 ], [ -46.910173976600532, -23.245890157787059 ], [ -46.910223424227397, -23.245898432860407 ], [ -46.910264721130183, -23.245921812182257 ], [ -46.910281243809642, -23.245921960756856 ], [ -46.910330875779998, -23.245937718146635 ], [ -46.910372293225088, -23.245945737436596 ], [ -46.910405410610522, -23.24596137439433 ], [ -46.910471716507168, -23.245984972574202 ], [ -46.910513189509331, -23.245993046853055 ], [ -46.910571255927657, -23.246001489331615 ], [ -46.91062948455135, -23.24602480990082 ], [ -46.910652615641261, -23.246048795058321 ], [ -46.910660845894604, -23.246044866495765 ], [ -46.910675496176509, -23.246044688253264 ], [ -46.910690146458272, -23.246044510009398 ], [ -46.910704796739886, -23.246044331764164 ], [ -46.910719447021364, -23.246044153517566 ], [ -46.910734097302687, -23.246043975269611 ], [ -46.910748747583874, -23.246043797020285 ], [ -46.910763397864905, -23.246043618769594 ], [ -46.910778144598098, -23.246050209285976 ], [ -46.910792891332662, -23.246056799800876 ], [ -46.910807638068583, -23.246063390314283 ], [ -46.910822384805883, -23.246069980826206 ], [ -46.910844360230726, -23.246069713439077 ], [ -46.910859106970285, -23.24607630394738 ], [ -46.910873950168522, -23.246089663222218 ], [ -46.910888600453497, -23.246089484959523 ], [ -46.910903250738329, -23.24608930669546 ], [ -46.910917997482578, -23.246095897197883 ], [ -46.910932744228198, -23.246102487698813 ], [ -46.910947394514068, -23.24610230943054 ], [ -46.91095491257996, -23.246115757831269 ], [ -46.910969562867095, -23.246115579560836 ], [ -46.910984309617113, -23.246122170056598 ], [ -46.910999056368503, -23.246128760550867 ], [ -46.911013803121257, -23.246135351043662 ], [ -46.911035971485852, -23.246148621163719 ], [ -46.911043489563255, -23.246162069559368 ], [ -46.91106565793509, -23.2461753396747 ], [ -46.911073176017076, -23.24618878806859 ], [ -46.911087922779778, -23.246195378553686 ], [ -46.911102669543837, -23.246201969037298 ], [ -46.911110187631103, -23.246215417429017 ], [ -46.91112493439838, -23.246222007910308 ], [ -46.911139681167029, -23.246228598390097 ], [ -46.911154331464893, -23.246228420101623 ], [ -46.911161849558844, -23.246241868490383 ], [ -46.911176596331295, -23.246248458966427 ], [ -46.911191343105116, -23.246255049440993 ], [ -46.911206089880302, -23.246261639914071 ], [ -46.911206282830172, -23.246275177447181 ], [ -46.911228354759785, -23.246281678770579 ], [ -46.911243101539554, -23.246288269239841 ], [ -46.911243294493396, -23.24630180677261 ], [ -46.911250812600628, -23.246315255156127 ], [ -46.911251005555499, -23.246328792688789 ], [ -46.911251198510513, -23.246342330221431 ], [ -46.911251391465676, -23.246355867754048 ], [ -46.911251584420981, -23.246369405286629 ], [ -46.911244452219499, -23.246383031968705 ], [ -46.911229898382189, -23.246389979033065 ], [ -46.911222862653901, -23.24641037448071 ], [ -46.91121573044753, -23.246424001161749 ], [ -46.911208598239803, -23.246437627842539 ], [ -46.911194140869817, -23.246451343670497 ], [ -46.91118700865858, -23.246464970350498 ], [ -46.911172454809304, -23.246471917410254 ], [ -46.91115790095845, -23.246478864468752 ], [ -46.911158093905463, -23.24649240200187 ], [ -46.911143443578794, -23.246492580292607 ], [ -46.911128793251983, -23.246492758581972 ], [ -46.911128986196182, -23.246506296115307 ], [ -46.911119269127795, -23.246506414367953 ], [ -46.91112054789911, -23.246511172640378 ], [ -46.911128981878292, -23.246573551533949 ], [ -46.911154195908679, -23.24659852175251 ], [ -46.911154378331069, -23.24664585101954 ], [ -46.911154563087898, -23.246693359041242 ], [ -46.911171522586457, -23.246733920156139 ], [ -46.911180096535212, -23.246774053869199 ], [ -46.911180324395353, -23.246814277834005 ], [ -46.911172129594753, -23.246846420343353 ], [ -46.911155512416613, -23.246878290440279 ], [ -46.911130567105339, -23.24692613774781 ], [ -46.911105407594917, -23.246941446377299 ], [ -46.911046811450852, -23.246980836469014 ], [ -46.911013288545163, -23.246996317016091 ], [ -46.910971404375559, -23.247020225894687 ], [ -46.910912730515278, -23.24703616606255 ], [ -46.910870782003769, -23.247044157170006 ], [ -46.910795203887339, -23.2470689142149 ], [ -46.910744812389318, -23.247092232428063 ], [ -46.910703032570424, -23.247128879066789 ], [ -46.910686380651498, -23.247142734701423 ], [ -46.910653180836277, -23.247193327571161 ], [ -46.91061165263644, -23.247275056320191 ], [ -46.9105948492113, -23.247321717450891 ], [ -46.910594565645539, -23.247362615281808 ], [ -46.910577697742639, -23.24740989749673 ], [ -46.910560514982613, -23.247467238616746 ], [ -46.910560177248037, -23.247500877234028 ], [ -46.910543188506963, -23.247533397058685 ], [ -46.910542798156847, -23.247567401145826 ], [ -46.910484053641483, -23.247605229322051 ], [ -46.910442325267823, -23.247626505078028 ], [ -46.910425322321878, -23.247658605544274 ], [ -46.910416954979247, -23.247666108411863 ], [ -46.910350969902211, -23.247674800843651 ], [ -46.910326074962605, -23.247688831042627 ], [ -46.910251822880269, -23.247698764244941 ], [ -46.910187544651073, -23.24764924251226 ], [ -46.910139866303673, -23.247609549366441 ], [ -46.910108254528303, -23.247580670035337 ], [ -46.91007670644332, -23.247552120946825 ], [ -46.910061424734756, -23.24751734105061 ], [ -46.910045805018719, -23.247483895172977 ], [ -46.91004644099965, -23.247451472167167 ], [ -46.910072083690011, -23.247380324117255 ], [ -46.910072371094678, -23.247356670090472 ], [ -46.910081024624311, -23.24730991045675 ], [ -46.910088736016753, -23.247299281700613 ], [ -46.910078021810335, -23.247304395843411 ], [ -46.910063467807809, -23.247311342809464 ], [ -46.910056335438618, -23.247324969447341 ], [ -46.910045049800544, -23.247325106715341 ], [ -46.910036554976578, -23.247345582383307 ], [ -46.90999705202092, -23.24739060436594 ], [ -46.909966119784251, -23.247428670073237 ], [ -46.909937329186043, -23.247498203800575 ], [ -46.909923196362847, -23.247536997154814 ], [ -46.909899692301657, -23.247559914580656 ], [ -46.909852506592259, -23.247598228278491 ], [ -46.909822489214307, -23.247618773869551 ], [ -46.909825977840129, -23.247612108769275 ], [ -46.909818845432319, -23.247625735398518 ], [ -46.909811713023139, -23.247639362027503 ], [ -46.909797158969859, -23.24764630897192 ], [ -46.909797351790374, -23.247659846513802 ], [ -46.909782797734103, -23.247666793457054 ], [ -46.909782990553346, -23.24768033099901 ], [ -46.909768340085158, -23.247680509170078 ], [ -46.909768532903072, -23.247694046712137 ], [ -46.909754372824807, -23.247694218918149 ], [ -46.909750487025029, -23.247697859645406 ], [ -46.909746911612501, -23.247700837971628 ], [ -46.909739424778387, -23.247707940592676 ], [ -46.909738369673576, -23.247707953424054 ], [ -46.909695190251817, -23.247743921951901 ], [ -46.909671970549063, -23.247774833478381 ], [ -46.909663592008833, -23.247774552561406 ], [ -46.909631434073461, -23.247812064132461 ], [ -46.909590919636443, -23.247849337697989 ], [ -46.909541495350872, -23.247885700842993 ], [ -46.909491396840266, -23.247913750781478 ], [ -46.909467284951752, -23.24795119757783 ], [ -46.90942536541435, -23.247971757965523 ], [ -46.909401193302678, -23.247994211002041 ], [ -46.909361685655682, -23.248047556892768 ], [ -46.90934556027451, -23.248062535851474 ], [ -46.909296794401811, -23.248099504805957 ], [ -46.909264429131852, -23.248121876215645 ], [ -46.909207559759217, -23.248158812556397 ], [ -46.909166487199073, -23.24818023617512 ], [ -46.909146956490048, -23.248188446124061 ], [ -46.909138040379865, -23.248177818721292 ], [ -46.909297872865423, -23.248368327924666 ], [ -46.909516066423102, -23.248584659245402 ], [ -46.909718459042352, -23.248743586917712 ], [ -46.909977968948532, -23.248899387004865 ], [ -46.909987140031106, -23.248896437740186 ], [ -46.909987043605518, -23.248889668971056 ], [ -46.909994320691773, -23.248886195486577 ], [ -46.910001645990768, -23.248886106386319 ], [ -46.910005212213804, -23.248879293067009 ], [ -46.910008778436499, -23.248872479747632 ], [ -46.910016103734684, -23.248872390646753 ], [ -46.910016007307746, -23.248865621877719 ], [ -46.910015910880851, -23.248858853108683 ], [ -46.910015814453992, -23.248852084339649 ], [ -46.910015718027168, -23.248845315570605 ], [ -46.910022995110261, -23.248841842084978 ], [ -46.910030223979199, -23.24883498421455 ], [ -46.910030127551728, -23.248828215445549 ], [ -46.910035612322261, -23.248812926202191 ], [ -46.910036543111779, -23.248812481919032 ], [ -46.910036519004848, -23.248810789726782 ], [ -46.910038338275058, -23.248809921355207 ], [ -46.910040157545232, -23.248809052983596 ], [ -46.910040133438272, -23.248807360791346 ], [ -46.910041952708404, -23.248806492419739 ], [ -46.910043784032013, -23.248806470144221 ], [ -46.910044675586803, -23.24880476681421 ], [ -46.910046494856864, -23.248803898442546 ], [ -46.910048314126904, -23.248803030070864 ], [ -46.910050133396922, -23.248802161699157 ], [ -46.910051024951599, -23.248800458369114 ], [ -46.910052844221561, -23.248799589997382 ], [ -46.910054675545069, -23.248799567721747 ], [ -46.910054651437932, -23.248797875529515 ], [ -46.910056470707829, -23.248797007157744 ], [ -46.9100573622624, -23.248795303827674 ], [ -46.91005916947865, -23.24879358935976 ], [ -46.910061000802067, -23.248793567084057 ], [ -46.910061892356559, -23.248791863753972 ], [ -46.910062783911016, -23.24879016042388 ], [ -46.91006461523439, -23.248790138148141 ], [ -46.910066434504117, -23.248789269776253 ], [ -46.91006732605851, -23.248787566446147 ], [ -46.91006914532818, -23.248786698074237 ], [ -46.910070964597828, -23.248785829702321 ], [ -46.910072771813773, -23.248784115234258 ], [ -46.910074591083358, -23.248783246862299 ], [ -46.910076410352929, -23.248782378490315 ], [ -46.910076386245535, -23.248780686298105 ], [ -46.910078205515049, -23.248779817926092 ], [ -46.910080024784541, -23.248778949554087 ], [ -46.910081856107738, -23.248778927278149 ], [ -46.910083687430934, -23.248778905002194 ], [ -46.910083663323448, -23.24877721280998 ], [ -46.910085482592869, -23.248776344437903 ], [ -46.910087301862262, -23.248775476065799 ], [ -46.910089109077859, -23.248773761597572 ], [ -46.910090928347188, -23.248772893225446 ], [ -46.910092747616496, -23.248772024853292 ], [ -46.910093639170448, -23.24877032152305 ], [ -46.910094530724365, -23.248768618192802 ], [ -46.910096337939784, -23.248766903724512 ], [ -46.910098157208964, -23.248766035352304 ], [ -46.910098108993672, -23.248762650967901 ], [ -46.910099940316627, -23.248762628691772 ], [ -46.91010174753189, -23.248760914223428 ], [ -46.910101723424205, -23.248759222031236 ], [ -46.910102614977959, -23.248757518700959 ], [ -46.910103506531691, -23.248755815370675 ], [ -46.910103482423985, -23.248754123178486 ], [ -46.910105313746818, -23.2487541009023 ], [ -46.910105289639098, -23.248752408710104 ], [ -46.910106181192766, -23.248750705379809 ], [ -46.910106157085032, -23.248749013187613 ], [ -46.910107964300039, -23.248747298719209 ], [ -46.91010794019229, -23.248745606527024 ], [ -46.910108819692006, -23.248743057100626 ], [ -46.910109711245575, -23.24874135377031 ], [ -46.91011243412175, -23.248739628163747 ], [ -46.910112410013951, -23.248737935971548 ], [ -46.910113277459644, -23.248734540449039 ], [ -46.910114144905293, -23.248731144926523 ], [ -46.910115964173883, -23.248730276554141 ], [ -46.910115928012132, -23.24872773826586 ], [ -46.910116807511606, -23.248725188839419 ], [ -46.910118626780104, -23.248724320467023 ], [ -46.910118602672242, -23.248722628274827 ], [ -46.910118578564386, -23.248720936082648 ], [ -46.910119470117706, -23.248719232752297 ], [ -46.910119446009837, -23.248717540560104 ], [ -46.910120337563129, -23.248715837229753 ], [ -46.910122144777525, -23.248714122761218 ], [ -46.910122108615688, -23.248711584472947 ], [ -46.910123000168902, -23.248709881142581 ], [ -46.910122964007058, -23.248707342854296 ], [ -46.910123855560244, -23.24870563952393 ], [ -46.910123831452339, -23.248703947331748 ], [ -46.910123807344441, -23.248702255139555 ], [ -46.910123783236543, -23.24870056294737 ], [ -46.910124674789671, -23.248698859616997 ], [ -46.910124650681766, -23.248697167424819 ], [ -46.910125530180913, -23.248694617998353 ], [ -46.910126421733992, -23.248692914667973 ], [ -46.910126397626065, -23.248691222475784 ], [ -46.910126373518153, -23.248689530283599 ], [ -46.910127265071189, -23.248687826953223 ], [ -46.910127240963263, -23.248686134761037 ], [ -46.910127216855344, -23.248684442568848 ], [ -46.910127192747417, -23.248682750376656 ], [ -46.910127168639498, -23.24868105818447 ], [ -46.910127132477626, -23.248678519896188 ], [ -46.910128011976624, -23.248675970469712 ], [ -46.910128903529568, -23.248674267139325 ], [ -46.910129783028516, -23.248671717712845 ], [ -46.910129758920569, -23.248670025520664 ], [ -46.910130638419481, -23.248667476094173 ], [ -46.910132457687119, -23.248666607721656 ], [ -46.910132421525169, -23.248664069433381 ], [ -46.910132397417208, -23.248662377241196 ], [ -46.910132373309253, -23.248660685049003 ], [ -46.910132349201291, -23.248658992856818 ], [ -46.910131409432594, -23.248657311802848 ], [ -46.910130469663926, -23.248655630748857 ], [ -46.910130433502026, -23.248653092460575 ], [ -46.910130409394107, -23.248651400268379 ], [ -46.91013038528618, -23.24864970807619 ], [ -46.910129445517583, -23.248648027022188 ], [ -46.910129421409678, -23.248646334830006 ], [ -46.910129397301773, -23.248644642637807 ], [ -46.910128457533226, -23.248642961583794 ], [ -46.910127517764707, -23.248641280529782 ], [ -46.910126577996209, -23.248639599475762 ], [ -46.910126553888347, -23.24863790728357 ], [ -46.910125614119885, -23.248636226229529 ], [ -46.910125577958127, -23.248633687941233 ], [ -46.910125553850285, -23.248631995749029 ], [ -46.910125529742444, -23.24863030355683 ], [ -46.91012550563461, -23.24862861136463 ], [ -46.910125481526777, -23.248626919172434 ], [ -46.910124541758414, -23.248625238118382 ], [ -46.910124517650594, -23.248623545926176 ], [ -46.910123577882281, -23.248621864872117 ], [ -46.91012354172058, -23.248619326583817 ], [ -46.910123517612774, -23.248617634391614 ], [ -46.910122565790623, -23.248615107241445 ], [ -46.910122541682846, -23.248613415049245 ], [ -46.91012250552118, -23.248610876760925 ], [ -46.910122481413403, -23.248609184568721 ], [ -46.910122445251744, -23.248606646280408 ], [ -46.910122409090086, -23.248604107992097 ], [ -46.910122384982316, -23.248602415799891 ], [ -46.910121445214195, -23.248600734745807 ], [ -46.910121421106439, -23.248599042553593 ], [ -46.910121396998697, -23.248597350361379 ], [ -46.910121372890949, -23.248595658169169 ], [ -46.910121348783207, -23.248593965976962 ], [ -46.910121324675465, -23.248592273784745 ], [ -46.910121300567724, -23.248590581592534 ], [ -46.910121276459989, -23.248588889400317 ], [ -46.910121252352255, -23.24858719720811 ], [ -46.910121216190653, -23.248584658919782 ], [ -46.910121192082926, -23.248582966727575 ], [ -46.910121155921331, -23.248580428439251 ], [ -46.910121131813611, -23.248578736247033 ], [ -46.910121107705891, -23.248577044054819 ], [ -46.91012108359817, -23.248575351862595 ], [ -46.91012105949045, -23.248573659670381 ], [ -46.910121035382737, -23.248571967478171 ], [ -46.910119179954727, -23.248570297562154 ], [ -46.910118228133058, -23.24856777041192 ], [ -46.910119119685511, -23.248566067081597 ], [ -46.910120902790354, -23.248562660420962 ], [ -46.910120854574956, -23.248559276036531 ], [ -46.91012263767967, -23.248555869375878 ], [ -46.910126276212118, -23.248554132631174 ], [ -46.910126227996606, -23.24855074824675 ], [ -46.910128011101087, -23.24854734158605 ], [ -46.910127962885547, -23.248543957201619 ], [ -46.910128631549689, -23.248542679703856 ], [ -46.910129745989906, -23.248540550540906 ], [ -46.910129697774337, -23.248537166156485 ], [ -46.910131480878569, -23.248533759495754 ], [ -46.910131432662979, -23.248530375111326 ], [ -46.910131384447389, -23.248526990726887 ], [ -46.910131336231807, -23.248523606342459 ], [ -46.910131288016231, -23.248520221958024 ], [ -46.91013123980067, -23.248516837573579 ], [ -46.910131191585123, -23.248513453189144 ], [ -46.910131143369583, -23.248510068804705 ], [ -46.910131095154043, -23.248506684420267 ], [ -46.910131046938524, -23.248503300035818 ], [ -46.910130998723005, -23.248499915651376 ], [ -46.910130950507501, -23.248496531266927 ], [ -46.910130902292003, -23.248493146882485 ], [ -46.910132685395709, -23.248489740221764 ], [ -46.910134468499329, -23.24848633356104 ], [ -46.910134420283768, -23.248482949176587 ], [ -46.91013620338726, -23.248479542515852 ], [ -46.910136155171671, -23.248476158131403 ], [ -46.910137938275042, -23.24847275147064 ], [ -46.910137890059424, -23.248469367086198 ], [ -46.910137841843813, -23.248465982701745 ], [ -46.910141480373689, -23.248464245956864 ], [ -46.910141432157999, -23.248460861572415 ], [ -46.910141383942324, -23.248457477187973 ], [ -46.910144998364039, -23.2484540482508 ], [ -46.910144950148286, -23.248450663866358 ], [ -46.91014490193254, -23.248447279481923 ], [ -46.910144853716808, -23.248443895097481 ], [ -46.910144805501083, -23.248440510713042 ], [ -46.910144757285359, -23.248437126328586 ], [ -46.910142877751241, -23.248433764220504 ], [ -46.910140998217216, -23.248430402112373 ], [ -46.910140950001619, -23.248427017727924 ], [ -46.910140901786029, -23.248423633343464 ], [ -46.910140853570446, -23.248420248959004 ], [ -46.910140805354878, -23.248416864574548 ], [ -46.910140757139317, -23.248413480190081 ], [ -46.910138877605661, -23.248410118081903 ], [ -46.910138829390164, -23.248406733697429 ], [ -46.91013878117468, -23.248403349312962 ], [ -46.910138732959204, -23.248399964928488 ], [ -46.910138684743728, -23.248396580544021 ], [ -46.910138636528274, -23.248393196159537 ], [ -46.910138588312819, -23.248389811775073 ], [ -46.910138540097378, -23.248386427390582 ], [ -46.910138491881945, -23.248383043006104 ], [ -46.910138443666519, -23.248379658621623 ], [ -46.910138395451099, -23.248376274237131 ], [ -46.910136515918104, -23.248372912128882 ], [ -46.910136467702756, -23.248369527744394 ], [ -46.910136419487408, -23.248366143359902 ], [ -46.910136371272074, -23.248362758975404 ], [ -46.910136323056747, -23.248359374590912 ], [ -46.910136274841435, -23.248355990206413 ], [ -46.910136226626129, -23.248352605821918 ], [ -46.910136178410838, -23.248349221437419 ], [ -46.910136130195546, -23.24834583705292 ], [ -46.910134250663084, -23.248342474944589 ], [ -46.910134202447864, -23.248339090560084 ], [ -46.910132322915558, -23.248335728451718 ], [ -46.910132274700402, -23.248332344067194 ], [ -46.910132226485253, -23.248328959682684 ], [ -46.910132178270111, -23.248325575298157 ], [ -46.910132130054976, -23.248322190913651 ], [ -46.910132081839855, -23.24831880652912 ], [ -46.910132048691963, -23.248316479764586 ], [ -46.910132033624734, -23.248315422144607 ], [ -46.910132021570966, -23.248314576048294 ], [ -46.910131985409635, -23.24831203776008 ], [ -46.910131937194535, -23.24830865337556 ], [ -46.91013188897945, -23.248305268991029 ], [ -46.910131840764372, -23.248301884606505 ], [ -46.910131792549308, -23.248298500221971 ], [ -46.910131744334244, -23.248295115837433 ], [ -46.910131696119194, -23.248291731452905 ], [ -46.9101353346446, -23.248289994708426 ], [ -46.910135286429473, -23.248286610323905 ], [ -46.910135277389131, -23.248285975751617 ], [ -46.910135238214352, -23.248283225939371 ], [ -46.910137021315563, -23.248279819278718 ], [ -46.910136973100414, -23.248276434894183 ], [ -46.910136924885272, -23.248273050509649 ], [ -46.910136876670144, -23.248269666125118 ], [ -46.910136828455023, -23.24826628174058 ], [ -46.910136780239917, -23.248262897356053 ], [ -46.91013673202481, -23.248259512971504 ], [ -46.910138515125716, -23.248256106310855 ], [ -46.910138466910581, -23.24825272192632 ], [ -46.910138418695468, -23.248249337541779 ], [ -46.910138370480347, -23.248245953157234 ], [ -46.910140153581054, -23.24824254649657 ], [ -46.910141936681676, -23.248239139835881 ], [ -46.910141888466498, -23.248235755451336 ], [ -46.91014256616954, -23.248235112525677 ], [ -46.910145502882663, -23.248232326514461 ], [ -46.910145454667408, -23.24822894212992 ], [ -46.910145406452166, -23.248225557745396 ], [ -46.910145310021704, -23.24821878897632 ], [ -46.910145261806491, -23.248215404591772 ], [ -46.910143382275891, -23.248212042483406 ], [ -46.910142520824337, -23.24821050151693 ], [ -46.910149448453978, -23.248203929387827 ], [ -46.910153014653773, -23.248197116066297 ], [ -46.910152918223055, -23.248190347297228 ], [ -46.910152821792387, -23.248183578528149 ], [ -46.910152725361748, -23.248176809759066 ], [ -46.910156291560753, -23.2481699964375 ], [ -46.91015985775941, -23.248163183115867 ], [ -46.910159761328515, -23.248156414346798 ], [ -46.910167038371327, -23.248152940856937 ], [ -46.910166941940105, -23.248146172087885 ], [ -46.910170508137675, -23.248139358766071 ], [ -46.910170411706346, -23.248132589997024 ], [ -46.91017031527506, -23.248125821227969 ], [ -46.910177640531771, -23.248125732122251 ], [ -46.910184821140476, -23.248115489862691 ], [ -46.910188339120353, -23.248105292156058 ], [ -46.910195567943433, -23.248098434280593 ], [ -46.910199134138409, -23.248091620958267 ], [ -46.910206362960217, -23.248084763082385 ], [ -46.910206266527332, -23.248077994313434 ], [ -46.91021349534806, -23.248071136437268 ], [ -46.910217061541474, -23.248064323114622 ], [ -46.910220627734553, -23.248057509791916 ], [ -46.910227904770387, -23.248054036299656 ], [ -46.91023879621482, -23.248047133868461 ], [ -46.91024602503223, -23.248040275991009 ], [ -46.9102532538489, -23.248033418113252 ], [ -46.910260530882518, -23.248029944619624 ], [ -46.91026043444716, -23.24802317585084 ], [ -46.910267711480024, -23.248019702356892 ], [ -46.910274988512505, -23.248016228862657 ], [ -46.91028221732639, -23.248009370983745 ], [ -46.910285783514787, -23.248002557659827 ], [ -46.910285687078279, -23.247995788891114 ], [ -46.910292964108969, -23.247992315396143 ], [ -46.910296530296414, -23.24798550207203 ], [ -46.910300096483518, -23.24797868874786 ], [ -46.910300000046398, -23.247971919979189 ], [ -46.910303566233011, -23.247965106654959 ], [ -46.91031084326157, -23.247961633159285 ], [ -46.910314409447381, -23.247954819834856 ], [ -46.91031797563285, -23.24794800651037 ], [ -46.910325204440966, -23.247941148629806 ], [ -46.910328770625554, -23.247934335305118 ], [ -46.910336047651768, -23.24793086180842 ], [ -46.910343276458043, -23.247924003927135 ], [ -46.91035050526358, -23.247917146045562 ], [ -46.910357685848517, -23.247906903779437 ], [ -46.910364914652412, -23.2479000458973 ], [ -46.910368480833981, -23.247893232571879 ], [ -46.910375709636597, -23.247886374689312 ], [ -46.910379275817284, -23.2478795613637 ], [ -46.910386601059663, -23.247879472249128 ], [ -46.910393878081294, -23.247875998750033 ], [ -46.910401106881658, -23.247869140866417 ], [ -46.910401010439955, -23.247862372098048 ], [ -46.910408287460264, -23.247858898598356 ], [ -46.910415564480175, -23.247855425098344 ], [ -46.910422793278329, -23.247848567213875 ], [ -46.910433636474174, -23.247838280386631 ], [ -46.91044447966835, -23.247827993558726 ], [ -46.910448045844106, -23.247821180231838 ], [ -46.910455274638764, -23.247814322346073 ], [ -46.910458840813639, -23.24780750901899 ], [ -46.910458744369301, -23.247800740250796 ], [ -46.910466021384686, -23.247797266748716 ], [ -46.910465924940034, -23.247790497980542 ], [ -46.910465828495411, -23.247783729212369 ], [ -46.910465732050838, -23.247776960444181 ], [ -46.910465635606293, -23.24777019167599 ], [ -46.910465539161784, -23.247763422907795 ], [ -46.91046544271731, -23.247756654139589 ], [ -46.910465346272872, -23.247749885371377 ], [ -46.910457972815898, -23.247746590105034 ], [ -46.910454213754676, -23.247739865895529 ], [ -46.910454117310884, -23.247733097127256 ], [ -46.910454020867135, -23.247726328358983 ], [ -46.910453924423415, -23.247719559590699 ], [ -46.91045382797973, -23.247712790822415 ], [ -46.910457394152381, -23.247705977495446 ], [ -46.910457297708582, -23.247699208727159 ], [ -46.910464526496639, -23.247692350841344 ], [ -46.910471755283957, -23.247685492955224 ], [ -46.910471658839533, -23.247678724186986 ], [ -46.910478887625786, -23.247671866300607 ], [ -46.910482453796192, -23.247665052973201 ], [ -46.91048601996625, -23.247658239645734 ], [ -46.910489586135967, -23.247651426318193 ], [ -46.910493152305335, -23.247644612990605 ], [ -46.91050038108871, -23.247637755103401 ], [ -46.910500284643064, -23.247630986335224 ], [ -46.910500188197446, -23.247624217567036 ], [ -46.910503754365642, -23.247617404239268 ], [ -46.910507320533505, -23.247610590911432 ], [ -46.9105071276418, -23.247597053375085 ], [ -46.910514404645106, -23.247593579871502 ], [ -46.910514308198955, -23.247586811103343 ], [ -46.910521585201515, -23.247583337599458 ], [ -46.910528813980264, -23.247576479711217 ], [ -46.910547030595417, -23.247569488141401 ], [ -46.910557970208359, -23.247565970075353 ], [ -46.910572475983855, -23.247555638679547 ], [ -46.910583270920746, -23.247541967459952 ], [ -46.910590547918922, -23.24753849395314 ], [ -46.910601487528012, -23.247534975884296 ], [ -46.910605053688869, -23.247528162554637 ], [ -46.910604957238441, -23.247521393786791 ], [ -46.910612186009537, -23.247514535895156 ], [ -46.910615703943918, -23.247504338181404 ], [ -46.910622980939166, -23.24750086467326 ], [ -46.910630306159817, -23.247500775548691 ], [ -46.910633872318371, -23.247493962218517 ], [ -46.910641197538595, -23.247493873093468 ], [ -46.910659414135978, -23.247486881511662 ], [ -46.910673968121685, -23.247479934491274 ], [ -46.910681293340964, -23.247479845364403 ], [ -46.910699509934048, -23.247472853778209 ], [ -46.910717678297182, -23.247462477806287 ], [ -46.910732280505158, -23.247458915164547 ], [ -46.910732184048641, -23.247452146397141 ], [ -46.910739412809306, -23.247445288500266 ], [ -46.910742978960862, -23.247438475168032 ], [ -46.910742882503897, -23.247431706400651 ], [ -46.910742786046967, -23.247424937633255 ], [ -46.91074268959008, -23.247418168865867 ], [ -46.910742593133214, -23.247411400098457 ], [ -46.910746159283846, -23.247404586766187 ], [ -46.910746062826874, -23.247397817998795 ], [ -46.910745966369937, -23.247391049231386 ], [ -46.910749532519922, -23.247384235899062 ], [ -46.910753098669566, -23.247377422566689 ], [ -46.910756664818869, -23.24737060923426 ], [ -46.910760230967824, -23.247363795901762 ], [ -46.910763797116445, -23.247356982569197 ], [ -46.910767363264718, -23.247350169236576 ], [ -46.910767266806936, -23.247343400469212 ], [ -46.91077449556024, -23.247336542571144 ], [ -46.910774399102159, -23.247329773803795 ], [ -46.910774302644114, -23.247323005036442 ], [ -46.910774206186098, -23.247316236269082 ], [ -46.910774109728131, -23.247309467501719 ], [ -46.910774013270192, -23.247302698734334 ], [ -46.910773916812289, -23.24729592996696 ], [ -46.910781242021095, -23.247295840836085 ], [ -46.910781145562858, -23.247289072068735 ], [ -46.910788470771266, -23.247288982937551 ], [ -46.910795699520691, -23.247282125038726 ], [ -46.910802976499014, -23.247278651523253 ], [ -46.910810253476939, -23.247275178007463 ], [ -46.910821144828041, -23.247268275541387 ], [ -46.910828277114192, -23.247254648874033 ], [ -46.910828180653773, -23.247247880106819 ], [ -46.91082442159059, -23.247241155906085 ], [ -46.910824325130427, -23.247234387138853 ], [ -46.910824228670307, -23.247227618371614 ], [ -46.910816903465417, -23.247227707504248 ], [ -46.910816807005695, -23.247220938736959 ], [ -46.910812999714189, -23.247210830152195 ], [ -46.910812855025036, -23.247200677001231 ], [ -46.910805529821559, -23.247200766133233 ], [ -46.91080543336254, -23.247193997365891 ], [ -46.910805336903557, -23.247187228598541 ], [ -46.910805240444617, -23.247180459831192 ], [ -46.910808806586708, -23.247173646497931 ], [ -46.910808710127647, -23.247166877730578 ], [ -46.910808613668621, -23.247160108963218 ], [ -46.91081217981008, -23.247153295629914 ], [ -46.910815697721546, -23.247143097912872 ], [ -46.910826685521954, -23.247142964214348 ], [ -46.910834010722176, -23.247142875081568 ], [ -46.910845046752833, -23.247146125765383 ], [ -46.910852371953155, -23.247146036631737 ], [ -46.910859697153441, -23.247145947497753 ], [ -46.910867070584636, -23.247149242746996 ], [ -46.910874444016173, -23.247152537995866 ], [ -46.91088181744805, -23.247155833244364 ], [ -46.910889190880276, -23.247159128492495 ], [ -46.91090027514516, -23.247165763555742 ], [ -46.91090760034632, -23.247165674419453 ], [ -46.910918588147986, -23.247165540714374 ], [ -46.910933190317429, -23.247161978056312 ], [ -46.910944178118626, -23.247161844349467 ], [ -46.91095145508627, -23.247158370827748 ], [ -46.910966057253837, -23.247154808166734 ], [ -46.91097338245411, -23.247154719027414 ], [ -46.910980707654353, -23.247154629887753 ], [ -46.910988032854561, -23.247154540747751 ], [ -46.910995358054727, -23.247154451607411 ], [ -46.91100624938597, -23.247147549129672 ], [ -46.911013574585674, -23.247147459988504 ], [ -46.911020851550525, -23.247143986463733 ], [ -46.911031839349683, -23.247143852750856 ], [ -46.911039116313809, -23.247140379225272 ], [ -46.91104644151298, -23.247140290082605 ], [ -46.911050007641471, -23.247133476744711 ], [ -46.911057284604517, -23.247130003218356 ], [ -46.911064609803049, -23.247129914074876 ], [ -46.911079260200005, -23.247129735786885 ], [ -46.911086585398422, -23.247129646642378 ], [ -46.911097573195981, -23.247129512924975 ], [ -46.911108512756478, -23.247125994823712 ], [ -46.911115837954569, -23.247125905677859 ], [ -46.91112311491527, -23.247122432148586 ], [ -46.911130343638057, -23.247115574235931 ], [ -46.911137620597785, -23.247112100706055 ], [ -46.911144849319257, -23.247105242792813 ], [ -46.911152078039997, -23.24709838487928 ], [ -46.911159403236397, -23.247098295731494 ], [ -46.911166631955979, -23.247091437817364 ], [ -46.911173860674836, -23.247084579902946 ], [ -46.911181137631665, -23.247081106371219 ], [ -46.911188366349208, -23.247074248456212 ], [ -46.911195546826967, -23.247064006157956 ], [ -46.911202775542861, -23.247057148242376 ], [ -46.911202679064466, -23.247050379476487 ], [ -46.911210004258024, -23.247050290326513 ], [ -46.911217281211989, -23.247046816793276 ], [ -46.911224461686132, -23.247036574493908 ], [ -46.911224365206735, -23.247029805728086 ], [ -46.911231642159201, -23.24702633219427 ], [ -46.911249858658806, -23.247019340549805 ], [ -46.911264460801419, -23.247015777862501 ], [ -46.911279014702139, -23.247008830791067 ], [ -46.911286291651891, -23.247005357254892 ], [ -46.911300845550237, -23.246998410181579 ], [ -46.91130441166213, -23.2469915968389 ], [ -46.911311736852042, -23.246991507684399 ], [ -46.911311640368446, -23.246984738918876 ], [ -46.911311543884892, -23.246977970153349 ], [ -46.911315109995762, -23.246971156810478 ], [ -46.911322435184509, -23.246971067655554 ], [ -46.911329808615442, -23.246974362883009 ], [ -46.911340796398726, -23.246974229149441 ], [ -46.911348169830219, -23.246977524375986 ], [ -46.911355495019173, -23.246977435219485 ], [ -46.91135559150495, -23.246984203984848 ], [ -46.911355736233673, -23.246994357132859 ], [ -46.911355832719536, -23.247001125898187 ], [ -46.91135226661013, -23.247007939241868 ], [ -46.91135236309588, -23.247014708007207 ], [ -46.911345086147577, -23.247018181546377 ], [ -46.911341568279866, -23.247028379272546 ], [ -46.91134166476516, -23.247035148037913 ], [ -46.911341761250505, -23.247041916803266 ], [ -46.911341857735884, -23.247048685568611 ], [ -46.911341954221299, -23.247055454333953 ], [ -46.911342050706743, -23.247062223099295 ], [ -46.911345809789232, -23.24706894728639 ], [ -46.911345906274938, -23.247075716051697 ], [ -46.911356894066415, -23.247075582316452 ], [ -46.911356990552711, -23.247082351081712 ], [ -46.911357087039043, -23.247089119846969 ], [ -46.911357183525418, -23.247095888612215 ], [ -46.91136455696418, -23.247099183837481 ], [ -46.911371930403291, -23.247102479062374 ], [ -46.911375689488501, -23.247109203248552 ], [ -46.911383062928415, -23.247112498472855 ], [ -46.911390436368663, -23.247115793696803 ], [ -46.911390532856842, -23.24712256246189 ], [ -46.91139062934505, -23.247129331226976 ], [ -46.911390725833307, -23.247136099992051 ], [ -46.911394484920493, -23.247142824177633 ], [ -46.911398244008083, -23.24714954836308 ], [ -46.911402003096072, -23.247156272548416 ], [ -46.911402099585018, -23.247163041313428 ], [ -46.911402196074, -23.247169810078432 ], [ -46.911402340807548, -23.247179963225928 ], [ -46.911402437296623, -23.247186731990915 ], [ -46.911402533785733, -23.247193500755898 ], [ -46.911402630274885, -23.247200269520878 ], [ -46.911406389364693, -23.247206993705955 ], [ -46.911406485854108, -23.247213762470906 ], [ -46.911406582343545, -23.247220531235861 ], [ -46.911414004035372, -23.24722721084067 ], [ -46.91142142572793, -23.247233890445074 ], [ -46.911425233064982, -23.247243999011971 ], [ -46.911432654759054, -23.247250678615735 ], [ -46.911432799495465, -23.247260831762944 ], [ -46.911440172945206, -23.247264126983875 ], [ -46.911443980284666, -23.247274235550126 ], [ -46.91144773937885, -23.247280959733882 ], [ -46.911451498473426, -23.247287683917506 ], [ -46.911455257568399, -23.247294408101027 ], [ -46.911462679266847, -23.247301087703054 ], [ -46.911462775759524, -23.247307856467696 ], [ -46.911466534855684, -23.247314580650848 ], [ -46.911470293952242, -23.247321304833875 ], [ -46.911477619159449, -23.247321215670446 ], [ -46.911485040860519, -23.247327895271216 ], [ -46.91149241431517, -23.247331190489323 ], [ -46.911499787770168, -23.247334485707064 ], [ -46.91149988426487, -23.247341254471536 ], [ -46.911507209473044, -23.247341165306654 ], [ -46.911510968572415, -23.247347889488498 ], [ -46.911514727672184, -23.247354613670229 ], [ -46.911522101128973, -23.247357908886794 ], [ -46.911522245872909, -23.247368062033331 ], [ -46.911529571082447, -23.247367972867305 ], [ -46.911536944540309, -23.247371268083093 ], [ -46.911544317998519, -23.247374563298504 ], [ -46.91155169145707, -23.247377858513548 ], [ -46.911559064915963, -23.24738115372822 ], [ -46.911564100997836, -23.247381092425403 ], [ -46.9115657456056, -23.247384034254392 ], [ -46.91156940821071, -23.247383989670372 ], [ -46.911571287762534, -23.247387351760416 ], [ -46.911574950367729, -23.247387307176261 ], [ -46.911578612972917, -23.247387262592035 ], [ -46.911582275578091, -23.247387218007713 ], [ -46.911585938183265, -23.247387173423309 ], [ -46.911587817735537, -23.247390535513112 ], [ -46.911591480340782, -23.247390490928574 ], [ -46.911595142946013, -23.24739044634395 ], [ -46.911598805551243, -23.24739040175924 ], [ -46.911602468156467, -23.247390357174449 ], [ -46.911606154886755, -23.247392004780576 ], [ -46.911609817492007, -23.247391960195603 ], [ -46.911613504222416, -23.247393607801548 ], [ -46.911617166827689, -23.247393563216402 ], [ -46.91162268486088, -23.247395188529506 ], [ -46.911626371591517, -23.247396836135128 ], [ -46.911630034196854, -23.247396791549683 ], [ -46.911633696802184, -23.247396746964149 ], [ -46.9116373594075, -23.247396702378531 ], [ -46.911641022012809, -23.247396657792823 ], [ -46.911644708743687, -23.247398305397997 ], [ -46.911648371349017, -23.247398260812115 ], [ -46.911652009828686, -23.247396524035203 ], [ -46.911655672433952, -23.247396479449154 ], [ -46.911659335039218, -23.247396434863028 ], [ -46.911662997644342, -23.247396390276808 ], [ -46.91166366628859, -23.24739511277344 ], [ -46.911665449339537, -23.247391706098409 ], [ -46.911669111944654, -23.247391661512054 ], [ -46.91167089499541, -23.247388254836977 ], [ -46.911674533474475, -23.247386518059571 ], [ -46.911676316525039, -23.247383111384451 ], [ -46.911679955003891, -23.247381374606924 ], [ -46.911681738054249, -23.247377967931737 ], [ -46.911683521104521, -23.247374561256546 ], [ -46.911685304154709, -23.247371154581334 ], [ -46.911687087204811, -23.247367747906111 ], [ -46.911690725683101, -23.247366011128374 ], [ -46.911692508733005, -23.247362604453095 ], [ -46.911696147211082, -23.247360867675241 ], [ -46.911697930260786, -23.247357460999918 ], [ -46.911701592864887, -23.247357416412875 ], [ -46.911705231342694, -23.247355679634829 ], [ -46.911708869820401, -23.247353942856709 ], [ -46.911712484171638, -23.247350513887607 ], [ -46.911716146775525, -23.247350469300233 ], [ -46.911719785252942, -23.247348732521875 ], [ -46.911725255032131, -23.247346973449645 ], [ -46.911730700684579, -23.247343522186352 ], [ -46.91173436328824, -23.247343477598562 ], [ -46.911738025891879, -23.247343433010695 ], [ -46.911741688495518, -23.247343388422738 ], [ -46.911743471543822, -23.247339981746968 ], [ -46.911747134147355, -23.247339937158895 ], [ -46.91175079675088, -23.247339892570739 ], [ -46.911754411100617, -23.247336463600767 ], [ -46.911758073704029, -23.247336419012438 ], [ -46.911765398910823, -23.247336329835534 ], [ -46.911769013260077, -23.247332900865239 ], [ -46.91177448303786, -23.247331141791378 ], [ -46.911779976942697, -23.247331074908175 ], [ -46.911785446720231, -23.247329315833937 ], [ -46.911789109323387, -23.247329271244904 ], [ -46.911792747799169, -23.247327534464954 ], [ -46.911792699544449, -23.247324150083294 ], [ -46.911796362147442, -23.247324105494098 ], [ -46.911800024750427, -23.247324060904816 ], [ -46.911803663225918, -23.247322324124639 ], [ -46.911807325828839, -23.24732227953519 ], [ -46.911810988431746, -23.247322234945656 ], [ -46.911814578651764, -23.247317113783602 ], [ -46.911818241254522, -23.247317069193912 ], [ -46.911821879729558, -23.247315332413329 ], [ -46.911825542332245, -23.247315287823469 ], [ -46.91182549407673, -23.247311903441876 ], [ -46.911829132551517, -23.247310166661133 ], [ -46.911832771026212, -23.247308429880324 ], [ -46.911832722770534, -23.247305045498731 ], [ -46.911836337117144, -23.247301616527054 ], [ -46.911839975591505, -23.247299879746095 ], [ -46.911841758636733, -23.247296473069404 ], [ -46.911847204283916, -23.247293021802367 ], [ -46.911848987328874, -23.247289615125617 ], [ -46.91185262580273, -23.247287878344391 ], [ -46.911856264276494, -23.247286141563087 ], [ -46.911859902750152, -23.247284404781716 ], [ -46.911861685794683, -23.247280998104834 ], [ -46.911865348396347, -23.24728095351411 ], [ -46.911869010998011, -23.247280908923297 ], [ -46.911874456643808, -23.247277457655397 ], [ -46.911878095116975, -23.247275720873635 ], [ -46.911881733590043, -23.247273984091777 ], [ -46.911885372063011, -23.247272247309848 ], [ -46.91188901053588, -23.247270510527834 ], [ -46.911892649008649, -23.247268773745756 ], [ -46.911894432052136, -23.247265367068561 ], [ -46.91189809465331, -23.247265322477102 ], [ -46.911898046396075, -23.24726193809563 ], [ -46.911901684868489, -23.247260201313352 ], [ -46.911905347469499, -23.247260156721737 ], [ -46.911905299212101, -23.247256772340265 ], [ -46.911908961813012, -23.247256727748567 ], [ -46.911910744855938, -23.247253321071231 ], [ -46.911914407456742, -23.247253276479412 ], [ -46.91191990135794, -23.247253209591523 ], [ -46.911919853100187, -23.247249825210076 ], [ -46.911925347001223, -23.24724975832201 ], [ -46.911925298743341, -23.247246373940587 ], [ -46.911928961343932, -23.247246329348439 ], [ -46.911932623944502, -23.247246284756208 ], [ -46.911936262415992, -23.247244547973182 ], [ -46.911939925016512, -23.247244503380781 ], [ -46.911943563487853, -23.247242766597601 ], [ -46.911947201959087, -23.24724102981434 ], [ -46.911950840430229, -23.247239293031008 ], [ -46.911954503030564, -23.247239248438277 ], [ -46.911959996931053, -23.247239181549023 ], [ -46.911963659531374, -23.247239136956082 ], [ -46.91196732213168, -23.247239092363053 ], [ -46.911970960602474, -23.247237355579266 ], [ -46.911972743643545, -23.247233948901336 ], [ -46.911976406243689, -23.247233904308107 ], [ -46.911980044714213, -23.247232167524125 ], [ -46.911983707314292, -23.247232122930718 ], [ -46.911987369914364, -23.247232078337245 ], [ -46.911991032514429, -23.247232033743675 ], [ -46.91199469511448, -23.24723198915002 ], [ -46.912000140754813, -23.247228537878101 ], [ -46.912003803354757, -23.24722849328424 ], [ -46.912005586394862, -23.247225086605994 ], [ -46.9120092489947, -23.247225042012012 ], [ -46.912012911594523, -23.247224997417948 ], [ -46.91201657419434, -23.247224952823796 ], [ -46.912020236794142, -23.247224908229562 ], [ -46.912023899393937, -23.247224863635239 ], [ -46.912027586123934, -23.24722651123146 ], [ -46.912031272854009, -23.247228158827582 ], [ -46.912034983714477, -23.247231498614212 ], [ -46.912038646314421, -23.247231454019538 ], [ -46.912042333044759, -23.247233101615379 ], [ -46.912045995644732, -23.247233057020523 ], [ -46.912049682375191, -23.24723470461619 ], [ -46.912051561936231, -23.247238066699872 ], [ -46.912055224536317, -23.247238022104796 ], [ -46.912058911267017, -23.247239669700217 ], [ -46.912060790828356, -23.247243031783778 ], [ -46.912064477559255, -23.247244679379058 ], [ -46.912066357120814, -23.247248041462523 ], [ -46.912070019721142, -23.247247996867081 ], [ -46.912071899282893, -23.247251358950475 ], [ -46.912075610144981, -23.247254698736025 ], [ -46.912077489706967, -23.247258060819334 ], [ -46.912081152307543, -23.247258016223622 ], [ -46.912081200569389, -23.247261400604732 ], [ -46.912081248831242, -23.247264784985855 ], [ -46.91208491143199, -23.247264740390044 ], [ -46.912086790994366, -23.247268102473193 ], [ -46.912088670556841, -23.247271464556327 ], [ -46.912090550119409, -23.247274826639433 ], [ -46.912094212720419, -23.247274782043384 ], [ -46.912094260982627, -23.247278166424469 ], [ -46.912096140545444, -23.2472815285075 ], [ -46.912096188807716, -23.247284912888567 ], [ -46.912099851408989, -23.247284868292365 ], [ -46.912103562272719, -23.247288208077141 ], [ -46.912103610535198, -23.2472915924582 ], [ -46.912107297267923, -23.247293240052343 ], [ -46.912109176831294, -23.247296602135158 ], [ -46.912112911826952, -23.247301634110194 ], [ -46.912116598560061, -23.247303281704095 ], [ -46.912118478123816, -23.247306643786768 ], [ -46.912122213120121, -23.247311675761527 ], [ -46.912125875722069, -23.247311631164674 ], [ -46.912125923985158, -23.247315015545677 ], [ -46.912131466151443, -23.247318333031224 ], [ -46.912131538546326, -23.247323409602714 ], [ -46.912135225280252, -23.247325057196107 ], [ -46.912135273543612, -23.247328441577089 ], [ -46.912138984409452, -23.24733178136087 ], [ -46.912140888105959, -23.247336835633689 ], [ -46.912140936369497, -23.247340220014657 ], [ -46.912144623103998, -23.247341867607787 ], [ -46.912144671367635, -23.247345251988747 ], [ -46.912146550932739, -23.247348614070987 ], [ -46.912148430497936, -23.247351976153201 ], [ -46.91215031006324, -23.247355338235373 ], [ -46.912152189628642, -23.247358700317527 ], [ -46.912155900495762, -23.247362040100821 ], [ -46.912155948759732, -23.247365424481739 ], [ -46.912157828325434, -23.247368786563808 ], [ -46.912159707891227, -23.24737214864583 ], [ -46.912163418758929, -23.247375488428897 ], [ -46.912163467023113, -23.247378872809801 ], [ -46.912167129626809, -23.247378828211861 ], [ -46.912167177891099, -23.247382212592761 ], [ -46.91217088875927, -23.247385552375608 ], [ -46.912170937023674, -23.247388936756501 ], [ -46.912174599627626, -23.247388892158373 ], [ -46.912176479194152, -23.247392254240143 ], [ -46.912178358760769, -23.247395616321882 ], [ -46.91217840702538, -23.247399000702757 ], [ -46.912182093761949, -23.247400648294857 ], [ -46.912185804631008, -23.247403988077291 ], [ -46.912185852895831, -23.247407372458138 ], [ -46.912187732462918, -23.247410734539738 ], [ -46.912189612030105, -23.247414096621295 ], [ -46.912193274634703, -23.247414052022688 ], [ -46.912193322899732, -23.247417436403516 ], [ -46.912197033769559, -23.247420776185635 ], [ -46.912198913337129, -23.247424138267061 ], [ -46.912202624207275, -23.247427478049023 ], [ -46.912204503775087, -23.24743084013036 ], [ -46.912208190512835, -23.24743248772177 ], [ -46.912208238778291, -23.247435872102553 ], [ -46.912210118346373, -23.247439234183812 ], [ -46.912213780951618, -23.247439189584679 ], [ -46.912217491822553, -23.247442529366229 ], [ -46.912221178560763, -23.247444176957291 ], [ -46.912224889432011, -23.247447516738642 ], [ -46.912226769000689, -23.247450878819652 ], [ -46.912230455739241, -23.247452526410481 ], [ -46.912234118344799, -23.247452481810843 ], [ -46.912235997913783, -23.247455843891728 ], [ -46.912237877482852, -23.247459205972572 ], [ -46.912241564221759, -23.247460853563108 ], [ -46.912245250960751, -23.24746250115356 ], [ -46.912263901858282, -23.247485968817365 ], [ -46.912267612731753, -23.247489308597547 ], [ -46.912269492302137, -23.247492670677918 ], [ -46.912273179042323, -23.247494318267609 ], [ -46.912275058612906, -23.247497680347909 ], [ -46.912278745353298, -23.247499327937462 ], [ -46.912282432093768, -23.247500975526933 ], [ -46.912286142968121, -23.2475043153066 ], [ -46.912289853842651, -23.247507655086178 ], [ -46.91229537188697, -23.24750928037475 ], [ -46.912297251458334, -23.247512642454723 ], [ -46.912300938199387, -23.247514290043718 ], [ -46.912302817770957, -23.247517652123594 ], [ -46.912304697342634, -23.247521014203453 ], [ -46.912304745610726, -23.247524398584005 ], [ -46.912304793878832, -23.247527782964578 ], [ -46.912304842146938, -23.247531167345127 ], [ -46.912304890415058, -23.247534551725686 ], [ -46.912304938683185, -23.247537936106241 ], [ -46.912304986951327, -23.247541320486789 ], [ -46.912303203915506, -23.247544727168091 ], [ -46.912299541307576, -23.247544771769498 ], [ -46.912299589575596, -23.247548156150053 ], [ -46.912295951101527, -23.247549892941674 ], [ -46.912294168065372, -23.247553299622869 ], [ -46.912290505457193, -23.247553344224087 ], [ -46.912286866982853, -23.247555081015509 ], [ -46.912285083946401, -23.247558487696633 ], [ -46.912281421338051, -23.247558532297649 ], [ -46.912277782863448, -23.247560269088876 ], [ -46.912274144388739, -23.247562005880017 ], [ -46.912270481780276, -23.247562050480781 ], [ -46.912268698743318, -23.247565457161752 ], [ -46.912265060268346, -23.247567193952705 ], [ -46.912261397659712, -23.247567238553266 ], [ -46.912257735051078, -23.247567283153746 ], [ -46.912254096575893, -23.247569019944446 ], [ -46.912250433967188, -23.247569064544759 ], [ -46.912248650929627, -23.247572471225531 ], [ -46.912244988320815, -23.247572515825727 ], [ -46.912241325712003, -23.247572560425827 ], [ -46.912237663103177, -23.247572605025841 ], [ -46.912234000494344, -23.247572649625777 ], [ -46.912230337885504, -23.247572694225628 ], [ -46.912226675276649, -23.247572738825383 ], [ -46.912223012667788, -23.247572783425067 ], [ -46.912219350058919, -23.247572828024659 ], [ -46.912215711583023, -23.247574564814528 ], [ -46.912212048974084, -23.247574609413949 ], [ -46.912208386365144, -23.247574654013292 ], [ -46.91220472375619, -23.247574698612542 ], [ -46.912201061147229, -23.247574743211707 ], [ -46.912197398538261, -23.247574787810795 ], [ -46.912193735929279, -23.247574832409793 ], [ -46.912188242015795, -23.247574899308127 ], [ -46.912184555274202, -23.247573251716524 ], [ -46.912180892665234, -23.247573296315213 ], [ -46.912179013095717, -23.247569934233741 ], [ -46.912175326354358, -23.247568286641908 ], [ -46.912171663745511, -23.247568331240377 ], [ -46.91216797700428, -23.247566683648358 ], [ -46.912166097435176, -23.247563321566702 ], [ -46.912160579389798, -23.247561696273628 ], [ -46.912158699820949, -23.247558334191858 ], [ -46.912155013080145, -23.247556686599498 ], [ -46.912151326339419, -23.247555039007054 ], [ -46.912147663730877, -23.247555083604944 ], [ -46.912143976990272, -23.247553436012314 ], [ -46.912140290249759, -23.247551788419589 ], [ -46.912136603509325, -23.247550140826775 ], [ -46.912132916768975, -23.247548493233861 ], [ -46.912129254160575, -23.247548537831307 ], [ -46.912125567420354, -23.247546890238226 ], [ -46.912121904811983, -23.247546934835498 ], [ -46.912118218071882, -23.247545287242225 ], [ -46.912114531331859, -23.24754363964885 ], [ -46.912110868723559, -23.247543684245862 ], [ -46.912107206115245, -23.247543728842786 ], [ -46.912103567638447, -23.2475454656301 ], [ -46.912099905030068, -23.247545510226864 ], [ -46.912096266553121, -23.247547247014015 ], [ -46.912092603944672, -23.247547291610605 ], [ -46.912088965467575, -23.247549028397597 ], [ -46.912087182425992, -23.247552435076805 ], [ -46.912085399384324, -23.247555841755982 ], [ -46.912081736775619, -23.247555886352337 ], [ -46.912078098298132, -23.247557623139102 ], [ -46.912078146560589, -23.247561007520098 ], [ -46.912074483951734, -23.247561052116293 ], [ -46.912070845473998, -23.247562788902904 ], [ -46.91206718286508, -23.247562833498932 ], [ -46.912063520256154, -23.247562878094872 ], [ -46.912059881778205, -23.247564614881234 ], [ -46.912056243300178, -23.247566351667526 ], [ -46.912052580691125, -23.247566396263217 ], [ -46.912048918082057, -23.247566440858826 ], [ -46.912045279603817, -23.247568177644876 ], [ -46.912041616994692, -23.247568222240318 ], [ -46.912037978516288, -23.247569959026208 ], [ -46.9120343159071, -23.24757000362148 ], [ -46.912030653297904, -23.247570048216666 ], [ -46.912026990688695, -23.247570092811767 ], [ -46.912023328079478, -23.247570137406782 ], [ -46.912019665470247, -23.247570182001716 ], [ -46.912016002861016, -23.247570226596558 ], [ -46.912012364382186, -23.24757196338188 ], [ -46.912008725903256, -23.24757370016712 ], [ -46.912005063293904, -23.24757374476172 ], [ -46.912001424814818, -23.247575481546797 ], [ -46.911997762205395, -23.247575526141226 ], [ -46.91199412372616, -23.24757726292615 ], [ -46.91199046111668, -23.24757730752042 ], [ -46.91199050937697, -23.247580691901572 ], [ -46.911990557637274, -23.247584076282727 ], [ -46.911986919157705, -23.247585813067513 ], [ -46.911983280678044, -23.247587549852199 ], [ -46.911983328938177, -23.247590934233365 ], [ -46.911979666328293, -23.247590978827411 ], [ -46.911976027848389, -23.247592715611951 ], [ -46.911974244803332, -23.247596122290076 ], [ -46.911970606323209, -23.247597859074506 ], [ -46.911968823277959, -23.247601265752593 ], [ -46.911965184797623, -23.247603002536902 ], [ -46.91196154631718, -23.247604739321144 ], [ -46.911959763271611, -23.247608145999148 ], [ -46.911956100661214, -23.247608190592658 ], [ -46.911954317615461, -23.247611597270598 ], [ -46.911950655004951, -23.247611641863998 ], [ -46.911950703264324, -23.247615026245224 ], [ -46.911948920218357, -23.247618432923115 ], [ -46.911948968477702, -23.247621817304339 ], [ -46.911949016737047, -23.247625201685565 ], [ -46.911949064996406, -23.247628586066785 ], [ -46.91194911325578, -23.247631970448005 ], [ -46.911949161515153, -23.247635354829224 ], [ -46.911951041080165, -23.247638716913734 ], [ -46.911952920645277, -23.247642078998236 ], [ -46.911954800210488, -23.247645441082692 ], [ -46.911956679775798, -23.247648803167131 ], [ -46.911958559341208, -23.24765216525153 ], [ -46.911958607600873, -23.247655549632718 ], [ -46.911958655860545, -23.247658934013909 ], [ -46.911958704120224, -23.247662318395093 ], [ -46.91195875237991, -23.247665702776278 ], [ -46.911955089767943, -23.247665747369879 ], [ -46.911955138027544, -23.24766913175106 ], [ -46.911951475415471, -23.247669176344584 ], [ -46.911947812803383, -23.247669220938015 ], [ -46.911944150191289, -23.247669265531364 ], [ -46.911940511708814, -23.247671002315247 ], [ -46.911936849096648, -23.24767104690843 ], [ -46.91193318648449, -23.247671091501523 ], [ -46.91192952387231, -23.247671136094542 ], [ -46.911925861260123, -23.247671180687462 ], [ -46.911922198647929, -23.247671225280307 ], [ -46.911918536035728, -23.247671269873063 ], [ -46.91191521796847, -23.247669787034937 ], [ -46.911915084239808, -23.24767004253594 ], [ -46.911915096304455, -23.247670888631269 ], [ -46.911914650542585, -23.247671740300657 ], [ -46.911914662607231, -23.247672586395975 ], [ -46.911914216845346, -23.24767343806537 ], [ -46.911913771083455, -23.247674289734761 ], [ -46.911912861462696, -23.247674723930572 ], [ -46.911912415700797, -23.24767557559996 ], [ -46.911911969938892, -23.247676427269354 ], [ -46.911911060318111, -23.247676861465155 ], [ -46.911910614556191, -23.247677713134536 ], [ -46.911909253141161, -23.247678575952051 ], [ -46.911908337488057, -23.247678587100179 ], [ -46.911907891726109, -23.247679438769563 ], [ -46.9119069821053, -23.247679872965339 ], [ -46.911906072484477, -23.247680307161112 ], [ -46.911905162863654, -23.247680741356884 ], [ -46.911904253242831, -23.247681175552643 ], [ -46.911903807480854, -23.247682027222009 ], [ -46.911902897860003, -23.247682461417774 ], [ -46.911902909924585, -23.247683307513096 ], [ -46.911902000303733, -23.247683741708844 ], [ -46.911902012368309, -23.247684587804166 ], [ -46.91190110877973, -23.247685445047566 ], [ -46.911900663017718, -23.247686296716935 ], [ -46.911899747364558, -23.247686307865017 ], [ -46.911899301602531, -23.247687159534372 ], [ -46.911898398013918, -23.247688016777769 ], [ -46.911897488393016, -23.247688450973502 ], [ -46.911897042630976, -23.247689302642851 ], [ -46.911895675183459, -23.247689742412597 ], [ -46.91189475953027, -23.247689753560646 ], [ -46.911893855941607, -23.247690610804021 ], [ -46.91189294632067, -23.247691044999723 ], [ -46.911892036699726, -23.247691479195424 ], [ -46.911891127078782, -23.247691913391122 ], [ -46.911890211425572, -23.247691924539147 ], [ -46.911889307836873, -23.24769278178249 ], [ -46.911888392183656, -23.247692792930508 ], [ -46.911886560877221, -23.247692815226522 ], [ -46.911885651256249, -23.247693249422184 ], [ -46.911884735603024, -23.247693260570177 ], [ -46.911883819949807, -23.247693271718166 ], [ -46.911882446469974, -23.247693288440143 ], [ -46.91188153081675, -23.247693299588114 ], [ -46.911880169401357, -23.247694162405395 ], [ -46.911879259780349, -23.247694596601029 ], [ -46.911877886300502, -23.247694613322963 ], [ -46.91187697667948, -23.247695047518583 ], [ -46.911876061026248, -23.247695058666523 ], [ -46.911875615264037, -23.247695910335825 ], [ -46.911874699610799, -23.247695921483757 ], [ -46.911873789989755, -23.24769635567937 ], [ -46.91187287433651, -23.247696366827288 ], [ -46.911871964715459, -23.247696801022876 ], [ -46.911871049062206, -23.247696812170791 ], [ -46.911870139441142, -23.247697246366368 ], [ -46.911869693678902, -23.247698098035666 ], [ -46.911868320199005, -23.247698114757515 ], [ -46.911866952751296, -23.247698554527023 ], [ -46.911865585303573, -23.247698994296524 ], [ -46.911864681714654, -23.247699851539743 ], [ -46.91186376606138, -23.247699862687615 ], [ -46.911862850408099, -23.247699873835479 ], [ -46.911862862472439, -23.247700719930826 ], [ -46.911861946819158, -23.247700731078695 ], [ -46.91186150105684, -23.247701582747958 ], [ -46.911860591435719, -23.247702016943489 ], [ -46.91185968784675, -23.247702874186679 ], [ -46.91185878425776, -23.247703731429873 ], [ -46.911857868604457, -23.247703742577716 ], [ -46.9118569589833, -23.247704176773219 ], [ -46.911856049362136, -23.247704610968718 ], [ -46.911854681914313, -23.247705050738134 ], [ -46.911853772293142, -23.247705484933615 ], [ -46.911852862671957, -23.24770591912911 ], [ -46.91185287473624, -23.24770676522445 ], [ -46.911851959082902, -23.247706776372262 ], [ -46.91185104946171, -23.247707210567736 ], [ -46.91185013984051, -23.24770764476321 ], [ -46.911849236251427, -23.247708502006347 ], [ -46.911848326630214, -23.247708936201814 ], [ -46.911847410976861, -23.247708947349594 ], [ -46.91184742304111, -23.247709793444937 ], [ -46.911846513419881, -23.24771022764039 ], [ -46.911845603798639, -23.247710661835846 ], [ -46.911844694177397, -23.247711096031278 ], [ -46.911844248414944, -23.247711947700513 ], [ -46.91184333879368, -23.247712381895948 ], [ -46.91184197134573, -23.247712821665257 ], [ -46.911841525583249, -23.247713673334474 ], [ -46.911840158135277, -23.247714113103768 ], [ -46.911839248513992, -23.247714547299182 ], [ -46.911839266610293, -23.247715816442206 ], [ -46.911838350956891, -23.247715827589943 ], [ -46.911838128075708, -23.247716253424414 ], [ -46.911834923288723, -23.247716292441442 ], [ -46.911827598061471, -23.247716381622958 ], [ -46.911820272834184, -23.247716470804139 ], [ -46.911812947606855, -23.247716559984973 ], [ -46.911805622379497, -23.247716649165472 ], [ -46.911798297152103, -23.247716738345627 ], [ -46.911791020180253, -23.24772021190693 ], [ -46.911780032338768, -23.247720345676033 ], [ -46.911772755366187, -23.247723819236537 ], [ -46.911765430138253, -23.247723908415182 ], [ -46.911758201419843, -23.2477307663566 ], [ -46.911747261831785, -23.247734284505043 ], [ -46.911736322243101, -23.24773780265275 ], [ -46.911725430907786, -23.247744705181354 ], [ -46.91171810567851, -23.247744794357871 ], [ -46.911707166088071, -23.24774831250366 ], [ -46.911699937365249, -23.247755170442655 ], [ -46.911692660388489, -23.247758643999692 ], [ -46.911685383411331, -23.24776211755642 ], [ -46.91167444381847, -23.247765635700055 ], [ -46.911667166840409, -23.247769109255998 ], [ -46.911659889861951, -23.247772582811621 ], [ -46.911652564630877, -23.247772671985182 ], [ -46.911645287651801, -23.247776145540158 ], [ -46.911634396308337, -23.247783048062921 ], [ -46.911623456712192, -23.247786566203214 ], [ -46.911616179731531, -23.247790039756929 ], [ -46.911605240134264, -23.247793557896017 ], [ -46.911597963152701, -23.247797031448943 ], [ -46.91159068617074, -23.247800505001564 ], [ -46.911583409188381, -23.247803978553872 ], [ -46.911576132205631, -23.247807452105864 ], [ -46.911568806972291, -23.247807541275641 ], [ -46.911557915622048, -23.247814443793505 ], [ -46.911550590388245, -23.247814532962469 ], [ -46.911550686887743, -23.247821301726322 ], [ -46.911554446004558, -23.247828025905704 ], [ -46.911558205121771, -23.247834750084969 ], [ -46.911565578606805, -23.247838045297478 ], [ -46.911572903841829, -23.247837956127739 ], [ -46.911580229076804, -23.247837866957653 ], [ -46.911587602562491, -23.247841162169074 ], [ -46.911594927797587, -23.247841072998291 ], [ -46.91160225303264, -23.247840983827174 ], [ -46.911609578267658, -23.247840894655713 ], [ -46.911616951754134, -23.247844189865699 ], [ -46.911627939606817, -23.247844056107329 ], [ -46.911635264841898, -23.24784396693466 ], [ -46.911642590076937, -23.24784387776165 ], [ -46.911649915311948, -23.247843788588295 ], [ -46.911660903164382, -23.24784365482763 ], [ -46.9116682283993, -23.247843565653415 ], [ -46.911675553634183, -23.247843476478874 ], [ -46.91168287886903, -23.247843387303984 ], [ -46.911693866721222, -23.247843253541014 ], [ -46.911701191955984, -23.247843164365271 ], [ -46.911704951080758, -23.247849888540493 ], [ -46.911715938933348, -23.247849754775942 ], [ -46.911716035441358, -23.247856523539113 ], [ -46.911716131949397, -23.247863292302267 ], [ -46.911716228457479, -23.247870061065431 ], [ -46.911712662347341, -23.24787687441691 ], [ -46.911705385364591, -23.247880347974903 ], [ -46.911698156635076, -23.247887205914193 ], [ -46.911687265286034, -23.247894108440953 ], [ -46.911679940048437, -23.247894197616226 ], [ -46.911672663063818, -23.247897671172822 ], [ -46.911672759569861, -23.247904439936125 ], [ -46.911665434331645, -23.247904529110762 ], [ -46.911658205598734, -23.247911387048408 ], [ -46.911650928612566, -23.247914860604073 ], [ -46.911647362497973, -23.247921673954334 ], [ -46.911640085510953, -23.247925147509555 ], [ -46.911632856775626, -23.247932005446184 ], [ -46.911632953279813, -23.247938774209604 ], [ -46.911633049784051, -23.247945542973032 ], [ -46.911640423276971, -23.247948838181451 ], [ -46.911640519781628, -23.247955606944835 ], [ -46.911647989780356, -23.247965670916194 ], [ -46.911648086285467, -23.247972439679543 ], [ -46.911651845411811, -23.247979163855867 ], [ -46.911655604538559, -23.247985888032073 ], [ -46.911659363665692, -23.247992612208151 ], [ -46.911663171046243, -23.248002720765736 ], [ -46.911663267552299, -23.248009489528986 ], [ -46.911667026680554, -23.248016213704808 ], [ -46.911667123186866, -23.248022982468026 ], [ -46.911670882315747, -23.248029706643692 ], [ -46.911678255814245, -23.248033001849937 ], [ -46.911678352321211, -23.248039770613097 ], [ -46.911678448828198, -23.248046539376247 ], [ -46.911678545335228, -23.248053308139404 ], [ -46.911682304465629, -23.248060032314683 ], [ -46.911682400972914, -23.248066801077801 ], [ -46.911693437097355, -23.248070051695187 ], [ -46.911693533605252, -23.248076820458255 ], [ -46.911697292737124, -23.248083544633065 ], [ -46.911708377117613, -23.248090179630793 ], [ -46.911708473626355, -23.24809694839378 ], [ -46.911708570135133, -23.24810371715677 ], [ -46.911708666643946, -23.248110485919746 ], [ -46.911708763152795, -23.248117254682729 ], [ -46.911716184911704, -23.248123934268236 ], [ -46.911719944046183, -23.248130658442303 ], [ -46.911720040555693, -23.248137427205215 ], [ -46.911723799690783, -23.248144151379137 ], [ -46.911727558826271, -23.248150875552934 ], [ -46.911731317962158, -23.248157599726614 ], [ -46.911731414472378, -23.248164368489462 ], [ -46.911738836235124, -23.248171048073626 ], [ -46.911738932745777, -23.248177816836431 ], [ -46.911739077511832, -23.248187969980613 ], [ -46.911746451020768, -23.248191265182907 ], [ -46.911750258414529, -23.248201373737327 ], [ -46.911754017553122, -23.248208097910254 ], [ -46.911754162320527, -23.248218251054322 ], [ -46.911754258832168, -23.248225019817028 ], [ -46.911754355343859, -23.248231788579719 ], [ -46.911754451855572, -23.248238557342411 ], [ -46.911754548367327, -23.248245326105092 ], [ -46.911754644879124, -23.248252094867773 ], [ -46.911754741390951, -23.248258863630443 ], [ -46.911754837902812, -23.248265632393103 ], [ -46.911747609156755, -23.24827249033557 ], [ -46.911744043039143, -23.24827930368803 ], [ -46.911744139550557, -23.248286072450721 ], [ -46.911740573432454, -23.248292885803128 ], [ -46.911740669943768, -23.248299654565823 ], [ -46.911737103825175, -23.24830646791818 ], [ -46.911729875076098, -23.248313325859986 ], [ -46.911729971586958, -23.248320094622706 ], [ -46.911726405467341, -23.248326907974874 ], [ -46.911722839347377, -23.248333721326986 ], [ -46.911722935857981, -23.248340490089717 ], [ -46.91172303236862, -23.248347258852434 ], [ -46.911719514503282, -23.248357456585861 ], [ -46.9117122374956, -23.248360930145701 ], [ -46.911708671374122, -23.24836774349756 ], [ -46.911701394365586, -23.248371217056931 ], [ -46.911694117356646, -23.248374690616004 ], [ -46.911686840347315, -23.248378164174742 ], [ -46.911679563337593, -23.248381637733186 ], [ -46.911675997213933, -23.248388451084438 ], [ -46.911668720203345, -23.248391924642426 ], [ -46.911661491446253, -23.24839878258155 ], [ -46.911654214434705, -23.248402256138924 ], [ -46.91164703392986, -23.24841249845894 ], [ -46.911639756917161, -23.248415972015707 ], [ -46.911639901677361, -23.248426125160183 ], [ -46.911632576410504, -23.248426214335172 ], [ -46.91163267291698, -23.248432983098176 ], [ -46.911625444155867, -23.248439841035879 ], [ -46.91162558891515, -23.248449994180412 ], [ -46.911622022787093, -23.24845680753069 ], [ -46.911622119293185, -23.248463576293705 ], [ -46.911625974940307, -23.248477069232425 ], [ -46.911626071446683, -23.248483837995412 ], [ -46.911626167953102, -23.248490606758388 ], [ -46.911626264459557, -23.248497375521364 ], [ -46.911626360966039, -23.248504144284329 ], [ -46.911626457472565, -23.248510913047291 ], [ -46.911626553979126, -23.248517681810256 ], [ -46.911626650485722, -23.2485244505732 ], [ -46.911626746992354, -23.248531219336147 ], [ -46.911626843499022, -23.248537988099084 ], [ -46.911626988259094, -23.248548141243468 ], [ -46.911619711238714, -23.248551614799776 ], [ -46.911619807745119, -23.248558383562724 ], [ -46.911619904251566, -23.248565152325671 ], [ -46.911612578977035, -23.248565241500227 ], [ -46.911612675483148, -23.248572010263192 ], [ -46.911605446713985, -23.248578868200418 ], [ -46.911601880581955, -23.248585681550431 ], [ -46.911605639725657, -23.248592405726377 ], [ -46.911609398869757, -23.248599129902214 ], [ -46.911616820652632, -23.248605809490599 ], [ -46.911624242436247, -23.248612489078582 ], [ -46.911628001581889, -23.24861921325385 ], [ -46.911639086005685, -23.248625848253322 ], [ -46.911642845152471, -23.248632572428154 ], [ -46.911650170430548, -23.248632483251935 ], [ -46.911657495708596, -23.248632394075383 ], [ -46.911664820986601, -23.248632304898489 ], [ -46.911672146264571, -23.248632215721244 ], [ -46.911686796820412, -23.248632037365748 ], [ -46.911697784737186, -23.248631903598234 ], [ -46.911705110014992, -23.248631814419458 ], [ -46.911716097931638, -23.248631680650657 ], [ -46.911727085848199, -23.248631546881093 ], [ -46.911734411125863, -23.248631457700956 ], [ -46.911745495555415, -23.248638092692492 ], [ -46.91174559206857, -23.24864486145486 ], [ -46.911752917346881, -23.248644772273813 ], [ -46.911753013860441, -23.248651541036157 ], [ -46.911749447734522, -23.248658354389082 ], [ -46.911749544247968, -23.248665123151422 ], [ -46.911749640761464, -23.248671891913766 ], [ -46.911749737274988, -23.248678660676092 ], [ -46.911749882045342, -23.24868881381957 ], [ -46.911749978558952, -23.248695582581885 ], [ -46.911750075072604, -23.248702351344189 ], [ -46.91174294281781, -23.248715978049979 ], [ -46.911743087587915, -23.248726131193447 ], [ -46.911735762305113, -23.24872622037433 ], [ -46.911732196176594, -23.248733033726996 ], [ -46.911724870893373, -23.248733122907399 ], [ -46.911717642122312, -23.248739980849859 ], [ -46.911702991554947, -23.248740159209017 ], [ -46.911688437498192, -23.248747106329315 ], [ -46.911681112214019, -23.248747195507729 ], [ -46.911673835184828, -23.248750669067086 ], [ -46.911662895512904, -23.248754187214882 ], [ -46.911655618482811, -23.248757660773443 ], [ -46.911644678809772, -23.248761178920034 ], [ -46.911633787390144, -23.248768081447245 ], [ -46.91162651035846, -23.248771555004556 ], [ -46.911622944223168, -23.248778368355147 ], [ -46.911615667190624, -23.248781841912002 ], [ -46.911608390157689, -23.248785315468542 ], [ -46.911604824021126, -23.248792128818799 ], [ -46.911597595240536, -23.248798986756309 ], [ -46.911597691746977, -23.248805755519136 ], [ -46.911590414712258, -23.248809229074947 ], [ -46.91158684857421, -23.248816042424874 ], [ -46.911586945080181, -23.248822811187722 ], [ -46.911579668044254, -23.248826284743121 ], [ -46.91157976454992, -23.24883305350598 ], [ -46.911572535765913, -23.248839911442531 ], [ -46.91157263227128, -23.248846680205411 ], [ -46.911572728776683, -23.248853448968298 ], [ -46.911572825282121, -23.248860217731167 ], [ -46.911580198825853, -23.248863512938822 ], [ -46.911587572369925, -23.248866808146094 ], [ -46.911594897661033, -23.248866718971616 ], [ -46.911602222952105, -23.248866629796794 ], [ -46.911613210888646, -23.248866496033916 ], [ -46.911624198825109, -23.248866362270274 ], [ -46.911631572370268, -23.248869657475407 ], [ -46.911642560306866, -23.248869523710464 ], [ -46.911660921789334, -23.248872685148431 ], [ -46.911671957981248, -23.248875935762666 ], [ -46.911679331527957, -23.248879230965429 ], [ -46.911683138940354, -23.248889339519682 ], [ -46.911679572805369, -23.248896152871485 ], [ -46.911679669316399, -23.248902921633903 ], [ -46.911679765827458, -23.24890969039631 ], [ -46.911679862338559, -23.248916459158718 ], [ -46.911679958849703, -23.248923227921107 ], [ -46.91167639271378, -23.248930041272885 ], [ -46.911669115674883, -23.248933514832604 ], [ -46.911661886890748, -23.248940372773237 ], [ -46.911650947203356, -23.248943890921165 ], [ -46.911632633965581, -23.248944113863963 ], [ -46.911625356924652, -23.248947587421771 ], [ -46.911614513743523, -23.248957874329879 ], [ -46.911603525799507, -23.248958008093339 ], [ -46.911596200503446, -23.248958097268556 ], [ -46.91158892346072, -23.248961570824793 ], [ -46.91158535731914, -23.248968384174834 ], [ -46.91158179117722, -23.248975197524818 ], [ -46.911574465880129, -23.248975286699078 ], [ -46.911574562386214, -23.248982055461852 ], [ -46.911567285341597, -23.248985529017183 ], [ -46.911560008296576, -23.248989002572216 ], [ -46.911560104802007, -23.248995771335021 ], [ -46.911549165106983, -23.248999289476309 ], [ -46.911541888060711, -23.249002763030571 ], [ -46.911534562761943, -23.249002852203066 ], [ -46.911534659266152, -23.249009620965968 ], [ -46.91153475577039, -23.249016389728858 ], [ -46.91153485227467, -23.249023158491742 ], [ -46.911527623478698, -23.249030016426889 ], [ -46.911520298178381, -23.249030105598823 ], [ -46.911516732031643, -23.24903691894762 ], [ -46.911516828535106, -23.249043687710557 ], [ -46.911509551485558, -23.249047161263508 ], [ -46.911502322687006, -23.249054019197651 ], [ -46.911495045636485, -23.249057492750001 ], [ -46.911487720334527, -23.249057581920514 ], [ -46.911476780632292, -23.249061100057183 ], [ -46.911473214482555, -23.249067913405156 ], [ -46.911465889179937, -23.249068002574688 ], [ -46.911458563877282, -23.249068091743883 ], [ -46.911443961521819, -23.249071654462846 ], [ -46.911436636218873, -23.249071743631028 ], [ -46.911429310915885, -23.249071832798872 ], [ -46.911421985612861, -23.249071921966376 ], [ -46.911414660309809, -23.249072011133538 ], [ -46.911407335006707, -23.249072100300349 ], [ -46.911400009703584, -23.249072189466826 ], [ -46.911392684400411, -23.249072278632958 ], [ -46.91138535909721, -23.249072367798753 ], [ -46.911378033793973, -23.249072456964207 ], [ -46.911370708490693, -23.249072546129323 ], [ -46.911370804986952, -23.249079314892803 ], [ -46.911363527931229, -23.249082788439367 ], [ -46.911356202627324, -23.249082877603836 ], [ -46.911348925570984, -23.249086351149746 ], [ -46.91134160026683, -23.249086440313551 ], [ -46.911338034109406, -23.249093253658931 ], [ -46.911330757051985, -23.249096727204069 ], [ -46.911327190893765, -23.249103540549246 ], [ -46.911323624735189, -23.249110353894356 ], [ -46.911316347676454, -23.249113827438897 ], [ -46.911309118863997, -23.249120685364993 ], [ -46.911301841804281, -23.249124158908923 ], [ -46.911294564744182, -23.249127632452538 ], [ -46.911290998583347, -23.24913444579704 ], [ -46.911283625030251, -23.249131150576421 ], [ -46.91127620323163, -23.249124470973534 ], [ -46.911268877925082, -23.249124560134085 ], [ -46.911261504373009, -23.249121264912361 ], [ -46.911261407882066, -23.249114496148465 ], [ -46.911254034330724, -23.24911120092634 ], [ -46.911246709024802, -23.249111290085811 ], [ -46.91123567282105, -23.249108039442373 ], [ -46.911231913678748, -23.249101315257704 ], [ -46.911224540128778, -23.24909802003409 ], [ -46.911220780987335, -23.249091295849095 ], [ -46.911217021846291, -23.249084571663975 ], [ -46.911209648297579, -23.249081276439561 ], [ -46.911205889157394, -23.249074552254115 ], [ -46.911202130017607, -23.24906782806854 ], [ -46.911194756470159, -23.249064532843338 ], [ -46.911190997331225, -23.24905780865744 ], [ -46.911183623784588, -23.249054513431656 ], [ -46.911176298481458, -23.249054602587641 ], [ -46.911172539343738, -23.24904787840121 ], [ -46.911165165798046, -23.249044583174491 ], [ -46.911157792252702, -23.249041287947396 ], [ -46.911150466950183, -23.249041377102124 ], [ -46.911146707814126, -23.249034652914951 ], [ -46.911139286027549, -23.249027973304699 ], [ -46.911139189543221, -23.249021204540249 ], [ -46.911139093058914, -23.249014435775798 ], [ -46.911142659225014, -23.249007622434345 ], [ -46.911146225390773, -23.249000809092831 ], [ -46.911149791556191, -23.248993995751253 ], [ -46.911149695071487, -23.248987226986817 ], [ -46.91114959858681, -23.248980458222377 ], [ -46.911149502102177, -23.24897368945793 ], [ -46.911149405617572, -23.248966920693476 ], [ -46.911145646483952, -23.248960196506083 ], [ -46.91114554999961, -23.24895342774159 ], [ -46.911145453515296, -23.248946658977108 ], [ -46.911138079975942, -23.248943363748666 ], [ -46.911134320843622, -23.248936639560899 ], [ -46.911130561711694, -23.248929915373008 ], [ -46.911126802580164, -23.248923191185 ], [ -46.911126706096944, -23.248916422420407 ], [ -46.911122946966024, -23.248909698232257 ], [ -46.91111918783551, -23.248902974043986 ], [ -46.911115428705394, -23.248896249855591 ], [ -46.911108006928465, -23.248889570243144 ], [ -46.911104247799315, -23.248882846054411 ], [ -46.91110044042972, -23.24887273748319 ], [ -46.911100343948057, -23.248865968718459 ], [ -46.911100247466443, -23.248859199953717 ], [ -46.911100150984858, -23.248852431188968 ], [ -46.911100006262551, -23.248842278041845 ], [ -46.911099909781051, -23.248835509277072 ], [ -46.911096150654025, -23.24882878508798 ], [ -46.91109239152739, -23.24882206089876 ], [ -46.911085066236566, -23.248822150049644 ], [ -46.9110777409457, -23.248822239200194 ], [ -46.911070415654805, -23.248822328350393 ], [ -46.911063090363875, -23.248822417500261 ], [ -46.911059331239038, -23.248815693310128 ], [ -46.911051909469471, -23.248809013694473 ], [ -46.9110481503456, -23.248802289503999 ], [ -46.911040776816499, -23.248798994270231 ], [ -46.911033403287739, -23.248795699036105 ], [ -46.911029644165197, -23.248788974845088 ], [ -46.911029547687505, -23.248782206080001 ], [ -46.911022174159932, -23.248778910845253 ], [ -46.911014800632707, -23.248775615610128 ], [ -46.911014704155825, -23.248768846844978 ], [ -46.911003716223433, -23.248768980565462 ], [ -46.910996439173104, -23.248772454094627 ], [ -46.9109854512403, -23.24877258781385 ], [ -46.910970800663101, -23.248772766104956 ], [ -46.910956198322729, -23.248776328777389 ], [ -46.910948873033817, -23.248776417921764 ], [ -46.910941547744869, -23.248776507065791 ], [ -46.910934222455879, -23.248776596209481 ], [ -46.910926945403105, -23.248780069735581 ], [ -46.910919668349926, -23.248783543261368 ], [ -46.910908680415723, -23.248783676975279 ], [ -46.910901355126207, -23.248783766117459 ], [ -46.910886752782311, -23.248787328783621 ], [ -46.910879427492503, -23.248787417924795 ], [ -46.910872102202653, -23.248787507065629 ], [ -46.91086482514747, -23.248790980588986 ], [ -46.910857499857364, -23.248791069729148 ], [ -46.91085017456723, -23.248791158868972 ], [ -46.910842897511209, -23.248794632391355 ], [ -46.910835668688776, -23.248801490296358 ], [ -46.910828343397974, -23.248801579435199 ], [ -46.910821018107136, -23.248801668573698 ], [ -46.910813741049701, -23.248805142094824 ], [ -46.910806463991875, -23.248808615615644 ], [ -46.910795524287884, -23.248812133704764 ], [ -46.910788295461984, -23.248818991607781 ], [ -46.910777452221751, -23.24882927846178 ], [ -46.910766512515195, -23.248832796549038 ], [ -46.910759187222389, -23.24883288568477 ], [ -46.910751910161494, -23.248836359203231 ], [ -46.910744681331998, -23.248843217104454 ], [ -46.910737307806926, -23.248839921856106 ], [ -46.910737452501763, -23.2488500750054 ], [ -46.910730271902246, -23.248860317289164 ], [ -46.91072299483907, -23.248863790806414 ], [ -46.910715717775496, -23.248867264323362 ], [ -46.910708488942468, -23.248874122223128 ], [ -46.910701163647161, -23.248874211356302 ], [ -46.910693886582393, -23.248877684872301 ], [ -46.910693983043593, -23.248884453638631 ], [ -46.910686705978087, -23.248887927154353 ], [ -46.910679428912168, -23.248891400669756 ], [ -46.91066492300908, -23.248901732082821 ], [ -46.910657742401305, -23.24891197436375 ], [ -46.910650513562871, -23.248918832261168 ], [ -46.910650610022067, -23.24892560102764 ], [ -46.910650706481306, -23.248932369794105 ], [ -46.910647140291033, -23.248939183125966 ], [ -46.910639766762536, -23.248935887873262 ], [ -46.91063239323438, -23.248932592620182 ], [ -46.910625067935548, -23.248932681750016 ], [ -46.91061769440789, -23.248929386496226 ], [ -46.910610369109172, -23.24892947562536 ], [ -46.910602995581996, -23.24892618037083 ], [ -46.910595622055169, -23.248922885115928 ], [ -46.910591862949708, -23.248916160913307 ], [ -46.910588103844653, -23.248909436710566 ], [ -46.910580682091293, -23.248902757071495 ], [ -46.910576922987204, -23.248896032868412 ], [ -46.910576826531859, -23.248889264101628 ], [ -46.910573067428388, -23.248882539898403 ], [ -46.910572970973298, -23.248875771131591 ], [ -46.910561886574811, -23.248869136054889 ], [ -46.910561790120347, -23.248862367288019 ], [ -46.910558031018461, -23.248855643084319 ], [ -46.910554271916972, -23.248848918880494 ], [ -46.910546850168757, -23.248842239239423 ], [ -46.910543091068241, -23.248835515035267 ], [ -46.910532006674551, -23.248828879956097 ], [ -46.910521018734144, -23.248829013643139 ], [ -46.910513596988643, -23.248822334000316 ], [ -46.910498898176428, -23.248819127864198 ], [ -46.910491572883217, -23.2488192169874 ], [ -46.910484295815138, -23.24882269049386 ], [ -46.910477018746668, -23.248826164000022 ], [ -46.910469693452981, -23.248826253122228 ], [ -46.910462368159266, -23.24882634224409 ], [ -46.910455042865507, -23.248826431365615 ], [ -46.910447717571714, -23.248826520486798 ], [ -46.910440392277877, -23.248826609607637 ], [ -46.910433066984012, -23.248826698728138 ], [ -46.910425789913816, -23.248830172232008 ], [ -46.910414850196062, -23.248833690295378 ], [ -46.9104075249017, -23.248833779414706 ], [ -46.910400199607295, -23.248833868533698 ], [ -46.910400296053474, -23.248840637301239 ], [ -46.910400392499682, -23.248847406068766 ], [ -46.910404151593688, -23.248854130276786 ], [ -46.910407958911428, -23.248864238868443 ], [ -46.910404392709921, -23.248871052195536 ], [ -46.910404489156484, -23.248877820963017 ], [ -46.910401019400936, -23.248891403057549 ], [ -46.910401115847414, -23.248898171825029 ], [ -46.910401260517212, -23.248908324976245 ], [ -46.91039412811115, -23.248921951630201 ], [ -46.910390610130676, -23.248932149340835 ], [ -46.910387043926718, -23.248938962667658 ], [ -46.910379815072112, -23.248945820553601 ], [ -46.910372537994114, -23.248949294055478 ], [ -46.910365260915732, -23.248952767557043 ], [ -46.910358032059243, -23.248959625442097 ], [ -46.910350706757754, -23.248959714559234 ], [ -46.910343381456237, -23.24895980367603 ], [ -46.910336104376427, -23.248963277176323 ], [ -46.910325164645236, -23.248966795234256 ], [ -46.910317839343222, -23.248966884349887 ], [ -46.910314273134645, -23.248973697675343 ], [ -46.910306996053265, -23.248977171174381 ], [ -46.910299767192363, -23.248984029057013 ], [ -46.910299863634165, -23.24899079782481 ], [ -46.910299960076003, -23.248997566592617 ], [ -46.910292634772205, -23.248997655707182 ], [ -46.910289068561603, -23.249004469032169 ], [ -46.910289165002958, -23.249011237799998 ], [ -46.91028930966506, -23.249021390951732 ], [ -46.910289406106507, -23.249028159719547 ], [ -46.910285888115723, -23.2490383574284 ], [ -46.910285984557071, -23.249045126196211 ], [ -46.910282418345048, -23.249051939521127 ], [ -46.910278852132684, -23.249058752845972 ], [ -46.910278948573783, -23.24906552161379 ], [ -46.910271671486548, -23.249068995111543 ], [ -46.910264346178721, -23.249069084225052 ], [ -46.910257069090868, -23.249072557722165 ], [ -46.91024988844233, -23.249082799986887 ], [ -46.910246322227557, -23.249089613311128 ], [ -46.910239045138098, -23.249093086807509 ], [ -46.910224394519489, -23.249093265031313 ], [ -46.910209792119616, -23.249096827637789 ], [ -46.910198804155186, -23.249096961303739 ], [ -46.910191527063944, -23.249100434798017 ], [ -46.910184201754056, -23.249100523907899 ], [ -46.910176876444126, -23.24910061301744 ], [ -46.910169551134167, -23.249100702126643 ], [ -46.910162225824173, -23.249100791235499 ], [ -46.910154900514137, -23.24910088034402 ], [ -46.910147575204071, -23.249100969452194 ], [ -46.910140249893956, -23.249101058560033 ], [ -46.91013292458382, -23.249101147667524 ], [ -46.910125599273634, -23.249101236774674 ], [ -46.910118273963427, -23.249101325881487 ], [ -46.91011094865317, -23.249101414987955 ], [ -46.910103575126669, -23.249098119709849 ], [ -46.910096249816533, -23.249098208815617 ], [ -46.910088924506361, -23.249098297921048 ], [ -46.910081599196147, -23.249098387026141 ], [ -46.910074273885897, -23.249098476130893 ], [ -46.910066996790896, -23.249101949619615 ], [ -46.910059671480397, -23.249102038723695 ], [ -46.910052394384778, -23.249105512211777 ], [ -46.910045117288767, -23.249108985699539 ], [ -46.910037840192359, -23.249112459186993 ], [ -46.910030514881157, -23.249112548289752 ], [ -46.91002318956992, -23.249112637392173 ], [ -46.910023285998356, -23.249119406160958 ], [ -46.910015960686714, -23.24911949526307 ], [ -46.910012394458796, -23.249126308582817 ], [ -46.910005069146727, -23.249126397684435 ], [ -46.910001502918085, -23.249133211003983 ], [ -46.90999417760559, -23.249133300105122 ], [ -46.909994274032663, -23.249140068874006 ], [ -46.909986948719762, -23.249140157974832 ], [ -46.909987045146501, -23.249146926743737 ], [ -46.909979719833196, -23.249147015844258 ], [ -46.909976153602756, -23.249153829163326 ], [ -46.909972587371961, -23.249160642482337 ], [ -46.909972683798074, -23.249167411251282 ], [ -46.909965358483589, -23.249167500351206 ], [ -46.909965454909361, -23.249174269120171 ], [ -46.909961888677557, -23.249181082438994 ], [ -46.909961985103223, -23.249187851207974 ], [ -46.909962081528917, -23.249194619976933 ], [ -46.909962177954654, -23.249201388745899 ], [ -46.909962274380426, -23.249208157514847 ], [ -46.909962370806241, -23.249214926283795 ], [ -46.909962467232084, -23.249221695052729 ], [ -46.909962563657963, -23.24922846382167 ], [ -46.909962660083885, -23.249235232590593 ], [ -46.909962756509842, -23.249242001359516 ], [ -46.909962852935827, -23.249248770128425 ], [ -46.909962949361855, -23.249255538897348 ], [ -46.909966756660893, -23.249265647500653 ], [ -46.909966853087198, -23.249272416269523 ], [ -46.909970612173829, -23.249279140488245 ], [ -46.90997070860039, -23.249285909257093 ], [ -46.909974467687633, -23.249292633475676 ], [ -46.909974564114449, -23.249299402244503 ], [ -46.909974660541309, -23.249306171013327 ], [ -46.909974805181655, -23.249316324166539 ], [ -46.909974901608599, -23.249323092935338 ], [ -46.909974998035572, -23.249329861704133 ], [ -46.909975094462588, -23.249336630472932 ], [ -46.909971576441045, -23.249346828176488 ], [ -46.909971672867975, -23.249353596945284 ], [ -46.909968106632427, -23.249360410264387 ], [ -46.909964540396523, -23.249367223583441 ], [ -46.90996463682319, -23.24937399235224 ], [ -46.909964733249886, -23.249380761121039 ], [ -46.909964829676618, -23.249387529889827 ], [ -46.909964926103392, -23.249394298658611 ], [ -46.909965022530194, -23.249401067427389 ], [ -46.909968781620854, -23.249407791645812 ], [ -46.909968878047913, -23.249414560414557 ], [ -46.909968974475014, -23.249421329183299 ], [ -46.909976396230846, -23.249428008851005 ], [ -46.909980155322906, -23.249434733069045 ], [ -46.909983914415371, -23.249441457286967 ], [ -46.909987769936436, -23.249454950273403 ], [ -46.909995095266517, -23.249454861171401 ], [ -46.909995191695131, -23.249461629940011 ], [ -46.909991625458368, -23.249468443259687 ], [ -46.909988059221256, -23.249475256579291 ], [ -46.909988155649607, -23.249482025347906 ], [ -46.909977167652194, -23.249482159000447 ], [ -46.909977264080027, -23.249488927769089 ], [ -46.909977360507888, -23.249495696537732 ], [ -46.909977456935792, -23.249502465306374 ], [ -46.909977553363738, -23.249509234075006 ], [ -46.909977649791713, -23.249516002843635 ], [ -46.90997408355279, -23.249522816163015 ], [ -46.9099667582189, -23.249522905264282 ], [ -46.909963191979259, -23.24952971858346 ], [ -46.909959625739262, -23.249536531902578 ], [ -46.909952396831393, -23.249543389771915 ], [ -46.909948830590523, -23.249550203090841 ], [ -46.909941505255027, -23.249550292191032 ], [ -46.909934228132478, -23.249553765675259 ], [ -46.909930661890428, -23.249560578993833 ], [ -46.909919770311497, -23.249567481411585 ], [ -46.909919866736821, -23.249574250180387 ], [ -46.909912589612389, -23.249577723663727 ], [ -46.909905360699881, -23.249584581531181 ], [ -46.909905457124559, -23.249591350300026 ], [ -46.909901890880136, -23.249598163618078 ], [ -46.909901987304707, -23.249604932386934 ], [ -46.909902083729314, -23.249611701155771 ], [ -46.909894806602388, -23.249615174638439 ], [ -46.909894903026682, -23.249621943407305 ], [ -46.909887625899017, -23.249625416889675 ], [ -46.909887722322985, -23.249632185658566 ], [ -46.909880396982757, -23.249632274756198 ], [ -46.909880493406398, -23.249639043525104 ], [ -46.909880589830081, -23.249645812294002 ], [ -46.909873312700739, -23.24964928577581 ], [ -46.909873409124103, -23.249656054544726 ], [ -46.909873505547502, -23.249662823313646 ], [ -46.909873601970943, -23.249669592082558 ], [ -46.909873698394421, -23.249676360851449 ], [ -46.909873794817926, -23.249683129620344 ], [ -46.909877553913184, -23.249689853840508 ], [ -46.909877650336945, -23.24969662260937 ], [ -46.90988140943282, -23.249703346829392 ], [ -46.909885168529087, -23.249710071049289 ], [ -46.909892542085856, -23.249713366335556 ], [ -46.909892638510485, -23.24972013510434 ], [ -46.909896397607831, -23.249726859323889 ], [ -46.909900156705575, -23.249733583543314 ], [ -46.90990748205126, -23.249733494444396 ], [ -46.909907578476741, -23.249740263213106 ], [ -46.909911337575451, -23.249746987432193 ], [ -46.909918759347924, -23.249753667101356 ], [ -46.909926132907877, -23.249756962385806 ], [ -46.909933506468164, -23.249760257669877 ], [ -46.909940880028799, -23.249763552953588 ], [ -46.909948205375947, -23.249763463852659 ], [ -46.909955530723053, -23.249763374751389 ], [ -46.909962807855933, -23.249759901265541 ], [ -46.909970133202783, -23.249759812163607 ], [ -46.909977410335046, -23.249756338677116 ], [ -46.909988398354926, -23.249756205023079 ], [ -46.909995675486456, -23.249752731535793 ], [ -46.910003000832781, -23.249752642432341 ], [ -46.910013892421283, -23.249745740008258 ], [ -46.91002116955152, -23.24974226651986 ], [ -46.910028494897155, -23.249742177415264 ], [ -46.910035772026767, -23.249738703926234 ], [ -46.910043049155995, -23.249735230436873 ], [ -46.910050326284818, -23.249731756947213 ], [ -46.910053892524466, -23.249724943626163 ], [ -46.910057458763767, -23.249718130305048 ], [ -46.910061025002726, -23.249711316983873 ], [ -46.910068302129766, -23.249707843493468 ], [ -46.910071868367922, -23.249701030172091 ], [ -46.910079145494116, -23.249697556681241 ], [ -46.910086374402752, -23.249690698806067 ], [ -46.910093603310649, -23.249683840930597 ], [ -46.910108253994892, -23.249683662714734 ], [ -46.910111820230391, -23.249676849392603 ], [ -46.910122760024862, -23.24967333134564 ], [ -46.910130085366305, -23.249673242236554 ], [ -46.910141073378391, -23.249673108572289 ], [ -46.910148398719734, -23.24967301946235 ], [ -46.910159386731692, -23.249672885796805 ], [ -46.910170374743565, -23.24967275213049 ], [ -46.910177700084766, -23.249672663019183 ], [ -46.910185025425932, -23.249672573907546 ], [ -46.910192350767062, -23.24967248479556 ], [ -46.910199724328123, -23.249675780067026 ], [ -46.910207097889518, -23.249679075338143 ], [ -46.910214471451269, -23.249682370608866 ], [ -46.910221796792804, -23.249682281495474 ], [ -46.910229218575779, -23.249688961149221 ], [ -46.91023654391762, -23.249688872035115 ], [ -46.910243869259418, -23.249688782920668 ], [ -46.91025119460118, -23.249688693805883 ], [ -46.910258519942907, -23.24968860469075 ], [ -46.910265845284599, -23.249688515575283 ], [ -46.910265941727957, -23.249695284342611 ], [ -46.910273267069975, -23.249695195226767 ], [ -46.910280592411965, -23.24969510611059 ], [ -46.910291580424875, -23.249694972435677 ], [ -46.910298905766773, -23.249694883318639 ], [ -46.910302664882948, -23.249701607527165 ], [ -46.910309990225159, -23.249701518409591 ], [ -46.910317315567333, -23.249701429291676 ], [ -46.910324737355857, -23.249708108940514 ], [ -46.910332110921715, -23.24971140420541 ], [ -46.910332207368526, -23.24971817297245 ], [ -46.91034324360669, -23.249721423677311 ], [ -46.910347002725857, -23.249728147884564 ], [ -46.910350761845422, -23.2497348720917 ], [ -46.910354520965377, -23.249741596298708 ], [ -46.910358328309876, -23.249751704889061 ], [ -46.910362087430734, -23.24975842909582 ], [ -46.910362183879272, -23.249765197862711 ], [ -46.910365943000748, -23.249771922069332 ], [ -46.91036970212263, -23.249778646275832 ], [ -46.910377075693447, -23.249781941538252 ], [ -46.910380834816181, -23.249788665744433 ], [ -46.910391871061201, -23.249791916445368 ], [ -46.910399341083824, -23.249801980473379 ], [ -46.91040676288209, -23.249808660117612 ], [ -46.910410522007112, -23.249815384322897 ], [ -46.910425269154992, -23.249821974843112 ], [ -46.91043635362994, -23.249828609923934 ], [ -46.910443678978517, -23.249828520799667 ], [ -46.910451052553725, -23.2498318160583 ], [ -46.910458377902415, -23.24983172693333 ], [ -46.910465799705172, -23.249838406574437 ], [ -46.91047317328141, -23.249841701831951 ], [ -46.910484161305092, -23.249841568142774 ], [ -46.910491486654166, -23.249841479016229 ], [ -46.910498812003212, -23.249841389889337 ], [ -46.910506137352222, -23.249841300762114 ], [ -46.910513510929462, -23.249844596017656 ], [ -46.910520836278579, -23.249844506889733 ], [ -46.91052825808498, -23.249851186527621 ], [ -46.910535631663251, -23.249854481782041 ], [ -46.910542957012815, -23.249854392653049 ], [ -46.910550330591583, -23.249857687906751 ], [ -46.910557655941254, -23.249857598777062 ], [ -46.910565029520505, -23.249860894030036 ], [ -46.910568788654842, -23.249867618230873 ], [ -46.910576114004982, -23.249867529100285 ], [ -46.910583487585185, -23.24987082435231 ], [ -46.910590909396042, -23.249877503986916 ], [ -46.910598282977126, -23.249880799238188 ], [ -46.910612981909431, -23.249884005356726 ], [ -46.910620307260274, -23.249883916224022 ], [ -46.910627632611082, -23.249883827090972 ], [ -46.910634957961854, -23.249883737957582 ], [ -46.910642283312583, -23.249883648823854 ], [ -46.910653319570528, -23.249886899505434 ], [ -46.910660644921357, -23.249886810370842 ], [ -46.910664404061137, -23.249893534569001 ], [ -46.910675392087846, -23.249893400866164 ], [ -46.910682717438938, -23.249893311730514 ], [ -46.910693801931401, -23.249899946791857 ], [ -46.910701175515911, -23.249903242038037 ], [ -46.910708549100768, -23.249906537283842 ], [ -46.910715874452443, -23.249906448146604 ], [ -46.910715970919519, -23.249913216911967 ], [ -46.910723344505257, -23.249916512157014 ], [ -46.910730718091337, -23.249919807401696 ], [ -46.91073081455923, -23.249926576166978 ], [ -46.910738236380183, -23.249933255793877 ], [ -46.910745609967528, -23.249936551037766 ], [ -46.910745706436245, -23.249943319802988 ], [ -46.910749465581951, -23.24995004399867 ], [ -46.910753224728055, -23.249956768194235 ], [ -46.910753321197255, -23.249963536959402 ], [ -46.910753417666484, -23.24997030572457 ], [ -46.910760839491083, -23.249976985350134 ], [ -46.910760935960759, -23.249983754115259 ], [ -46.91076469510849, -23.249990478310419 ], [ -46.910764791578423, -23.249997247075516 ], [ -46.910764888048391, -23.250004015840602 ], [ -46.910764984518401, -23.250010784605688 ], [ -46.91076508098844, -23.250017553370768 ], [ -46.910765177458522, -23.250024322135832 ], [ -46.910768936607752, -23.250031046330772 ], [ -46.91076903307809, -23.250037815095819 ], [ -46.910769129548463, -23.250044583860852 ], [ -46.910769226018871, -23.250051352625881 ], [ -46.910769322489315, -23.250058121390907 ], [ -46.910769418959795, -23.250064890155937 ], [ -46.91076951543031, -23.250071658920955 ], [ -46.910776985497129, -23.250081722927725 ], [ -46.910784503800798, -23.250095171316527 ], [ -46.910788311189044, -23.250105279893209 ], [ -46.910795733023257, -23.250111959516396 ], [ -46.910803251330663, -23.250125407904022 ], [ -46.910807106957698, -23.25013890086246 ], [ -46.910807299903261, -23.25015243839206 ], [ -46.910807396376093, -23.250159207156845 ], [ -46.91080749284896, -23.250165975921622 ], [ -46.91080758932187, -23.250172744686388 ], [ -46.910807685794815, -23.250179513451169 ], [ -46.910815011160963, -23.25017942430831 ], [ -46.910815107634313, -23.250186193073048 ], [ -46.910815204107699, -23.250192961837769 ], [ -46.910822625948349, -23.250199641459211 ], [ -46.910826385105956, -23.250206365652115 ], [ -46.910830144263954, -23.250213089844898 ], [ -46.910830240738228, -23.250219858609544 ], [ -46.910837566106487, -23.250219769465492 ], [ -46.910837662581166, -23.250226538230102 ], [ -46.910841421740358, -23.250233262422523 ], [ -46.910841518215285, -23.250240031187104 ], [ -46.910841614690256, -23.250246799951679 ], [ -46.910841711165261, -23.25025356871625 ], [ -46.910841807640303, -23.250260337480821 ], [ -46.910834482269848, -23.250260426625221 ], [ -46.910827253373697, -23.250267284533887 ], [ -46.910823687162441, -23.250274097870424 ], [ -46.910816361791156, -23.250274187014021 ], [ -46.910809084656577, -23.250277660539613 ], [ -46.910798144835724, -23.250281178636243 ], [ -46.910790867700243, -23.250284652161042 ], [ -46.910779927878252, -23.250288170256475 ], [ -46.910768939819881, -23.250288303968762 ], [ -46.910761614447587, -23.250288393109859 ], [ -46.910754240839879, -23.250285097868165 ], [ -46.910746867232497, -23.250281802626116 ], [ -46.910735830939537, -23.250278551953564 ], [ -46.910728505567633, -23.250278641093082 ], [ -46.910721131961175, -23.250275345849751 ], [ -46.910713806589385, -23.250275434988573 ], [ -46.910710047435003, -23.250268710792778 ], [ -46.910702673829498, -23.250265415548505 ], [ -46.910695300224319, -23.250262120303862 ], [ -46.91068797485314, -23.250262209441438 ], [ -46.910680553015013, -23.250255529813455 ], [ -46.910673179410871, -23.250252234567689 ], [ -46.910665805807071, -23.250248939321558 ], [ -46.910658480436481, -23.250249028457702 ], [ -46.910647395915355, -23.250242393395943 ], [ -46.910640022312649, -23.250239098148519 ], [ -46.910628986025294, -23.250235847468041 ], [ -46.910617949738416, -23.250232596786748 ], [ -46.910610624368516, -23.250232685920611 ], [ -46.910603202535704, -23.250226006288582 ], [ -46.910595877166102, -23.250226095421731 ], [ -46.910588503565407, -23.250222800171731 ], [ -46.910577515511157, -23.250222933870276 ], [ -46.91057014191103, -23.250219638619367 ], [ -46.910562768311244, -23.250216343368095 ], [ -46.910559009166057, -23.250209619168032 ], [ -46.910551683797166, -23.250209708299053 ], [ -46.910544358428233, -23.250209797429736 ], [ -46.910537033059256, -23.250209886560075 ], [ -46.910533273915526, -23.250203162359295 ], [ -46.910525900317445, -23.250199867106151 ], [ -46.910518526719713, -23.250196571852658 ], [ -46.910511201351355, -23.250196660981743 ], [ -46.910503827754113, -23.250193365727505 ], [ -46.910496454157212, -23.250190070472911 ], [ -46.910489128789116, -23.250190159600947 ], [ -46.91048536964832, -23.2501834353988 ], [ -46.910478044280538, -23.250183524526296 ], [ -46.910474236912435, -23.250173415940782 ], [ -46.910466863317296, -23.250170120684654 ], [ -46.91046310417822, -23.250163396481845 ], [ -46.910455682356321, -23.250156716842053 ], [ -46.910448308762518, -23.250153421584972 ], [ -46.910440886941899, -23.250146741944384 ], [ -46.91043351334897, -23.250143446686529 ], [ -46.910429754212359, -23.250136722482743 ], [ -46.910422380620233, -23.250133427224306 ], [ -46.910411344345874, -23.250130176527566 ], [ -46.910400211619844, -23.250120157063566 ], [ -46.910389175347021, -23.250116906365143 ], [ -46.910381849982464, -23.250116995487915 ], [ -46.910374524617865, -23.250117084610341 ], [ -46.910370765484942, -23.250110360404875 ], [ -46.910363440120662, -23.250110449526765 ], [ -46.910352355624525, -23.250103814442316 ], [ -46.910344982035895, -23.250100519179984 ], [ -46.910341222904933, -23.250093794973665 ], [ -46.910333849317105, -23.250090499710762 ], [ -46.910326523953749, -23.250090588830854 ], [ -46.910319150366419, -23.250087293567219 ], [ -46.91031182500317, -23.250087382686608 ], [ -46.910304499639892, -23.250087471805667 ], [ -46.910297126053202, -23.250084176540941 ], [ -46.910282475326831, -23.250084354777318 ], [ -46.910271487281953, -23.250084488453702 ], [ -46.910260499237005, -23.250084622129314 ], [ -46.910249511191964, -23.250084755804163 ], [ -46.910242185828565, -23.250084844920309 ], [ -46.910234860465124, -23.250084934036099 ], [ -46.910227583323277, -23.250088407535134 ], [ -46.910220306181031, -23.250091881033846 ], [ -46.910220402623963, -23.250098649801004 ], [ -46.910220499066931, -23.250105418568175 ], [ -46.910224258192429, -23.250112142777756 ], [ -46.910224354635645, -23.250118911544877 ], [ -46.910224499300547, -23.250129064695557 ], [ -46.910228258427004, -23.250135788904966 ], [ -46.910228354870533, -23.250142557672056 ], [ -46.910228451314104, -23.250149326439153 ], [ -46.910232210441393, -23.2501560506484 ], [ -46.910239584030819, -23.250159345915989 ], [ -46.910239680475037, -23.250166114683012 ], [ -46.91023977691929, -23.250172883450034 ], [ -46.910243536047879, -23.250179607658907 ], [ -46.910247295176859, -23.250186331867667 ], [ -46.910254668768324, -23.250189627134393 ], [ -46.910254765213445, -23.25019639590133 ], [ -46.910262187028408, -23.250203075551113 ], [ -46.910269560621146, -23.250206370817057 ], [ -46.910273319752235, -23.250213095025035 ], [ -46.9102734161984, -23.25021986379188 ], [ -46.910273512644608, -23.250226632558718 ], [ -46.910277271776543, -23.250233356766532 ], [ -46.91028103090887, -23.250240080974223 ], [ -46.910284790041601, -23.250246805181792 ], [ -46.910284886488498, -23.250253573948562 ], [ -46.910288645621847, -23.250260298155993 ], [ -46.910288742069007, -23.250267066922749 ], [ -46.910296067442161, -23.250266977803783 ], [ -46.910303441039247, -23.250270273067812 ], [ -46.910303537487195, -23.25027704183449 ], [ -46.910310862860833, -23.250276952714799 ], [ -46.910314621996179, -23.250283676921448 ], [ -46.910318429356323, -23.250293785511296 ], [ -46.910322188492572, -23.250300509717697 ], [ -46.910322284941607, -23.250307278484275 ], [ -46.910326044078481, -23.250314002690548 ], [ -46.910333465903697, -23.250320682336191 ], [ -46.910337225041538, -23.250327406542116 ], [ -46.910344646868076, -23.250334086187141 ], [ -46.910348406006882, -23.250340810392721 ], [ -46.91035216514608, -23.250347534598195 ], [ -46.910355924285675, -23.250354258803529 ], [ -46.910359683425675, -23.250360983008754 ], [ -46.910359779876885, -23.25036775177513 ], [ -46.910367201706855, -23.250374431418834 ], [ -46.910374623537557, -23.250381111062126 ], [ -46.910374719989619, -23.25038787982843 ], [ -46.91037481644171, -23.250394648594728 ], [ -46.910374912893843, -23.250401417361026 ], [ -46.910375009346012, -23.250408186127306 ], [ -46.910375105798217, -23.250414954893586 ], [ -46.910375202250457, -23.250421723659855 ], [ -46.910375298702732, -23.250428492426131 ], [ -46.910375395155043, -23.25043526119239 ], [ -46.910379154298568, -23.250441985396861 ], [ -46.910379250751141, -23.250448754163099 ], [ -46.910379347203744, -23.250455522929325 ], [ -46.910383106348107, -23.250462247133637 ], [ -46.910383202800965, -23.250469015899832 ], [ -46.910390624638019, -23.250475695541898 ], [ -46.910390721091325, -23.250482464308057 ], [ -46.910390817544666, -23.250489233074212 ], [ -46.910390913998043, -23.250496001840357 ], [ -46.910391010451455, -23.250502770606495 ], [ -46.910387444211914, -23.250509583934818 ], [ -46.910387540665212, -23.250516352700959 ], [ -46.910387637118546, -23.250523121467101 ], [ -46.910384070878365, -23.250529934795367 ], [ -46.910380504637843, -23.250536748123569 ], [ -46.910380601090921, -23.250543516889717 ], [ -46.910377034849901, -23.25055033021787 ], [ -46.910377131302866, -23.250557098984018 ], [ -46.910377227755866, -23.250563867750159 ], [ -46.910377372435441, -23.250574020899364 ], [ -46.910370095272221, -23.250577494406304 ], [ -46.910370191724958, -23.250584263172463 ], [ -46.910370288177731, -23.250591031938612 ], [ -46.910370384630546, -23.25059780070475 ], [ -46.910370481083397, -23.250604569470891 ], [ -46.910370577536284, -23.250611338237011 ], [ -46.910370673989206, -23.250618107003135 ], [ -46.910374433138344, -23.250624831207251 ], [ -46.910374529591522, -23.250631599973349 ], [ -46.910381854984223, -23.250631510849058 ], [ -46.910385614134327, -23.250638235052836 ], [ -46.910393035981514, -23.250644914694021 ], [ -46.910396795132591, -23.250651638897459 ], [ -46.91040055428406, -23.250658363100769 ], [ -46.910400650738715, -23.250665131866736 ], [ -46.91040807258819, -23.250671811507043 ], [ -46.910411831740852, -23.250678535709994 ], [ -46.910411928196169, -23.250685304475898 ], [ -46.910415783805021, -23.250698797444574 ], [ -46.910419639414741, -23.250712290413098 ], [ -46.910423398569257, -23.250719014615623 ], [ -46.910427157724172, -23.250725738818034 ], [ -46.910427254180476, -23.25073250758383 ], [ -46.910434627806815, -23.25073580283961 ], [ -46.910438386962802, -23.25074252704167 ], [ -46.910438483419753, -23.25074929580741 ], [ -46.910445857047286, -23.250752591062572 ], [ -46.910453230675152, -23.250755886317357 ], [ -46.910460700761512, -23.250765950337417 ], [ -46.910468026161183, -23.250765861208635 ], [ -46.91046812261974, -23.250772629974232 ], [ -46.910475496249219, -23.250775925227853 ], [ -46.910482821649367, -23.250775836098338 ], [ -46.910493857979475, -23.250779086786181 ], [ -46.910501231609864, -23.250782382038526 ], [ -46.910508605240587, -23.250785677290509 ], [ -46.91051602710219, -23.250792356924812 ], [ -46.910527015203492, -23.250792223227492 ], [ -46.910534437066339, -23.250798902860829 ], [ -46.910541810698696, -23.250802198111128 ], [ -46.910549136099995, -23.25080210897843 ], [ -46.910556509732857, -23.250805404227993 ], [ -46.910567546066837, -23.250808654910362 ], [ -46.910571305231578, -23.250815379108595 ], [ -46.910578630633466, -23.250815289974476 ], [ -46.910586004267692, -23.250818585222557 ], [ -46.910593329669695, -23.250818496087732 ], [ -46.91060446247117, -23.250828515532387 ], [ -46.910611787873641, -23.250828426396669 ], [ -46.910622824210598, -23.250831677074924 ], [ -46.910630197846686, -23.250834972320789 ], [ -46.910630294313748, -23.25084174108569 ], [ -46.910637667950553, -23.250845036331153 ], [ -46.910645041587713, -23.250848331576243 ], [ -46.910652463459328, -23.250855011203363 ], [ -46.910659837097363, -23.250858306447693 ], [ -46.910667162501227, -23.25085821730929 ], [ -46.910674536139744, -23.250861512552895 ], [ -46.910678295311342, -23.250868236748079 ], [ -46.91068566895067, -23.250871531991098 ], [ -46.910693042590339, -23.250874827233748 ], [ -46.910700367994956, -23.250874738093732 ], [ -46.910707693399537, -23.250874648953378 ], [ -46.910718681506346, -23.250874515242202 ], [ -46.91072595867481, -23.250871041718739 ], [ -46.910733284079086, -23.250870952577202 ], [ -46.910740609483319, -23.250870863435324 ], [ -46.910747934887517, -23.250870774293102 ], [ -46.91075526029168, -23.250870685150542 ], [ -46.910762537458872, -23.250867211625472 ], [ -46.91076244098501, -23.250860442861114 ], [ -46.91076971815145, -23.250856969335739 ], [ -46.910777043554766, -23.250856880192213 ], [ -46.910784320720587, -23.250853406666206 ], [ -46.910791597886011, -23.250849933139886 ], [ -46.910798875051036, -23.250846459613253 ], [ -46.91080615221567, -23.250842986086301 ], [ -46.910813477618071, -23.25084289694113 ], [ -46.910820803020421, -23.250842807795607 ], [ -46.91082812842275, -23.250842718649753 ], [ -46.910820851258784, -23.250846192177676 ], [ -46.910835550302494, -23.250849398267633 ], [ -46.910842972182976, -23.250856077885107 ], [ -46.910850345825061, -23.250859373120182 ], [ -46.910850442303342, -23.250866141884192 ], [ -46.910854201483595, -23.250872866074555 ], [ -46.910861526887416, -23.250872776927029 ], [ -46.910865286068415, -23.250879501117076 ], [ -46.910872659712297, -23.250882796350957 ], [ -46.91088003335652, -23.25088609158448 ], [ -46.910880129836436, -23.250892860348344 ], [ -46.91088745524123, -23.250892771199538 ], [ -46.910894828886342, -23.25089606643229 ], [ -46.910905865234319, -23.25089931708979 ], [ -46.910909624418302, -23.250906041278554 ], [ -46.910916998064629, -23.25090933651018 ], [ -46.910924323470176, -23.250909247359601 ], [ -46.910931648875689, -23.25090915820866 ], [ -46.910931745358305, -23.250915926972315 ], [ -46.910931841840963, -23.250922695735948 ], [ -46.910939167247172, -23.25092260658462 ], [ -46.910950203598226, -23.250925857238773 ], [ -46.910957577246528, -23.250929152468348 ], [ -46.910964999137377, -23.250935832079289 ], [ -46.910972372786553, -23.250939127308101 ], [ -46.910976131975033, -23.250945851494944 ], [ -46.910983505625012, -23.250949146723176 ], [ -46.910990879275339, -23.250952441951039 ], [ -46.910998252926007, -23.250955737178522 ], [ -46.910998349412203, -23.250962505941864 ], [ -46.911005723063603, -23.250965801168949 ], [ -46.911013096715344, -23.250969096395654 ], [ -46.911020470367426, -23.250972391622 ], [ -46.911027844019848, -23.250975686847958 ], [ -46.91103521767262, -23.250978982073558 ], [ -46.911042639569999, -23.25098566168035 ], [ -46.911049964979178, -23.250985572523632 ], [ -46.911057386877637, -23.250992252129649 ], [ -46.911064760531964, -23.250995547353742 ], [ -46.911072134186632, -23.250998842577459 ], [ -46.911079459596401, -23.250998753419317 ], [ -46.911086881496999, -23.251005433023781 ], [ -46.911094206907066, -23.251005343864932 ], [ -46.911101628808737, -23.251012023468615 ], [ -46.91110905071114, -23.251018703071907 ], [ -46.911116424368068, -23.251021998293385 ], [ -46.911123798025322, -23.251025293514477 ], [ -46.911138497094065, -23.251028499574208 ], [ -46.911145822505169, -23.251028410412864 ], [ -46.911153147916238, -23.25102832125118 ], [ -46.911160521574629, -23.25103161647047 ], [ -46.911171509691385, -23.25103148272677 ], [ -46.911182546055983, -23.251034733363561 ], [ -46.911189871467236, -23.251034644200143 ], [ -46.91119724512675, -23.251037939417625 ], [ -46.911204570538118, -23.251037850253507 ], [ -46.911211944198129, -23.251041145470253 ], [ -46.91121926960961, -23.251041056305436 ], [ -46.911226595021056, -23.25104096714028 ], [ -46.911233968681707, -23.251044262355958 ], [ -46.911241342342691, -23.251047557571244 ], [ -46.911248716004025, -23.251050852786175 ], [ -46.911256137915522, -23.251057532381839 ], [ -46.911263463327714, -23.251057443214904 ], [ -46.911263559827766, -23.251064211977106 ], [ -46.911270933490513, -23.251067507190893 ], [ -46.911278258903181, -23.251067418023226 ], [ -46.911285632566418, -23.25107071323627 ], [ -46.911293006229997, -23.251074008448953 ], [ -46.911300379893916, -23.251077303661258 ], [ -46.911307753558177, -23.251080598873198 ], [ -46.911315127222785, -23.251083894084751 ], [ -46.911322500887728, -23.251087189295944 ], [ -46.911329874553012, -23.251090484506765 ], [ -46.911340862673505, -23.251090350750893 ], [ -46.911348236339364, -23.251093645960811 ], [ -46.911355561753119, -23.251093556789446 ], [ -46.911362935419469, -23.251096851998629 ], [ -46.911373923540268, -23.251096718240415 ], [ -46.911381248954086, -23.251096629067838 ], [ -46.911388574367869, -23.251096539894927 ], [ -46.911399562488484, -23.25109640613492 ], [ -46.911406887902174, -23.25109631696116 ], [ -46.911414213315837, -23.251096227787048 ], [ -46.911421538729464, -23.251096138612599 ], [ -46.911428864143041, -23.251096049437805 ], [ -46.911436141302133, -23.251092575881938 ], [ -46.911443466715461, -23.251092486706483 ], [ -46.911450792128747, -23.251092397530684 ], [ -46.911458117542004, -23.251092308354544 ], [ -46.911465442955226, -23.251092219178062 ], [ -46.911480093781556, -23.251092040824073 ], [ -46.91149113015706, -23.251095291438318 ], [ -46.911498455570296, -23.251095202260284 ], [ -46.911505780983504, -23.251095113081909 ], [ -46.911513106396669, -23.251095023903201 ], [ -46.911520431809798, -23.25109493472414 ], [ -46.911527757222899, -23.251094845544745 ], [ -46.911535034379007, -23.251091371984465 ], [ -46.911542359791845, -23.251091282804399 ], [ -46.911549685204641, -23.251091193623992 ], [ -46.91155696235991, -23.251087720062728 ], [ -46.911564287772457, -23.251087630881656 ], [ -46.911571613184961, -23.25108754170024 ], [ -46.911578986855488, -23.251090836898953 ], [ -46.911586312268113, -23.251090747716844 ], [ -46.911593637680696, -23.251090658534384 ], [ -46.91160096309325, -23.251090569351589 ], [ -46.911608336764559, -23.251093864548849 ], [ -46.911615662177219, -23.251093775365355 ], [ -46.911622987589844, -23.251093686181523 ], [ -46.911630313002433, -23.25109359699735 ], [ -46.911641349380886, -23.251096847600785 ], [ -46.911656048466234, -23.251100053610656 ], [ -46.91166337387903, -23.251099964424924 ], [ -46.911670747552186, -23.251103259619118 ], [ -46.911678121225684, -23.251106554812942 ], [ -46.911685446638742, -23.251106465626151 ], [ -46.91168920586702, -23.251113189793099 ], [ -46.91169657954147, -23.251116484985982 ], [ -46.911703953216261, -23.251119780178499 ], [ -46.911711375152883, -23.251126459750829 ], [ -46.911718748828548, -23.251129754942578 ], [ -46.911726074242694, -23.251129665753805 ], [ -46.911729833473679, -23.25113638991958 ], [ -46.911733592705062, -23.251143114085249 ], [ -46.911740966382148, -23.251146409275854 ], [ -46.91174472561439, -23.251153133441175 ], [ -46.911752051029701, -23.251153044251112 ], [ -46.911759424707739, -23.251156339440779 ], [ -46.911766750123164, -23.251156250250016 ], [ -46.911774123801692, -23.251159545438956 ], [ -46.911777883035953, -23.251166269603345 ], [ -46.911788919423309, -23.251169520195742 ], [ -46.911792678658607, -23.251176244359698 ], [ -46.911800100602655, -23.251182923927285 ], [ -46.911811088727696, -23.251182790138014 ], [ -46.911818462408668, -23.251186085324694 ], [ -46.911825884354499, -23.251192764890941 ], [ -46.911833258036346, -23.251196060076854 ], [ -46.911840776513309, -23.251209508402088 ], [ -46.911844535752394, -23.25121623256452 ], [ -46.911844632282509, -23.251223001324291 ], [ -46.911844728812675, -23.251229770084048 ], [ -46.911852054231744, -23.251229680889036 ], [ -46.9118521507623, -23.251236449648758 ], [ -46.911859572712679, -23.251243129213073 ], [ -46.911859669243682, -23.251249897972745 ], [ -46.911859765774722, -23.25125666673242 ], [ -46.911856199595363, -23.251263480089879 ], [ -46.911848922439745, -23.251266953665056 ], [ -46.911841741813944, -23.251277195999641 ], [ -46.911834464657176, -23.251280669574221 ], [ -46.911830898475948, -23.251287482931215 ], [ -46.911830995005708, -23.251294251690965 ], [ -46.911834754247025, -23.251300975853443 ], [ -46.911834850777041, -23.251307744613175 ], [ -46.911834947307099, -23.251314513372893 ], [ -46.911838706549254, -23.251321237535215 ], [ -46.911838803079569, -23.251328006294901 ], [ -46.911842562322335, -23.251334730457081 ], [ -46.911846321565505, -23.251341454619137 ], [ -46.911846418096296, -23.251348223378788 ], [ -46.911846514627122, -23.251354992138427 ], [ -46.911846611157991, -23.25136176089806 ], [ -46.911853984849891, -23.251365056082292 ], [ -46.911861310276315, -23.251364966886364 ], [ -46.911865069521347, -23.251371691047815 ], [ -46.911872394948084, -23.251371601851346 ], [ -46.911879720374785, -23.25137151265454 ], [ -46.911887094067943, -23.251374807837124 ], [ -46.911894467761435, -23.251378103019327 ], [ -46.911901841455268, -23.251381398201168 ], [ -46.911905600702788, -23.251388122361476 ], [ -46.911909359950712, -23.251394846521666 ], [ -46.911909456484928, -23.251401615281019 ], [ -46.91191321573347, -23.251408339441067 ], [ -46.911916974982404, -23.251415063600998 ], [ -46.911917071517102, -23.251421832360307 ], [ -46.911920830766654, -23.2514285565201 ], [ -46.911920927301615, -23.251435325279374 ], [ -46.911921023836605, -23.251442094038648 ], [ -46.911921120371638, -23.251448862797908 ], [ -46.911921216906698, -23.251455631557171 ], [ -46.911921313441802, -23.25146240031642 ], [ -46.911921409976941, -23.251469169075666 ], [ -46.911921506512122, -23.251475937834908 ], [ -46.911921603047332, -23.251482706594143 ], [ -46.911921699582578, -23.25148947535337 ], [ -46.911918133401201, -23.251496288712243 ], [ -46.911914567219476, -23.251503102071062 ], [ -46.911914663754466, -23.251509870830308 ], [ -46.911914760289484, -23.251516639589539 ], [ -46.911914856824552, -23.251523408348763 ], [ -46.911914953359641, -23.251530177107981 ], [ -46.91191504989478, -23.251536945867194 ], [ -46.911915146429941, -23.251543714626404 ], [ -46.911915242965144, -23.251550483385603 ], [ -46.911915339500389, -23.251557252144796 ], [ -46.91191543603567, -23.251564020903984 ], [ -46.91191553257098, -23.251570789663166 ], [ -46.911915629106332, -23.251577558422344 ], [ -46.91191572564172, -23.251584327181526 ], [ -46.911915822177143, -23.251591095940682 ], [ -46.911915918712602, -23.251597864699843 ], [ -46.911912352528461, -23.251604678058705 ], [ -46.911912449063806, -23.251611446817869 ], [ -46.911912545599186, -23.251618215577022 ], [ -46.91191264213461, -23.251624984336171 ], [ -46.911905364961747, -23.251628457915015 ], [ -46.911905461496843, -23.251635226674182 ], [ -46.91190189531131, -23.251642040032888 ], [ -46.911894618137239, -23.251645513611301 ], [ -46.911891100218135, -23.251655711349404 ], [ -46.911887534031386, -23.25166252470785 ], [ -46.911883967844282, -23.251669338066225 ], [ -46.911880401656845, -23.25167615142454 ], [ -46.911880498190911, -23.251682920183764 ], [ -46.9118731727472, -23.251683009381736 ], [ -46.911873269280932, -23.251689778140989 ], [ -46.911866040370221, -23.251696636097911 ], [ -46.911862474181227, -23.251703449455913 ], [ -46.911855197002772, -23.251706923032767 ], [ -46.911851630812961, -23.251713736390563 ], [ -46.911851727345748, -23.251720505149869 ], [ -46.91184440189987, -23.251720594346637 ], [ -46.911840835709185, -23.251727407704234 ], [ -46.911837269518159, -23.251734221061767 ], [ -46.911833703326792, -23.25174103441924 ], [ -46.911833799858805, -23.251747803178603 ], [ -46.911826522677181, -23.25175127675432 ], [ -46.911822956484862, -23.251758090111597 ], [ -46.911823053016406, -23.251764858870978 ], [ -46.911815727567983, -23.251764948066562 ], [ -46.911808498650359, -23.251771806021246 ], [ -46.911804932456626, -23.251778619378204 ], [ -46.911801366262551, -23.251785432735094 ], [ -46.911794040812907, -23.251785521929747 ], [ -46.911794185608237, -23.251795675068951 ], [ -46.911786860158003, -23.251795764263306 ], [ -46.911779631237266, -23.251802622216839 ], [ -46.911776065041309, -23.251809435573257 ], [ -46.911768787854761, -23.251812909146597 ], [ -46.911765221658008, -23.25181972250282 ], [ -46.911754233480487, -23.251819856292325 ], [ -46.911754330008847, -23.25182662505193 ], [ -46.911747004556759, -23.251826714244533 ], [ -46.911747101084785, -23.251833483004162 ], [ -46.911739775632284, -23.251833572196453 ], [ -46.911732498443406, -23.251837045768244 ], [ -46.91172522125413, -23.251840519339716 ], [ -46.911721655054457, -23.251847332695121 ], [ -46.911718088854435, -23.251854146050466 ], [ -46.911710859927013, -23.251861004001224 ], [ -46.911703534472849, -23.251861093191938 ], [ -46.91169996827157, -23.251867906546941 ], [ -46.911692691079722, -23.251871380117052 ], [ -46.911685413887476, -23.251874853686871 ], [ -46.911678233219625, -23.251885096016224 ], [ -46.91167466701647, -23.251891909370759 ], [ -46.91167476354115, -23.251898678130615 ], [ -46.911674860065872, -23.251905446890461 ], [ -46.91167495659063, -23.2519122156503 ], [ -46.911675053115417, -23.251918984410139 ], [ -46.911675149640246, -23.251925753169971 ], [ -46.91167524616511, -23.251932521929792 ], [ -46.91167534269001, -23.251939290689609 ], [ -46.911682668148565, -23.251939201499937 ], [ -46.91168276467387, -23.251945970259715 ], [ -46.911686523928843, -23.251952694424499 ], [ -46.911693897651041, -23.251955989614128 ], [ -46.911693994177, -23.251962758373846 ], [ -46.911701367899923, -23.25196605356307 ], [ -46.911708741623201, -23.251969348751913 ], [ -46.911716163610379, -23.2519760283202 ], [ -46.911723537334531, -23.251979323508291 ], [ -46.911727296592545, -23.25198604767187 ], [ -46.911734670317493, -23.251989342859375 ], [ -46.91173842957636, -23.251996067022631 ], [ -46.911738526104749, -23.25200283578214 ], [ -46.911742285364234, -23.252009559945254 ], [ -46.911749659090844, -23.25201285513193 ], [ -46.911749755619866, -23.252019623891378 ], [ -46.91174985214893, -23.252026392650826 ], [ -46.911749948678036, -23.252033161410271 ], [ -46.911750045207178, -23.252039930169708 ], [ -46.911750141736348, -23.252046698929135 ], [ -46.911750238265562, -23.252053467688558 ], [ -46.91175033479481, -23.252060236447978 ], [ -46.911746768591478, -23.252067049804072 ], [ -46.911743202387797, -23.25207386316011 ], [ -46.911735876922151, -23.25207395235309 ], [ -46.911735973450767, -23.252080721112545 ], [ -46.911732407246213, -23.25208753446838 ], [ -46.911728841041317, -23.252094347824162 ], [ -46.911721612102468, -23.252101205776039 ], [ -46.911721708630495, -23.252107974535523 ], [ -46.911718190688525, -23.252118172270865 ], [ -46.911714624482187, -23.252124985626395 ], [ -46.911714721009965, -23.252131754385893 ], [ -46.911714817537785, -23.252138523145383 ], [ -46.911707540332216, -23.252141996717029 ], [ -46.911707636859717, -23.252148765476541 ], [ -46.911707733387253, -23.252155534236039 ], [ -46.911707829914832, -23.252162302995536 ], [ -46.911707926442446, -23.252169071755027 ], [ -46.911711685705761, -23.252175795918529 ], [ -46.911715444969481, -23.252182520081909 ], [ -46.911719204233592, -23.252189244245166 ], [ -46.911722963498107, -23.252195968408316 ], [ -46.911723060026638, -23.252202737167718 ], [ -46.911723156555205, -23.252209505927109 ], [ -46.911726915820552, -23.252216230090088 ], [ -46.911730675086297, -23.25222295425295 ], [ -46.911734434352439, -23.252229678415684 ], [ -46.911738193618973, -23.252236402578301 ], [ -46.911738290148463, -23.252243171337607 ], [ -46.911738434942762, -23.252253324476555 ], [ -46.911738531472338, -23.252260093235844 ], [ -46.911738628001956, -23.252266861995121 ], [ -46.91173872453161, -23.252273630754406 ], [ -46.911738821061299, -23.252280399513676 ], [ -46.911738917591016, -23.25228716827294 ], [ -46.911739014120784, -23.252293937032199 ], [ -46.911739110650579, -23.252300705791459 ], [ -46.911739207180403, -23.252307474550701 ], [ -46.911739303710277, -23.252314243309947 ], [ -46.91173940024018, -23.252321012069181 ], [ -46.911743159509882, -23.252327736231425 ], [ -46.911743256040047, -23.252334504990628 ], [ -46.911743352570241, -23.252341273749828 ], [ -46.911743449100477, -23.252348042509023 ], [ -46.911743545630742, -23.252354811268216 ], [ -46.911747304901724, -23.252361535430254 ], [ -46.911751064173096, -23.25236825959216 ], [ -46.911751160703844, -23.25237502835131 ], [ -46.911754919975834, -23.252381752513074 ], [ -46.911755016506845, -23.252388521272191 ], [ -46.911755113037884, -23.252395290031295 ], [ -46.911755209568966, -23.252402058790409 ], [ -46.911755306100083, -23.252408827549502 ], [ -46.911755402631236, -23.252415596308591 ], [ -46.911755499162425, -23.25242236506767 ], [ -46.911755595693641, -23.252429133826748 ], [ -46.911755692224901, -23.25243590258582 ], [ -46.911755788756203, -23.252442671344884 ], [ -46.911759548030581, -23.252449395506346 ], [ -46.911763307305357, -23.252456119667698 ], [ -46.911767066580524, -23.252462843828923 ], [ -46.911767163112515, -23.25246961258792 ], [ -46.9117709223883, -23.252476336749009 ], [ -46.911771018920554, -23.252483105507977 ], [ -46.911771115452844, -23.252489874266942 ], [ -46.911778537473758, -23.252496553829747 ], [ -46.911782296750957, -23.252503277990442 ], [ -46.911782393283914, -23.252510046749343 ], [ -46.911786152561724, -23.252516770909907 ], [ -46.911786249094931, -23.252523539668775 ], [ -46.911786393894815, -23.252533692807084 ], [ -46.911790153173577, -23.25254041696747 ], [ -46.911793912452744, -23.252547141127735 ], [ -46.911794008986483, -23.252553909886554 ], [ -46.911794105520258, -23.252560678645366 ], [ -46.911794202054075, -23.252567447404168 ], [ -46.911790635841548, -23.252574260761598 ], [ -46.911790780642121, -23.252584413899811 ], [ -46.911790877175875, -23.252591182658612 ], [ -46.911790973709671, -23.2525979514174 ], [ -46.911787407496284, -23.252604764774791 ], [ -46.911787504029959, -23.252611533533585 ], [ -46.911787600563684, -23.252618302292372 ], [ -46.911787697097438, -23.252625071051153 ], [ -46.911784130883262, -23.252631884408505 ], [ -46.911784227416909, -23.252638653167303 ], [ -46.911787986698918, -23.252645377327468 ], [ -46.911788083232821, -23.252652146086223 ], [ -46.911788179766752, -23.252658914844972 ], [ -46.9117919390496, -23.252665639004981 ], [ -46.911792035583801, -23.252672407763704 ], [ -46.911792132118023, -23.25267917652242 ], [ -46.911795891401717, -23.252685900682263 ], [ -46.911799650685801, -23.252692624841988 ], [ -46.91180340997029, -23.252699349001588 ], [ -46.911807265790316, -23.252712841919696 ], [ -46.911814736093902, -23.252722905858974 ], [ -46.911818543647989, -23.252733014397364 ], [ -46.911818640183846, -23.252739783155924 ], [ -46.911818736719724, -23.25274655191448 ], [ -46.911826062221756, -23.252746462715205 ], [ -46.91183348426042, -23.252753142274077 ], [ -46.911837243548476, -23.252759866432594 ], [ -46.911841002836923, -23.252766590590994 ], [ -46.911844762125767, -23.252773314749273 ], [ -46.91184852141501, -23.252780038907432 ], [ -46.911848617952593, -23.252786807665828 ], [ -46.911848714490205, -23.252793576424221 ], [ -46.911891960825649, -23.252849062515203 ], [ -46.911935939664481, -23.252889654624123 ], [ -46.911950590842338, -23.252903176438572 ], [ -46.912082282230188, -23.252969738777939 ], [ -46.912111479365393, -23.252996705827169 ], [ -46.9122279869461, -23.253049448147017 ], [ -46.912300532337611, -23.253116531645677 ], [ -46.91234501520757, -23.253198603153173 ], [ -46.91238994999717, -23.253267260006407 ], [ -46.912433920216507, -23.25329408418461 ], [ -46.912478463192024, -23.253376130915399 ], [ -46.912551449765367, -23.253457108740331 ], [ -46.91262408309548, -23.253496730907639 ], [ -46.912697218020611, -23.253564115968054 ], [ -46.912741137511198, -23.253590898864203 ], [ -46.912770755863754, -23.253659147029044 ], [ -46.912858083705252, -23.253725952711019 ], [ -46.912944739696172, -23.253819538359522 ], [ -46.91298786063458, -23.25384568749875 ], [ -46.913145251108283, -23.253895649200391 ], [ -46.91324490139575, -23.253933396165046 ], [ -46.913316330914242, -23.253958670716653 ], [ -46.913330762902497, -23.253971963219907 ], [ -46.913402657997828, -23.254011192616925 ], [ -46.913532227997699, -23.254062986484421 ], [ -46.913619800377191, -23.254116502177659 ], [ -46.913719780940554, -23.254114092458632 ], [ -46.913778182097083, -23.254113714922038 ], [ -46.913968307698923, -23.254112649011308 ], [ -46.914126105133782, -23.254109870298247 ], [ -46.914225232154777, -23.254107407761186 ], [ -46.914310060998652, -23.254105301039022 ], [ -46.914338305778443, -23.254104599484766 ], [ -46.914356670179394, -23.254132920078799 ], [ -46.91452417, -23.25399028 ], [ -46.91474694, -23.25381639 ], [ -46.91501, -23.25361833 ], [ -46.915285, -23.25340222 ] ], [ [ -46.91257037745973, -23.245344628942576 ], [ -46.912581413371562, -23.245347879512018 ], [ -46.912592497554186, -23.245354514461571 ], [ -46.912599822649177, -23.245354425252923 ], [ -46.912607196014825, -23.245357720424821 ], [ -46.912610955103986, -23.245364444581956 ], [ -46.912614714193538, -23.24537116873897 ], [ -46.912618473283487, -23.245377892895874 ], [ -46.912618569825561, -23.245384661657592 ], [ -46.912618666367678, -23.245391430419303 ], [ -46.912622425458466, -23.245398154576044 ], [ -46.912622522000838, -23.24540492333773 ], [ -46.912629895369832, -23.24540821850832 ], [ -46.912633654461708, -23.245414942664709 ], [ -46.912641027831505, -23.245418237834716 ], [ -46.912648352929772, -23.245418148623571 ], [ -46.912655726300066, -23.245421443792861 ], [ -46.912655822844222, -23.245428212554394 ], [ -46.912655919388413, -23.245434981315924 ], [ -46.912659678482399, -23.245441705471528 ], [ -46.912659775026853, -23.245448474233029 ], [ -46.912659871571343, -23.245455242994524 ], [ -46.912659968115868, -23.245462011756008 ], [ -46.912660064660429, -23.245468780517495 ], [ -46.912660161205025, -23.245475549278979 ], [ -46.912660257749664, -23.245482318040445 ], [ -46.912652980920093, -23.245485791633129 ], [ -46.912645704090124, -23.245489265225487 ], [ -46.912638378987971, -23.245489354436767 ], [ -46.912631102157384, -23.2454928280285 ], [ -46.912623777054968, -23.245492917239105 ], [ -46.912616451952516, -23.245493006449379 ], [ -46.912609223392167, -23.245499864420967 ], [ -46.91260194656018, -23.245503338011435 ], [ -46.91259462145706, -23.245503427220722 ], [ -46.912587296353912, -23.245503516429672 ], [ -46.912587392894999, -23.245510285191404 ], [ -46.912580067791446, -23.245510374400041 ], [ -46.912572790958045, -23.245513847989223 ], [ -46.912565514124239, -23.245517321578109 ], [ -46.912565610664288, -23.245524090339917 ], [ -46.912558285559889, -23.245524179547584 ], [ -46.912554719547209, -23.245530992913146 ], [ -46.912551153534181, -23.245537806278634 ], [ -46.91254758752082, -23.245544619644068 ], [ -46.912540358954125, -23.245551477612857 ], [ -46.912529371295108, -23.245551611422616 ], [ -46.912522094458048, -23.245555085009681 ], [ -46.91251481762059, -23.245558558596425 ], [ -46.912507492514095, -23.245558647801847 ], [ -46.912500167407551, -23.245558737006935 ], [ -46.912492842300971, -23.245558826211674 ], [ -46.912485565462461, -23.245562299797129 ], [ -46.912478240355625, -23.245562389001204 ], [ -46.912470963516505, -23.245565862586009 ], [ -46.912463734944552, -23.245572720551586 ], [ -46.91246383147972, -23.245579489313769 ], [ -46.91246392801493, -23.245586258075921 ], [ -46.912464024550182, -23.24559302683808 ], [ -46.912464121085463, -23.245599795600224 ], [ -46.912460555066119, -23.245606608964032 ], [ -46.912456989046426, -23.245613422327772 ], [ -46.912449760471333, -23.245620280292886 ], [ -46.912446194450773, -23.245627093656442 ], [ -46.912438869340228, -23.245627182858914 ], [ -46.912427929941153, -23.245630701043122 ], [ -46.912420653096973, -23.245634174625899 ], [ -46.912413424518853, -23.245641032589518 ], [ -46.912406195939994, -23.245647890552849 ], [ -46.912398967360396, -23.2456547485159 ], [ -46.912391642248146, -23.245654837716266 ], [ -46.912391738780059, -23.245661606478656 ], [ -46.912380799376756, -23.245665124659826 ], [ -46.912377281617175, -23.245675322403297 ], [ -46.912377378148463, -23.245682091165719 ], [ -46.912377474679786, -23.245688859928133 ], [ -46.912370197831073, -23.245692333508838 ], [ -46.912366631804687, -23.245699146870923 ], [ -46.912366728335556, -23.245705915633362 ], [ -46.91236321057405, -23.245716113376606 ], [ -46.912363307104812, -23.245722882139042 ], [ -46.912356078519124, -23.245729740100462 ], [ -46.912352512491147, -23.245736553462304 ], [ -46.912348946462835, -23.245743366824087 ], [ -46.912349042993007, -23.245750135586555 ], [ -46.912341766140244, -23.24575360916619 ], [ -46.912341862670104, -23.245760377928693 ], [ -46.912338296640691, -23.24576719129028 ], [ -46.912334730610937, -23.245774004651807 ], [ -46.912334827140533, -23.245780773414314 ], [ -46.912331261110282, -23.245787586775798 ], [ -46.912331357639772, -23.245794355538305 ], [ -46.912327839873718, -23.245804553280973 ], [ -46.912327936403109, -23.245811322043476 ], [ -46.912324370371799, -23.245818135404846 ], [ -46.91232446690109, -23.245824904167364 ], [ -46.912324563430403, -23.245831672929867 ], [ -46.912324659959758, -23.24583844169236 ], [ -46.912324756489149, -23.245845210454849 ], [ -46.912321190456908, -23.245852023816184 ], [ -46.912317624424325, -23.245858837177469 ], [ -46.912310347564954, -23.245862310756053 ], [ -46.912306781531576, -23.245869124117128 ], [ -46.91229955293548, -23.245875982076541 ], [ -46.91229227607468, -23.245879455654368 ], [ -46.912292372602629, -23.245886224416946 ], [ -46.912285047477276, -23.245886313613187 ], [ -46.912277770615511, -23.245889787190404 ], [ -46.912270542016799, -23.24589664514864 ], [ -46.91226326515406, -23.245900118725231 ], [ -46.912255940027819, -23.245900207920165 ], [ -46.912248663164469, -23.245903681496124 ], [ -46.912241386300721, -23.24590715507178 ], [ -46.912234061174004, -23.245907244265716 ], [ -46.912226736047259, -23.245907333459311 ], [ -46.912219410920471, -23.245907422652564 ], [ -46.912215651832888, -23.245900698486189 ], [ -46.91220832670642, -23.245900787678902 ], [ -46.912200953318205, -23.245897492489817 ], [ -46.91219719423183, -23.245890768322916 ], [ -46.912193435145852, -23.2458840441559 ], [ -46.912189676060265, -23.245877319988768 ], [ -46.912182302673784, -23.245874024798667 ], [ -46.912182206151449, -23.245867256035634 ], [ -46.912174881026658, -23.245867345226671 ], [ -46.912174784504728, -23.245860576463603 ], [ -46.912167459380278, -23.245860665654263 ], [ -46.912160134255785, -23.245860754844589 ], [ -46.91216003773463, -23.245853986081464 ], [ -46.91215994121351, -23.245847217318332 ], [ -46.912163507254121, -23.245840403960109 ], [ -46.912163410732887, -23.245833635196973 ], [ -46.912170735855888, -23.245833546006601 ], [ -46.91217063933432, -23.245826777243494 ], [ -46.912170542812795, -23.245820008480369 ], [ -46.912163217690534, -23.245820097670688 ], [ -46.912155796047486, -23.245813418097484 ], [ -46.91214847092553, -23.245813507287092 ], [ -46.912141097543532, -23.245810212094739 ], [ -46.91213377242169, -23.245810301283655 ], [ -46.912122736479326, -23.245807050684718 ], [ -46.912111748796683, -23.245807184466653 ], [ -46.912104423674869, -23.245807273654187 ], [ -46.912097098553026, -23.245807362841369 ], [ -46.912089773431141, -23.24580745202822 ], [ -46.912086014353015, -23.245800727858057 ], [ -46.912078640973064, -23.245797432662616 ], [ -46.912071315851641, -23.245797521848569 ], [ -46.912063990730189, -23.245797611034178 ], [ -46.912056665608702, -23.245797700219452 ], [ -46.912049340487172, -23.245797789404374 ], [ -46.912042015365607, -23.245797878588967 ], [ -46.912034641986736, -23.245794583391369 ], [ -46.912030882911679, -23.245787859219657 ], [ -46.912030786397388, -23.245781090455957 ], [ -46.912027027322949, -23.24577436628411 ], [ -46.912023268248909, -23.245767642112135 ], [ -46.912015943128878, -23.245767731295398 ], [ -46.912015846615432, -23.245760962531619 ], [ -46.912012087542365, -23.245754238359304 ], [ -46.912004762423017, -23.245754327541995 ], [ -46.911997340791181, -23.245747647960489 ], [ -46.911993581719429, -23.245740923787629 ], [ -46.911986256600734, -23.245741012969411 ], [ -46.911978883226269, -23.245737717768886 ], [ -46.911971509852144, -23.245734422567971 ], [ -46.911964184733705, -23.245734511748701 ], [ -46.911956811360071, -23.245731216547075 ], [ -46.911953004035766, -23.245721107991045 ], [ -46.911945630663126, -23.245717812788815 ], [ -46.911938257290828, -23.245714517586212 ], [ -46.91193088391887, -23.245711222383239 ], [ -46.911930787409979, -23.245704453619073 ], [ -46.91192341403876, -23.245701158415692 ], [ -46.911916040667869, -23.245697863211937 ], [ -46.911915944159794, -23.245691094447704 ], [ -46.911915847651741, -23.245684325683463 ], [ -46.911915751143738, -23.245677556919215 ], [ -46.911915654635756, -23.24567078815496 ], [ -46.911915558127824, -23.245664019390698 ], [ -46.911915461619913, -23.245657250626433 ], [ -46.91191170255501, -23.245650526451108 ], [ -46.911907943490505, -23.245643802275662 ], [ -46.911907846983077, -23.245637033511347 ], [ -46.911907750475685, -23.245630264747032 ], [ -46.911907653968335, -23.245623495982688 ], [ -46.911903894904889, -23.245616771807065 ], [ -46.911903798397788, -23.24561000304271 ], [ -46.911903701890729, -23.245603234278352 ], [ -46.911899942828121, -23.245596510102562 ], [ -46.911896183765897, -23.245589785926647 ], [ -46.911896087259315, -23.245583017162243 ], [ -46.911895990752775, -23.245576248397828 ], [ -46.911895894246271, -23.24556947963341 ], [ -46.911892135185106, -23.245562755457318 ], [ -46.911892038678864, -23.245555986692874 ], [ -46.911895604726965, -23.245549173340113 ], [ -46.911895508220603, -23.245542404575662 ], [ -46.91190273682215, -23.245535546634407 ], [ -46.911906302869227, -23.245528733281464 ], [ -46.911906206362424, -23.245521964517042 ], [ -46.91190610985565, -23.245515195752613 ], [ -46.911906013348919, -23.245508426988181 ], [ -46.911909579395207, -23.245501613635202 ], [ -46.911913145441154, -23.24549480028216 ], [ -46.911920325785687, -23.245484557958079 ], [ -46.911923891830689, -23.245477744604845 ], [ -46.911923795323226, -23.245470975840444 ], [ -46.911923698815812, -23.245464207076047 ], [ -46.911927264860168, -23.245457393722766 ], [ -46.911934541709677, -23.245453920162571 ], [ -46.911941818558788, -23.245450446602071 ], [ -46.911949143661808, -23.245450357423408 ], [ -46.911960179570862, -23.245453608036911 ], [ -46.911967552928765, -23.2454569032395 ], [ -46.911974878032034, -23.245456814059619 ], [ -46.911982203135253, -23.245456724879396 ], [ -46.911989576493795, -23.245460020080898 ], [ -46.911989479983106, -23.245453251316754 ], [ -46.911989383472452, -23.245446482552595 ], [ -46.911985624410704, -23.245439758378723 ], [ -46.911978251053398, -23.245436463176951 ], [ -46.911978154543391, -23.245429694412731 ], [ -46.911970781186817, -23.245426399210547 ], [ -46.911963407830584, -23.24542310400799 ], [ -46.911955986220285, -23.245416424422892 ], [ -46.911948661119141, -23.245416513601754 ], [ -46.911941287763938, -23.245413218398081 ], [ -46.911933866155245, -23.245406538811839 ], [ -46.911926492800916, -23.245403243607402 ], [ -46.911919119446928, -23.245399948402603 ], [ -46.911915312136742, -23.245389839844435 ], [ -46.911915215630124, -23.245383071079932 ], [ -46.911915119123542, -23.245376302315425 ], [ -46.911915022616995, -23.245369533550903 ], [ -46.911922299462269, -23.245366059991536 ], [ -46.911929576307145, -23.245362586431863 ], [ -46.9119331423489, -23.245355773078565 ], [ -46.911933045841536, -23.245349004314104 ], [ -46.911940370939064, -23.245348915136216 ], [ -46.911947599528482, -23.245342057193568 ], [ -46.911954924625562, -23.24534196801503 ], [ -46.911962201468214, -23.245338494453975 ], [ -46.911962104959464, -23.245331725689613 ], [ -46.911962008450757, -23.245324956925248 ], [ -46.911965574489955, -23.245318143571357 ], [ -46.911972803076459, -23.245311285627729 ], [ -46.911980079916979, -23.245307812065963 ], [ -46.911987405012049, -23.245307722886039 ], [ -46.911994730107082, -23.245307633705767 ], [ -46.912002055202073, -23.245307544525161 ], [ -46.912005621238762, -23.245300731170502 ], [ -46.912012946333334, -23.245300641989406 ], [ -46.91202027142787, -23.245300552807972 ], [ -46.912023837463444, -23.245293739452976 ], [ -46.912031162557554, -23.245293650271062 ], [ -46.912038487651635, -23.245293561088804 ], [ -46.912045812745667, -23.245293471906198 ], [ -46.912053137839678, -23.245293382723254 ], [ -46.912064077223768, -23.2452898645662 ], [ -46.912071402317501, -23.245289775382417 ], [ -46.912078727411185, -23.245289686198301 ], [ -46.912086052504847, -23.245289597013834 ], [ -46.912093425856042, -23.245292892210976 ], [ -46.912100799207593, -23.245296187407732 ], [ -46.912108172559478, -23.245299482604128 ], [ -46.912115497653538, -23.245299393418261 ], [ -46.91212282274757, -23.245299304232041 ], [ -46.912130147841559, -23.245299215045485 ], [ -46.912137472935513, -23.245299125858594 ], [ -46.912144798029431, -23.245299036671359 ], [ -46.912152074864238, -23.245295563101951 ], [ -46.912159399957901, -23.245295473914052 ], [ -46.912166725051527, -23.245295384725804 ], [ -46.912174001885496, -23.245291911155444 ], [ -46.912181326978867, -23.245291821966532 ], [ -46.912188652072196, -23.245291732777279 ], [ -46.912195977165496, -23.245291643587681 ], [ -46.912203302258753, -23.245291554397742 ], [ -46.912210627351975, -23.245291465207465 ], [ -46.912217952445168, -23.245291376016841 ], [ -46.912225277538312, -23.245291286825886 ], [ -46.912232554370341, -23.245287813252915 ], [ -46.912239879463236, -23.245287724061281 ], [ -46.912250867102507, -23.2452875902732 ], [ -46.91225819219531, -23.245287501080721 ], [ -46.912265517288077, -23.24528741188789 ], [ -46.912272842380808, -23.245287322694733 ], [ -46.912280167473504, -23.245287233501223 ], [ -46.912287540828636, -23.24529052868894 ], [ -46.912294914184102, -23.245293823876271 ], [ -46.912295010709464, -23.245300592639353 ], [ -46.912298769781714, -23.245307316805157 ], [ -46.912298866307339, -23.245314085568207 ], [ -46.912298962832992, -23.245320854331251 ], [ -46.912299059358681, -23.245327623094287 ], [ -46.912299155884412, -23.245334391857316 ], [ -46.912299252410179, -23.245341160620342 ], [ -46.912299348935974, -23.24534792938336 ], [ -46.912299445461812, -23.245354698146368 ], [ -46.912303204536002, -23.245361422311909 ], [ -46.91230696361059, -23.245368146477329 ], [ -46.912314336970887, -23.245371441663409 ], [ -46.912314433497592, -23.245378210426342 ], [ -46.91232175859507, -23.245378121230566 ], [ -46.912329131956248, -23.245381416415889 ], [ -46.91233645705384, -23.245381327219423 ], [ -46.912343782151389, -23.245381238022617 ], [ -46.912354769797652, -23.245381104226755 ], [ -46.912365757443837, -23.245380970430134 ], [ -46.912373082541251, -23.245380881231952 ], [ -46.912380359373593, -23.245377407652096 ], [ -46.912383925391964, -23.245370594290065 ], [ -46.912387491409994, -23.245363780927963 ], [ -46.912394768241022, -23.245360307347521 ], [ -46.912402045071651, -23.245356833766767 ], [ -46.912401948540634, -23.245350065004168 ], [ -46.912401852009637, -23.245343296241561 ], [ -46.912405418026111, -23.245336482879132 ], [ -46.912405321495008, -23.245329714116526 ], [ -46.912405224963948, -23.245322945353909 ], [ -46.912408790979775, -23.245316131991444 ], [ -46.912412356995262, -23.245309318628916 ], [ -46.912415923010407, -23.245302505266331 ], [ -46.912423199837399, -23.245299031684816 ], [ -46.912430476663978, -23.245295558102985 ], [ -46.912437753490174, -23.245292084520841 ], [ -46.912445078582422, -23.245291995319626 ], [ -46.912503872390893, -23.245304819222152 ], [ -46.912514860029866, -23.245304685415515 ], [ -46.912514956566376, -23.245311454177706 ], [ -46.912522281659349, -23.245311364972824 ], [ -46.912529655020926, -23.245314660148665 ], [ -46.912533414104963, -23.245321384308028 ], [ -46.912540787467336, -23.2453246794833 ], [ -46.912544546552233, -23.245331403642332 ], [ -46.912551919915408, -23.245334698817004 ], [ -46.912559293278932, -23.245337993991324 ], [ -46.91257037745973, -23.245344628942576 ] ], [ [ -46.917878987128539, -23.240814806902701 ], [ -46.917798850949396, -23.240815785371385 ], [ -46.917718847114379, -23.240826020358625 ], [ -46.917688796042377, -23.240826387258714 ], [ -46.917618544530406, -23.240817986776644 ], [ -46.9176128106986, -23.240811113147245 ], [ -46.917610932506719, -23.240811136077387 ], [ -46.917605923994998, -23.240811197224318 ], [ -46.917603320483806, -23.240804285377713 ], [ -46.91759831197232, -23.240804346524392 ], [ -46.917593303460819, -23.240804407670904 ], [ -46.917588294949297, -23.240804468817267 ], [ -46.917583286437754, -23.240804529963459 ], [ -46.917578277926204, -23.240804591109498 ], [ -46.917570698989771, -23.240800054548149 ], [ -46.917565624309461, -23.24079548741366 ], [ -46.91756058271384, -23.240793234419044 ], [ -46.917555541118382, -23.240790981424244 ], [ -46.917547962183434, -23.240786444861698 ], [ -46.917542953672452, -23.240786506006565 ], [ -46.917537945161456, -23.240786567151275 ], [ -46.917535374738151, -23.240781969443347 ], [ -46.917530333143489, -23.240779716447697 ], [ -46.917525291548991, -23.240777463451863 ], [ -46.917520249954649, -23.240775210455862 ], [ -46.917515241444008, -23.240775271599816 ], [ -46.917510232933346, -23.240775332743613 ], [ -46.917505158255942, -23.240770765606943 ], [ -46.917500116662154, -23.240768512610256 ], [ -46.917495075068523, -23.240766259613387 ], [ -46.917490033475055, -23.240764006616345 ], [ -46.917487463053824, -23.24075940890749 ], [ -46.917482421460726, -23.240757155910181 ], [ -46.917482355294851, -23.240752527629809 ], [ -46.917477313702094, -23.240750274632301 ], [ -46.917472272109507, -23.240748021634626 ], [ -46.917469701689207, -23.240743423925416 ], [ -46.917464693179603, -23.240743485067682 ], [ -46.91745965158745, -23.240741232069571 ], [ -46.917454643077896, -23.240741293211517 ], [ -46.917447097231225, -23.240739070783878 ], [ -46.917442022557289, -23.240734503644926 ], [ -46.917436947883694, -23.240729936505769 ], [ -46.917431939374495, -23.240729997646959 ], [ -46.917426930865275, -23.240730058787989 ], [ -46.917421889274188, -23.240727805788588 ], [ -46.917419318855998, -23.240723208078407 ], [ -46.917411806092495, -23.240723299789259 ], [ -46.917406797583467, -23.240723360929621 ], [ -46.917401755992927, -23.240721107929538 ], [ -46.917396747483956, -23.24072116906958 ], [ -46.917391738974963, -23.24072123020947 ], [ -46.917386730465957, -23.240721291349193 ], [ -46.917381721956929, -23.240721352488759 ], [ -46.917376713447887, -23.240721413628165 ], [ -46.91737170493883, -23.240721474767412 ], [ -46.917366696429745, -23.240721535906502 ], [ -46.917361687920653, -23.240721597045429 ], [ -46.917356679411547, -23.240721658184199 ], [ -46.91735167090242, -23.24072171932281 ], [ -46.917346662393278, -23.240721780461261 ], [ -46.917341653884115, -23.240721841599548 ], [ -46.917334141120342, -23.240721933306684 ], [ -46.917326661436725, -23.240724339153871 ], [ -46.917319181752823, -23.240726745000714 ], [ -46.91731420632339, -23.240729120278562 ], [ -46.917304255463961, -23.240733870833825 ], [ -46.917296742699349, -23.240733962539224 ], [ -46.917291767269205, -23.240736337816401 ], [ -46.917286758759332, -23.240736398952979 ], [ -46.917281750249451, -23.240736460089394 ], [ -46.917266757798892, -23.240738957638172 ], [ -46.917259278112894, -23.240741363482279 ], [ -46.917254269602751, -23.240741424617838 ], [ -46.917249261092579, -23.24074148575323 ], [ -46.917244285661205, -23.240743861028989 ], [ -46.917239310229647, -23.240746236304584 ], [ -46.917234301719262, -23.240746297439514 ], [ -46.917229359365976, -23.240750986855343 ], [ -46.917221846600079, -23.240751078557217 ], [ -46.917216838089452, -23.240751139691604 ], [ -46.917211862657076, -23.240753514966386 ], [ -46.917206854146343, -23.240753576100456 ], [ -46.917201845635574, -23.240753637234373 ], [ -46.917196870202815, -23.240756012508704 ], [ -46.917191894769864, -23.240758387782879 ], [ -46.917186919336729, -23.240760763056919 ], [ -46.917181943903408, -23.240763138330802 ], [ -46.91717693539222, -23.240763199463942 ], [ -46.917171926881018, -23.240763260596928 ], [ -46.917166918369794, -23.240763321729752 ], [ -46.91716190985855, -23.240763382862422 ], [ -46.917159471757692, -23.240768041709938 ], [ -46.917154463246248, -23.24076810284237 ], [ -46.917149454734798, -23.240768163974654 ], [ -46.917141941967586, -23.240768255672776 ], [ -46.917134429200331, -23.240768347370537 ], [ -46.917126916433034, -23.240768439067931 ], [ -46.917121907921484, -23.240768500199337 ], [ -46.917111890898333, -23.240768622461665 ], [ -46.91710688238674, -23.240768683592584 ], [ -46.917101873875119, -23.240768744723351 ], [ -46.917096865363483, -23.240768805853953 ], [ -46.917091856851833, -23.240768866984396 ], [ -46.917084344084323, -23.240768958679766 ], [ -46.917079302496624, -23.240766705669078 ], [ -46.917074260909082, -23.240764452658222 ], [ -46.917069252397532, -23.240764513787934 ], [ -46.91706424388596, -23.240764574917492 ], [ -46.917056731118564, -23.240764666611526 ], [ -46.917051722606949, -23.240764727740679 ], [ -46.917046714095321, -23.240764788869672 ], [ -46.917041705583671, -23.240764849998509 ], [ -46.91703419281616, -23.240764941691467 ], [ -46.917024142717722, -23.240762749807374 ], [ -46.917019068056163, -23.24075818265386 ], [ -46.917014059544677, -23.240758243781801 ], [ -46.917009051033183, -23.240758304909576 ], [ -46.917004042521661, -23.240758366037195 ], [ -46.916999000935526, -23.240756113023814 ], [ -46.916993926275033, -23.240751545869411 ], [ -46.916991355870465, -23.240746948151283 ], [ -46.916983810029414, -23.240744725700889 ], [ -46.916978735369867, -23.240740158545933 ], [ -46.91697118952937, -23.240737936094895 ], [ -46.916968619125839, -23.240733338376316 ], [ -46.916963544467237, -23.240728771220791 ], [ -46.916958469808975, -23.240724204065074 ], [ -46.916953395151062, -23.240719636909169 ], [ -46.916945849312064, -23.240717414456803 ], [ -46.916940774654826, -23.24071284730044 ], [ -46.916935699997921, -23.240708280143888 ], [ -46.916930658414714, -23.240706027128098 ], [ -46.916925616831662, -23.240703774112127 ], [ -46.916920575248767, -23.240701521095986 ], [ -46.916912996338219, -23.240696984500968 ], [ -46.916907921682835, -23.2406924173434 ], [ -46.916902880100643, -23.240690164326644 ], [ -46.916900309700416, -23.240685566606711 ], [ -46.916895201973205, -23.240678685307664 ], [ -46.916890127319128, -23.240674118149435 ], [ -46.916887523847137, -23.240667206288204 ], [ -46.916879978012012, -23.240664983832392 ], [ -46.91687239910484, -23.240660447235161 ], [ -46.916862315944115, -23.240655941198927 ], [ -46.916854770109964, -23.240653718741832 ], [ -46.916849728530032, -23.2406514657232 ], [ -46.916839645370644, -23.240646959685414 ], [ -46.916834603791195, -23.240644706666263 ], [ -46.916832033394222, -23.240640108944959 ], [ -46.916829429925947, -23.240633197082506 ], [ -46.91682438834718, -23.240630944062964 ], [ -46.91681934676857, -23.240628691043259 ], [ -46.916814305190115, -23.240626438023384 ], [ -46.916809230540707, -23.240621870862189 ], [ -46.916804188962665, -23.240619617841951 ], [ -46.916799048172003, -23.240610422398081 ], [ -46.916798982030166, -23.240605794115766 ], [ -46.916796411635218, -23.240601196393737 ], [ -46.916791336987401, -23.240596629231845 ], [ -46.916788766592894, -23.240592031509653 ], [ -46.916788700451477, -23.240587403227291 ], [ -46.916786130057268, -23.240582805505039 ], [ -46.916778584228297, -23.240580583043911 ], [ -46.916778518087263, -23.240575954761518 ], [ -46.91677845194625, -23.240571326479127 ], [ -46.916778352734759, -23.240564384055528 ], [ -46.916775782341396, -23.240559786333041 ], [ -46.916775716200519, -23.240555158050633 ], [ -46.916775650059662, -23.240550529768225 ], [ -46.916773046596326, -23.240543617904439 ], [ -46.916770476203581, -23.240539020181807 ], [ -46.916770410062966, -23.240534391899374 ], [ -46.916770343922359, -23.240529763616934 ], [ -46.916770277781765, -23.240525135334487 ], [ -46.9167702116412, -23.24052050705205 ], [ -46.916770145500642, -23.240515878769607 ], [ -46.916770079360106, -23.240511250487152 ], [ -46.916770013219583, -23.240506622204705 ], [ -46.916767442827755, -23.240502024481945 ], [ -46.916767376687353, -23.240497396199483 ], [ -46.916767310546973, -23.240492767917008 ], [ -46.916767211336435, -23.240485825493305 ], [ -46.91676714519609, -23.240481197210833 ], [ -46.916767079055759, -23.240476568928351 ], [ -46.916767012915457, -23.240471940645868 ], [ -46.916766913705025, -23.240464998222144 ], [ -46.916766847564766, -23.240460369939651 ], [ -46.916766781424521, -23.240455741657168 ], [ -46.91676671528429, -23.240451113374668 ], [ -46.916766649144073, -23.240446485092175 ], [ -46.916766583003877, -23.240441856809678 ], [ -46.916766516863696, -23.240437228527174 ], [ -46.916761475293455, -23.240434975505003 ], [ -46.916761409153473, -23.240430347222489 ], [ -46.916761343013512, -23.240425718939957 ], [ -46.916761276873565, -23.240421090657435 ], [ -46.916761210733632, -23.240416462374899 ], [ -46.916763648843371, -23.240411803532883 ], [ -46.916763582703389, -23.24040717525035 ], [ -46.916766020812894, -23.240402516408309 ], [ -46.916765954672861, -23.240397888125781 ], [ -46.916765888532844, -23.240393259843252 ], [ -46.916770830891259, -23.240388570441603 ], [ -46.916770764751099, -23.240383942159077 ], [ -46.916772582998384, -23.240379724858396 ], [ -46.916780616396359, -23.24037224921415 ], [ -46.916780550255922, -23.240367620931654 ], [ -46.916780517185707, -23.240365306790405 ], [ -46.916780484115499, -23.240362992649139 ], [ -46.916781719704744, -23.240361820298642 ], [ -46.916790137336385, -23.240337414856263 ], [ -46.91679975748346, -23.240309522921695 ], [ -46.916799492919949, -23.240291009791722 ], [ -46.916799228356709, -23.240272496661692 ], [ -46.916798963793745, -23.24025398353162 ], [ -46.916818733201367, -23.240235225921424 ], [ -46.916828353336676, -23.240207333985651 ], [ -46.916838105752063, -23.240188698614382 ], [ -46.916837841184794, -23.240170185484534 ], [ -46.916847593596515, -23.240151550112863 ], [ -46.91685721372103, -23.240123658175836 ], [ -46.916856949151963, -23.24010514504603 ], [ -46.916866701556899, -23.240086509673525 ], [ -46.916866436986993, -23.240067996543747 ], [ -46.916886074073012, -23.240039982362259 ], [ -46.916885809501025, -23.240021469232591 ], [ -46.916885544929308, -23.240002956102863 ], [ -46.91687513110692, -23.239975308651491 ], [ -46.916884618930439, -23.239938160148469 ], [ -46.916874337398774, -23.239919769261515 ], [ -46.916874072829941, -23.239901256131422 ], [ -46.916863791302887, -23.239882865243413 ], [ -46.916853377496139, -23.23985521778928 ], [ -46.916853112931008, -23.23983670465881 ], [ -46.916832946739525, -23.239827692573961 ], [ -46.916832682177571, -23.239809179443217 ], [ -46.916832417615879, -23.239790666312413 ], [ -46.916832153054472, -23.239772153181566 ], [ -46.916831888493334, -23.239753640050669 ], [ -46.916821606984755, -23.239735249158439 ], [ -46.916811325479138, -23.239716858265293 ], [ -46.916791159308694, -23.239707846173566 ], [ -46.91679089475403, -23.239689333042069 ], [ -46.916780613256485, -23.239670942146308 ], [ -46.916770331761903, -23.239652551249634 ], [ -46.916760050270291, -23.239634160352065 ], [ -46.916749768781642, -23.239615769453593 ], [ -46.916729602630461, -23.239606757352558 ], [ -46.916709436481838, -23.239597745248748 ], [ -46.916689138066189, -23.239579476575717 ], [ -46.916668971924132, -23.239570464466219 ], [ -46.916648673518011, -23.239552195787262 ], [ -46.916628639647676, -23.239552440238882 ], [ -46.916618358183527, -23.239534049330022 ], [ -46.916598324315551, -23.239534293777602 ], [ -46.916578290447298, -23.239534538222632 ], [ -46.916568008991355, -23.239516147309871 ], [ -46.916547975125461, -23.239516391750854 ], [ -46.916527941259297, -23.239516636189286 ], [ -46.916507642879701, -23.239498367490153 ], [ -46.916487609015746, -23.23949861192327 ], [ -46.916457425966279, -23.239489722000357 ], [ -46.916437127599941, -23.239471453291138 ], [ -46.916417093739177, -23.23947169771499 ], [ -46.916396927629464, -23.239462685568142 ], [ -46.916376761522308, -23.23945367341851 ], [ -46.916336297071396, -23.239426392542367 ], [ -46.916306114046336, -23.239417502588541 ], [ -46.916265914098268, -23.239408734830292 ], [ -46.916245748007007, -23.239399722662654 ], [ -46.916225581918304, -23.239390710492223 ], [ -46.916205548067111, -23.239390954888311 ], [ -46.916185381982068, -23.239381942712441 ], [ -46.916165215899582, -23.239372930533793 ], [ -46.916154934512328, -23.239354539589034 ], [ -46.916134900665703, -23.239354783975759 ], [ -46.916114866818809, -23.23935502835992 ], [ -46.916094700744551, -23.239346016171606 ], [ -46.916074534672852, -23.239337003980506 ], [ -46.91605423637958, -23.23931873521644 ], [ -46.916043955011716, -23.239300344263004 ], [ -46.91602365672825, -23.239282075494256 ], [ -46.916003094009973, -23.239245293581387 ], [ -46.915982795740582, -23.239227024806301 ], [ -46.91597251439017, -23.239208633846868 ], [ -46.915952083914377, -23.239181108496208 ], [ -46.915951819482174, -23.239162595354358 ], [ -46.915941538141482, -23.239144204392144 ], [ -46.91594114149617, -23.239116434679058 ], [ -46.915940877066305, -23.239097921536942 ], [ -46.915940612636703, -23.239079408394776 ], [ -46.915940348207378, -23.239060895252567 ], [ -46.915950100679495, -23.239042259931239 ], [ -46.915959853149054, -23.239023624609445 ], [ -46.915959588717783, -23.239005111467307 ], [ -46.915959324286789, -23.23898659832513 ], [ -46.91597922586373, -23.238977097393448 ], [ -46.915999127437708, -23.23896759645941 ], [ -46.915998863001732, -23.238949083317575 ], [ -46.915998598566034, -23.23893057017569 ], [ -46.916018367912727, -23.238911812668839 ], [ -46.916018103474812, -23.238893299527078 ], [ -46.916027855925364, -23.238874664202068 ], [ -46.916037608373365, -23.23885602887659 ], [ -46.916047360818801, -23.238837393550654 ], [ -46.916057113261687, -23.238818758224241 ], [ -46.916056848819608, -23.238800245082686 ], [ -46.916056584377792, -23.238781731941074 ], [ -46.916066336815902, -23.238763096614328 ], [ -46.916096123007648, -23.238744216913922 ], [ -46.916095858561135, -23.238725703772612 ], [ -46.91611576008976, -23.238716202826538 ], [ -46.916135529389642, -23.238697445307636 ], [ -46.916145281811183, -23.238678809976925 ], [ -46.916174935744642, -23.238650673693019 ], [ -46.916194837256164, -23.238641172737946 ], [ -46.916214606533956, -23.23862241521039 ], [ -46.916234508038229, -23.238612914250719 ], [ -46.91625427730623, -23.238594156718744 ], [ -46.916274046568702, -23.238575399184608 ], [ -46.916293815825661, -23.238556641648309 ], [ -46.91630356821571, -23.238538006309589 ], [ -46.916323469700735, -23.238528505339801 ], [ -46.916343238943881, -23.238509747798087 ], [ -46.916373157279892, -23.238500124620337 ], [ -46.916393190996118, -23.238499880211705 ], [ -46.916413224712066, -23.238499635800519 ], [ -46.91643312618276, -23.238490134817688 ], [ -46.91645315989679, -23.23848989040151 ], [ -46.916483210467327, -23.238489523772451 ], [ -46.916503111930929, -23.238480022781154 ], [ -46.916522881140558, -23.238461265218856 ], [ -46.916542914849224, -23.238461020791515 ], [ -46.916562948557619, -23.238460776361631 ], [ -46.9165929991197, -23.238460409712008 ], [ -46.916613032827414, -23.238460165275743 ], [ -46.91663306653485, -23.238459920836927 ], [ -46.916653100242023, -23.23845967639555 ], [ -46.916673133948919, -23.238459431951629 ], [ -46.916693167655545, -23.238459187505153 ], [ -46.916713201361894, -23.238458943056131 ], [ -46.91673323506798, -23.238458698604553 ], [ -46.916753268773789, -23.238458454150422 ], [ -46.916773302479328, -23.238458209693739 ], [ -46.91679333618459, -23.238457965234506 ], [ -46.916813369889582, -23.238457720772725 ], [ -46.916833403594303, -23.238457476308383 ], [ -46.916853437298748, -23.238457231841501 ], [ -46.91687373555331, -23.238475500505558 ], [ -46.916893901536646, -23.238484512599968 ], [ -46.916924084377015, -23.238493402453152 ], [ -46.916944118085759, -23.238493157974339 ], [ -46.916964151794232, -23.238492913492987 ], [ -46.916984185502436, -23.238492669009077 ], [ -46.917014368349321, -23.23850155884438 ], [ -46.917034534344758, -23.238510570919814 ], [ -46.917054700342753, -23.238519582992463 ], [ -46.917074866343306, -23.238528595062338 ], [ -46.917094900055538, -23.238528350563953 ], [ -46.917114933767493, -23.238528106063029 ], [ -46.917125215209339, -23.238546496942206 ], [ -46.917135496654154, -23.23856488782047 ], [ -46.917165679525439, -23.238573777624858 ], [ -46.91719599469851, -23.238591923988018 ], [ -46.917216160718411, -23.238600936038306 ], [ -46.917246343602137, -23.238609825826249 ], [ -46.917266377324481, -23.238609581305205 ], [ -46.917296824823573, -23.238636984211642 ], [ -46.917317123163208, -23.238655252812151 ], [ -46.917337421508364, -23.238673521409623 ], [ -46.917357719859041, -23.238691790004051 ], [ -46.917378018215246, -23.238710058595458 ], [ -46.91740820113241, -23.238718948349817 ], [ -46.917428367184222, -23.238727960370493 ], [ -46.917448533238591, -23.238736972388384 ], [ -46.917468831613576, -23.238755240966675 ], [ -46.917489262313708, -23.238782766104961 ], [ -46.917509296059009, -23.238782521551233 ], [ -46.917529594449036, -23.23880079012056 ], [ -46.91754989284459, -23.23881905868685 ], [ -46.917569926594595, -23.238818814125032 ], [ -46.917589960344323, -23.238818569560671 ], [ -46.917620275626383, -23.238836715833855 ], [ -46.917640441708663, -23.23884572782503 ], [ -46.917660475461581, -23.238845483251406 ], [ -46.917680509214236, -23.238845238675236 ], [ -46.917700542966607, -23.238844994096503 ], [ -46.91772070905477, -23.238854006076924 ], [ -46.917750759684488, -23.238853639200055 ], [ -46.917770925776871, -23.238862651173697 ], [ -46.917791091871806, -23.238871663144565 ], [ -46.917811390311833, -23.238889931673803 ], [ -46.917831556413333, -23.238898943638972 ], [ -46.917851590171956, -23.238898699040458 ], [ -46.917861871743483, -23.238917089861964 ], [ -46.917882037852095, -23.238926101820134 ], [ -46.917902203963266, -23.238935113775526 ], [ -46.917922370077001, -23.238944125728132 ], [ -46.917942668545336, -23.238962394238314 ], [ -46.917982736078635, -23.238961905009141 ], [ -46.918002902201138, -23.238970916950745 ], [ -46.91803308521046, -23.238979806578019 ], [ -46.918063400583996, -23.238997952758883 ], [ -46.918083434354671, -23.238997708129823 ], [ -46.918103732852018, -23.239015976617075 ], [ -46.918123766624902, -23.239015731982693 ], [ -46.918144065130264, -23.23903400046413 ], [ -46.918164098905372, -23.239033755824433 ], [ -46.918184265049433, -23.239042767741132 ], [ -46.918184529788114, -23.239061280859001 ], [ -46.918204828308518, -23.239079549331478 ], [ -46.918224994462044, -23.239088561242259 ], [ -46.91822525920692, -23.239107074359566 ], [ -46.918245557739887, -23.239125342825854 ], [ -46.918255839383264, -23.239143733616299 ], [ -46.9182561041331, -23.239162246733152 ], [ -46.918256368883206, -23.239180759849944 ], [ -46.918256766008874, -23.239208529525072 ], [ -46.918267047660997, -23.239226920314078 ], [ -46.918267312413441, -23.2392454334306 ], [ -46.918267577166148, -23.239263946547091 ], [ -46.918267841919139, -23.239282459663531 ], [ -46.9182681066724, -23.239300972779926 ], [ -46.918288537620434, -23.239328497795935 ], [ -46.918298819287237, -23.239346888581689 ], [ -46.918299084045593, -23.239365401697604 ], [ -46.918299481183624, -23.239393171371368 ], [ -46.918299745942655, -23.239411684487159 ], [ -46.918300010701962, -23.239430197602903 ], [ -46.91830027546154, -23.239448710718591 ], [ -46.918300540221388, -23.239467223834247 ], [ -46.918310821901898, -23.239485614618093 ], [ -46.918311219044661, -23.239513384291246 ], [ -46.918311483806846, -23.239531897406618 ], [ -46.918311748569302, -23.239550410521957 ], [ -46.918312013332027, -23.23956892363724 ], [ -46.91831227809503, -23.239587436752476 ], [ -46.918312542858303, -23.239605949867666 ], [ -46.918312807621845, -23.239624462982814 ], [ -46.918332973866377, -23.239633474873198 ], [ -46.918403886713463, -23.239688157860154 ], [ -46.918424052973123, -23.239697169737731 ], [ -46.918444219235333, -23.239706181612512 ], [ -46.918464782679031, -23.239742963154356 ], [ -46.918485081345267, -23.239761231579696 ], [ -46.918495363075834, -23.239779622347619 ], [ -46.918515661751869, -23.239797890768262 ], [ -46.918526075887485, -23.239825538089814 ], [ -46.918536357629094, -23.23984392885421 ], [ -46.918556656320717, -23.239862197268401 ], [ -46.918556921121208, -23.239880710380287 ], [ -46.9185770874196, -23.239889722235379 ], [ -46.918597518527093, -23.239917247199045 ], [ -46.918597783333922, -23.23993576031036 ], [ -46.918608065094631, -23.239954151068599 ], [ -46.918618346858302, -23.239972541825932 ], [ -46.918628628624951, -23.239990932582366 ], [ -46.918648794944595, -23.239999944426703 ], [ -46.918649059759552, -23.240018457537261 ], [ -46.918659341534266, -23.240036848291066 ], [ -46.918679772682594, -23.240064373240934 ], [ -46.918680037502646, -23.240082886351001 ], [ -46.918710353215097, -23.240101032382103 ], [ -46.918710618039832, -23.240119545491758 ], [ -46.918720899831513, -23.240137936240231 ], [ -46.918721164658166, -23.240156449349676 ], [ -46.918721429485103, -23.240174962459093 ], [ -46.91872169431231, -23.24019347556845 ], [ -46.918721959139788, -23.240211988677761 ], [ -46.918722223967535, -23.240230501787028 ], [ -46.918712471820605, -23.240249137258033 ], [ -46.918702719671117, -23.240267772728576 ], [ -46.918702984496925, -23.240286285837914 ], [ -46.918703381736144, -23.240314055501852 ], [ -46.918703646562633, -23.24033256861108 ], [ -46.918703911389386, -23.240351081720263 ], [ -46.918704176216423, -23.240369594829399 ], [ -46.918704441043722, -23.24038810793849 ], [ -46.918704705871299, -23.240406621047534 ], [ -46.918704970699146, -23.240425134156524 ], [ -46.918685069135321, -23.240434635433566 ], [ -46.918685333960816, -23.240453148542716 ], [ -46.918665697214543, -23.240481162926898 ], [ -46.918636175875307, -23.240518556222025 ], [ -46.918616406701126, -23.240537314046332 ], [ -46.918596637521432, -23.240556071868468 ], [ -46.918576735930138, -23.24056557313342 ], [ -46.918546949739678, -23.240584453304049 ], [ -46.918526915737559, -23.240584698007929 ], [ -46.918517163540599, -23.240603333469533 ], [ -46.918497261936132, -23.240612834725209 ], [ -46.918477360328701, -23.240622335978536 ], [ -46.918447574110786, -23.240641216131937 ], [ -46.918437821898912, -23.240659851589495 ], [ -46.918417920279964, -23.24066935283598 ], [ -46.918408168062086, -23.240687988292045 ], [ -46.918388398830622, -23.240706746091025 ], [ -46.918368629593644, -23.240725503887852 ], [ -46.918348727959717, -23.240735005126471 ], [ -46.918328826322828, -23.240744506362731 ], [ -46.918309057071767, -23.240763264152896 ], [ -46.91828915542763, -23.240772765384563 ], [ -46.918289420202811, -23.240791278497209 ], [ -46.918289684978255, -23.24080979160982 ], [ -46.918270048099004, -23.240837805952292 ], [ -46.918250278826399, -23.240856563736301 ], [ -46.918230509548273, -23.24087532151815 ], [ -46.918210475498995, -23.240875566184574 ], [ -46.918190441449454, -23.24087581084844 ], [ -46.918170407399636, -23.240876055509759 ], [ -46.918150373349533, -23.240876300168516 ], [ -46.918130339299175, -23.240876544824733 ], [ -46.918110305248533, -23.240876789478389 ], [ -46.918090271197627, -23.2408770341295 ], [ -46.918070237146445, -23.240877278778054 ], [ -46.918050203094985, -23.240877523424054 ], [ -46.918030169043263, -23.240877768067509 ], [ -46.918009870253513, -23.240859499592915 ], [ -46.917989703836618, -23.240850487673175 ], [ -46.917969669788221, -23.240850732308644 ], [ -46.917949635739546, -23.240850976941566 ], [ -46.917929601690595, -23.24085122157193 ], [ -46.917909435279576, -23.240842209641432 ], [ -46.917899021172637, -23.240814562279152 ], [ -46.917878987128539, -23.240814806902701 ] ] ] ] } }
]
}
