{
"type": "FeatureCollection",
"name": "Sitio Ernane",
"crs": { "type": "name", "properties": { "name": "urn:ogc:def:crs:OGC:1.3:CRS84" } },
"features": [
{ "type": "Feature", "properties": { "id": null, "Área (ha)": 37.488 }, "geometry": { "type": "MultiPolygon", "coordinates": [ [ [ [ -46.282267570495613, -23.186010421129325, 0.0 ], [ -46.282396316528299, -23.183446202701905, 0.0 ], [ -46.281173229217508, -23.183465927646598, 0.0 ], [ -46.280057430267277, -23.183663176933806, 0.0 ], [ -46.279499530792179, -23.183919600572391, 0.0 ], [ -46.277979361231338, -23.184807141997847, 0.0 ], [ -46.27798282866901, -23.184811070841725, 0.0 ], [ -46.277982836440067, -23.184811888809403, 0.0 ], [ -46.277982844211124, -23.184812706777084, 0.0 ], [ -46.27798329437811, -23.184813521152687, 0.0 ], [ -46.277983744545104, -23.184814335528294, 0.0 ], [ -46.277983752316167, -23.184815153495972, 0.0 ], [ -46.277983760087231, -23.184815971463639, 0.0 ], [ -46.277983767858295, -23.18481678943132, 0.0 ], [ -46.277982886951946, -23.184817205599309, 0.0 ], [ -46.277982894723003, -23.18481802356699, 0.0 ], [ -46.277982902494067, -23.184818841534657, 0.0 ], [ -46.277982910265116, -23.184819659502335, 0.0 ], [ -46.27798291803618, -23.184820477470012, 0.0 ], [ -46.277982483411286, -23.184821299029764, 0.0 ], [ -46.277981602504909, -23.184821715197742, 0.0 ], [ -46.27798116788, -23.18482253675749, 0.0 ], [ -46.277980286973602, -23.184822952925469, 0.0 ], [ -46.277980294744644, -23.184823770893143, 0.0 ], [ -46.277980302515694, -23.184824588860817, 0.0 ], [ -46.277980310286736, -23.184825406828494, 0.0 ], [ -46.277979875661813, -23.184826228388239, 0.0 ], [ -46.277979883432863, -23.18482704635592, 0.0 ], [ -46.277979891203906, -23.184827864323594, 0.0 ], [ -46.277979898974948, -23.184828682291265, 0.0 ], [ -46.277979464350011, -23.184829503851009, 0.0 ], [ -46.277979472121054, -23.184830321818684, 0.0 ], [ -46.277978591214598, -23.184830737986662, 0.0 ], [ -46.277978598985641, -23.184831555954329, 0.0 ], [ -46.277977718079178, -23.184831972122293, 0.0 ], [ -46.277977725850214, -23.184832790089978, 0.0 ], [ -46.277977733621249, -23.184833608057648, 0.0 ], [ -46.277977741392277, -23.184834426025319, 0.0 ], [ -46.277976860485794, -23.184834842193286, 0.0 ], [ -46.277976425860821, -23.184835663753024, 0.0 ], [ -46.277976433631849, -23.184836481720691, 0.0 ], [ -46.27797599900687, -23.184837303280425, 0.0 ], [ -46.277976006777891, -23.184838121248109, 0.0 ], [ -46.277975576038415, -23.184839351791677, 0.0 ], [ -46.277974695131896, -23.18483976795963, 0.0 ], [ -46.277974260506888, -23.184840589519357, 0.0 ], [ -46.277973379600354, -23.1848410056873, 0.0 ], [ -46.277973387371368, -23.184841823654981, 0.0 ], [ -46.277972502579317, -23.184841830839073, 0.0 ], [ -46.277972510350324, -23.184842648806754, 0.0 ], [ -46.277971629443769, -23.184843064974689, 0.0 ], [ -46.277971637214769, -23.184843882942364, 0.0 ], [ -46.277970752422704, -23.184843890126452, 0.0 ], [ -46.277970760193703, -23.184844708094129, 0.0 ], [ -46.277970767964696, -23.18484552606181, 0.0 ], [ -46.277970333339653, -23.184846347621523, 0.0 ], [ -46.277969898714602, -23.184847169181243, 0.0 ], [ -46.277969464089558, -23.184847990740963, 0.0 ], [ -46.277969471860544, -23.184848808708644, 0.0 ], [ -46.277969037235479, -23.184849630268364, 0.0 ], [ -46.277969045006465, -23.184850448236038, 0.0 ], [ -46.277969052777458, -23.184851266203719, 0.0 ], [ -46.277969060548443, -23.184852084171393, 0.0 ], [ -46.277969068319429, -23.184852902139067, 0.0 ], [ -46.277969076090422, -23.184853720106744, 0.0 ], [ -46.277969087746897, -23.184854947058259, 0.0 ], [ -46.277969095517889, -23.18485576502594, 0.0 ], [ -46.277969103288875, -23.184856582993621, 0.0 ], [ -46.277969111059868, -23.184857400961299, 0.0 ], [ -46.27796911883086, -23.184858218928976, 0.0 ], [ -46.277969126601853, -23.184859036896647, 0.0 ], [ -46.277969134372839, -23.184859854864321, 0.0 ], [ -46.277969142143832, -23.184860672832002, 0.0 ], [ -46.277969149914824, -23.184861490799676, 0.0 ], [ -46.277969157685817, -23.184862308767354, 0.0 ], [ -46.277969165456803, -23.184863126735035, 0.0 ], [ -46.277969173227795, -23.184863944702702, 0.0 ], [ -46.277968738602688, -23.184864766262418, 0.0 ], [ -46.27796830397758, -23.184865587822138, 0.0 ], [ -46.277967869352466, -23.184866409381854, 0.0 ], [ -46.27796654604964, -23.1848668291418, 0.0 ], [ -46.277965661257426, -23.18486683632587, 0.0 ], [ -46.277965669028397, -23.184867654293544, 0.0 ], [ -46.277964788121658, -23.184868070461452, 0.0 ], [ -46.277964795892629, -23.184868888429129, 0.0 ], [ -46.277964803663593, -23.1848697063968, 0.0 ], [ -46.277964811434558, -23.184870524364477, 0.0 ], [ -46.277964819205529, -23.184871342332155, 0.0 ], [ -46.2779648269765, -23.184872160299832, 0.0 ], [ -46.277964392351343, -23.184872981859542, 0.0 ], [ -46.277964400122308, -23.184873799827223, 0.0 ], [ -46.277963965497143, -23.184874621386921, 0.0 ], [ -46.277963534757454, -23.184875851930471, 0.0 ], [ -46.277963100132276, -23.184876673490169, 0.0 ], [ -46.277963111788722, -23.184877900441688, 0.0 ], [ -46.277962238652869, -23.184879134577255, 0.0 ], [ -46.277962246423819, -23.184879952544929, 0.0 ], [ -46.277961811798626, -23.184880774104634, 0.0 ], [ -46.277961377173426, -23.184881595664322, 0.0 ], [ -46.277961384944369, -23.184882413632, 0.0 ], [ -46.277960950319162, -23.184883235191705, 0.0 ], [ -46.277960515693948, -23.1848840567514, 0.0 ], [ -46.277959634787095, -23.184884472919276, 0.0 ], [ -46.277959200161867, -23.184885294478971, 0.0 ], [ -46.277958765536631, -23.184886116038665, 0.0 ], [ -46.277957884629757, -23.184886532206544, 0.0 ], [ -46.277957450004514, -23.184887353766225, 0.0 ], [ -46.277956565212158, -23.184887360950242, 0.0 ], [ -46.277956572983086, -23.184888178917927, 0.0 ], [ -46.27795568819073, -23.184888186101944, 0.0 ], [ -46.277955695961651, -23.184889004069625, 0.0 ], [ -46.27795526133638, -23.184889825629302, 0.0 ], [ -46.277955269107302, -23.184890643596987, 0.0 ], [ -46.277954834482031, -23.184891465156671, 0.0 ], [ -46.277954399856753, -23.184892286716352, 0.0 ], [ -46.277953522835276, -23.184893111868032, 0.0 ], [ -46.27795353060619, -23.184893929835713, 0.0 ], [ -46.277952649699245, -23.184894346003549, 0.0 ], [ -46.277952215073938, -23.184895167563234, 0.0 ], [ -46.277952222844839, -23.1848959855309, 0.0 ], [ -46.277951788219539, -23.184896807090588, 0.0 ], [ -46.277951795990433, -23.184897625058266, 0.0 ], [ -46.277951361365126, -23.184898446617947, 0.0 ], [ -46.277950926739805, -23.18489926817761, 0.0 ], [ -46.277950492114478, -23.184900089737287, 0.0 ], [ -46.27795005748915, -23.18490091129696, 0.0 ], [ -46.277950065260043, -23.184901729264642, 0.0 ], [ -46.277949184353034, -23.18490214543246, 0.0 ], [ -46.277948749727692, -23.184902966992137, 0.0 ], [ -46.277948315102343, -23.184903788551797, 0.0 ], [ -46.277947438080759, -23.184904613703456, 0.0 ], [ -46.27794656105916, -23.184905438855104, 0.0 ], [ -46.277945680152115, -23.184905855022908, 0.0 ], [ -46.27794524941217, -23.184907085566412, 0.0 ], [ -46.277944372390543, -23.184907910718049, 0.0 ], [ -46.277943495368902, -23.184908735869687, 0.0 ], [ -46.277943060743503, -23.184909557429339, 0.0 ], [ -46.277942175951004, -23.184909564613285, 0.0 ], [ -46.277941298929342, -23.184910389764912, 0.0 ], [ -46.277940418022247, -23.184910805932692, 0.0 ], [ -46.277939537115152, -23.184911222100464, 0.0 ], [ -46.277938660093454, -23.18491204725207, 0.0 ], [ -46.277937779186345, -23.184912463419831, 0.0 ], [ -46.277936894393825, -23.184912470603752, 0.0 ], [ -46.277936459768377, -23.18491329216339, 0.0 ], [ -46.277936025142921, -23.184914113723032, 0.0 ], [ -46.277935590517458, -23.184914935282663, 0.0 ], [ -46.277935155891996, -23.184915756842301, 0.0 ], [ -46.277934271099447, -23.184915764026208, 0.0 ], [ -46.277934278870241, -23.184916581993889, 0.0 ], [ -46.277933401848486, -23.18491740714547, 0.0 ], [ -46.27793251705593, -23.184917414329369, 0.0 ], [ -46.277931640034154, -23.184918239480943, 0.0 ], [ -46.277930759126981, -23.184918655648669, 0.0 ], [ -46.277930766897761, -23.184919473616354, 0.0 ], [ -46.277929885990574, -23.184919889784069, 0.0 ], [ -46.277929005083379, -23.184920305951795, 0.0 ], [ -46.277929012854152, -23.184921123919477, 0.0 ], [ -46.277929020624924, -23.184921941887158, 0.0 ], [ -46.277928139717709, -23.184922358054873, 0.0 ], [ -46.2779272588105, -23.184922774222574, 0.0 ], [ -46.277927266581266, -23.184923592190263, 0.0 ], [ -46.27792638178866, -23.18492359937413, 0.0 ], [ -46.277925504766813, -23.184924424525672, 0.0 ], [ -46.2779246199742, -23.184924431709526, 0.0 ], [ -46.277923739066964, -23.184924847877209, 0.0 ], [ -46.277922862045088, -23.184925673028744, 0.0 ], [ -46.277921977252468, -23.184925680212579, 0.0 ], [ -46.277921096345217, -23.184926096380259, 0.0 ], [ -46.277920211552598, -23.184926103564088, 0.0 ], [ -46.277920219323313, -23.184926921531773, 0.0 ], [ -46.277919334530687, -23.184926928715598, 0.0 ], [ -46.277918453623414, -23.184927344883263, 0.0 ], [ -46.277917572716134, -23.184927761050908, 0.0 ], [ -46.277916691808855, -23.18492817721857, 0.0 ], [ -46.277916699579556, -23.184928995186258, 0.0 ], [ -46.277915814786915, -23.184929002370065, 0.0 ], [ -46.277914933879615, -23.184929418537699, 0.0 ], [ -46.277914049086974, -23.184929425721496, 0.0 ], [ -46.277913614461326, -23.184930247281077, 0.0 ], [ -46.277912729668678, -23.18493025446487, 0.0 ], [ -46.277911848761363, -23.184930670632486, 0.0 ], [ -46.277910083061393, -23.184931093983888, 0.0 ], [ -46.277909206039382, -23.184931919135352, 0.0 ], [ -46.277907882735718, -23.184932338894836, 0.0 ], [ -46.277906555546714, -23.184932349670465, 0.0 ], [ -46.277905670754045, -23.184932356854215, 0.0 ], [ -46.277904785961383, -23.184932364037962, 0.0 ], [ -46.277903905054025, -23.184932780205539, 0.0 ], [ -46.277903020261355, -23.184932787389275, 0.0 ], [ -46.277902135468686, -23.184932794573008, 0.0 ], [ -46.277901250676017, -23.184932801756723, 0.0 ], [ -46.277900373653942, -23.184933626908141, 0.0 ], [ -46.277899492746563, -23.184934043075703, 0.0 ], [ -46.277898611839184, -23.184934459243259, 0.0 ], [ -46.277897730931791, -23.184934875410807, 0.0 ], [ -46.277895965231707, -23.184935298762049, 0.0 ], [ -46.277894645813241, -23.184936127505281, 0.0 ], [ -46.27789376102055, -23.184936134688961, 0.0 ], [ -46.277893326394761, -23.184936956248496, 0.0 ], [ -46.277892003090983, -23.184937376007849, 0.0 ], [ -46.277891118298278, -23.184937383191521, 0.0 ], [ -46.277890237390842, -23.184937799359023, 0.0 ], [ -46.277890245161387, -23.184938617326718, 0.0 ], [ -46.277889372024475, -23.184939851461927, 0.0 ], [ -46.277888491117025, -23.184940267629429, 0.0 ], [ -46.277887610209554, -23.184940683796924, 0.0 ], [ -46.277886725416828, -23.184940690980568, 0.0 ], [ -46.277885405998248, -23.184941519723715, 0.0 ], [ -46.277884525090769, -23.184941935891207, 0.0 ], [ -46.277883644183284, -23.184942352058673, 0.0 ], [ -46.277882767161039, -23.184943177209995, 0.0 ], [ -46.277881882368298, -23.184943184393614, 0.0 ], [ -46.277881447742416, -23.18494400595312, 0.0 ], [ -46.277880562949662, -23.184944013136732, 0.0 ], [ -46.277879685927388, -23.184944838288033, 0.0 ], [ -46.277878805019867, -23.184945254455481, 0.0 ], [ -46.277877924112346, -23.184945670622923, 0.0 ], [ -46.277876600808426, -23.184946090382162, 0.0 ], [ -46.277876166182502, -23.184946911941651, 0.0 ], [ -46.277875285274959, -23.184947328109082, 0.0 ], [ -46.277874400482183, -23.184947335292659, 0.0 ], [ -46.277873519574626, -23.184947751460076, 0.0 ], [ -46.277873084948681, -23.184948573019565, 0.0 ], [ -46.27787220404111, -23.184948989186982, 0.0 ], [ -46.277871323133539, -23.184949405354384, 0.0 ], [ -46.277870888507572, -23.184950226913863, 0.0 ], [ -46.277870896277996, -23.184951044881565, 0.0 ], [ -46.277870461652029, -23.184951866441043, 0.0 ], [ -46.27787002702604, -23.184952688000507, 0.0 ], [ -46.277869146118441, -23.184953104167914, 0.0 ], [ -46.277869153888858, -23.184953922135616, 0.0 ], [ -46.277868280751662, -23.1849551562707, 0.0 ], [ -46.277867399844034, -23.184955572438096, 0.0 ], [ -46.277867407614437, -23.184956390405794, 0.0 ], [ -46.277866530592007, -23.184957215557031, 0.0 ], [ -46.277865649684365, -23.184957631724416, 0.0 ], [ -46.277865215058334, -23.184958453283873, 0.0 ], [ -46.277863895639449, -23.18495928202686, 0.0 ], [ -46.277863014731778, -23.184959698194227, 0.0 ], [ -46.277862580105726, -23.184960519753684, 0.0 ], [ -46.277861256801614, -23.184960939512802, 0.0 ], [ -46.277859937382672, -23.184961768255757, 0.0 ], [ -46.277859056474981, -23.1849621844231, 0.0 ], [ -46.277858171682098, -23.184962191606591, 0.0 ], [ -46.27785773705601, -23.184963013166037, 0.0 ], [ -46.277856852263128, -23.184963020349517, 0.0 ], [ -46.277856860033481, -23.184963838317223, 0.0 ], [ -46.277855979125761, -23.184964254484544, 0.0 ], [ -46.277855102103196, -23.184965079635724, 0.0 ], [ -46.277854221195469, -23.184965495803041, 0.0 ], [ -46.277854228965801, -23.184966313770744, 0.0 ], [ -46.277853794339677, -23.184967135330183, 0.0 ], [ -46.277853802110009, -23.184967953297885, 0.0 ], [ -46.277854252276796, -23.184968767673855, 0.0 ], [ -46.277854702443598, -23.184969582049828, 0.0 ], [ -46.277855602777208, -23.184971210801738, 0.0 ], [ -46.277855618317894, -23.18497284673715, 0.0 ], [ -46.277853848731993, -23.18497286110409, 0.0 ], [ -46.277852094686736, -23.184974511406416, 0.0 ], [ -46.277850325100808, -23.184974525773324, 0.0 ], [ -46.277850340641436, -23.184976161708725, 0.0 ], [ -46.277850356182064, -23.184977797644137, 0.0 ], [ -46.277848586596093, -23.18497781201102, 0.0 ], [ -46.277848602136693, -23.184979447946422, 0.0 ], [ -46.277846832550708, -23.18497946231329, 0.0 ], [ -46.277845963298283, -23.184981105432126, 0.0 ], [ -46.277845094045837, -23.184982748550958, 0.0 ], [ -46.277843340000345, -23.184984398853196, 0.0 ], [ -46.277842470747856, -23.184986041972017, 0.0 ], [ -46.277841601495339, -23.184987685090832, 0.0 ], [ -46.277840732242808, -23.184989328209632, 0.0 ], [ -46.277840747783323, -23.184990964145044, 0.0 ], [ -46.277839878530756, -23.184992607263855, 0.0 ], [ -46.277838124485072, -23.184994257566032, 0.0 ], [ -46.277838140025565, -23.184995893501448, 0.0 ], [ -46.277838155566052, -23.18499752943686, 0.0 ], [ -46.277838171106552, -23.184999165372261, 0.0 ], [ -46.277838186647045, -23.18500080130767, 0.0 ], [ -46.277837317394386, -23.18500244442647, 0.0 ], [ -46.277836448141713, -23.185004087545249, 0.0 ], [ -46.277836463682192, -23.185005723480664, 0.0 ], [ -46.277836479222671, -23.185007359416065, 0.0 ], [ -46.27783649476315, -23.185008995351485, 0.0 ], [ -46.277836510303636, -23.185010631286882, 0.0 ], [ -46.277836525844116, -23.185012267222291, 0.0 ], [ -46.277836541384602, -23.185013903157703, 0.0 ], [ -46.277837441718319, -23.185015531909713, 0.0 ], [ -46.277837457258826, -23.185017167845128, 0.0 ], [ -46.27783747279932, -23.185018803780533, 0.0 ], [ -46.27783748833982, -23.185020439715931, 0.0 ], [ -46.277838388673601, -23.185022068467948, 0.0 ], [ -46.27784016603043, -23.185022872068849, 0.0 ], [ -46.277841943387273, -23.185023675669733, 0.0 ], [ -46.27784195892783, -23.185025311605123, 0.0 ], [ -46.277843744055019, -23.185026933173692, 0.0 ], [ -46.277845521411933, -23.185027736774522, 0.0 ], [ -46.27784553695254, -23.18502937270992, 0.0 ], [ -46.277847322079822, -23.185030994278435, 0.0 ], [ -46.277848222413795, -23.185032623030377, 0.0 ], [ -46.277849122747789, -23.185034251782312, 0.0 ], [ -46.277850023081811, -23.185035880534247, 0.0 ], [ -46.277851800438881, -23.18503668413501, 0.0 ], [ -46.277852700772954, -23.185038312886928, 0.0 ], [ -46.277854485900441, -23.185039934455343, 0.0 ], [ -46.277856255487229, -23.185039920088347, 0.0 ], [ -46.277857155821366, -23.185041548840235, 0.0 ], [ -46.277857171362122, -23.18504318477563, 0.0 ], [ -46.277858071696308, -23.185044813527501, 0.0 ], [ -46.277859841283153, -23.185044799160465, 0.0 ], [ -46.277859856823945, -23.185046435095853, 0.0 ], [ -46.27786075715818, -23.185048063847713, 0.0 ], [ -46.277861657492437, -23.185049692599559, 0.0 ], [ -46.277863434849763, -23.18505049620018, 0.0 ], [ -46.27786433518407, -23.185052124952019, 0.0 ], [ -46.277866104771007, -23.185052110584909, 0.0 ], [ -46.27786788212839, -23.185052914185469, 0.0 ], [ -46.277869659485795, -23.185053717786008, 0.0 ], [ -46.277871436843213, -23.18505452138653, 0.0 ], [ -46.277872337177648, -23.185056150138312, 0.0 ], [ -46.277874114535116, -23.185056953738794, 0.0 ], [ -46.277875014869601, -23.185058582490569, 0.0 ], [ -46.277876799997621, -23.185060204058697, 0.0 ], [ -46.277876815538633, -23.18506183999407, 0.0 ], [ -46.277877715873181, -23.185063468745817, 0.0 ], [ -46.277878616207751, -23.185065097497553, 0.0 ], [ -46.277878631748791, -23.185066733432922, 0.0 ], [ -46.277879532083396, -23.185068362184655, 0.0 ], [ -46.27788043241803, -23.185069990936377, 0.0 ], [ -46.277881332752678, -23.185071619688099, 0.0 ], [ -46.277881348293754, -23.185073255623461, 0.0 ], [ -46.277882248628437, -23.185074884375169, 0.0 ], [ -46.277882264169527, -23.185076520310538, 0.0 ], [ -46.277882279710617, -23.185078156245904, 0.0 ], [ -46.277882295251707, -23.185079792181259, 0.0 ], [ -46.277882310792798, -23.185081428116625, 0.0 ], [ -46.277881441540224, -23.185083071235649, 0.0 ], [ -46.277880572287636, -23.185084714354666, 0.0 ], [ -46.277879703035019, -23.185086357473676, 0.0 ], [ -46.277877948988682, -23.185088007776322, 0.0 ], [ -46.277877964529729, -23.185089643711684, 0.0 ], [ -46.277877980070777, -23.185091279647054, 0.0 ], [ -46.277877995611824, -23.185092915582413, 0.0 ], [ -46.277878011152872, -23.185094551517768, 0.0 ], [ -46.277878026693919, -23.185096187453134, 0.0 ], [ -46.27787715744121, -23.185097830572133, 0.0 ], [ -46.277877172982251, -23.185099466507495, 0.0 ], [ -46.277877188523298, -23.185101102442864, 0.0 ], [ -46.277877204064346, -23.185102738378227, 0.0 ], [ -46.277878989193006, -23.185104359946301, 0.0 ], [ -46.277879004734075, -23.18510599588166, 0.0 ], [ -46.277879905068971, -23.185107624633375, 0.0 ], [ -46.277879035816213, -23.185109267752381, 0.0 ], [ -46.277877273999067, -23.185110100087346, 0.0 ], [ -46.277875512181893, -23.185110932422294, 0.0 ], [ -46.277873742594188, -23.185110946789543, 0.0 ], [ -46.277871973006484, -23.185110961156774, 0.0 ], [ -46.277870203418779, -23.18511097552398, 0.0 ], [ -46.277868433831067, -23.185110989891168, 0.0 ], [ -46.277866664243362, -23.185111004258339, 0.0 ], [ -46.277864894655657, -23.185111018625484, 0.0 ], [ -46.277863125067938, -23.185111032992609, 0.0 ], [ -46.277861355480226, -23.185111047359726, 0.0 ], [ -46.277859585892514, -23.185111061726808, 0.0 ], [ -46.277857816304802, -23.185111076093879, 0.0 ], [ -46.277856046717076, -23.185111090460929, 0.0 ], [ -46.277854277129357, -23.185111104827961, 0.0 ], [ -46.277852507541645, -23.185111119194971, 0.0 ], [ -46.277850745724287, -23.185111951529645, 0.0 ], [ -46.277848983906914, -23.185112783864309, 0.0 ], [ -46.277847214319166, -23.185112798231263, 0.0 ], [ -46.277846345065967, -23.185114441350102, 0.0 ], [ -46.277844575478198, -23.185114455717024, 0.0 ], [ -46.277842813660747, -23.185115288051623, 0.0 ], [ -46.277841051843275, -23.185116120386198, 0.0 ], [ -46.277839282255478, -23.185116134753059, 0.0 ], [ -46.277839297796071, -23.185117770688443, 0.0 ], [ -46.277837528208259, -23.185117785055287, 0.0 ], [ -46.277836658954911, -23.185119428174083, 0.0 ], [ -46.277835789701548, -23.185121071292876, 0.0 ], [ -46.277834920448164, -23.18512271441168, 0.0 ], [ -46.277834935988707, -23.185124350347056, 0.0 ], [ -46.277834066735295, -23.185125993465842, 0.0 ], [ -46.277833197481861, -23.185127636584632, 0.0 ], [ -46.27783321302239, -23.185129272520015, 0.0 ], [ -46.277832343768921, -23.185130915638787, 0.0 ], [ -46.277832359309443, -23.185132551574174, 0.0 ], [ -46.277830589721432, -23.185132565940954, 0.0 ], [ -46.277830605261933, -23.185134201876338, 0.0 ], [ -46.27782885121438, -23.185135852178476, 0.0 ], [ -46.277828866754859, -23.185137488113863, 0.0 ], [ -46.277827112707236, -23.185139138415995, 0.0 ], [ -46.277825350889351, -23.185139970750402, 0.0 ], [ -46.277824481635726, -23.185141613869138, 0.0 ], [ -46.277822719817792, -23.185142446203535, 0.0 ], [ -46.277821850564116, -23.185144089322264, 0.0 ], [ -46.277820981310427, -23.185145732440983, 0.0 ], [ -46.277819219492415, -23.185146564775334, 0.0 ], [ -46.277818350238668, -23.185148207894052, 0.0 ], [ -46.277816588420613, -23.185149040228371, 0.0 ], [ -46.277814834372684, -23.18515069053036, 0.0 ], [ -46.277813965118867, -23.185152333649054, 0.0 ], [ -46.277811318506572, -23.185153173166619, 0.0 ], [ -46.277811334046859, -23.185154809102002, 0.0 ], [ -46.277809572228662, -23.185155641436257, 0.0 ], [ -46.277807802640332, -23.185155655802792, 0.0 ], [ -46.277806040822099, -23.185156488137, 0.0 ], [ -46.277805171568133, -23.185158131255648, 0.0 ], [ -46.277803409749858, -23.185158963589842, 0.0 ], [ -46.277801647931561, -23.185159795924001, 0.0 ], [ -46.2778007864476, -23.185162257010319, 0.0 ], [ -46.277799016859177, -23.185162271376758, 0.0 ], [ -46.277797255040802, -23.185163103710877, 0.0 ], [ -46.277796385786687, -23.185164746829482, 0.0 ], [ -46.277793746944063, -23.185166404314458, 0.0 ], [ -46.277793770254185, -23.185168858217558, 0.0 ], [ -46.277791123641435, -23.185169697734807, 0.0 ], [ -46.277790254387199, -23.185171340853369, 0.0 ], [ -46.277788492568661, -23.185172173187404, 0.0 ], [ -46.277787623314381, -23.185173816305959, 0.0 ], [ -46.277786754060081, -23.185175459424514, 0.0 ], [ -46.277786769600091, -23.185177095359922, 0.0 ], [ -46.277785900345762, -23.185178738478474, 0.0 ], [ -46.27778414629708, -23.185180388780157, 0.0 ], [ -46.277784161837054, -23.185182024715562, 0.0 ], [ -46.277783292582662, -23.185183667834096, 0.0 ], [ -46.277783308122629, -23.185185303769501, 0.0 ], [ -46.277782438868215, -23.185186946888038, 0.0 ], [ -46.277781569613779, -23.185188590006572, 0.0 ], [ -46.277780700359322, -23.185190233125095, 0.0 ], [ -46.277779831104844, -23.185191876243618, 0.0 ], [ -46.277778969620307, -23.185194337329843, 0.0 ], [ -46.277777207801385, -23.185195169663764, 0.0 ], [ -46.277775430442574, -23.185194366062248, 0.0 ], [ -46.277773660853697, -23.18519438042842, 0.0 ], [ -46.27777364531385, -23.185192744493008, 0.0 ], [ -46.277771867955074, -23.185191940891453, 0.0 ], [ -46.277770090596334, -23.185191137289877, 0.0 ], [ -46.277768313237608, -23.185190333688279, 0.0 ], [ -46.277766535878911, -23.185189530086667, 0.0 ], [ -46.27776475852022, -23.185188726485027, 0.0 ], [ -46.277762981161558, -23.185187922883365, 0.0 ], [ -46.277762080827451, -23.185186294130961, 0.0 ], [ -46.277761180493371, -23.185184665378557, 0.0 ], [ -46.277758518340406, -23.185183868959847, 0.0 ], [ -46.27775761800639, -23.185182240207418, 0.0 ], [ -46.277755848417662, -23.185182254573384, 0.0 ], [ -46.277755832878036, -23.185180618637958, 0.0 ], [ -46.277755817338409, -23.185178982702542, 0.0 ], [ -46.277754047749724, -23.18517899706848, 0.0 ], [ -46.277753147415794, -23.185177368316015, 0.0 ], [ -46.27775137782713, -23.185177382681925, 0.0 ], [ -46.277749592698918, -23.185175761112387, 0.0 ], [ -46.277747823110275, -23.18517577547826, 0.0 ], [ -46.277746922776437, -23.18517414672576, 0.0 ], [ -46.277745145418066, -23.185173343123882, 0.0 ], [ -46.277743368059717, -23.185172539521986, 0.0 ], [ -46.277741590701389, -23.185171735920061, 0.0 ], [ -46.277739813343075, -23.185170932318126, 0.0 ], [ -46.277738913009372, -23.185169303565573, 0.0 ], [ -46.277737143420808, -23.185169317931319, 0.0 ], [ -46.277736243087141, -23.185167689178744, 0.0 ], [ -46.277734473498597, -23.185167703544458, 0.0 ], [ -46.277733573164973, -23.185166074791866, 0.0 ], [ -46.277731803576444, -23.185166089157551, 0.0 ], [ -46.277730903242869, -23.185164460404955, 0.0 ], [ -46.277729118115076, -23.185162838835161, 0.0 ], [ -46.277727332987318, -23.185161217265343, 0.0 ], [ -46.277726432653829, -23.185159588512711, 0.0 ], [ -46.277723762731938, -23.185157974125655, 0.0 ], [ -46.277723747192717, -23.185156338190204, 0.0 ], [ -46.277722846859305, -23.185154709437548, 0.0 ], [ -46.277721946525915, -23.18515308068487, 0.0 ], [ -46.277720169167971, -23.185152277082697, 0.0 ], [ -46.277719268834623, -23.185150648330005, 0.0 ], [ -46.277717491476722, -23.1851498447278, 0.0 ], [ -46.277715714118841, -23.185149041125563, 0.0 ], [ -46.277713936760975, -23.185148237523308, 0.0 ], [ -46.277713036427741, -23.185146608770577, 0.0 ], [ -46.277711266839461, -23.185146623136017, 0.0 ], [ -46.277709497251173, -23.185146637501447, 0.0 ], [ -46.277707719893378, -23.18514583389911, 0.0 ], [ -46.27770681956023, -23.185144205146347, 0.0 ], [ -46.277705042202477, -23.185143401543989, 0.0 ], [ -46.277703272614232, -23.185143415909341, 0.0 ], [ -46.277701503025988, -23.185143430274675, 0.0 ], [ -46.27770148748705, -23.185141794339199, 0.0 ], [ -46.27769971789882, -23.185141808704515, 0.0 ], [ -46.277697940541138, -23.185141005102064, 0.0 ], [ -46.277696163183478, -23.185140201499614, 0.0 ], [ -46.277694393595269, -23.185140215864855, 0.0 ], [ -46.277692624007052, -23.185140230230086, 0.0 ], [ -46.277690846649435, -23.185139426627554, 0.0 ], [ -46.277689053753051, -23.185136987089532, 0.0 ], [ -46.277687284164884, -23.185137001454695, 0.0 ], [ -46.277685491268592, -23.185134561916637, 0.0 ], [ -46.27768370614173, -23.185132940346278, 0.0 ], [ -46.27768369060302, -23.185131304410795, 0.0 ], [ -46.277681905476221, -23.185129682840426, 0.0 ], [ -46.277680120349466, -23.185128061270024, 0.0 ], [ -46.27767834299209, -23.185127257667343, 0.0 ], [ -46.277676565634714, -23.185126454064637, 0.0 ], [ -46.277675665302084, -23.185124825311668, 0.0 ], [ -46.277673887944765, -23.185124021708933, 0.0 ], [ -46.27767211058746, -23.185123218106177, 0.0 ], [ -46.277669448436193, -23.185122421685879, 0.0 ], [ -46.277667671078937, -23.18512161808307, 0.0 ], [ -46.277665893721704, -23.185120814480236, 0.0 ], [ -46.277664993389237, -23.185119185727199, 0.0 ], [ -46.277664093056792, -23.185117556974152, 0.0 ], [ -46.277662323468853, -23.185117571339024, 0.0 ], [ -46.277660546111711, -23.18511676773613, 0.0 ], [ -46.277660530573286, -23.185115131800639, 0.0 ], [ -46.27765875321618, -23.185114328197724, 0.0 ], [ -46.277658737677783, -23.185112692262219, 0.0 ], [ -46.277657837345458, -23.185111063509126, 0.0 ], [ -46.277656937013155, -23.185109434756036, 0.0 ], [ -46.277655159656149, -23.185108631153074, 0.0 ], [ -46.277653382299157, -23.185107827550091, 0.0 ], [ -46.277651597173033, -23.185106205979327, 0.0 ], [ -46.277651581634728, -23.18510457004383, 0.0 ], [ -46.27764981204696, -23.185104584408556, 0.0 ], [ -46.277649796508676, -23.185102948473048, 0.0 ], [ -46.277648026920922, -23.185102962837753, 0.0 ], [ -46.27764624956405, -23.185102159234681, 0.0 ], [ -46.277644472207193, -23.185101355631591, 0.0 ], [ -46.27764270261946, -23.185101369996236, 0.0 ], [ -46.277641802287405, -23.185099741243043, 0.0 ], [ -46.277640032699686, -23.185099755607656, 0.0 ], [ -46.2776382553429, -23.185098952004495, 0.0 ], [ -46.277636477986135, -23.185098148401313, 0.0 ], [ -46.277634708398438, -23.185098162765861, 0.0 ], [ -46.277633808066497, -23.185096534012605, 0.0 ], [ -46.277631153684979, -23.185096555559387, 0.0 ], [ -46.277629376328278, -23.185095751956126, 0.0 ], [ -46.277627598971605, -23.18509494835283, 0.0 ], [ -46.277626698639779, -23.185093319599542, 0.0 ], [ -46.277626683101786, -23.185091683664012, 0.0 ], [ -46.277624905745178, -23.185090880060688, 0.0 ], [ -46.277624890207207, -23.185089244125162, 0.0 ], [ -46.277624874669243, -23.185087608189633, 0.0 ], [ -46.277625743925057, -23.185085965071888, 0.0 ], [ -46.277626613180843, -23.185084321954154, 0.0 ], [ -46.277626597642858, -23.185082686018625, 0.0 ], [ -46.277626582104872, -23.185081050083095, 0.0 ], [ -46.277626566566894, -23.185079414147573, 0.0 ], [ -46.277626551028909, -23.185077778212044, 0.0 ], [ -46.277626535490931, -23.185076142276515, 0.0 ], [ -46.277625635159261, -23.185074513523208, 0.0 ], [ -46.277624734827604, -23.18507288476988, 0.0 ], [ -46.277622949702291, -23.185071263198754, 0.0 ], [ -46.277621156808081, -23.185068823659851, 0.0 ], [ -46.277619387220753, -23.185068838024211, 0.0 ], [ -46.277619371682867, -23.185067202088682, 0.0 ], [ -46.27761760209556, -23.185067216453017, 0.0 ], [ -46.277615824739335, -23.185066412849576, 0.0 ], [ -46.277614047383132, -23.185065609246116, 0.0 ], [ -46.277612277795839, -23.185065623610399, 0.0 ], [ -46.277610523746326, -23.185067273910196, 0.0 ], [ -46.277608761927894, -23.185068106242209, 0.0 ], [ -46.277607000109434, -23.185068938574208, 0.0 ], [ -46.27760523829096, -23.185069770906182, 0.0 ], [ -46.277603476472457, -23.185070603238145, 0.0 ], [ -46.2776017068851, -23.185070617602317, 0.0 ], [ -46.277599945066555, -23.185071449934224, 0.0 ], [ -46.277598183248003, -23.185072282266127, 0.0 ], [ -46.277596405891813, -23.185071478662454, 0.0 ], [ -46.277595505560527, -23.185069849908963, 0.0 ], [ -46.277593720435597, -23.185068228337485, 0.0 ], [ -46.277591927541934, -23.185065788798216, 0.0 ], [ -46.27759102721074, -23.185064160044682, 0.0 ], [ -46.277590126879574, -23.185062531291141, 0.0 ], [ -46.27759011134205, -23.185060895355591, 0.0 ], [ -46.277590095804527, -23.185059259420029, 0.0 ], [ -46.277590080267004, -23.185057623484479, 0.0 ], [ -46.277590064729488, -23.185055987548921, 0.0 ], [ -46.277590049191971, -23.18505435161337, 0.0 ], [ -46.277590033654448, -23.185052715677813, 0.0 ], [ -46.277590902910489, -23.185051072560238, 0.0 ], [ -46.277590887372966, -23.185049436624691, 0.0 ], [ -46.277590871835443, -23.185047800689134, 0.0 ], [ -46.277589971504398, -23.185046171935582, 0.0 ], [ -46.277589071173367, -23.18504454318203, 0.0 ], [ -46.277589055635872, -23.185042907246469, 0.0 ], [ -46.277589024560875, -23.185039635375361, 0.0 ], [ -46.277587247205183, -23.185038831771564, 0.0 ], [ -46.277587231667709, -23.185037195835999, 0.0 ], [ -46.277585454312046, -23.185036392232181, 0.0 ], [ -46.277583676956418, -23.185035588628345, 0.0 ], [ -46.277581899600797, -23.185034785024492, 0.0 ], [ -46.277580130013895, -23.185034799388397, 0.0 ], [ -46.277577467864859, -23.185034002966425, 0.0 ], [ -46.277575698277964, -23.185034017330278, 0.0 ], [ -46.277573043897611, -23.185034038876019, 0.0 ], [ -46.277570389517258, -23.185034060421717, 0.0 ], [ -46.277567735136913, -23.18503408196737, 0.0 ], [ -46.277565965550004, -23.185034096331112, 0.0 ], [ -46.277565981087207, -23.185035732266691, 0.0 ], [ -46.277565111830945, -23.185037375384123, 0.0 ], [ -46.277563350012592, -23.185038207715632, 0.0 ], [ -46.277562480756288, -23.185039850833064, 0.0 ], [ -46.277559841912947, -23.185041508314153, 0.0 ], [ -46.277558972656578, -23.185043151431568, 0.0 ], [ -46.277558103400182, -23.185044794548975, 0.0 ], [ -46.277556341581679, -23.185045626880413, 0.0 ], [ -46.277554595300238, -23.185048095147398, 0.0 ], [ -46.277552841250198, -23.185049745446584, 0.0 ], [ -46.277551971993688, -23.185051388563952, 0.0 ], [ -46.277551987530742, -23.185053024499538, 0.0 ], [ -46.277550225712091, -23.185053856830908, 0.0 ], [ -46.277548463893424, -23.185054689162261, 0.0 ], [ -46.277546694306231, -23.185054703525797, 0.0 ], [ -46.27754493248753, -23.185055535857106, 0.0 ], [ -46.277543162900329, -23.185055550220607, 0.0 ], [ -46.277541401081585, -23.185056382551874, 0.0 ], [ -46.277540531824897, -23.185058025669203, 0.0 ], [ -46.277539662568188, -23.185059668786511, 0.0 ], [ -46.277538793311457, -23.185061311903826, 0.0 ], [ -46.277537924054705, -23.185062955021127, 0.0 ], [ -46.277537054797932, -23.185064598138432, 0.0 ], [ -46.277535300747466, -23.185066248437444, 0.0 ], [ -46.277532669671679, -23.185068723885905, 0.0 ], [ -46.277530915621114, -23.185070374184871, 0.0 ], [ -46.277530931157919, -23.185072010120457, 0.0 ], [ -46.277529169338884, -23.185072842451607, 0.0 ], [ -46.277528300081947, -23.185074485568869, 0.0 ], [ -46.277527430824989, -23.185076128686131, 0.0 ], [ -46.27752567677426, -23.185077778985029, 0.0 ], [ -46.277523907186747, -23.18507779334832, 0.0 ], [ -46.277523922723475, -23.18507942928392, 0.0 ], [ -46.277521268342177, -23.185079450828827, 0.0 ], [ -46.277519498754643, -23.185079465192075, 0.0 ], [ -46.277517729167108, -23.185079479555306, 0.0 ], [ -46.277515959579574, -23.185079493918508, 0.0 ], [ -46.27751418999204, -23.185079508281703, 0.0 ], [ -46.277512428172791, -23.185080340612672, 0.0 ], [ -46.277510658585243, -23.185080354975817, 0.0 ], [ -46.277508904534237, -23.185082005274545, 0.0 ], [ -46.277507134946667, -23.185082019637655, 0.0 ], [ -46.277503603539749, -23.185082866331619, 0.0 ], [ -46.277500956926595, -23.185083705843994, 0.0 ], [ -46.277499195107211, -23.185084538174817, 0.0 ], [ -46.277495663700172, -23.185085384868611, 0.0 ], [ -46.277493017086904, -23.185086224380857, 0.0 ], [ -46.277491255267428, -23.185087056711591, 0.0 ], [ -46.277488600885953, -23.185087078255957, 0.0 ], [ -46.277488616422261, -23.185088714191568, 0.0 ], [ -46.277486854602728, -23.185089546522267, 0.0 ], [ -46.277486870139015, -23.185091182457882, 0.0 ], [ -46.277486000881446, -23.18509282557493, 0.0 ], [ -46.277485131623848, -23.185094468691979, 0.0 ], [ -46.277483369804216, -23.185095301022635, 0.0 ], [ -46.277483385340474, -23.185096936958249, 0.0 ], [ -46.277482516082813, -23.185098580075284, 0.0 ], [ -46.277481646825144, -23.185100223192318, 0.0 ], [ -46.277481662361382, -23.185101859127933, 0.0 ], [ -46.277481693433856, -23.185105130999158, 0.0 ], [ -46.277481708970093, -23.185106766934773, 0.0 ], [ -46.277479954918391, -23.185108417233202, 0.0 ], [ -46.277478193098545, -23.185109249563816, 0.0 ], [ -46.277476431278686, -23.1851100818944, 0.0 ], [ -46.277475562020868, -23.185111725011403, 0.0 ], [ -46.277472915406953, -23.185112564523333, 0.0 ], [ -46.277471145818943, -23.185112578886059, 0.0 ], [ -46.277469391767035, -23.185114229184379, 0.0 ], [ -46.277467629947047, -23.185115061514882, 0.0 ], [ -46.277465875895061, -23.185116711813169, 0.0 ], [ -46.27746500663708, -23.185118354930108, 0.0 ], [ -46.277463244817007, -23.185119187260561, 0.0 ], [ -46.277463260353031, -23.185120823196183, 0.0 ], [ -46.277463275889055, -23.185122459131801, 0.0 ], [ -46.277463291425086, -23.185124095067433, 0.0 ], [ -46.277463306961117, -23.185125731003055, 0.0 ], [ -46.277464215059268, -23.185128177725165, 0.0 ], [ -46.277464230595314, -23.185129813660787, 0.0 ], [ -46.277464246131359, -23.185131449596408, 0.0 ], [ -46.277465146461545, -23.185133078350695, 0.0 ], [ -46.277465161997604, -23.18513471428632, 0.0 ], [ -46.277466062327825, -23.185136343040607, 0.0 ], [ -46.277466077863899, -23.185137978976218, 0.0 ], [ -46.277467862988331, -23.185139600549157, 0.0 ], [ -46.277468771086674, -23.185142047271231, 0.0 ], [ -46.277470563979264, -23.185144486811936, 0.0 ], [ -46.27747146430962, -23.185146115566187, 0.0 ], [ -46.27747324943423, -23.185147737139044, 0.0 ], [ -46.277474149764643, -23.185149365893277, 0.0 ], [ -46.277475934889331, -23.185150987466105, 0.0 ], [ -46.277478597040208, -23.185151783889705, 0.0 ], [ -46.277479497370713, -23.185153412643896, 0.0 ], [ -46.277481274727378, -23.185154216248858, 0.0 ], [ -46.277482190594213, -23.185157480938628, 0.0 ], [ -46.277485745307715, -23.185159088148467, 0.0 ], [ -46.277486653406527, -23.185161534870421, 0.0 ], [ -46.277488438531527, -23.185163156443082, 0.0 ], [ -46.277489346630418, -23.185165603165007, 0.0 ], [ -46.277489362166797, -23.185167239100611, 0.0 ], [ -46.277489377703176, -23.185168875036204, 0.0 ], [ -46.277491147291904, -23.185168860673237, 0.0 ], [ -46.277491162828305, -23.185170496608837, 0.0 ], [ -46.277491178364713, -23.185172132544437, 0.0 ], [ -46.277492947953483, -23.185172118181452, 0.0 ], [ -46.277492963489912, -23.185173754117038, 0.0 ], [ -46.277494740846926, -23.18517455772183, 0.0 ], [ -46.277495641177786, -23.185176186475918, 0.0 ], [ -46.277496541508668, -23.185177815229981, 0.0 ], [ -46.27749832663401, -23.185179436802528, 0.0 ], [ -46.277498342170503, -23.185181072738121, 0.0 ], [ -46.277500111759394, -23.185181058375054, 0.0 ], [ -46.277500127295916, -23.18518269431063, 0.0 ], [ -46.277501027626897, -23.185184323064679, 0.0 ], [ -46.2775019279579, -23.185185951818713, 0.0 ], [ -46.277502828288938, -23.185187580572741, 0.0 ], [ -46.277503736388276, -23.185190027294563, 0.0 ], [ -46.277504636719357, -23.185191656048577, 0.0 ], [ -46.277506421844976, -23.185193277621011, 0.0 ], [ -46.27750732217612, -23.18519490637501, 0.0 ], [ -46.277508230275593, -23.185197353096797, 0.0 ], [ -46.277508245812221, -23.185198989032365, 0.0 ], [ -46.277509146143423, -23.185200617786357, 0.0 ], [ -46.277509161680072, -23.185202253721933, 0.0 ], [ -46.277509177216707, -23.185203889657501, 0.0 ], [ -46.277508307958762, -23.185205532774674, 0.0 ], [ -46.277508323495397, -23.185207168710264, 0.0 ], [ -46.277509223826655, -23.185208797464234, 0.0 ], [ -46.27751100895258, -23.185210419036601, 0.0 ], [ -46.27751102448925, -23.185212054972176, 0.0 ], [ -46.277512794078532, -23.185212040608949, 0.0 ], [ -46.277512809615232, -23.185213676544517, 0.0 ], [ -46.277514579204535, -23.185213662181262, 0.0 ], [ -46.277516356562202, -23.18521446578578, 0.0 ], [ -46.277518133919898, -23.18521526939027, 0.0 ], [ -46.277519911277615, -23.185216072994745, 0.0 ], [ -46.277521688635353, -23.185216876599196, 0.0 ], [ -46.277525227814031, -23.185216847872471, 0.0 ], [ -46.277526997403363, -23.185216833509084, 0.0 ], [ -46.277528766992702, -23.185216819145666, 0.0 ], [ -46.277530544350491, -23.18521762275001, 0.0 ], [ -46.277532321708307, -23.185218426354339, 0.0 ], [ -46.277534099066138, -23.185219229958648, 0.0 ], [ -46.277535876423997, -23.185220033562931, 0.0 ], [ -46.277537646013364, -23.18522001919942, 0.0 ], [ -46.277539423371245, -23.185220822803661, 0.0 ], [ -46.277539438908278, -23.185222458739212, 0.0 ], [ -46.277541216266201, -23.185223262343435, 0.0 ], [ -46.277543001392687, -23.185224883915414, 0.0 ], [ -46.277543901724485, -23.185226512669161, 0.0 ], [ -46.277545679082493, -23.185227316273327, 0.0 ], [ -46.277548356772392, -23.185229748631198, 0.0 ], [ -46.277550134130465, -23.185230552235314, 0.0 ], [ -46.277550149667633, -23.185232188170854, 0.0 ], [ -46.277551927025748, -23.185232991774942, 0.0 ], [ -46.277553712152489, -23.185234613346786, 0.0 ], [ -46.2775537276897, -23.18523624928233, 0.0 ], [ -46.27755374322691, -23.185237885217862, 0.0 ], [ -46.277553758764128, -23.185239521153406, 0.0 ], [ -46.277553774301346, -23.185241157088949, 0.0 ], [ -46.277553789838556, -23.185242793024482, 0.0 ], [ -46.277553805375781, -23.185244428960022, 0.0 ], [ -46.277552936118148, -23.185246072077426, 0.0 ], [ -46.277552066860501, -23.185247715194812, 0.0 ], [ -46.277551197602826, -23.185249358312205, 0.0 ], [ -46.277549443550249, -23.185251008611434, 0.0 ], [ -46.277547689497624, -23.185252658910635, 0.0 ], [ -46.2775459276764, -23.185253491242047, 0.0 ], [ -46.277544165855147, -23.185254323573453, 0.0 ], [ -46.277543296597344, -23.185255966690804, 0.0 ], [ -46.2775415270075, -23.185255981054404, 0.0 ], [ -46.277539757417657, -23.185255995417982, 0.0 ], [ -46.277537103032898, -23.185256016963312, 0.0 ], [ -46.277533571621689, -23.185256863658122, 0.0 ], [ -46.277531802031831, -23.185256878021612, 0.0 ], [ -46.277530032441973, -23.185256892385084, 0.0 ], [ -46.277528262852115, -23.185256906748528, 0.0 ], [ -46.2775265010307, -23.185257739079727, 0.0 ], [ -46.27752473144082, -23.185257753443139, 0.0 ], [ -46.277522961850941, -23.185257767806533, 0.0 ], [ -46.277521184492649, -23.185256964202125, 0.0 ], [ -46.277519407134378, -23.185256160597703, 0.0 ], [ -46.277517637544513, -23.18525617496103, 0.0 ], [ -46.27751587572304, -23.185257007292122, 0.0 ], [ -46.277514106133161, -23.185257021655413, 0.0 ], [ -46.277512344311653, -23.185257853986453, 0.0 ], [ -46.277510574721767, -23.185257868349709, 0.0 ], [ -46.27750880513188, -23.185257882712943, 0.0 ], [ -46.277506166283693, -23.185259540193318, 0.0 ], [ -46.2775044044621, -23.185260372524294, 0.0 ], [ -46.277503535203756, -23.185262015641449, 0.0 ], [ -46.277500888587127, -23.185262855153947, 0.0 ], [ -46.277500019328727, -23.185264498271085, 0.0 ], [ -46.277498257507027, -23.185265330601986, 0.0 ], [ -46.277496503453577, -23.185266980900661, 0.0 ], [ -46.277494741631813, -23.185267813231526, 0.0 ], [ -46.277492979810027, -23.185268645562363, 0.0 ], [ -46.277490333193207, -23.185269485074706, 0.0 ], [ -46.277488571371372, -23.185270317405504, 0.0 ], [ -46.27748681731773, -23.185271967704075, 0.0 ], [ -46.277485063264045, -23.185273618002618, 0.0 ], [ -46.277483301442125, -23.18527445033337, 0.0 ], [ -46.277481547388362, -23.185276100631881, 0.0 ], [ -46.277479785566385, -23.185276932962587, 0.0 ], [ -46.277477146717459, -23.185278590442497, 0.0 ], [ -46.277475384895425, -23.18527942277316, 0.0 ], [ -46.277472746046392, -23.185281080253016, 0.0 ], [ -46.27747187678753, -23.185282723370012, 0.0 ], [ -46.277469230170276, -23.185283562882006, 0.0 ], [ -46.277468360911357, -23.185285205998991, 0.0 ], [ -46.27746659908918, -23.185286038329561, 0.0 ], [ -46.277464837266976, -23.185286870660107, 0.0 ], [ -46.277463067676671, -23.185286885022837, 0.0 ], [ -46.277462206185731, -23.18528934610757, 0.0 ], [ -46.277460436595391, -23.185289360470282, 0.0 ], [ -46.277458682541152, -23.185291010768562, 0.0 ], [ -46.27745691295079, -23.185291025131232, 0.0 ], [ -46.277455151128464, -23.185291857461674, 0.0 ], [ -46.277452504510912, -23.185292696973409, 0.0 ], [ -46.277450734920528, -23.185292711336007, 0.0 ], [ -46.277448080534946, -23.185292732879873, 0.0 ], [ -46.277448096070913, -23.185294368815462, 0.0 ], [ -46.277446342016454, -23.185296019113608, 0.0 ], [ -46.277444587961945, -23.185297669411746, 0.0 ], [ -46.27744105654898, -23.185298516104545, 0.0 ], [ -46.277439294726442, -23.185299348434818, 0.0 ], [ -46.277435755545476, -23.185299377159712, 0.0 ], [ -46.277433116695541, -23.185301034638933, 0.0 ], [ -46.277430462309773, -23.185301056182507, 0.0 ], [ -46.277428708255002, -23.185302706480471, 0.0 ], [ -46.277426946432335, -23.185303538810611, 0.0 ], [ -46.277424307582201, -23.185305196289683, 0.0 ], [ -46.27742256129514, -23.185307664555399, 0.0 ], [ -46.27741990690923, -23.185307686098799, 0.0 ], [ -46.277417260291124, -23.185308525609958, 0.0 ], [ -46.277414613672981, -23.185309365121068, 0.0 ], [ -46.277412844082349, -23.18530937948325, 0.0 ], [ -46.277409304901084, -23.185309408207559, 0.0 ], [ -46.277405765719806, -23.185309436931785, 0.0 ], [ -46.277403111333847, -23.185309458474901, 0.0 ], [ -46.277400464715591, -23.185310297985783, 0.0 ], [ -46.277398702892633, -23.185311130315629, 0.0 ], [ -46.277396048506631, -23.185311151858627, 0.0 ], [ -46.277394278915963, -23.185311166220604, 0.0 ], [ -46.277392517092949, -23.185311998550372, 0.0 ], [ -46.277389862706926, -23.185312020093271, 0.0 ], [ -46.277388093116237, -23.185312034455176, 0.0 ], [ -46.277385438730207, -23.185312055997997, 0.0 ], [ -46.277383669139525, -23.185312070359849, 0.0 ], [ -46.277381006985905, -23.185311273934779, 0.0 ], [ -46.277378344832314, -23.18531047750966, 0.0 ], [ -46.277376575241647, -23.185310491871441, 0.0 ], [ -46.277373913088091, -23.185309695446243, 0.0 ], [ -46.277371258702097, -23.185309716988822, 0.0 ], [ -46.277368596548591, -23.185308920563546, 0.0 ], [ -46.277366819190433, -23.185308116957387, 0.0 ], [ -46.277365041832297, -23.185307313351206, 0.0 ], [ -46.277363272241658, -23.185307327712827, 0.0 ], [ -46.277360617855699, -23.185307349255229, 0.0 ], [ -46.27735884826506, -23.185307363616804, 0.0 ], [ -46.27735618611166, -23.185306567191304, 0.0 ], [ -46.277354416521028, -23.185306581552823, 0.0 ], [ -46.277352646930382, -23.185306595914334, 0.0 ], [ -46.27734999254443, -23.185306617456551, 0.0 ], [ -46.27734822295379, -23.185306631818001, 0.0 ], [ -46.277346453363144, -23.185306646179445, 0.0 ], [ -46.277343798977178, -23.185306667721552, 0.0 ], [ -46.277341152358552, -23.185307507231457, 0.0 ], [ -46.277338490205238, -23.185306710805648, 0.0 ], [ -46.27733758987528, -23.185305082050647, 0.0 ], [ -46.27733581251735, -23.185304278444139, 0.0 ], [ -46.277335789215428, -23.185301824540634, 0.0 ], [ -46.277334888885534, -23.185300195785612, 0.0 ], [ -46.277333988555661, -23.185298567030589, 0.0 ], [ -46.277332203430547, -23.185296945456191, 0.0 ], [ -46.277331303100731, -23.185295316701136, 0.0 ], [ -46.277330402770943, -23.1852936879461, 0.0 ], [ -46.277327748385218, -23.185293709487933, 0.0 ], [ -46.277326848055473, -23.185292080732854, 0.0 ], [ -46.277325062930537, -23.185290459158363, 0.0 ], [ -46.277322408544869, -23.185290480700104, 0.0 ], [ -46.277319754159194, -23.185290502241802, 0.0 ], [ -46.277317984568754, -23.185290516602905, 0.0 ], [ -46.277315314648718, -23.18528890220885, 0.0 ], [ -46.277313545058284, -23.185288916569906, 0.0 ], [ -46.277313529523951, -23.185287280634217, 0.0 ], [ -46.27731087513834, -23.185287302175759, 0.0 ], [ -46.277309097780787, -23.185286498568917, 0.0 ], [ -46.277307320423255, -23.185285694962058, 0.0 ], [ -46.277304650503446, -23.185284080567808, 0.0 ], [ -46.27730287314597, -23.185283276960895, 0.0 ], [ -46.277300210993339, -23.185282480534404, 0.0 ], [ -46.277298425868835, -23.185280858959587, 0.0 ], [ -46.277295771483331, -23.185280880500866, 0.0 ], [ -46.277294871154062, -23.185279251745595, 0.0 ], [ -46.27729310156375, -23.185279266106416, 0.0 ], [ -46.277291316439374, -23.18527764453151, 0.0 ], [ -46.277289546849069, -23.185277658892293, 0.0 ], [ -46.277289523548028, -23.185275204988731, 0.0 ], [ -46.277288623218872, -23.185273576233421, 0.0 ], [ -46.277287722889746, -23.185271947478089, 0.0 ], [ -46.277285945532526, -23.185271143870967, 0.0 ], [ -46.277285929998548, -23.185269507935271, 0.0 ], [ -46.277285914464564, -23.185267871999557, 0.0 ], [ -46.277285898930579, -23.18526623606385, 0.0 ], [ -46.277285883396608, -23.185264600128139, 0.0 ], [ -46.277284983067581, -23.185262971372801, 0.0 ], [ -46.277284082738568, -23.185261342617434, 0.0 ], [ -46.277283174642605, -23.185258895894226, 0.0 ], [ -46.277281381751678, -23.185256456351336, 0.0 ], [ -46.277280481422757, -23.185254827595948, 0.0 ], [ -46.277280465888857, -23.185253191660241, 0.0 ], [ -46.277280450354951, -23.185251555724527, 0.0 ], [ -46.277278672998044, -23.185250752117309, 0.0 ], [ -46.277277772669201, -23.185249123361917, 0.0 ], [ -46.277277757135337, -23.185247487426196, 0.0 ], [ -46.277277741601473, -23.185245851490475, 0.0 ], [ -46.277275079449723, -23.185245055063522, 0.0 ], [ -46.277275063915887, -23.185243419127808, 0.0 ], [ -46.277274163587144, -23.185241790372373, 0.0 ], [ -46.277274148053323, -23.185240154436656, 0.0 ], [ -46.277274132519508, -23.185238518500942, 0.0 ], [ -46.277272355162815, -23.185237714893642, 0.0 ], [ -46.27727144706725, -23.185235268170331, 0.0 ], [ -46.277270546738606, -23.185233639414879, 0.0 ], [ -46.277270531204842, -23.185232003479154, 0.0 ], [ -46.277270507904191, -23.185229549575567, 0.0 ], [ -46.277270492370427, -23.185227913639849, 0.0 ], [ -46.277269592041847, -23.185226284884379, 0.0 ], [ -46.277268691713289, -23.185224656128902, 0.0 ], [ -46.277267791384752, -23.185223027373432, 0.0 ], [ -46.27726777585103, -23.185221391437707, 0.0 ], [ -46.277267760317308, -23.185219755501972, 0.0 ], [ -46.277266859988814, -23.185218126746491, 0.0 ], [ -46.277266844455106, -23.185216490810767, 0.0 ], [ -46.277266821154548, -23.185214036907173, 0.0 ], [ -46.27726680562084, -23.185212400971441, 0.0 ], [ -46.277266782320275, -23.185209947067843, 0.0 ], [ -46.277266766786575, -23.185208311132115, 0.0 ], [ -46.277266751252874, -23.185206675196383, 0.0 ], [ -46.277266735719174, -23.185205039260655, 0.0 ], [ -46.27726672018548, -23.185203403324927, 0.0 ], [ -46.277266704651772, -23.185201767389184, 0.0 ], [ -46.277267573912724, -23.185200124273219, 0.0 ], [ -46.277267558379023, -23.185198488337491, 0.0 ], [ -46.277266658050692, -23.185196859581993, 0.0 ], [ -46.277266642516999, -23.185195223646257, 0.0 ], [ -46.277266626983312, -23.185193587710533, 0.0 ], [ -46.277266611449619, -23.185191951774797, 0.0 ], [ -46.277265711121352, -23.185190323019281, 0.0 ], [ -46.277264803026263, -23.185187876295906, 0.0 ], [ -46.277263902698046, -23.185186247540386, 0.0 ], [ -46.277263887164402, -23.185184611604644, 0.0 ], [ -46.277263871630751, -23.185182975668919, 0.0 ], [ -46.277262971302576, -23.185181346913385, 0.0 ], [ -46.27726295576894, -23.185179710977639, 0.0 ], [ -46.277262055440808, -23.185178082222109, 0.0 ], [ -46.277262039907178, -23.18517644628637, 0.0 ], [ -46.277262909168044, -23.185174803170419, 0.0 ], [ -46.277263778428882, -23.185173160054479, 0.0 ], [ -46.277263762895245, -23.185171524118736, 0.0 ], [ -46.277263747361609, -23.185169888182994, 0.0 ], [ -46.277263731827972, -23.185168252247266, 0.0 ], [ -46.277263716294335, -23.185166616311523, 0.0 ], [ -46.277263700760706, -23.185164980375777, 0.0 ], [ -46.277263685227069, -23.185163344440042, 0.0 ], [ -46.27726366969344, -23.185161708504296, 0.0 ], [ -46.277263654159817, -23.18516007256855, 0.0 ], [ -46.277263638626181, -23.185158436632815, 0.0 ], [ -46.277263623092558, -23.185156800697069, 0.0 ], [ -46.277263607558936, -23.185155164761319, 0.0 ], [ -46.277263592025307, -23.18515352882558, 0.0 ], [ -46.277264461286023, -23.185151885709633, 0.0 ], [ -46.277264445752387, -23.185150249773887, 0.0 ], [ -46.277264430218757, -23.185148613838145, 0.0 ], [ -46.277264414685135, -23.185146977902402, 0.0 ], [ -46.277264399151498, -23.185145341966653, 0.0 ], [ -46.277264383617876, -23.18514370603091, 0.0 ], [ -46.277264360317446, -23.185141252127291, 0.0 ], [ -46.277264337017002, -23.185138798223676, 0.0 ], [ -46.277264321483386, -23.185137162287926, 0.0 ], [ -46.277264298182963, -23.185134708384304, 0.0 ], [ -46.277264282649341, -23.185133072448561, 0.0 ], [ -46.277264267115726, -23.185131436512812, 0.0 ], [ -46.277266021170483, -23.185129786216656, 0.0 ], [ -46.277266005636854, -23.18512815028091, 0.0 ], [ -46.277265990103224, -23.185126514345157, 0.0 ], [ -46.277265974569588, -23.185124878409404, 0.0 ], [ -46.277267744157896, -23.18512486404898, 0.0 ], [ -46.277268613418386, -23.185123220933026, 0.0 ], [ -46.277268597884728, -23.185121584997276, 0.0 ], [ -46.277268582351063, -23.18511994906153, 0.0 ], [ -46.277269451611517, -23.185118305945558, 0.0 ], [ -46.277269436077852, -23.185116670009808, 0.0 ], [ -46.277269420544187, -23.185115034074059, 0.0 ], [ -46.277269405010522, -23.185113398138316, 0.0 ], [ -46.277269389476857, -23.185111762202563, 0.0 ], [ -46.277269373943199, -23.18511012626681, 0.0 ], [ -46.277269358409541, -23.185108490331068, 0.0 ], [ -46.277268450315027, -23.185106043607661, 0.0 ], [ -46.277267549987357, -23.18510441485212, 0.0 ], [ -46.277267534453728, -23.185102778916367, 0.0 ], [ -46.277266634126093, -23.185101150160826, 0.0 ], [ -46.277266618592471, -23.185099514225065, 0.0 ], [ -46.277266603058862, -23.185097878289319, 0.0 ], [ -46.277265702731277, -23.185096249533768, 0.0 ], [ -46.277265687197669, -23.185094613598011, 0.0 ], [ -46.277265671664068, -23.185092977662254, 0.0 ], [ -46.27726565613046, -23.185091341726498, 0.0 ], [ -46.277265640596866, -23.185089705790741, 0.0 ], [ -46.277262978448313, -23.185088909363426, 0.0 ], [ -46.277262962914747, -23.185087273427666, 0.0 ], [ -46.277262947381175, -23.185085637491913, 0.0 ], [ -46.277261170026613, -23.185084833884375, 0.0 ], [ -46.27725940043883, -23.185084848244699, 0.0 ], [ -46.277258500111429, -23.185083219489098, 0.0 ], [ -46.277256730523668, -23.185083233849394, 0.0 ], [ -46.277255830196303, -23.185081605093771, 0.0 ], [ -46.277254052841833, -23.185080801486155, 0.0 ], [ -46.277254037308381, -23.185079165550391, 0.0 ], [ -46.277252259953947, -23.185078361942754, 0.0 ], [ -46.277251359626682, -23.185076733187099, 0.0 ], [ -46.277249582272297, -23.185075929579419, 0.0 ], [ -46.277247797151247, -23.185074308003848, 0.0 ], [ -46.27724601979692, -23.185073504396133, 0.0 ], [ -46.277245119469761, -23.185071875640432, 0.0 ], [ -46.277245103936423, -23.185070239704654, 0.0 ], [ -46.277243318815508, -23.18506861812903, 0.0 ], [ -46.277241533694635, -23.185066996553367, 0.0 ], [ -46.27724151816134, -23.185065360617585, 0.0 ], [ -46.277241502628058, -23.185063724681818, 0.0 ], [ -46.27724148709477, -23.185062088746037, 0.0 ], [ -46.277241471561481, -23.185060452810262, 0.0 ], [ -46.2772414560282, -23.185058816874491, 0.0 ], [ -46.277241440494919, -23.18505718093871, 0.0 ], [ -46.277239655374231, -23.185055559363015, 0.0 ], [ -46.277237878020195, -23.185054755755189, 0.0 ], [ -46.27723610066618, -23.185053952147356, 0.0 ], [ -46.277235200339284, -23.185052323391584, 0.0 ], [ -46.277233430751906, -23.1850523377516, 0.0 ], [ -46.277232530425046, -23.185050708995814, 0.0 ], [ -46.277230760837689, -23.185050723355801, 0.0 ], [ -46.277228991250333, -23.185050737715766, 0.0 ], [ -46.277227221662976, -23.185050752075711, 0.0 ], [ -46.277226321336208, -23.185049123319892, 0.0 ], [ -46.277224551748866, -23.185049137679808, 0.0 ], [ -46.277223651422133, -23.185047508923962, 0.0 ], [ -46.277222751095429, -23.185045880168111, 0.0 ], [ -46.27722273556239, -23.185044244232326, 0.0 ], [ -46.277220958208602, -23.185043440624298, 0.0 ], [ -46.277220057881948, -23.185041811868427, 0.0 ], [ -46.277219157555336, -23.185040183112548, 0.0 ], [ -46.277218257228732, -23.18503855435668, 0.0 ], [ -46.277218241695749, -23.185036918420877, 0.0 ], [ -46.277216456575601, -23.185035296844895, 0.0 ], [ -46.27721644104264, -23.185033660909106, 0.0 ], [ -46.277216425509678, -23.185032024973303, 0.0 ], [ -46.277216409976724, -23.185030389037497, 0.0 ], [ -46.277215501883759, -23.185027942313695, 0.0 ], [ -46.277215486350812, -23.185026306377893, 0.0 ], [ -46.277213708997301, -23.185025502769772, 0.0 ], [ -46.277211923877374, -23.185023881193732, 0.0 ], [ -46.27721014652392, -23.185023077585569, 0.0 ], [ -46.27720924619755, -23.185021448829623, 0.0 ], [ -46.277207468844146, -23.185020645221424, 0.0 ], [ -46.27720568372434, -23.185019023645307, 0.0 ], [ -46.27720477563166, -23.185016576921424, 0.0 ], [ -46.277202998278341, -23.185015773313172, 0.0 ], [ -46.277202982745557, -23.185014137377365, 0.0 ], [ -46.277202082419343, -23.185012508621366, 0.0 ], [ -46.277202066886574, -23.185010872685552, 0.0 ], [ -46.277200281766973, -23.185009251109364, 0.0 ], [ -46.277198504413775, -23.185008447501048, 0.0 ], [ -46.277198488881055, -23.185006811565238, 0.0 ], [ -46.277197588554948, -23.185005182809203, 0.0 ], [ -46.277195811201821, -23.185004379200869, 0.0 ], [ -46.277194910875764, -23.185002750444824, 0.0 ], [ -46.277193141289011, -23.185002764804352, 0.0 ], [ -46.277191371702258, -23.185002779163867, 0.0 ], [ -46.277187832528746, -23.185002807882835, 0.0 ], [ -46.277186055175711, -23.185002004274381, 0.0 ], [ -46.277184285588966, -23.18500201863381, 0.0 ], [ -46.277182516002213, -23.185002032993225, 0.0 ], [ -46.277180746415468, -23.185002047352622, 0.0 ], [ -46.277178976828708, -23.185002061711995, 0.0 ], [ -46.277177207241955, -23.185002076071356, 0.0 ], [ -46.277175437655202, -23.185002090430686, 0.0 ], [ -46.27717366806845, -23.185002104790001, 0.0 ], [ -46.27717189848169, -23.185002119149296, 0.0 ], [ -46.27717012889493, -23.185002133508569, 0.0 ], [ -46.277166589721411, -23.185002162227065, 0.0 ], [ -46.277163935341271, -23.185002183765878, 0.0 ], [ -46.277160396167737, -23.185002212484232, 0.0 ], [ -46.27715862658097, -23.185002226843373, 0.0 ], [ -46.277156864760308, -23.185003059170427, 0.0 ], [ -46.277155110705714, -23.185004709465378, 0.0 ], [ -46.277155126237908, -23.185006345401213, 0.0 ], [ -46.277153364417174, -23.185007177728231, 0.0 ], [ -46.277151602596412, -23.185008010055224, 0.0 ], [ -46.277149840775621, -23.185008842382196, 0.0 ], [ -46.277148971514315, -23.185010485497553, 0.0 ], [ -46.277146324900031, -23.185011325004012, 0.0 ], [ -46.277144563079169, -23.185012157330927, 0.0 ], [ -46.27714192423084, -23.185013814805234, 0.0 ], [ -46.277139269850444, -23.185013836343643, 0.0 ], [ -46.277137515795495, -23.185015486638409, 0.0 ], [ -46.277135746208536, -23.185015500997302, 0.0 ], [ -46.277133984387547, -23.185016333324111, 0.0 ], [ -46.277132222566536, -23.185017165650898, 0.0 ], [ -46.277130452979556, -23.185017180009734, 0.0 ], [ -46.277128691158509, -23.185018012336482, 0.0 ], [ -46.277126921571515, -23.185018026695275, 0.0 ], [ -46.277125151984514, -23.185018041054061, 0.0 ], [ -46.277123390163418, -23.185018873380752, 0.0 ], [ -46.277120735782901, -23.185018894918858, 0.0 ], [ -46.277118966195886, -23.185018909277566, 0.0 ], [ -46.27711720437474, -23.18501974160419, 0.0 ], [ -46.277114557760058, -23.185020581110113, 0.0 ], [ -46.27711101858597, -23.185020609827379, 0.0 ], [ -46.277109256764753, -23.185021442153914, 0.0 ], [ -46.277107487177695, -23.185021456512494, 0.0 ], [ -46.277104856094496, -23.185023931954149, 0.0 ], [ -46.27710308650741, -23.185023946312679, 0.0 ], [ -46.277101316920316, -23.185023960671195, 0.0 ], [ -46.277099547333222, -23.185023975029686, 0.0 ], [ -46.277097785511884, -23.1850248073561, 0.0 ], [ -46.277096015924769, -23.18502482171456, 0.0 ], [ -46.277094246337661, -23.185024836072991, 0.0 ], [ -46.277092476750553, -23.185024850431411, 0.0 ], [ -46.277089814604174, -23.185024054001051, 0.0 ], [ -46.277088037251374, -23.185023250391474, 0.0 ], [ -46.277086259898596, -23.185022446781876, 0.0 ], [ -46.277084482545838, -23.185021643172256, 0.0 ], [ -46.277083582220968, -23.185020014415528, 0.0 ], [ -46.277081797102596, -23.185018392837932, 0.0 ], [ -46.27708178157129, -23.185016756902044, 0.0 ], [ -46.277079119425132, -23.185015960471492, 0.0 ], [ -46.277078219100368, -23.185014331714733, 0.0 ], [ -46.277076441747759, -23.185013528105014, 0.0 ], [ -46.277074672160786, -23.185013542463228, 0.0 ], [ -46.277074656629566, -23.185011906527325, 0.0 ], [ -46.277072879277007, -23.185011102917564, 0.0 ], [ -46.277071109690063, -23.185011117275728, 0.0 ], [ -46.277071094158892, -23.185009481339836, 0.0 ], [ -46.277070193834263, -23.18500785258302, 0.0 ], [ -46.27706753945391, -23.185007874120213, 0.0 ], [ -46.277067523922774, -23.185006238184311, 0.0 ], [ -46.277065746570344, -23.185005434574471, 0.0 ], [ -46.277063976983463, -23.185005448932547, 0.0 ], [ -46.277062199631061, -23.185004645322664, 0.0 ], [ -46.277060430044195, -23.185004659680708, 0.0 ], [ -46.277058652691807, -23.185003856070782, 0.0 ], [ -46.277056883104947, -23.18500387042878, 0.0 ], [ -46.277055105752602, -23.185003066818808, 0.0 ], [ -46.277053328400271, -23.185002263208812, 0.0 ], [ -46.27705067402001, -23.185002284745718, 0.0 ], [ -46.277048904433165, -23.185002299103633, 0.0 ], [ -46.27704713484632, -23.185002313461524, 0.0 ], [ -46.277045365259468, -23.185002327819401, 0.0 ], [ -46.277042710879201, -23.185002349356171, 0.0 ], [ -46.277040941292348, -23.185002363713995, 0.0 ], [ -46.277039171705496, -23.1850023780718, 0.0 ], [ -46.277037402118637, -23.185002392429581, 0.0 ], [ -46.277036501794463, -23.185000763672548, 0.0 ], [ -46.277035601470317, -23.184999134915508, 0.0 ], [ -46.277034701146178, -23.184997506158449, 0.0 ], [ -46.277034685615462, -23.184995870222536, 0.0 ], [ -46.277032908263337, -23.184995066612299, 0.0 ], [ -46.277032000173932, -23.184992619887264, 0.0 ], [ -46.277031099849886, -23.184990991130196, 0.0 ], [ -46.277030199525875, -23.184989362373106, 0.0 ], [ -46.277028422173856, -23.184988558762821, 0.0 ], [ -46.277026644821873, -23.184987755152509, 0.0 ], [ -46.277024859704611, -23.184986133574206, 0.0 ], [ -46.277023959380699, -23.184984504817088, 0.0 ], [ -46.277023943850118, -23.18498286888115, 0.0 ], [ -46.277023928319537, -23.184981232945223, 0.0 ], [ -46.277023912788962, -23.184979597009296, 0.0 ], [ -46.277023012465108, -23.184977968252163, 0.0 ], [ -46.277022996934541, -23.184976332316221, 0.0 ], [ -46.277024758755772, -23.184975499990653, 0.0 ], [ -46.277024743225191, -23.184973864054715, 0.0 ], [ -46.277024727694602, -23.184972228118784, 0.0 ], [ -46.277024712164021, -23.184970592182857, 0.0 ], [ -46.27702469663344, -23.184968956246923, 0.0 ], [ -46.277024681102866, -23.184967320310978, 0.0 ], [ -46.277024665572284, -23.184965684375047, 0.0 ], [ -46.27702465004171, -23.18496404843911, 0.0 ], [ -46.277024634511136, -23.184962412503168, 0.0 ], [ -46.277023734187402, -23.184960783746039, 0.0 ], [ -46.277021072042658, -23.184959987314436, 0.0 ], [ -46.277021056512133, -23.184958351378498, 0.0 ], [ -46.277021040981602, -23.184956715442556, 0.0 ], [ -46.27702014065796, -23.184955086685402, 0.0 ], [ -46.277018355541223, -23.184953465107, 0.0 ], [ -46.277017455217631, -23.184951836349814, 0.0 ], [ -46.277016554894061, -23.184950207592632, 0.0 ], [ -46.277014777542654, -23.184949403982159, 0.0 ], [ -46.277013877219133, -23.184947775224945, 0.0 ], [ -46.277012099867775, -23.184946971614441, 0.0 ], [ -46.277010322516439, -23.184946168003911, 0.0 ], [ -46.277009422192997, -23.184944539246686, 0.0 ], [ -46.27700763707653, -23.184942917668145, 0.0 ], [ -46.277006736753144, -23.184941288910892, 0.0 ], [ -46.277005836429773, -23.184939660153635, 0.0 ], [ -46.277004066843723, -23.184939674511011, 0.0 ], [ -46.277004051313419, -23.184938038575055, 0.0 ], [ -46.277002273962239, -23.184937234964426, 0.0 ], [ -46.277002258431963, -23.184935599028474, 0.0 ], [ -46.277000481080833, -23.184934795417828, 0.0 ], [ -46.27699958075759, -23.184933166660521, 0.0 ], [ -46.276999565227342, -23.184931530724558, 0.0 ], [ -46.276999549697095, -23.184929894788606, 0.0 ], [ -46.276999534166848, -23.184928258852644, 0.0 ], [ -46.276999518636607, -23.184926622916684, 0.0 ], [ -46.276999503106367, -23.184924986980725, 0.0 ], [ -46.276999487576127, -23.184923351044763, 0.0 ], [ -46.276999472045887, -23.184921715108796, 0.0 ], [ -46.276999456515647, -23.184920079172841, 0.0 ], [ -46.277000513974748, -23.18491495789965, 0.0 ], [ -46.277005977926329, -23.184907960305146, 0.0 ], [ -46.277006536691353, -23.184896912353402, 0.0 ], [ -46.277004241234266, -23.184888137144288, 0.0 ], [ -46.277002842217819, -23.184880581708434, 0.0 ], [ -46.27699859480348, -23.184875912491091, 0.0 ], [ -46.276992571980472, -23.184870644154817, 0.0 ], [ -46.27699004611533, -23.184861274161229, 0.0 ], [ -46.27666711807251, -23.184866391287969, 0.0 ], [ -46.276674523296109, -23.184905971066772, 0.0 ], [ -46.27667812457306, -23.184912486104132, 0.0 ], [ -46.276678186678367, -23.18491902984881, 0.0 ], [ -46.276678248783696, -23.184925573593471, 0.0 ], [ -46.276678310889046, -23.184932117338136, 0.0 ], [ -46.276678372994418, -23.184938661082793, 0.0 ], [ -46.276678435099811, -23.184945204827443, 0.0 ], [ -46.276678497205232, -23.18495174857209, 0.0 ], [ -46.276678559310668, -23.184958292316729, 0.0 ], [ -46.276678621416131, -23.184964836061351, 0.0 ], [ -46.276678683521624, -23.184971379805976, 0.0 ], [ -46.276675206453561, -23.184977952258013, 0.0 ], [ -46.276675268558925, -23.184984496002645, 0.0 ], [ -46.276675330664304, -23.184991039747267, 0.0 ], [ -46.276675392769711, -23.184997583491882, 0.0 ], [ -46.276671915700881, -23.185004155943858, 0.0 ], [ -46.276671977806153, -23.185010699688473, 0.0 ], [ -46.276672039911453, -23.18501724343308, 0.0 ], [ -46.276672102016775, -23.185023787177681, 0.0 ], [ -46.276672164122125, -23.185030330922277, 0.0 ], [ -46.27667222622749, -23.185036874666867, 0.0 ], [ -46.276672288332875, -23.185043418411453, 0.0 ], [ -46.27667235043829, -23.185049962156036, 0.0 ], [ -46.276672412543732, -23.185056505900608, 0.0 ], [ -46.276672474649189, -23.185063049645169, 0.0 ], [ -46.276672536754667, -23.18506959338972, 0.0 ], [ -46.276672598860173, -23.185076137134285, 0.0 ], [ -46.276672660965694, -23.185082680878839, 0.0 ], [ -46.276672723071243, -23.185089224623376, 0.0 ], [ -46.276672785176814, -23.185095768367923, 0.0 ], [ -46.276672847282406, -23.185102312112452, 0.0 ], [ -46.276672909388026, -23.185108855856974, 0.0 ], [ -46.276672971493667, -23.1851153996015, 0.0 ], [ -46.276673033599323, -23.185121943346022, 0.0 ], [ -46.276673095705014, -23.185128487090534, 0.0 ], [ -46.27667315781072, -23.185135030835038, 0.0 ], [ -46.276673219916447, -23.185141574579536, 0.0 ], [ -46.276673282022195, -23.185148118324033, 0.0 ], [ -46.276669804949755, -23.185154690776031, 0.0 ], [ -46.276669867055375, -23.185161234520514, 0.0 ], [ -46.276669929161024, -23.185167778265008, 0.0 ], [ -46.276673530445429, -23.185174293301962, 0.0 ], [ -46.276673592551298, -23.185180837046417, 0.0 ], [ -46.276677193836257, -23.185187352083254, 0.0 ], [ -46.276677255942339, -23.185193895827705, 0.0 ], [ -46.276680857227859, -23.185200410864422, 0.0 ], [ -46.276680919334162, -23.185206954608848, 0.0 ], [ -46.276680981440485, -23.185213498353267, 0.0 ], [ -46.27668104354683, -23.185220042097686, 0.0 ], [ -46.276681105653196, -23.185226585842099, 0.0 ], [ -46.276681167759584, -23.185233129586504, 0.0 ], [ -46.276681229866, -23.185239673330901, 0.0 ], [ -46.276677752791812, -23.185246245783077, 0.0 ], [ -46.276670705483525, -23.185249575070614, 0.0 ], [ -46.276663658174876, -23.185252904357856, 0.0 ], [ -46.276660181099508, -23.185259476809691, 0.0 ], [ -46.276653133790063, -23.185262806096485, 0.0 ], [ -46.2766531958952, -23.185269349840926, 0.0 ], [ -46.276649718818923, -23.185275922292558, 0.0 ], [ -46.276649780923933, -23.185282466037005, 0.0 ], [ -46.276649843028963, -23.185289009781435, 0.0 ], [ -46.276649905134022, -23.185295553525872, 0.0 ], [ -46.276649967239102, -23.185302097270299, 0.0 ], [ -46.276650029344204, -23.185308641014718, 0.0 ], [ -46.276646552266847, -23.1853152134663, 0.0 ], [ -46.27664307518917, -23.185321785917807, 0.0 ], [ -46.276643137293995, -23.185328329662234, 0.0 ], [ -46.276643199398841, -23.185334873406649, 0.0 ], [ -46.276643261503715, -23.185341417151047, 0.0 ], [ -46.276639784425257, -23.185347989602509, 0.0 ], [ -46.276639846529996, -23.185354533346921, 0.0 ], [ -46.276643447818458, -23.185361048384252, 0.0 ], [ -46.276643509923417, -23.185367592128642, 0.0 ], [ -46.276643572028398, -23.185374135873023, 0.0 ], [ -46.276643634133414, -23.185380679617406, 0.0 ], [ -46.276643696238438, -23.185387223361776, 0.0 ], [ -46.276647297528037, -23.185393738398947, 0.0 ], [ -46.276650898817991, -23.185400253436022, 0.0 ], [ -46.276650960923433, -23.185406797180359, 0.0 ], [ -46.276651023028897, -23.185413340924693, 0.0 ], [ -46.276651085134382, -23.185419884669017, 0.0 ], [ -46.276651147239889, -23.185426428413336, 0.0 ], [ -46.276651209345424, -23.185432972157653, 0.0 ], [ -46.27665127145098, -23.185439515901958, 0.0 ], [ -46.276651333556558, -23.185446059646267, 0.0 ], [ -46.27664785647606, -23.18545263209791, 0.0 ], [ -46.276644379395243, -23.185459204549492, 0.0 ], [ -46.276644441500537, -23.185465748293801, 0.0 ], [ -46.276640964419244, -23.185472320745323, 0.0 ], [ -46.276641026524416, -23.185478864489625, 0.0 ], [ -46.276641088629617, -23.185485408233912, 0.0 ], [ -46.276637611547692, -23.185491980685381, 0.0 ], [ -46.276637673652758, -23.185498524429676, 0.0 ], [ -46.276634196570363, -23.185505096881066, 0.0 ], [ -46.276630719487635, -23.185511669332403, 0.0 ], [ -46.276623703216735, -23.185518270490551, 0.0 ], [ -46.276623765321204, -23.18552481423486, 0.0 ], [ -46.276616749049296, -23.185531415392738, 0.0 ], [ -46.276613271965083, -23.18553798784373, 0.0 ], [ -46.276609794880549, -23.185544560294648, 0.0 ], [ -46.276606317795682, -23.185551132745513, 0.0 ], [ -46.276606379899398, -23.185557676489825, 0.0 ], [ -46.276599332573262, -23.185561005774847, 0.0 ], [ -46.276595855487486, -23.185567578225506, 0.0 ], [ -46.276592378401382, -23.185574150676089, 0.0 ], [ -46.276588901314959, -23.185580723126613, 0.0 ], [ -46.276585424228209, -23.185587295577061, 0.0 ], [ -46.276585486331022, -23.185593839321413, 0.0 ], [ -46.276578439002471, -23.185597168605582, 0.0 ], [ -46.276578501104972, -23.185603712349941, 0.0 ], [ -46.276575024017163, -23.185610284800198, 0.0 ], [ -46.27657154692902, -23.185616857250388, 0.0 ], [ -46.276568069840557, -23.185623429700506, 0.0 ], [ -46.276568131942639, -23.185629973444868, 0.0 ], [ -46.276564654853694, -23.185636545894919, 0.0 ], [ -46.276564716955647, -23.185643089639285, 0.0 ], [ -46.276561239866233, -23.185649662089272, 0.0 ], [ -46.276561301968059, -23.185656205833634, 0.0 ], [ -46.276564903261644, -23.185662720872337, 0.0 ], [ -46.276564965363683, -23.185669264616667, 0.0 ], [ -46.27656502746575, -23.185675808360998, 0.0 ], [ -46.276565089567839, -23.185682352105335, 0.0 ], [ -46.276565151669949, -23.185688895849648, 0.0 ], [ -46.276565213772088, -23.185695439593964, 0.0 ], [ -46.276565275874241, -23.185701983338273, 0.0 ], [ -46.276561798783476, -23.185708555788302, 0.0 ], [ -46.276558321692384, -23.185715128238254, 0.0 ], [ -46.27655838379426, -23.185721671982567, 0.0 ], [ -46.276558445896171, -23.185728215726879, 0.0 ], [ -46.276558507998089, -23.185734759471181, 0.0 ], [ -46.276555030906223, -23.185741331921076, 0.0 ], [ -46.276551553814038, -23.18574790437091, 0.0 ], [ -46.276544537527343, -23.185754505526059, 0.0 ], [ -46.276544599628664, -23.185761049270372, 0.0 ], [ -46.276537521239952, -23.185761106680918, 0.0 ], [ -46.276537583340961, -23.185767650425245, 0.0 ], [ -46.276534106247283, -23.185774222874738, 0.0 ], [ -46.276527027857853, -23.185774280284843, 0.0 ], [ -46.276527089958385, -23.185780824029177, 0.0 ], [ -46.276523612863876, -23.185787396478467, 0.0 ], [ -46.276516534473721, -23.185787453888128, 0.0 ], [ -46.276513057378523, -23.185794026337209, 0.0 ], [ -46.276509580283005, -23.185800598786223, 0.0 ], [ -46.276502501892118, -23.18580065619528, 0.0 ], [ -46.27649902479591, -23.185807228644091, 0.0 ], [ -46.276491946404647, -23.18580728605269, 0.0 ], [ -46.276484868013355, -23.185807343460979, 0.0 ], [ -46.276477789622049, -23.185807400868946, 0.0 ], [ -46.276470742279656, -23.18581073014883, 0.0 ], [ -46.27646366388813, -23.185810787556171, 0.0 ], [ -46.276456585496575, -23.185810844963186, 0.0 ], [ -46.276449476056577, -23.185807630497631, 0.0 ], [ -46.276442397665157, -23.185807687904006, 0.0 ], [ -46.276435319273716, -23.185807745310072, 0.0 ], [ -46.276428209834336, -23.185804530843523, 0.0 ], [ -46.276421100395289, -23.185801316376637, 0.0 ], [ -46.276413990956563, -23.185798101909416, 0.0 ], [ -46.27640688151817, -23.185794887441855, 0.0 ], [ -46.276399772080104, -23.185791672973963, 0.0 ], [ -46.276392662642365, -23.185788458505723, 0.0 ], [ -46.276392600548348, -23.185781914761041, 0.0 ], [ -46.276385522158122, -23.185781972164801, 0.0 ], [ -46.276385460064461, -23.185775428420108, 0.0 ], [ -46.276378381674562, -23.185775485823527, 0.0 ], [ -46.276371303284634, -23.185775543226633, 0.0 ], [ -46.276364162802082, -23.185769056884659, 0.0 ], [ -46.276357084412446, -23.185769114287108, 0.0 ], [ -46.276357022320227, -23.185762570542323, 0.0 ], [ -46.276349943930917, -23.185762627944431, 0.0 ], [ -46.276342834495821, -23.185759413473811, 0.0 ], [ -46.276342772404313, -23.185752869728976, 0.0 ], [ -46.276335662969899, -23.185749655258004, 0.0 ], [ -46.276328584581208, -23.185749712659128, 0.0 ], [ -46.276321475147277, -23.185746498187484, 0.0 ], [ -46.276314396758714, -23.185746555587958, 0.0 ], [ -46.276307287325253, -23.185743341115653, 0.0 ], [ -46.276300177892125, -23.185740126643012, 0.0 ], [ -46.276293068459324, -23.185736912170032, 0.0 ], [ -46.276285990071187, -23.185736969569213, 0.0 ], [ -46.276278911683029, -23.185737026968074, 0.0 ], [ -46.27627183329485, -23.185737084366615, 0.0 ], [ -46.276264754906649, -23.185737141764836, 0.0 ], [ -46.276257676518419, -23.185737199162741, 0.0 ], [ -46.276257614431117, -23.185730655417672, 0.0 ], [ -46.276254013150066, -23.18572414037142, 0.0 ], [ -46.276246934762497, -23.185724197768806, 0.0 ], [ -46.2762398253317, -23.185720983293329, 0.0 ], [ -46.276236224051772, -23.185714468246601, 0.0 ], [ -46.276229114621728, -23.185711253770585, 0.0 ], [ -46.276222005192018, -23.185708039294244, 0.0 ], [ -46.276218403913312, -23.185701524247055, 0.0 ], [ -46.276211294484362, -23.185698309770174, 0.0 ], [ -46.276190982926067, -23.185702564621923, 0.0 ], [ -46.276183873497651, -23.185699350143786, 0.0 ], [ -46.276176764069568, -23.185696135665317, 0.0 ], [ -46.276166146490091, -23.185696221755975, 0.0 ], [ -46.276159068103745, -23.185696279149358, 0.0 ], [ -46.27615198971737, -23.18569633654241, 0.0 ], [ -46.276144942371836, -23.185699665807842, 0.0 ], [ -46.276137863985248, -23.185699723200269, 0.0 ], [ -46.276130785598646, -23.185699780592383, 0.0 ], [ -46.276123707212008, -23.185699837984181, 0.0 ], [ -46.276116628825363, -23.185699895375656, 0.0 ], [ -46.276106011245339, -23.185699981462275, 0.0 ], [ -46.27609896389837, -23.18570331072571, 0.0 ], [ -46.276091916551046, -23.185706639988833, 0.0 ], [ -46.276084838163946, -23.185706697378897, 0.0 ], [ -46.276084900242765, -23.185713241124436, 0.0 ], [ -46.276077821855303, -23.185713298514187, 0.0 ], [ -46.27607080554597, -23.1857198996492, 0.0 ], [ -46.276067328430052, -23.185726472089371, 0.0 ], [ -46.276060250041844, -23.18572652947838, 0.0 ], [ -46.276060312119533, -23.185733073223954, 0.0 ], [ -46.276053295808325, -23.185739674358246, 0.0 ], [ -46.276046217419378, -23.185739731746651, 0.0 ], [ -46.27604627949642, -23.185746275492253, 0.0 ], [ -46.27603920110711, -23.185746332880356, 0.0 ], [ -46.27603212271778, -23.185746390268136, 0.0 ], [ -46.276025075366434, -23.185749719528427, 0.0 ], [ -46.276018028014732, -23.18575304878842, 0.0 ], [ -46.276010980662676, -23.185756378048104, 0.0 ], [ -46.276003902272727, -23.185756435434644, 0.0 ], [ -46.275995745100886, -23.185736050788719, 0.0 ], [ -46.275988697749092, -23.185739380047409, 0.0 ], [ -46.275978080165416, -23.18573946612554, 0.0 ], [ -46.275971001776284, -23.185739523510559, 0.0 ], [ -46.275963923387117, -23.185739580895259, 0.0 ], [ -46.275956813961592, -23.185736366406722, 0.0 ], [ -46.275949735572553, -23.185736423790782, 0.0 ], [ -46.275946134305876, -23.185729908736821, 0.0 ], [ -46.275939024881261, -23.185726694247442, 0.0 ], [ -46.275938962809491, -23.185720150501552, 0.0 ], [ -46.275935361543802, -23.185713635447293, 0.0 ], [ -46.275928252120295, -23.185710420957374, 0.0 ], [ -46.2759281900491, -23.185703877211441, 0.0 ], [ -46.275928127977927, -23.185697333465509, 0.0 ], [ -46.275924526713418, -23.185690818410926, 0.0 ], [ -46.275917386256083, -23.185684332047451, 0.0 ], [ -46.275917324185485, -23.185677788301465, 0.0 ], [ -46.275917262114923, -23.185671244555476, 0.0 ], [ -46.275917200044375, -23.185664700809486, 0.0 ], [ -46.27591009062391, -23.18566148631859, 0.0 ], [ -46.275910028553746, -23.185654942572569, 0.0 ], [ -46.275909966483596, -23.185648398826547, 0.0 ], [ -46.275902888099061, -23.185648456208291, 0.0 ], [ -46.275895809714498, -23.185648513589715, 0.0 ], [ -46.275888731329914, -23.18564857097083, 0.0 ], [ -46.275881621910941, -23.185645356478563, 0.0 ], [ -46.275874543526477, -23.185645413859032, 0.0 ], [ -46.275867496176033, -23.18564874311225, 0.0 ], [ -46.27586044882522, -23.185652072365162, 0.0 ], [ -46.275853432507759, -23.185658673490853, 0.0 ], [ -46.275846354122521, -23.185658730870081, 0.0 ], [ -46.275842876996805, -23.185665303305761, 0.0 ], [ -46.275835829644478, -23.185668632557633, 0.0 ], [ -46.275832352518009, -23.185675204993103, 0.0 ], [ -46.275825274131847, -23.185675262371419, 0.0 ], [ -46.275818226778533, -23.185678591622544, 0.0 ], [ -46.275811148392158, -23.185678649000231, 0.0 ], [ -46.275804070005755, -23.185678706377601, 0.0 ], [ -46.27579699161933, -23.185678763754659, 0.0 ], [ -46.275789913232884, -23.185678821131397, 0.0 ], [ -46.275782865878433, -23.185682150380977, 0.0 ], [ -46.275775787491774, -23.185682207757086, 0.0 ], [ -46.275768740136762, -23.185685537006059, 0.0 ], [ -46.275761661749883, -23.185685594381543, 0.0 ], [ -46.275754583362975, -23.185685651756703, 0.0 ], [ -46.275747536007223, -23.185688981004748, 0.0 ], [ -46.275744058875858, -23.185695553438475, 0.0 ], [ -46.275736980488382, -23.185695610812868, 0.0 ], [ -46.275729902100878, -23.185695668186945, 0.0 ], [ -46.275722823713359, -23.185695725560702, 0.0 ], [ -46.275715745325812, -23.185695782934143, 0.0 ], [ -46.275708666938243, -23.185695840307261, 0.0 ], [ -46.275701557520591, -23.185692625806812, 0.0 ], [ -46.275694448103259, -23.185689411306019, 0.0 ], [ -46.275687369715968, -23.185689468678163, 0.0 ], [ -46.275680291328648, -23.185689526049991, 0.0 ], [ -46.275673212941314, -23.185689583421514, 0.0 ], [ -46.275666134553951, -23.185689640792702, 0.0 ], [ -46.275659056166575, -23.185689698163582, 0.0 ], [ -46.275651977779169, -23.185689755534142, 0.0 ], [ -46.275644899391743, -23.185689812904386, 0.0 ], [ -46.275637821004295, -23.185689870274302, 0.0 ], [ -46.275637883061322, -23.185696414020992, 0.0 ], [ -46.275634405924301, -23.185702986452537, 0.0 ], [ -46.275630928786953, -23.185709558884007, 0.0 ], [ -46.275623881426625, -23.185712888126705, 0.0 ], [ -46.275623943483048, -23.185719431873409, 0.0 ], [ -46.27562046634479, -23.185726004304684, 0.0 ], [ -46.27561341898334, -23.185729333546945, 0.0 ], [ -46.275609941844323, -23.18573590597801, 0.0 ], [ -46.275610003900141, -23.185742449724732, 0.0 ], [ -46.275606526760647, -23.185749022155729, 0.0 ], [ -46.275599448369974, -23.185749079524065, 0.0 ], [ -46.275595971229805, -23.18575565195486, 0.0 ], [ -46.275596033284991, -23.185762195701599, 0.0 ], [ -46.275596095340205, -23.185768739448331, 0.0 ], [ -46.275596157395448, -23.18577528319506, 0.0 ], [ -46.275603266815303, -23.185778497700163, 0.0 ], [ -46.275610376235491, -23.185781712204932, 0.0 ], [ -46.275613977487815, -23.185788227267185, 0.0 ], [ -46.275617578740501, -23.185794742329339, 0.0 ], [ -46.275624688161869, -23.185797956833408, 0.0 ], [ -46.275631797583564, -23.185801171337122, 0.0 ], [ -46.275635398837473, -23.185807686398807, 0.0 ], [ -46.275642477231131, -23.185807629028723, 0.0 ], [ -46.275649617682717, -23.18581411540487, 0.0 ], [ -46.275649679740695, -23.185820659151425, 0.0 ], [ -46.275649741798695, -23.185827202897972, 0.0 ], [ -46.275649803856716, -23.185833746644516, 0.0 ], [ -46.275646326717087, -23.185840319076334, 0.0 ], [ -46.275639279350493, -23.185843648319949, 0.0 ], [ -46.275635802210104, -23.185850220751568, 0.0 ], [ -46.275632356098022, -23.185860065056403, 0.0 ], [ -46.275625277701579, -23.18586012242616, 0.0 ], [ -46.275625339758513, -23.185866666172739, 0.0 ], [ -46.275625401815461, -23.185873209919308, 0.0 ], [ -46.275618323418307, -23.18587326728878, 0.0 ], [ -46.275618385474935, -23.185879811035367, 0.0 ], [ -46.27561133810557, -23.185883140277841, 0.0 ], [ -46.275604290735842, -23.18588646952001, 0.0 ], [ -46.275560117487053, -23.185903360272331, 0.0 ], [ -46.275937287190196, -23.186613688926002, 0.0 ], [ -46.275946950736248, -23.186608876525824, 0.0 ], [ -46.275948712585624, -23.186608044211219, 0.0 ], [ -46.275950474434985, -23.186607211896604, 0.0 ], [ -46.275952236284311, -23.186606379581963, 0.0 ], [ -46.275953990374234, -23.186604729299166, 0.0 ], [ -46.275955759982914, -23.186604714952626, 0.0 ], [ -46.275957514072765, -23.186603064669782, 0.0 ], [ -46.275959275921998, -23.186602232355071, 0.0 ], [ -46.275961045530636, -23.186602218008471, 0.0 ], [ -46.275962807379841, -23.18660138569372, 0.0 ], [ -46.275964576988471, -23.186601371347081, 0.0 ], [ -46.275966338837634, -23.186600539032298, 0.0 ], [ -46.27596810844625, -23.186600524685627, 0.0 ], [ -46.275970755099678, -23.186599685197432, 0.0 ], [ -46.27597252470828, -23.186599670850715, 0.0 ], [ -46.275973393993567, -23.18659802774107, 0.0 ], [ -46.275975163602148, -23.186598013394317, 0.0 ], [ -46.275976925451189, -23.186597181079414, 0.0 ], [ -46.275978687300217, -23.186596348764485, 0.0 ], [ -46.275980456908769, -23.186596334417672, 0.0 ], [ -46.275982226517321, -23.186596320070848, 0.0 ], [ -46.275983996125866, -23.186596305723992, 0.0 ], [ -46.275986650538691, -23.186596284203677, 0.0 ], [ -46.275988420147236, -23.186596269856775, 0.0 ], [ -46.275990189755781, -23.186596255509862, 0.0 ], [ -46.275991959364326, -23.186596241162921, 0.0 ], [ -46.275993728972871, -23.186596226815965, 0.0 ], [ -46.275995498581409, -23.186596212468974, 0.0 ], [ -46.275998152994212, -23.186596190948475, 0.0 ], [ -46.275999922602757, -23.186596176601444, 0.0 ], [ -46.276001692211288, -23.186596162254393, 0.0 ], [ -46.276004346624092, -23.18659614073378, 0.0 ], [ -46.276006116232622, -23.186596126386679, 0.0 ], [ -46.276007885841153, -23.18659611203956, 0.0 ], [ -46.276009655449677, -23.186596097692423, 0.0 ], [ -46.276011425058208, -23.186596083345268, 0.0 ], [ -46.276013194666731, -23.186596068998082, 0.0 ], [ -46.276015849079528, -23.186596047477273, 0.0 ], [ -46.276017618688044, -23.186596033130048, 0.0 ], [ -46.276019388296568, -23.186596018782801, 0.0 ], [ -46.276022042709343, -23.18659599726189, 0.0 ], [ -46.276023804558051, -23.186595164946475, 0.0 ], [ -46.27602557416656, -23.186595150599157, 0.0 ], [ -46.276027336015225, -23.186594318283714, 0.0 ], [ -46.276029105623721, -23.186594303936353, 0.0 ], [ -46.276029974908262, -23.186592660826435, 0.0 ], [ -46.276031744516736, -23.186592646479049, 0.0 ], [ -46.276033514125203, -23.186592632131642, 0.0 ], [ -46.27603528373367, -23.186592617784218, 0.0 ], [ -46.276037938146366, -23.18659259626304, 0.0 ], [ -46.276039707754826, -23.186592581915569, 0.0 ], [ -46.276041477363286, -23.18659256756807, 0.0 ], [ -46.276044139535912, -23.1865933640149, 0.0 ], [ -46.276045909144379, -23.186593349667358, 0.0 ], [ -46.276047686512804, -23.186594153287906, 0.0 ], [ -46.276049456121285, -23.186594138940329, 0.0 ], [ -46.276051225729752, -23.18659412459272, 0.0 ], [ -46.27605300309822, -23.186594928213189, 0.0 ], [ -46.276054780466701, -23.186595731833656, 0.0 ], [ -46.276057442639456, -23.186596528280262, 0.0 ], [ -46.276059212247958, -23.18659651393256, 0.0 ], [ -46.276061874420755, -23.186597310379081, 0.0 ], [ -46.276063644029257, -23.186597296031337, 0.0 ], [ -46.276065421397831, -23.186598099651675, 0.0 ], [ -46.27606719876642, -23.186598903271999, 0.0 ], [ -46.27606896837495, -23.186598888924195, 0.0 ], [ -46.276070737983467, -23.186598874576365, 0.0 ], [ -46.276072523112212, -23.186600496164711, 0.0 ], [ -46.276074292720757, -23.18660048181685, 0.0 ], [ -46.276076077849567, -23.186602103405164, 0.0 ], [ -46.276077847458126, -23.186602089057256, 0.0 ], [ -46.276079632586999, -23.186603710645528, 0.0 ], [ -46.276082286999866, -23.186603689123597, 0.0 ], [ -46.276084064368618, -23.186604492743712, 0.0 ], [ -46.276086726541706, -23.18660528918981, 0.0 ], [ -46.276088496150301, -23.186605274841778, 0.0 ], [ -46.276090265758896, -23.186605260493728, 0.0 ], [ -46.276092043127719, -23.186606064113754, 0.0 ], [ -46.276093820496563, -23.186606867733751, 0.0 ], [ -46.276095590105172, -23.186606853385634, 0.0 ], [ -46.276097367474044, -23.186607657005602, 0.0 ], [ -46.276099144842938, -23.186608460625546, 0.0 ], [ -46.276100914451568, -23.186608446277369, 0.0 ], [ -46.276102684060199, -23.18660843192918, 0.0 ], [ -46.276105338473137, -23.186608410406855, 0.0 ], [ -46.27610710808176, -23.18660839605861, 0.0 ], [ -46.276108877690383, -23.186608381710347, 0.0 ], [ -46.276110647299006, -23.186608367362066, 0.0 ], [ -46.276113301711931, -23.186608345839609, 0.0 ], [ -46.276115071320554, -23.186608331491279, 0.0 ], [ -46.27611860277738, -23.186607484826467, 0.0 ], [ -46.276120372385989, -23.186607470478073, 0.0 ], [ -46.276122141994591, -23.186607456129664, 0.0 ], [ -46.276123911603186, -23.186607441781234, 0.0 ], [ -46.276125681211788, -23.186607427432786, 0.0 ], [ -46.276127443059934, -23.186606595116235, 0.0 ], [ -46.276129197147604, -23.186604944831579, 0.0 ], [ -46.276130958995701, -23.186604112514985, 0.0 ], [ -46.276132720843769, -23.18660328019838, 0.0 ], [ -46.276134490452307, -23.186603265849833, 0.0 ], [ -46.276136260060845, -23.186603251501261, 0.0 ], [ -46.276138029669376, -23.186603237152678, 0.0 ], [ -46.276139799277914, -23.186603222804067, 0.0 ], [ -46.276141576646971, -23.186604026423524, 0.0 ], [ -46.276143354016057, -23.186604830042956, 0.0 ], [ -46.276145123624609, -23.186604815694292, 0.0 ], [ -46.276147785798003, -23.186605612139335, 0.0 ], [ -46.276149563167138, -23.186606415758682, 0.0 ], [ -46.276151332775704, -23.186606401409946, 0.0 ], [ -46.276153110144875, -23.186607205029269, 0.0 ], [ -46.276156657122648, -23.186607994299766, 0.0 ], [ -46.276157557448201, -23.186609623061514, 0.0 ], [ -46.27615932705681, -23.186609608712676, 0.0 ], [ -46.276161104426066, -23.186610412331902, 0.0 ], [ -46.276162881795337, -23.18661121595111, 0.0 ], [ -46.276164666925311, -23.186612837538359, 0.0 ], [ -46.276166436533948, -23.186612823189446, 0.0 ], [ -46.276168206142593, -23.186612808840511, 0.0 ], [ -46.276169991272646, -23.186614430427703, 0.0 ], [ -46.276171760881304, -23.186614416078736, 0.0 ], [ -46.276172661207085, -23.186616044840378, 0.0 ], [ -46.276174430815757, -23.186616030491379, 0.0 ], [ -46.27617533114158, -23.186617659253006, 0.0 ], [ -46.276177108511028, -23.186618462872033, 0.0 ], [ -46.276178885880505, -23.186619266491043, 0.0 ], [ -46.276180663249995, -23.186620070110042, 0.0 ], [ -46.276182440619507, -23.186620873729012, 0.0 ], [ -46.276184225749837, -23.186622495316019, 0.0 ], [ -46.276186003119406, -23.186623298934947, 0.0 ], [ -46.276187788249807, -23.186624920521915, 0.0 ], [ -46.27618868857585, -23.186626549283453, 0.0 ], [ -46.276189588901914, -23.186628178044991, 0.0 ], [ -46.276191374032436, -23.186629799631916, 0.0 ], [ -46.276191397314967, -23.186632253536096, 0.0 ], [ -46.2761931746847, -23.186633057154939, 0.0 ], [ -46.276193197967274, -23.186635511059119, 0.0 ], [ -46.276194975337056, -23.186636314677937, 0.0 ], [ -46.276195875663277, -23.186637943439418, 0.0 ], [ -46.276196775989511, -23.186639572200896, 0.0 ], [ -46.276198553359372, -23.186640375819671, 0.0 ], [ -46.276198568881163, -23.18664201175579, 0.0 ], [ -46.276200354011969, -23.186643633342591, 0.0 ], [ -46.276200369533775, -23.18664526927871, 0.0 ], [ -46.276202154664652, -23.186646890865489, 0.0 ], [ -46.276203054991029, -23.186648519626928, 0.0 ], [ -46.276203955317428, -23.18665014838836, 0.0 ], [ -46.276204855643847, -23.18665177714978, 0.0 ], [ -46.276205755970288, -23.186653405911208, 0.0 ], [ -46.276207541101343, -23.186655027497913, 0.0 ], [ -46.276207556623248, -23.186656663434022, 0.0 ], [ -46.27620845694976, -23.186658292195425, 0.0 ], [ -46.27620847247168, -23.18665992813153, 0.0 ], [ -46.276208487993593, -23.186661564067634, 0.0 ], [ -46.27620850351552, -23.186663200003739, 0.0 ], [ -46.276208526798406, -23.186665653907902, 0.0 ], [ -46.276208550081293, -23.186668107812046, 0.0 ], [ -46.276208573364187, -23.186670561716213, 0.0 ], [ -46.276207704081415, -23.18667220482703, 0.0 ], [ -46.276206834798629, -23.186673847937836, 0.0 ], [ -46.276206850320541, -23.186675483873945, 0.0 ], [ -46.276206865842454, -23.186677119810046, 0.0 ], [ -46.276205996559625, -23.186678762920856, 0.0 ], [ -46.276206012081531, -23.186680398856954, 0.0 ], [ -46.276206027603436, -23.186682034793062, 0.0 ], [ -46.276206050886302, -23.186684488697217, 0.0 ], [ -46.276206066408207, -23.186686124633312, 0.0 ], [ -46.27620608193012, -23.186687760569416, 0.0 ], [ -46.276207859300676, -23.186688564188053, 0.0 ], [ -46.276207882583577, -23.186691018092205, 0.0 ], [ -46.276208782910352, -23.186692646853579, 0.0 ], [ -46.276209683237141, -23.186694275614958, 0.0 ], [ -46.276209698759097, -23.186695911551055, 0.0 ], [ -46.276211483890783, -23.186697533137686, 0.0 ], [ -46.276212384217636, -23.186699161899035, 0.0 ], [ -46.276215061915302, -23.186701594278922, 0.0 ], [ -46.276215085198352, -23.186704048183067, 0.0 ], [ -46.276216870330209, -23.186705669769623, 0.0 ], [ -46.276218655462117, -23.186707291356161, 0.0 ], [ -46.276220440594059, -23.186708912942677, 0.0 ], [ -46.276222225726052, -23.186710534529166, 0.0 ], [ -46.276223126053125, -23.186712163290444, 0.0 ], [ -46.276224911185196, -23.186713784876911, 0.0 ], [ -46.276225811512333, -23.186715413638172, 0.0 ], [ -46.276225827034509, -23.186717049574249, 0.0 ], [ -46.276225842556677, -23.186718685510336, 0.0 ], [ -46.276226742883857, -23.186720314271593, 0.0 ], [ -46.27622765097216, -23.186722761000876, 0.0 ], [ -46.276228551299397, -23.186724389762116, 0.0 ], [ -46.276228574582717, -23.186726843666243, 0.0 ], [ -46.276228590104928, -23.186728479602323, 0.0 ], [ -46.276228605627153, -23.186730115538392, 0.0 ], [ -46.276226843778105, -23.186730947856113, 0.0 ], [ -46.276226859300301, -23.186732583792192, 0.0 ], [ -46.276225990017402, -23.186734226903113, 0.0 ], [ -46.276226005539591, -23.186735862839182, 0.0 ], [ -46.276226021061781, -23.186737498775262, 0.0 ], [ -46.276226036583971, -23.186739134711345, 0.0 ], [ -46.276226052106168, -23.186740770647429, 0.0 ], [ -46.276226067628357, -23.186742406583495, 0.0 ], [ -46.276226967955715, -23.186744035344745, 0.0 ], [ -46.276226983477926, -23.186745671280811, 0.0 ], [ -46.276226999000137, -23.186747307216891, 0.0 ], [ -46.276227014522341, -23.186748943152963, 0.0 ], [ -46.276227030044559, -23.186750579089043, 0.0 ], [ -46.27622704556677, -23.186752215025113, 0.0 ], [ -46.276227061088981, -23.186753850961189, 0.0 ], [ -46.276227076611207, -23.186755486897269, 0.0 ], [ -46.276226207328179, -23.186757130008189, 0.0 ], [ -46.276225338045123, -23.186758773119088, 0.0 ], [ -46.27622535356732, -23.186760409055168, 0.0 ], [ -46.276225369089524, -23.186762044991244, 0.0 ], [ -46.276223607240048, -23.186762877308947, 0.0 ], [ -46.276222737956928, -23.186764520419839, 0.0 ], [ -46.276221868673794, -23.186766163530731, 0.0 ], [ -46.276220999390631, -23.18676780664163, 0.0 ], [ -46.276220130107461, -23.186769449752518, 0.0 ], [ -46.276218368257858, -23.186770282070146, 0.0 ], [ -46.276218391541043, -23.186772735974269, 0.0 ], [ -46.276216645213488, -23.186775204227978, 0.0 ], [ -46.276215775930211, -23.186776847338837, 0.0 ], [ -46.276214906646914, -23.186778490449701, 0.0 ], [ -46.276214037363602, -23.186780133560561, 0.0 ], [ -46.276212283274852, -23.186781783846186, 0.0 ], [ -46.276211413991476, -23.186783426957021, 0.0 ], [ -46.276210544708093, -23.186785070067863, 0.0 ], [ -46.276208790619229, -23.186786720353453, 0.0 ], [ -46.276207929096792, -23.186789181432321, 0.0 ], [ -46.276207067574326, -23.186791642511182, 0.0 ], [ -46.276206198290836, -23.186793285622006, 0.0 ], [ -46.276204444201817, -23.186794935907539, 0.0 ], [ -46.276204459723793, -23.186796571843626, 0.0 ], [ -46.276204475245763, -23.186798207779709, 0.0 ], [ -46.276202721156665, -23.186799858065239, 0.0 ], [ -46.276202744439594, -23.186802311969348, 0.0 ], [ -46.276200998111392, -23.186804780222904, 0.0 ], [ -46.276201013633333, -23.186806416158991, 0.0 ], [ -46.27620015211064, -23.186808877237812, 0.0 ], [ -46.276200167632574, -23.186810513173896, 0.0 ], [ -46.276199298348885, -23.186812156284685, 0.0 ], [ -46.276199313870805, -23.186813792220754, 0.0 ], [ -46.276199329392732, -23.186815428156841, 0.0 ], [ -46.27620022972031, -23.186817056918212, 0.0 ], [ -46.276200245242244, -23.186818692854295, 0.0 ], [ -46.276200260764185, -23.186820328790365, 0.0 ], [ -46.276201161091805, -23.186821957551732, 0.0 ], [ -46.276202069180442, -23.186824404281129, 0.0 ], [ -46.276202969508113, -23.186826033042472, 0.0 ], [ -46.276202985030089, -23.186827668978555, 0.0 ], [ -46.276204777924534, -23.186830108533197, 0.0 ], [ -46.276205678252282, -23.186831737294529, 0.0 ], [ -46.276206578580052, -23.186833366055851, 0.0 ], [ -46.276206594102085, -23.186835001991923, 0.0 ], [ -46.27620749442989, -23.186836630753238, 0.0 ], [ -46.276208394757717, -23.186838259514545, 0.0 ], [ -46.276208418040795, -23.186840713418658, 0.0 ], [ -46.276210195413441, -23.186841517037145, 0.0 ], [ -46.276211988308205, -23.186843956591691, 0.0 ], [ -46.276213773441981, -23.186845578178175, 0.0 ], [ -46.276215558575792, -23.186847199764639, 0.0 ], [ -46.276217335948566, -23.186848003383052, 0.0 ], [ -46.276217351470734, -23.186849639319117, 0.0 ], [ -46.276219128843543, -23.186850442937502, 0.0 ], [ -46.27621914436574, -23.18685207887356, 0.0 ], [ -46.27622091397749, -23.186852064523901, 0.0 ], [ -46.276222706872595, -23.186854504078298, 0.0 ], [ -46.276224492006634, -23.186856125664654, 0.0 ], [ -46.276225392334801, -23.186857754425841, 0.0 ], [ -46.276227177468925, -23.186859376012162, 0.0 ], [ -46.276229847409006, -23.186860990423572, 0.0 ], [ -46.27623074773728, -23.186862619184726, 0.0 ], [ -46.276233417677474, -23.186864233596058, 0.0 ], [ -46.276235195050575, -23.186865037214254, 0.0 ], [ -46.276235210572978, -23.186866673150305, 0.0 ], [ -46.276236110901351, -23.186868301911431, 0.0 ], [ -46.276236126423768, -23.186869937847469, 0.0 ], [ -46.27623437233418, -23.186871588133364, 0.0 ], [ -46.27623350305057, -23.18687323124432, 0.0 ], [ -46.276233526334138, -23.186875685148387, 0.0 ], [ -46.276231772244458, -23.186877335434254, 0.0 ], [ -46.276230041438247, -23.18688143962417, 0.0 ], [ -46.276230064721766, -23.18688389352824, 0.0 ], [ -46.27622830287077, -23.186884725846053, 0.0 ], [ -46.276227441348155, -23.186887186925006, 0.0 ], [ -46.276226572064367, -23.186888830035933, 0.0 ], [ -46.276226587586677, -23.186890465971977, 0.0 ], [ -46.276226603108988, -23.186892101908029, 0.0 ], [ -46.276226618631306, -23.186893737844066, 0.0 ], [ -46.276226634153623, -23.186895373780121, 0.0 ], [ -46.2762266574371, -23.186897827684184, 0.0 ], [ -46.276226680720576, -23.186900281588251, 0.0 ], [ -46.276226696242894, -23.186901917524295, 0.0 ], [ -46.276226711765226, -23.186903553460343, 0.0 ], [ -46.276226727287543, -23.186905189396388, 0.0 ], [ -46.276228496899989, -23.186905175046611, 0.0 ], [ -46.276229397228569, -23.186906803807748, 0.0 ], [ -46.276229420512109, -23.186909257711811, 0.0 ], [ -46.276230320840725, -23.186910886472955, 0.0 ], [ -46.276231221169368, -23.186912515234074, 0.0 ], [ -46.27623212149804, -23.186914143995203, 0.0 ], [ -46.276233021826719, -23.186915772756318, 0.0 ], [ -46.276233922155434, -23.186917401517434, 0.0 ], [ -46.276233937677858, -23.186919037453464, 0.0 ], [ -46.276235715051698, -23.186919841071614, 0.0 ], [ -46.276235730574143, -23.186921477007651, 0.0 ], [ -46.276235746096589, -23.186923112943688, 0.0 ], [ -46.276237515709269, -23.186923098593798, 0.0 ], [ -46.27623754675421, -23.186926370465862, 0.0 ], [ -46.276239316366919, -23.186926356115947, 0.0 ], [ -46.276239339650665, -23.186928810019996, 0.0 ], [ -46.276241124785926, -23.186930431606083, 0.0 ], [ -46.27624202511484, -23.186932060367138, 0.0 ], [ -46.276243802488899, -23.186932863985188, 0.0 ], [ -46.276244702817863, -23.186934492746225, 0.0 ], [ -46.276244718340436, -23.186936128682252, 0.0 ], [ -46.276244733863003, -23.186937764618271, 0.0 ], [ -46.276245641953302, -23.186940211347313, 0.0 ], [ -46.276245657475883, -23.186941847283343, 0.0 ], [ -46.276246557804939, -23.186943476044348, 0.0 ], [ -46.276246573327533, -23.186945111980375, 0.0 ], [ -46.276247481417919, -23.186947558709399, 0.0 ], [ -46.276247496940528, -23.186949194645411, 0.0 ], [ -46.276247520224445, -23.186951648549449, 0.0 ], [ -46.276247543508369, -23.186954102453488, 0.0 ], [ -46.276247559030978, -23.1869557383895, 0.0 ], [ -46.276247574553594, -23.18695737432552, 0.0 ], [ -46.276247590076217, -23.186959010261539, 0.0 ], [ -46.276247605598833, -23.186960646197562, 0.0 ], [ -46.276247628882764, -23.186963100101586, 0.0 ], [ -46.276247644405387, -23.186964736037602, 0.0 ], [ -46.2762467751214, -23.186966379148643, 0.0 ], [ -46.276245905837385, -23.186968022259666, 0.0 ], [ -46.276245921359994, -23.186969658195689, 0.0 ], [ -46.276245936882596, -23.186971294131709, 0.0 ], [ -46.276245067598545, -23.186972937242736, 0.0 ], [ -46.276245083121147, -23.186974573178748, 0.0 ], [ -46.27624421383706, -23.186976216289775, 0.0 ], [ -46.276244229359648, -23.186977852225795, 0.0 ], [ -46.27624336007554, -23.186979495336818, 0.0 ], [ -46.276243375598121, -23.18698113127283, 0.0 ], [ -46.276242506313984, -23.186982774383846, 0.0 ], [ -46.27624163702982, -23.186984417494862, 0.0 ], [ -46.276240767745634, -23.186986060605857, 0.0 ], [ -46.276239898461434, -23.186987703716863, 0.0 ], [ -46.276239913983979, -23.186989339652889, 0.0 ], [ -46.27623904469975, -23.186990982763888, 0.0 ], [ -46.276238175415493, -23.186992625874876, 0.0 ], [ -46.276236421324413, -23.186994276160835, 0.0 ], [ -46.27623466723329, -23.186995926446759, 0.0 ], [ -46.276232905380894, -23.186996758764671, 0.0 ], [ -46.27623203609653, -23.186998401875638, 0.0 ], [ -46.27623205161899, -23.187000037811661, 0.0 ], [ -46.276230289766524, -23.187000870129548, 0.0 ], [ -46.276229420482096, -23.187002513240497, 0.0 ], [ -46.276229436004527, -23.18700414917652, 0.0 ], [ -46.276228566720079, -23.187005792287469, 0.0 ], [ -46.276227697435608, -23.187007435398417, 0.0 ], [ -46.276226835912325, -23.187009896477356, 0.0 ], [ -46.276225966627806, -23.187011539588294, 0.0 ], [ -46.276225982150201, -23.187013175524321, 0.0 ], [ -46.276225112865653, -23.187014818635248, 0.0 ], [ -46.276224251342271, -23.18701727971419, 0.0 ], [ -46.276223382057687, -23.187018922825114, 0.0 ], [ -46.276222512773074, -23.187020565936031, 0.0 ], [ -46.276222528295435, -23.18702220187205, 0.0 ], [ -46.276222543817795, -23.187023837808074, 0.0 ], [ -46.27622168229432, -23.187026298887005, 0.0 ], [ -46.27622169781668, -23.187027934823021, 0.0 ], [ -46.276219928202607, -23.187027949172791, 0.0 ], [ -46.27621905891791, -23.187029592283697, 0.0 ], [ -46.27621818963317, -23.187031235394599, 0.0 ], [ -46.276218205155494, -23.187032871330626, 0.0 ], [ -46.276216443302509, -23.187033703648368, 0.0 ], [ -46.276216466585957, -23.187036157552406, 0.0 ], [ -46.276216482108254, -23.187037793488432, 0.0 ], [ -46.276217382437665, -23.18703942224958, 0.0 ], [ -46.27621828276709, -23.187041051010731, 0.0 ], [ -46.276218298289422, -23.187042686946754, 0.0 ], [ -46.276219198618882, -23.18704431570789, 0.0 ], [ -46.276219214141221, -23.187045951643903, 0.0 ], [ -46.27621922966356, -23.187047587579922, 0.0 ], [ -46.276220137754251, -23.18705003430907, 0.0 ], [ -46.27622103808379, -23.187051663070186, 0.0 ], [ -46.27622282322055, -23.187053284656407, 0.0 ], [ -46.276222838742946, -23.18705492059242, 0.0 ], [ -46.276223739072549, -23.187056549353525, 0.0 ], [ -46.2762255164482, -23.187057352971706, 0.0 ], [ -46.276225531970624, -23.187058988907708, 0.0 ], [ -46.276225547493048, -23.187060624843724, 0.0 ], [ -46.276226447822729, -23.187062253604815, 0.0 ], [ -46.276226478867621, -23.187065525476829, 0.0 ], [ -46.276226509912505, -23.18706879734885, 0.0 ], [ -46.276227418003486, -23.187071244077931, 0.0 ], [ -46.276229203140595, -23.187072865664053, 0.0 ], [ -46.276230111231655, -23.187075312393116, 0.0 ], [ -46.276230134515394, -23.187077766297119, 0.0 ], [ -46.276231911891365, -23.187078569915208, 0.0 ], [ -46.27623372031244, -23.187082645405269, 0.0 ], [ -46.276234620642384, -23.187084274166295, 0.0 ], [ -46.276234636164936, -23.187085910102297, 0.0 ], [ -46.276236421302329, -23.187087531688327, 0.0 ], [ -46.27623643682491, -23.187089167624318, 0.0 ], [ -46.276236452347483, -23.187090803560316, 0.0 ], [ -46.276236467870078, -23.187092439496318, 0.0 ], [ -46.276237383722716, -23.187095704193315, 0.0 ], [ -46.276238291814096, -23.187098150922314, 0.0 ], [ -46.27623919214421, -23.187099779683301, 0.0 ], [ -46.276240092474339, -23.187101408444274, 0.0 ], [ -46.276240992804489, -23.187103037205247, 0.0 ], [ -46.276242777942194, -23.187104658791188, 0.0 ], [ -46.276243678272408, -23.18710628755214, 0.0 ], [ -46.276245463410184, -23.187107909138042, 0.0 ], [ -46.276246363740455, -23.18710953789898, 0.0 ], [ -46.276248148878302, -23.18711115948485, 0.0 ], [ -46.276248164401046, -23.187112795420841, 0.0 ], [ -46.27624817992379, -23.187114431356829, 0.0 ], [ -46.276249957300358, -23.187115234974673, 0.0 ], [ -46.276249980584502, -23.187117688878651, 0.0 ], [ -46.276250003868654, -23.187120142782625, 0.0 ], [ -46.2762517812453, -23.187120946400452, 0.0 ], [ -46.276251804529494, -23.187123400304426, 0.0 ], [ -46.27625271262135, -23.187125847033304, 0.0 ], [ -46.276253612951834, -23.187127475794185, 0.0 ], [ -46.276253628474649, -23.187129111730165, 0.0 ], [ -46.276254528805168, -23.187130740491046, 0.0 ], [ -46.276255429135702, -23.187132369251909, 0.0 ], [ -46.276255444658553, -23.18713400518789, 0.0 ], [ -46.276255460181396, -23.187135641123863, 0.0 ], [ -46.276256360511979, -23.18713726988473, 0.0 ], [ -46.276257260842584, -23.187138898645582, 0.0 ], [ -46.276257276365463, -23.187140534581552, 0.0 ], [ -46.276259053742422, -23.187141338199282, 0.0 ], [ -46.276259069265322, -23.187142974135259, 0.0 ], [ -46.27626262401936, -23.187144581370642, 0.0 ], [ -46.276264409157889, -23.187146202956292, 0.0 ], [ -46.276266202057954, -23.1871486425099, 0.0 ], [ -46.27626976457374, -23.187151067713092, 0.0 ], [ -46.276272457804872, -23.187155136027389, 0.0 ], [ -46.276273358135803, -23.187156764788124, 0.0 ], [ -46.276275151036181, -23.187159204341619, 0.0 ], [ -46.276276051367169, -23.18716083310235, 0.0 ], [ -46.276276951698186, -23.187162461863057, 0.0 ], [ -46.276276967221314, -23.187164097799023, 0.0 ], [ -46.276277867552366, -23.187165726559734, 0.0 ], [ -46.27627964492978, -23.187166530177208, 0.0 ], [ -46.276280545260882, -23.187168158937904, 0.0 ], [ -46.276281445591998, -23.18716978769859, 0.0 ], [ -46.276283230731096, -23.187171409283984, 0.0 ], [ -46.276282361446341, -23.18717305239522, 0.0 ], [ -46.276282376969547, -23.187174688331165, 0.0 ], [ -46.276282392492753, -23.187176324267121, 0.0 ], [ -46.276281530969555, -23.18717878534633, 0.0 ], [ -46.276280669446329, -23.187181246425521, 0.0 ], [ -46.27627980016149, -23.187182889536743, 0.0 ], [ -46.276279815684667, -23.187184525472698, 0.0 ], [ -46.276278946399792, -23.187186168583906, 0.0 ], [ -46.276278961922969, -23.187187804519859, 0.0 ], [ -46.27627897744614, -23.187189440455807, 0.0 ], [ -46.27627899296931, -23.187191076391766, 0.0 ], [ -46.276279008492494, -23.187192712327708, 0.0 ], [ -46.276279908823774, -23.187194341088396, 0.0 ], [ -46.276279924346959, -23.187195977024349, 0.0 ], [ -46.276280840201473, -23.187199241720972, 0.0 ], [ -46.276281740532831, -23.187200870481639, 0.0 ], [ -46.276281756056044, -23.187202506417592, 0.0 ], [ -46.27628265638743, -23.187204135178256, 0.0 ], [ -46.276282671910664, -23.187205771114193, 0.0 ], [ -46.276283572242086, -23.187207399874847, 0.0 ], [ -46.276285349620096, -23.187208203492229, 0.0 ], [ -46.276286265474845, -23.187211468188799, 0.0 ], [ -46.276288058376224, -23.187213907742088, 0.0 ], [ -46.276289843516011, -23.187215529327386, 0.0 ], [ -46.27629075160926, -23.187217976055948, 0.0 ], [ -46.276291659702537, -23.187220422784527, 0.0 ], [ -46.276293437080767, -23.1872212264018, 0.0 ], [ -46.276293452604143, -23.187222862337727, 0.0 ], [ -46.276295237744115, -23.187224483922947, 0.0 ], [ -46.276296138075821, -23.187226112683515, 0.0 ], [ -46.276297046169262, -23.187228559412041, 0.0 ], [ -46.276298831309354, -23.187230180997208, 0.0 ], [ -46.276300608687755, -23.187230984614402, 0.0 ], [ -46.276300624211224, -23.187232620550333, 0.0 ], [ -46.276301524543051, -23.187234249310862, 0.0 ], [ -46.276304186729895, -23.187235045752587, 0.0 ], [ -46.276304202253407, -23.187236681688518, 0.0 ], [ -46.276305979631928, -23.187237485305637, 0.0 ], [ -46.276307757010464, -23.187238288922739, 0.0 ], [ -46.27630954215082, -23.187239910507778, 0.0 ], [ -46.2763113117676, -23.187239896156871, 0.0 ], [ -46.276313089146207, -23.187240699773909, 0.0 ], [ -46.276313989478247, -23.187242328534342, 0.0 ], [ -46.276315766856889, -23.187243132151345, 0.0 ], [ -46.27631754423556, -23.187243935768326, 0.0 ], [ -46.276319321614253, -23.187244739385289, 0.0 ], [ -46.276321098992959, -23.187245543002231, 0.0 ], [ -46.276322876371687, -23.187246346619148, 0.0 ], [ -46.276325538558879, -23.187247143060503, 0.0 ], [ -46.276327315937657, -23.18724794667736, 0.0 ], [ -46.276329085554536, -23.187247932326251, 0.0 ], [ -46.276329985886811, -23.187249561086599, 0.0 ], [ -46.276330886219114, -23.187251189846936, 0.0 ], [ -46.276332663597977, -23.18725199346374, 0.0 ], [ -46.27633267912185, -23.187253629399638, 0.0 ], [ -46.27633357945421, -23.187255258159954, 0.0 ], [ -46.276333594978098, -23.18725689409586, 0.0 ], [ -46.276335372357046, -23.187257697712624, 0.0 ], [ -46.276335387880962, -23.187259333648527, 0.0 ], [ -46.276337173021915, -23.187260955233214, 0.0 ], [ -46.276338073354388, -23.187262583993501, 0.0 ], [ -46.276338973686883, -23.187264212753785, 0.0 ], [ -46.276338989210835, -23.187265848689673, 0.0 ], [ -46.276339889543365, -23.18726747744995, 0.0 ], [ -46.276340789875917, -23.18726910621022, 0.0 ], [ -46.276340805399897, -23.187270742146119, 0.0 ], [ -46.276342598303081, -23.187273181698682, 0.0 ], [ -46.276343498635704, -23.187274810458923, 0.0 ], [ -46.276345283776983, -23.187276432043515, 0.0 ], [ -46.27634529930102, -23.187278067979396, 0.0 ], [ -46.276347076680324, -23.187278871596011, 0.0 ], [ -46.276347092204396, -23.187280507531902, 0.0 ], [ -46.276347992537126, -23.187282136292115, 0.0 ], [ -46.276348892869876, -23.187283765052332, 0.0 ], [ -46.276349793202648, -23.18728539381253, 0.0 ], [ -46.276350693535448, -23.187287022572725, 0.0 ], [ -46.276350709059564, -23.187288658508614, 0.0 ], [ -46.276351609392393, -23.187290287268787, 0.0 ], [ -46.276351624916529, -23.187291923204679, 0.0 ], [ -46.276353402296053, -23.187292726821205, 0.0 ], [ -46.276353417820211, -23.187294362757093, 0.0 ], [ -46.276354318153111, -23.187295991517264, 0.0 ], [ -46.276354333677283, -23.187297627453141, 0.0 ], [ -46.276355234010225, -23.187299256213304, 0.0 ], [ -46.276355249534404, -23.187300892149182, 0.0 ], [ -46.276356149867382, -23.187302520909331, 0.0 ], [ -46.276356165391583, -23.187304156845212, 0.0 ], [ -46.276357065724589, -23.187305785605357, 0.0 ], [ -46.276356196439977, -23.187307428716966, 0.0 ], [ -46.276356211964178, -23.18730906465284, 0.0 ], [ -46.276356227488378, -23.187310700588718, 0.0 ], [ -46.276354473394875, -23.187312350876049, 0.0 ], [ -46.276354488919054, -23.18731398681193, 0.0 ], [ -46.276353619634364, -23.187315629923528, 0.0 ], [ -46.276353642920625, -23.187318083827339, 0.0 ], [ -46.276353658444805, -23.18731971976322, 0.0 ], [ -46.276353673968977, -23.18732135569909, 0.0 ], [ -46.276353689493163, -23.187322991634968, 0.0 ], [ -46.276353705017343, -23.187324627570842, 0.0 ], [ -46.276353720541529, -23.187326263506723, 0.0 ], [ -46.276353743827812, -23.18732871741053, 0.0 ], [ -46.276353759351991, -23.1873303533464, 0.0 ], [ -46.276353774876178, -23.187331989282281, 0.0 ], [ -46.276353790400371, -23.187333625218152, 0.0 ], [ -46.276353805924565, -23.187335261154018, 0.0 ], [ -46.276353821448758, -23.187336897089899, 0.0 ], [ -46.276353836972952, -23.18733853302577, 0.0 ], [ -46.276353868021346, -23.187341804897507, 0.0 ], [ -46.276353883545546, -23.187343440833381, 0.0 ], [ -46.276354783878816, -23.187345069593526, 0.0 ], [ -46.276354799403023, -23.187346705529393, 0.0 ], [ -46.276354814927238, -23.187348341465267, 0.0 ], [ -46.276355715260557, -23.187349970225398, 0.0 ], [ -46.276355730784779, -23.187351606161268, 0.0 ], [ -46.276356631118134, -23.187353234921385, 0.0 ], [ -46.276357539213642, -23.187355681649446, 0.0 ], [ -46.276357554737892, -23.187357317585313, 0.0 ], [ -46.276357570262142, -23.187358953521169, 0.0 ], [ -46.2763575857864, -23.187360589457043, 0.0 ], [ -46.27635848611984, -23.187362218217146, 0.0 ], [ -46.276358501644111, -23.187363854153016, 0.0 ], [ -46.276358517168376, -23.187365490088876, 0.0 ], [ -46.276359417501865, -23.187367118848982, 0.0 ], [ -46.276360317835376, -23.187368747609074, 0.0 ], [ -46.276361218168908, -23.187370376369152, 0.0 ], [ -46.276361233693216, -23.187372012305019, 0.0 ], [ -46.27636213402679, -23.187373641065097, 0.0 ], [ -46.276362149551112, -23.187375277000964, 0.0 ], [ -46.276362165075433, -23.187376912936816, 0.0 ], [ -46.276362180599754, -23.18737854887268, 0.0 ], [ -46.276363080933386, -23.18738017763275, 0.0 ], [ -46.276363981267039, -23.187381806392818, 0.0 ], [ -46.276363996791389, -23.18738344232867, 0.0 ], [ -46.276365774172213, -23.18738424594499, 0.0 ], [ -46.276365789696591, -23.187385881880854, 0.0 ], [ -46.276366690030308, -23.1873875106409, 0.0 ], [ -46.276367590364053, -23.187389139400931, 0.0 ], [ -46.276367605888453, -23.187390775336787, 0.0 ], [ -46.276369383269397, -23.187391578953065, 0.0 ], [ -46.276369398793825, -23.187393214888921, 0.0 ], [ -46.276370299127642, -23.187394843648946, 0.0 ], [ -46.276371199461487, -23.187396472408953, 0.0 ], [ -46.276372976842531, -23.18739727602518, 0.0 ], [ -46.276372992367001, -23.187398911961033, 0.0 ], [ -46.276374777510334, -23.187400533545166, 0.0 ], [ -46.276375677844271, -23.187402162305144, 0.0 ], [ -46.276376578178223, -23.187403791065119, 0.0 ], [ -46.27637659370275, -23.187405427000968, 0.0 ], [ -46.276377494036744, -23.187407055760936, 0.0 ], [ -46.276377509561271, -23.187408691696771, 0.0 ], [ -46.276378409895301, -23.187410320456738, 0.0 ], [ -46.276379310229352, -23.187411949216695, 0.0 ], [ -46.276380210563424, -23.187413577976635, 0.0 ], [ -46.276380226088001, -23.187415213912473, 0.0 ], [ -46.276380241612571, -23.187416849848319, 0.0 ], [ -46.276382018993942, -23.18741765346444, 0.0 ], [ -46.276382034518541, -23.187419289400275, 0.0 ], [ -46.276382050043139, -23.187420925336109, 0.0 ], [ -46.276382065567738, -23.187422561271941, 0.0 ], [ -46.276382081092343, -23.187424197207783, 0.0 ], [ -46.276382096616942, -23.187425833143614, 0.0 ], [ -46.276382112141548, -23.187427469079452, 0.0 ], [ -46.276382127666153, -23.187429105015283, 0.0 ], [ -46.276373268975327, -23.187434768022694, 0.0 ], [ -46.27637335844431, -23.187434936517285, 0.0 ], [ -46.276374314915536, -23.187436737814593, 0.0 ], [ -46.276374337523187, -23.187436780390986, 0.0 ], [ -46.276374351305968, -23.187436806347744, 0.0 ], [ -46.27637504053245, -23.187438104349951, 0.0 ], [ -46.276375785643701, -23.187439507598434, 0.0 ], [ -46.276988983154297, -23.188594314593391, 0.0 ], [ -46.278641223907471, -23.189619968388996, 0.0 ], [ -46.279006004333503, -23.18997500056258, 0.0 ], [ -46.280443668365479, -23.191592357427705, 0.0 ], [ -46.28243923187258, -23.191158434335005, 0.0 ], [ -46.282267570495613, -23.186010421129325, 0.0 ] ], [ [ -46.280412616291201, -23.188690209116821, 0.0 ], [ -46.280430245933061, -23.188698078881483, 0.0 ], [ -46.280435648282122, -23.188707851286047, 0.0 ], [ -46.280435741731324, -23.188717666884926, 0.0 ], [ -46.280446406257653, -23.188722488295078, 0.0 ], [ -46.280457024059316, -23.188722401905089, 0.0 ], [ -46.280467641860923, -23.188722315514379, 0.0 ], [ -46.2804730442137, -23.188732087917479, 0.0 ], [ -46.280478446567294, -23.188741860320331, 0.0 ], [ -46.280478540019764, -23.188751675918994, 0.0 ], [ -46.280483942374602, -23.188761448321589, 0.0 ], [ -46.280494653632928, -23.188771177527506, 0.0 ], [ -46.280500055989762, -23.188780949929434, 0.0 ], [ -46.280505551802079, -23.188800537929634, 0.0 ], [ -46.280505645256802, -23.188810353528119, 0.0 ], [ -46.280505738711568, -23.188820169126593, 0.0 ], [ -46.280516403248484, -23.188824990531476, 0.0 ], [ -46.280527067786139, -23.188829811935587, 0.0 ], [ -46.280537685595938, -23.18882972553978, 0.0 ], [ -46.280537779053134, -23.188839541138112, 0.0 ], [ -46.280548396863651, -23.188839454741547, 0.0 ], [ -46.280564370308923, -23.188844232944472, 0.0 ], [ -46.280569772673914, -23.188854005343565, 0.0 ], [ -46.280580437215647, -23.188858826743854, 0.0 ], [ -46.280591055027514, -23.188858740344347, 0.0 ], [ -46.280601672839332, -23.188858653944123, 0.0 ], [ -46.280612290651092, -23.188858567543178, 0.0 ], [ -46.28062290846281, -23.188858481141523, 0.0 ], [ -46.280633526274471, -23.188858394739153, 0.0 ], [ -46.280644144086082, -23.188858308336066, 0.0 ], [ -46.280654715164729, -23.18885331413334, 0.0 ], [ -46.28067059514791, -23.18884827672742, 0.0 ], [ -46.28068116622471, -23.188843282522992, 0.0 ], [ -46.280691784034936, -23.188843196116739, 0.0 ], [ -46.280696999471189, -23.188833337315643, 0.0 ], [ -46.280707570545765, -23.18882834310951, 0.0 ], [ -46.280718141619538, -23.188823348902723, 0.0 ], [ -46.2807287126925, -23.188818354695236, 0.0 ], [ -46.280739330500552, -23.188818268285868, 0.0 ], [ -46.280749948308554, -23.188818181875785, 0.0 ], [ -46.280760566116506, -23.188818095464981, 0.0 ], [ -46.280771183924408, -23.18881800905347, 0.0 ], [ -46.280776586302906, -23.188827781444864, 0.0 ], [ -46.280776679777524, -23.188837597042269, 0.0 ], [ -46.2807767732522, -23.188847412639671, 0.0 ], [ -46.280787484537839, -23.188857141824304, 0.0 ], [ -46.280787578013388, -23.188866957421642, 0.0 ], [ -46.280798242563215, -23.188871778806771, 0.0 ], [ -46.280798336039609, -23.188881594404041, 0.0 ], [ -46.280808953852365, -23.188881507989755, 0.0 ], [ -46.280814356236341, -23.188891280379544, 0.0 ], [ -46.280825067528227, -23.188901009561281, 0.0 ], [ -46.280835732082025, -23.188905830943668, 0.0 ], [ -46.280846396636562, -23.188910652325301, 0.0 ], [ -46.280851799024468, -23.188920424713597, 0.0 ], [ -46.280857201413184, -23.188930197101651, 0.0 ], [ -46.280862603802717, -23.188939969489482, 0.0 ], [ -46.28086800619306, -23.188949741877074, 0.0 ], [ -46.280873408584213, -23.18895951426444, 0.0 ], [ -46.280873502066491, -23.188969329861312, 0.0 ], [ -46.280873595548819, -23.188979145458173, 0.0 ], [ -46.280873689031203, -23.188988961055021, 0.0 ], [ -46.28087378251363, -23.188998776651854, 0.0 ], [ -46.280873875996114, -23.189008592248676, 0.0 ], [ -46.280873969478648, -23.189018407845488, 0.0 ], [ -46.280874062961232, -23.189028223442286, 0.0 ], [ -46.280874156443872, -23.189038039039076, 0.0 ], [ -46.280874249926555, -23.189047854635849, 0.0 ], [ -46.280874343409288, -23.1890576702326, 0.0 ], [ -46.280874436892077, -23.189067485829355, 0.0 ], [ -46.280885101460989, -23.189072307207635, 0.0 ], [ -46.280890503858743, -23.189082079593987, 0.0 ], [ -46.280895906257314, -23.189091851980109, 0.0 ], [ -46.280906570828897, -23.189096673356794, 0.0 ], [ -46.280911973229244, -23.189106445742258, 0.0 ], [ -46.280917375630409, -23.189116218127499, 0.0 ], [ -46.280928040204671, -23.189121039502595, 0.0 ], [ -46.28092813369166, -23.189130855099059, 0.0 ], [ -46.280928227178705, -23.189140670695508, 0.0 ], [ -46.280938845011377, -23.189140584271549, 0.0 ], [ -46.28093893849924, -23.189150399867948, 0.0 ], [ -46.280949556332629, -23.189150313443232, 0.0 ], [ -46.280949649821324, -23.189160129039575, 0.0 ], [ -46.280960267655431, -23.189160042614105, 0.0 ], [ -46.280970885489495, -23.189159956187915, 0.0 ], [ -46.280981503323503, -23.189159869761014, 0.0 ], [ -46.280992121157468, -23.189159783333391, 0.0 ], [ -46.281002738991376, -23.189159696905051, 0.0 ], [ -46.281013356825234, -23.189159610476004, 0.0 ], [ -46.281023974659036, -23.189159524046239, 0.0 ], [ -46.281034545745342, -23.189154529817738, 0.0 ], [ -46.281045163578661, -23.189154443386553, 0.0 ], [ -46.281055781411929, -23.189154356954663, 0.0 ], [ -46.281066399245141, -23.189154270522049, 0.0 ], [ -46.281077017078303, -23.189154184088721, 0.0 ], [ -46.281087634911415, -23.189154097654683, 0.0 ], [ -46.281098252744485, -23.189154011219923, 0.0 ], [ -46.281108870577491, -23.189153924784449, 0.0 ], [ -46.28112479732691, -23.189153795129897, 0.0 ], [ -46.281135415159795, -23.189153708692622, 0.0 ], [ -46.281146032992631, -23.189153622254643, 0.0 ], [ -46.281156697577309, -23.189158443613724, 0.0 ], [ -46.281167362162734, -23.189163264972038, 0.0 ], [ -46.281183335665794, -23.189168043109234, 0.0 ], [ -46.28119395349956, -23.189167956667969, 0.0 ], [ -46.281204711594356, -23.189182593618987, 0.0 ], [ -46.281215376183297, -23.189187414973876, 0.0 ], [ -46.281225994018456, -23.189187328530387, 0.0 ], [ -46.281231396445435, -23.189197100903577, 0.0 ], [ -46.281231489954905, -23.189206916498783, 0.0 ], [ -46.281231583464425, -23.189216732093964, 0.0 ], [ -46.281231676974002, -23.189226547689138, 0.0 ], [ -46.281231770483622, -23.189236363284305, 0.0 ], [ -46.281231863993298, -23.189246178879454, 0.0 ], [ -46.281242528588272, -23.189251000232186, 0.0 ], [ -46.281242622098794, -23.189260815827275, 0.0 ], [ -46.281248024530186, -23.189270588199626, 0.0 ], [ -46.281248118041205, -23.189280403794672, 0.0 ], [ -46.281258782639483, -23.189285225146143, 0.0 ], [ -46.281264185073091, -23.189294997517813, 0.0 ], [ -46.281269587507516, -23.189304769889251, 0.0 ], [ -46.281274989942752, -23.189314542260455, 0.0 ], [ -46.281275083455931, -23.189324357855341, 0.0 ], [ -46.281280485892417, -23.189334130226282, 0.0 ], [ -46.281280579406086, -23.189343945821122, 0.0 ], [ -46.281269961558792, -23.189344032268849, 0.0 ], [ -46.281270055071737, -23.189353847863714, 0.0 ], [ -46.281270148584738, -23.189363663458572, 0.0 ], [ -46.281270242097783, -23.189373479053419, 0.0 ], [ -46.281259624248115, -23.189373565500546, 0.0 ], [ -46.281243744229087, -23.189378602967363, 0.0 ], [ -46.281233079623718, -23.189373781615245, 0.0 ], [ -46.281222461773872, -23.189373868059871, 0.0 ], [ -46.281211843923963, -23.189373954503782, 0.0 ], [ -46.281201226074018, -23.189374040946973, 0.0 ], [ -46.281190608224016, -23.189374127389449, 0.0 ], [ -46.281179990373964, -23.189374213831211, 0.0 ], [ -46.281169372523863, -23.189374300272259, 0.0 ], [ -46.281158707921243, -23.189369478914955, 0.0 ], [ -46.281137472221552, -23.189369651793427, 0.0 ], [ -46.281121498695555, -23.189364873652693, 0.0 ], [ -46.281110880845944, -23.189364960089762, 0.0 ], [ -46.281100262996283, -23.189365046526113, 0.0 ], [ -46.281089645146572, -23.189365132961751, 0.0 ], [ -46.281079027296812, -23.189365219396674, 0.0 ], [ -46.281068362697852, -23.18936039803306, 0.0 ], [ -46.281057744848376, -23.189360484466523, 0.0 ], [ -46.281047126998843, -23.189360570899272, 0.0 ], [ -46.28103650914926, -23.18936065733131, 0.0 ], [ -46.281025938047229, -23.189365651560529, 0.0 ], [ -46.281015320197163, -23.18936573799115, 0.0 ], [ -46.281010104766182, -23.189375596802041, 0.0 ], [ -46.281004889334469, -23.189385455612765, 0.0 ], [ -46.281004982828257, -23.189395271208607, 0.0 ], [ -46.281005076322096, -23.189405086804435, 0.0 ], [ -46.281005169815991, -23.189414902400245, 0.0 ], [ -46.281005263309936, -23.18942471799604, 0.0 ], [ -46.281010665731706, -23.189434490376819, 0.0 ], [ -46.281010759226142, -23.189444305972568, 0.0 ], [ -46.281016161649163, -23.189454078353091, 0.0 ], [ -46.281021564072994, -23.189463850733365, 0.0 ], [ -46.281032228678846, -23.189468672099792, 0.0 ], [ -46.281037631104461, -23.189478444479438, 0.0 ], [ -46.281048342460707, -23.18948817364247, 0.0 ], [ -46.281058960320301, -23.189488087209192, 0.0 ], [ -46.281064362748666, -23.189497859587753, 0.0 ], [ -46.281075027358668, -23.189502680951076, 0.0 ], [ -46.281085645219292, -23.189502594515936, 0.0 ], [ -46.281085738719504, -23.189512410111316, 0.0 ], [ -46.281096403331375, -23.189517231473101, 0.0 ], [ -46.281107067943971, -23.189522052834111, 0.0 ], [ -46.28112299473699, -23.1895219231778, 0.0 ], [ -46.281133612598936, -23.18952183673936, 0.0 ], [ -46.28114953939177, -23.189521707080363, 0.0 ], [ -46.281160157253595, -23.189521620640136, 0.0 ], [ -46.281170775115363, -23.189521534199198, 0.0 ], [ -46.281181392977082, -23.189521447757539, 0.0 ], [ -46.281191964084741, -23.189516453517694, 0.0 ], [ -46.281202581945976, -23.189516367074624, 0.0 ], [ -46.28121324656194, -23.189521188428273, 0.0 ], [ -46.281223864423453, -23.18952110198375, 0.0 ], [ -46.281223957933832, -23.189530917578569, 0.0 ], [ -46.281224051444262, -23.189540733173388, 0.0 ], [ -46.281224144954749, -23.189550548768182, 0.0 ], [ -46.281218929532983, -23.189560407585407, 0.0 ], [ -46.281219023043178, -23.189570223180198, 0.0 ], [ -46.28121911655343, -23.189580038774984, 0.0 ], [ -46.281213901130251, -23.189589897592064, 0.0 ], [ -46.281208685706339, -23.189599756408995, 0.0 ], [ -46.281198067838552, -23.189599842852768, 0.0 ], [ -46.281187496724748, -23.189604837093267, 0.0 ], [ -46.281182281298335, -23.189614695909416, 0.0 ], [ -46.28117171018274, -23.189619690148916, 0.0 ], [ -46.281161139066342, -23.189624684387741, 0.0 ], [ -46.281161232572614, -23.189634499982674, 0.0 ], [ -46.281166635014671, -23.189644272356968, 0.0 ], [ -46.281166728521427, -23.189654087951862, 0.0 ], [ -46.28116682202824, -23.189663903546737, 0.0 ], [ -46.28117222447198, -23.18967367592073, 0.0 ], [ -46.281177626916538, -23.189683448294481, 0.0 ], [ -46.281183029361905, -23.189693220668005, 0.0 ], [ -46.281183122870083, -23.189703036262777, 0.0 ], [ -46.281183216378302, -23.189712851857536, 0.0 ], [ -46.281183309886586, -23.189722667452276, 0.0 ], [ -46.281193974518679, -23.189727488806408, 0.0 ], [ -46.281204639151504, -23.189732310159787, 0.0 ], [ -46.281215303785068, -23.189737131512398, 0.0 ], [ -46.281225921663619, -23.18973704506698, 0.0 ], [ -46.281236586298249, -23.189741866418107, 0.0 ], [ -46.281247250933625, -23.189746687768459, 0.0 ], [ -46.281257915569732, -23.189751509118068, 0.0 ], [ -46.281273889146505, -23.189756287242457, 0.0 ], [ -46.281284507026328, -23.189756200793017, 0.0 ], [ -46.281295171664411, -23.189761022139994, 0.0 ], [ -46.281295265181079, -23.189770837734248, 0.0 ], [ -46.281305929820697, -23.189775659080407, 0.0 ], [ -46.281316547701913, -23.189775572628744, 0.0 ], [ -46.281321950161178, -23.189785344996771, 0.0 ], [ -46.281332568043091, -23.189785258543989, 0.0 ], [ -46.28134318592496, -23.189785172090492, 0.0 ], [ -46.281353803806773, -23.189785085636277, 0.0 ], [ -46.281359206269101, -23.189794858002877, 0.0 ], [ -46.281369824151611, -23.189794771547547, 0.0 ], [ -46.28138044203407, -23.189794685091499, 0.0 ], [ -46.281380535557112, -23.189804500685387, 0.0 ], [ -46.281391153440296, -23.189804414228583, 0.0 ], [ -46.281391246964155, -23.18981422982241, 0.0 ], [ -46.281401864848064, -23.189814143364849, 0.0 ], [ -46.281401958372754, -23.189823958958623, 0.0 ], [ -46.281402051897501, -23.189833774552383, 0.0 ], [ -46.281412669782895, -23.18983368809403, 0.0 ], [ -46.281418072251533, -23.18984346045827, 0.0 ], [ -46.281423474720988, -23.189853232822284, 0.0 ], [ -46.281423568247426, -23.189863048415919, 0.0 ], [ -46.281423661773921, -23.189872864009555, 0.0 ], [ -46.281423755300466, -23.18988267960318, 0.0 ], [ -46.281423848827068, -23.189892495196784, 0.0 ], [ -46.281413230937062, -23.189892581656096, 0.0 ], [ -46.281402706572109, -23.189902483708369, 0.0 ], [ -46.281397491151445, -23.189912342531105, 0.0 ], [ -46.281386920021781, -23.18991733678557, 0.0 ], [ -46.281381704599411, -23.189927195607833, 0.0 ], [ -46.281381798123135, -23.189937011201543, 0.0 ], [ -46.281376582699686, -23.189946870023672, 0.0 ], [ -46.281371367275511, -23.189956728845651, 0.0 ], [ -46.281366151850584, -23.18996658766747, 0.0 ], [ -46.281360936424932, -23.189976446489144, 0.0 ], [ -46.281355720998548, -23.189986305310672, 0.0 ], [ -46.281350505571417, -23.189996164132037, 0.0 ], [ -46.281339981193916, -23.190006066180555, 0.0 ], [ -46.281340074714954, -23.190015881774332, 0.0 ], [ -46.281329456814866, -23.190015968228426, 0.0 ], [ -46.281329550335187, -23.190025783822229, 0.0 ], [ -46.281318979194062, -23.190030778072575, 0.0 ], [ -46.281319072713679, -23.190040593666396, 0.0 ], [ -46.281319166233345, -23.190050409260206, 0.0 ], [ -46.281308595089904, -23.190055403509934, 0.0 ], [ -46.281298023945659, -23.190060397758987, 0.0 ], [ -46.281298117463884, -23.190070213352858, 0.0 ], [ -46.281287546318076, -23.190075207601264, 0.0 ], [ -46.281276975171451, -23.190080201848989, 0.0 ], [ -46.281277068688226, -23.190090017442913, 0.0 ], [ -46.28126645078202, -23.190090103893027, 0.0 ], [ -46.281255832875765, -23.190090190342417, 0.0 ], [ -46.281245214969466, -23.190090276791089, 0.0 ], [ -46.281234597063104, -23.190090363239051, 0.0 ], [ -46.281223979156692, -23.190090449686295, 0.0 ], [ -46.281213361250231, -23.190090536132825, 0.0 ], [ -46.281202696588039, -23.190085714781539, 0.0 ], [ -46.281192078681869, -23.190085801226608, 0.0 ], [ -46.281181460775642, -23.190085887670971, 0.0 ], [ -46.281170842869365, -23.190085974114616, 0.0 ], [ -46.281160224963038, -23.19008606055754, 0.0 ], [ -46.281149607056662, -23.190086146999754, 0.0 ], [ -46.281138989150236, -23.190086233441249, 0.0 ], [ -46.281128371243753, -23.190086319882028, 0.0 ], [ -46.281117659832091, -23.190076590727553, 0.0 ], [ -46.281107041926283, -23.190076677166857, 0.0 ], [ -46.281096377268646, -23.190071855808139, 0.0 ], [ -46.281085712611755, -23.190067034448653, 0.0 ], [ -46.281075094706566, -23.190067120885768, 0.0 ], [ -46.281064430050748, -23.190062299524794, 0.0 ], [ -46.281059027597557, -23.190052527147916, 0.0 ], [ -46.281048362943437, -23.190047705785759, 0.0 ], [ -46.281042960492023, -23.190037933408234, 0.0 ], [ -46.281037558041426, -23.190028161030487, 0.0 ], [ -46.281032155591646, -23.19001838865249, 0.0 ], [ -46.281021490941171, -23.190013567288336, 0.0 ], [ -46.281021397443389, -23.190003751693332, 0.0 ], [ -46.281021303945664, -23.189993936098322, 0.0 ], [ -46.281010592549073, -23.189984206935769, 0.0 ], [ -46.281010499052215, -23.189974391340687, 0.0 ], [ -46.280999834406018, -23.189969569974835, 0.0 ], [ -46.280999740910012, -23.189959754379696, 0.0 ], [ -46.280994338465916, -23.189949982000087, 0.0 ], [ -46.280994244970408, -23.189940166404895, 0.0 ], [ -46.280983580327501, -23.189935345037782, 0.0 ], [ -46.280983486832838, -23.189925529442537, 0.0 ], [ -46.2809780843914, -23.189915757062209, 0.0 ], [ -46.280972681950779, -23.189905984681651, 0.0 ], [ -46.280962017311346, -23.189901163312896, 0.0 ], [ -46.280956614872508, -23.189891390931688, 0.0 ], [ -46.280951212434474, -23.189881618550249, 0.0 ], [ -46.280940547797719, -23.189876797179899, 0.0 ], [ -46.280929883161697, -23.189871975808803, 0.0 ], [ -46.280919218526414, -23.189867154436936, 0.0 ], [ -46.280913816092095, -23.189857382054019, 0.0 ], [ -46.280903198202743, -23.189857468478806, 0.0 ], [ -46.280897795769988, -23.189847696095256, 0.0 ], [ -46.280887084394109, -23.189837966923204, 0.0 ], [ -46.280881681963351, -23.189828194538993, 0.0 ], [ -46.280876279533416, -23.189818422154545, 0.0 ], [ -46.280870877104292, -23.189808649769873, 0.0 ], [ -46.280865474675977, -23.189798877384959, 0.0 ], [ -46.280860072248466, -23.189789104999821, 0.0 ], [ -46.28085997876348, -23.189779289403916, 0.0 ], [ -46.280849360880069, -23.189779375824791, 0.0 ], [ -46.280849267395908, -23.189769560228836, 0.0 ], [ -46.280838649513214, -23.189769646648966, 0.0 ], [ -46.280838556029877, -23.189759831052953, 0.0 ], [ -46.280827938147915, -23.189759917472319, 0.0 ], [ -46.280817273525017, -23.189755096092924, 0.0 ], [ -46.280806608902864, -23.189750274712761, 0.0 ], [ -46.280806515421958, -23.189740459116603, 0.0 ], [ -46.280795850801333, -23.189735637735641, 0.0 ], [ -46.280785186181447, -23.189730816353915, 0.0 ], [ -46.280779783762632, -23.189721043965552, 0.0 ], [ -46.280774381344628, -23.189711271576947, 0.0 ], [ -46.280774287866244, -23.189701455980622, 0.0 ], [ -46.280774194387902, -23.189691640384279, 0.0 ], [ -46.280774100909618, -23.189681824787925, 0.0 ], [ -46.280763436294812, -23.189677003404469, 0.0 ], [ -46.280758033879906, -23.189667231015129, 0.0 ], [ -46.280747369266791, -23.18966240963049, 0.0 ], [ -46.28073670465443, -23.189657588245105, 0.0 ], [ -46.280726040042786, -23.189652766858945, 0.0 ], [ -46.280715375431889, -23.189647945472036, 0.0 ], [ -46.28070471082173, -23.189643124084359, 0.0 ], [ -46.280699308412473, -23.189633351692702, 0.0 ], [ -46.280688690539918, -23.189633438102234, 0.0 ], [ -46.280677979196291, -23.189623708914255, 0.0 ], [ -46.280667314589309, -23.189618887523892, 0.0 ], [ -46.280656649983058, -23.189614066132759, 0.0 ], [ -46.280646032111839, -23.189614152539342, 0.0 ], [ -46.280635367506662, -23.189609331146723, 0.0 ], [ -46.280624749635734, -23.189609417551853, 0.0 ], [ -46.28061408503163, -23.189604596157729, 0.0 ], [ -46.280603467160979, -23.189604682561409, 0.0 ], [ -46.280592849290286, -23.189604768964372, 0.0 ], [ -46.280582231419537, -23.189604855366614, 0.0 ], [ -46.280571660280316, -23.189609849566775, 0.0 ], [ -46.280561089140278, -23.189614843766236, 0.0 ], [ -46.280550471268604, -23.189614930166375, 0.0 ], [ -46.280539853396874, -23.189615016565803, 0.0 ], [ -46.280529188795064, -23.189610195165823, 0.0 ], [ -46.280518570923618, -23.189610281563791, 0.0 ], [ -46.280507906322875, -23.189605460162301, 0.0 ], [ -46.28049728845172, -23.18960554655882, 0.0 ], [ -46.280486670580515, -23.189605632954621, 0.0 ], [ -46.280476005981178, -23.189600811550918, 0.0 ], [ -46.28046534138258, -23.189595990146444, 0.0 ], [ -46.280454630057456, -23.189586260942345, 0.0 ], [ -46.280443965460734, -23.189581439536337, 0.0 ], [ -46.280438563072671, -23.189571667134697, 0.0 ], [ -46.280433160685426, -23.189561894732833, 0.0 ], [ -46.280433067232607, -23.189552079135002, 0.0 ], [ -46.280432973779845, -23.189542263537156, 0.0 ], [ -46.280432880327133, -23.189532447939303, 0.0 ], [ -46.280432786874485, -23.189522632341443, 0.0 ], [ -46.280427384489798, -23.189512859939214, 0.0 ], [ -46.280421982105928, -23.18950308753675, 0.0 ], [ -46.280411317517014, -23.189498266128112, 0.0 ], [ -46.280400652928833, -23.189493444718735, 0.0 ], [ -46.280389988341383, -23.189488623308584, 0.0 ], [ -46.28037932375468, -23.189483801897669, 0.0 ], [ -46.280368705892585, -23.189483888285093, 0.0 ], [ -46.280352779099367, -23.189484017864878, 0.0 ], [ -46.280342161237151, -23.189484104250507, 0.0 ], [ -46.280331543374878, -23.189484190635419, 0.0 ], [ -46.280310260928438, -23.189479455603895, 0.0 ], [ -46.280299643066414, -23.189479541986636, 0.0 ], [ -46.280289071925303, -23.18948453616791, 0.0 ], [ -46.28027314513151, -23.189484665739638, 0.0 ], [ -46.28026252726891, -23.189484752119899, 0.0 ], [ -46.28025190940626, -23.189484838499443, 0.0 ], [ -46.280241291543561, -23.189484924878268, 0.0 ], [ -46.280230673680812, -23.18948501125638, 0.0 ], [ -46.280220055818013, -23.189485097633771, 0.0 ], [ -46.280209391237079, -23.189480276211057, 0.0 ], [ -46.280203988870099, -23.189470503800305, 0.0 ], [ -46.28019332429087, -23.189465682376412, 0.0 ], [ -46.280187921925673, -23.189455909965016, 0.0 ], [ -46.280187828491229, -23.189446094366112, 0.0 ], [ -46.280187735056849, -23.189436278767193, 0.0 ], [ -46.280182332693329, -23.189426506355499, 0.0 ], [ -46.280182239259432, -23.189416690756538, 0.0 ], [ -46.280182145825584, -23.189406875157552, 0.0 ], [ -46.280171527968747, -23.1894069615314, 0.0 ], [ -46.280166125607671, -23.18939718911901, 0.0 ], [ -46.280166032175089, -23.189387373519946, 0.0 ], [ -46.280160629815271, -23.189377601107292, 0.0 ], [ -46.280155227456255, -23.189367828694394, 0.0 ], [ -46.280144562886939, -23.189363007266707, 0.0 ], [ -46.280144469456083, -23.189353191667522, 0.0 ], [ -46.280139067099299, -23.189343419253948, 0.0 ], [ -46.280133664743317, -23.189333646840133, 0.0 ], [ -46.280123000177475, -23.189328825410801, 0.0 ], [ -46.28011755110893, -23.189314145196683, 0.0 ], [ -46.280117457680262, -23.189304329597334, 0.0 ], [ -46.280117364251645, -23.189294513997968, 0.0 ], [ -46.280127982099827, -23.18929442762817, 0.0 ], [ -46.280133197594175, -23.189284568843686, 0.0 ], [ -46.280138413087784, -23.189274710059053, 0.0 ], [ -46.28014362858066, -23.189264851274263, 0.0 ], [ -46.280148844072798, -23.189254992489325, 0.0 ], [ -46.280148750642113, -23.189245176890019, 0.0 ], [ -46.280153966133184, -23.189235318104942, 0.0 ], [ -46.280164490544792, -23.18922541613361, 0.0 ], [ -46.280164397113097, -23.189215600534329, 0.0 ], [ -46.28016430368146, -23.18920578493503, 0.0 ], [ -46.280164210249872, -23.189195969335724, 0.0 ], [ -46.280158807898594, -23.189186196922424, 0.0 ], [ -46.28015871446749, -23.189176381323065, 0.0 ], [ -46.280158621036442, -23.189166565723703, 0.0 ], [ -46.280163836524018, -23.189156706938366, 0.0 ], [ -46.280163743092686, -23.189146891338993, 0.0 ], [ -46.280163649661397, -23.18913707573962, 0.0 ], [ -46.280163556230164, -23.189127260140218, 0.0 ], [ -46.280163462798981, -23.189117444540809, 0.0 ], [ -46.280163369367848, -23.189107628941393, 0.0 ], [ -46.280163275936765, -23.189097813341952, 0.0 ], [ -46.280163182505731, -23.189087997742504, 0.0 ], [ -46.280163089074762, -23.189078182143049, 0.0 ], [ -46.280162995643828, -23.18906836654357, 0.0 ], [ -46.280162902212957, -23.189058550944086, 0.0 ], [ -46.28016280878213, -23.189048735344588, 0.0 ], [ -46.280157406437425, -23.189038962930798, 0.0 ], [ -46.280157313007088, -23.189029147331251, 0.0 ], [ -46.280162528489953, -23.189019288546024, 0.0 ], [ -46.280167743972093, -23.189009429760645, 0.0 ], [ -46.280178315081692, -23.189004435588704, 0.0 ], [ -46.28018888619048, -23.18899944141608, 0.0 ], [ -46.280194101669935, -23.188989582629922, 0.0 ], [ -46.280199317148664, -23.188979723843619, 0.0 ], [ -46.280199223715535, -23.188969908244161, 0.0 ], [ -46.280193821371718, -23.188960135831501, 0.0 ], [ -46.280199036849432, -23.188950277045215, 0.0 ], [ -46.280209561236354, -23.188940375071663, 0.0 ], [ -46.280220179056194, -23.188940288696884, 0.0 ], [ -46.280230750158367, -23.188935294521713, 0.0 ], [ -46.280241321259723, -23.188930300345849, 0.0 ], [ -46.280251892360262, -23.188925306169313, 0.0 ], [ -46.280262463459984, -23.188920311992089, 0.0 ], [ -46.280273081278033, -23.18892022561382, 0.0 ], [ -46.280278296748399, -23.188910366825183, 0.0 ], [ -46.280288914565595, -23.188910280445878, 0.0 ], [ -46.280294130034427, -23.188900421656776, 0.0 ], [ -46.280304701130532, -23.188895427476872, 0.0 ], [ -46.280304607690091, -23.188885611877723, 0.0 ], [ -46.280315178784633, -23.188880617697155, 0.0 ], [ -46.280315085343503, -23.188870802098023, 0.0 ], [ -46.280325703157416, -23.188870715716376, 0.0 ], [ -46.280325609715554, -23.188860900117263, 0.0 ], [ -46.280325516273749, -23.188851084518149, 0.0 ], [ -46.280325422831986, -23.18884126891902, 0.0 ], [ -46.28032532939028, -23.188831453319878, 0.0 ], [ -46.280325235948624, -23.188821637720729, 0.0 ], [ -46.280325142507017, -23.188811822121561, 0.0 ], [ -46.280325049065468, -23.18880200652238, 0.0 ], [ -46.280324955623961, -23.188792190923181, 0.0 ], [ -46.280324862182511, -23.188782375323981, 0.0 ], [ -46.280330077644173, -23.188772516533867, 0.0 ], [ -46.280329984202446, -23.188762700934664, 0.0 ], [ -46.280329890760754, -23.188752885335436, 0.0 ], [ -46.280329797319119, -23.188743069736201, 0.0 ], [ -46.280340415122893, -23.188742983354004, 0.0 ], [ -46.280345630582012, -23.188733124563463, 0.0 ], [ -46.280350846040392, -23.188723265772758, 0.0 ], [ -46.280350752597364, -23.188713450173566, 0.0 ], [ -46.280350659154387, -23.188703634574356, 0.0 ], [ -46.280361230233098, -23.188698640391308, 0.0 ], [ -46.280371801310999, -23.188693646207579, 0.0 ], [ -46.280382419110694, -23.188693559822724, 0.0 ], [ -46.280412616291201, -23.188690209116821, 0.0 ] ], [ [ -46.278590319598223, -23.189335188065897, 0.0 ], [ -46.27857616245597, -23.18933530308734, 0.0 ], [ -46.278576038034281, -23.189322215615043, 0.0 ], [ -46.278568835042904, -23.189309185652906, 0.0 ], [ -46.278568710622089, -23.189296098180531, 0.0 ], [ -46.278554491274143, -23.189289669463616, 0.0 ], [ -46.278540271927511, -23.18928324074535, 0.0 ], [ -46.27852605258218, -23.189276812025732, 0.0 ], [ -46.27851189544571, -23.189276927041121, 0.0 ], [ -46.278504692463052, -23.18926389707558, 0.0 ], [ -46.278490473121359, -23.189257468352569, 0.0 ], [ -46.278476253780966, -23.1892510396282, 0.0 ], [ -46.27846203444188, -23.189244610902488, 0.0 ], [ -46.278454831465829, -23.189231580934319, 0.0 ], [ -46.278440612129778, -23.189225152206514, 0.0 ], [ -46.278426392795033, -23.18921872347736, 0.0 ], [ -46.278426268388621, -23.189205636004111, 0.0 ], [ -46.278412049056605, -23.189199207273518, 0.0 ], [ -46.278397829725897, -23.189192778541578, 0.0 ], [ -46.27838367259757, -23.189192893545052, 0.0 ], [ -46.278383548195464, -23.189179806071532, 0.0 ], [ -46.278369391068416, -23.189179921073649, 0.0 ], [ -46.278369266667788, -23.189166833600037, 0.0 ], [ -46.278355109542026, -23.189166948600807, 0.0 ], [ -46.278354985142862, -23.189153861127103, 0.0 ], [ -46.278340828018386, -23.189153976126534, 0.0 ], [ -46.278340703620678, -23.189140888652727, 0.0 ], [ -46.27834057922307, -23.189127801178902, 0.0 ], [ -46.278340454825553, -23.189114713705052, 0.0 ], [ -46.278340330428115, -23.189101626231182, 0.0 ], [ -46.278340206030776, -23.189088538757289, 0.0 ], [ -46.278340081633523, -23.189075451283376, 0.0 ], [ -46.278339957236369, -23.189062363809441, 0.0 ], [ -46.278339832839301, -23.189049276335474, 0.0 ], [ -46.278339708442324, -23.189036188861493, 0.0 ], [ -46.278339584045433, -23.189023101387487, 0.0 ], [ -46.278339459648635, -23.18901001391346, 0.0 ], [ -46.278339335251935, -23.188996926439405, 0.0 ], [ -46.278339210855314, -23.188983838965342, 0.0 ], [ -46.278339086458793, -23.188970751491247, 0.0 ], [ -46.278338962062357, -23.188957664017128, 0.0 ], [ -46.278338837666013, -23.188944576542987, 0.0 ], [ -46.278338713269754, -23.188931489068821, 0.0 ], [ -46.278338588873595, -23.188918401594638, 0.0 ], [ -46.278338464477521, -23.188905314120433, 0.0 ], [ -46.278331261533033, -23.188892284144718, 0.0 ], [ -46.278324058589995, -23.188879254168594, 0.0 ], [ -46.278323934195576, -23.18886616669425, 0.0 ], [ -46.278323809801236, -23.188853079219879, 0.0 ], [ -46.278316606861196, -23.188840049243222, 0.0 ], [ -46.278309403922613, -23.188827019266157, 0.0 ], [ -46.278309279529921, -23.188813931791646, 0.0 ], [ -46.278309155137329, -23.188800844317115, 0.0 ], [ -46.278301952201737, -23.18878781433952, 0.0 ], [ -46.278287795115496, -23.188787929332467, 0.0 ], [ -46.278280592182682, -23.188774899353742, 0.0 ], [ -46.27828046779311, -23.188761811879008, 0.0 ], [ -46.278266248515422, -23.188755383132492, 0.0 ], [ -46.2782520914324, -23.188755498122081, 0.0 ], [ -46.278251967045719, -23.188742410647155, 0.0 ], [ -46.278251842659131, -23.188729323172218, 0.0 ], [ -46.278244639733146, -23.188716293191455, 0.0 ], [ -46.278251593886218, -23.18870314822226, 0.0 ], [ -46.278251469499899, -23.188690060747245, 0.0 ], [ -46.278251345113667, -23.188676973272216, 0.0 ], [ -46.278258299264238, -23.188663828302786, 0.0 ], [ -46.278265253413501, -23.188650683333076, 0.0 ], [ -46.27827220756145, -23.188637538363107, 0.0 ], [ -46.278279161708092, -23.188624393392864, 0.0 ], [ -46.278278975125332, -23.188604762180354, 0.0 ], [ -46.278293007802574, -23.188591559714087, 0.0 ], [ -46.278299961944995, -23.188578414743052, 0.0 ], [ -46.278306916086102, -23.188565269771736, 0.0 ], [ -46.278306791695229, -23.188552182296792, 0.0 ], [ -46.278327965090739, -23.188545466068536, 0.0 ], [ -46.278334857030799, -23.188525777358706, 0.0 ], [ -46.278341811165966, -23.188512632386043, 0.0 ], [ -46.278348765299818, -23.188499487413111, 0.0 ], [ -46.278348640905264, -23.18848639993826, 0.0 ], [ -46.278348516510796, -23.188473312463387, 0.0 ], [ -46.278341313590687, -23.188460282486446, 0.0 ], [ -46.278341127000331, -23.188440651274014, 0.0 ], [ -46.278341002606879, -23.188427563799028, 0.0 ], [ -46.278340878213513, -23.18841447632402, 0.0 ], [ -46.278340753820231, -23.18840138884898, 0.0 ], [ -46.278333550905074, -23.188388358871364, 0.0 ], [ -46.278333426512667, -23.188375271396254, 0.0 ], [ -46.278333302120352, -23.188362183921125, 0.0 ], [ -46.278333177728122, -23.188349096445954, 0.0 ], [ -46.278333053335992, -23.188336008970786, 0.0 ], [ -46.278332928943946, -23.188322921495587, 0.0 ], [ -46.278332804551994, -23.188309834020359, 0.0 ], [ -46.278339758677291, -23.18829668904792, 0.0 ], [ -46.278353791317706, -23.188283486577429, 0.0 ], [ -46.278360683242497, -23.18826379786659, 0.0 ], [ -46.278374778075317, -23.188257139131984, 0.0 ], [ -46.278381732193964, -23.188243994157904, 0.0 ], [ -46.278388686311295, -23.188230849183565, 0.0 ], [ -46.27839564042732, -23.188217704208959, 0.0 ], [ -46.27840259454203, -23.18820455923408, 0.0 ], [ -46.278409548655439, -23.188191414258934, 0.0 ], [ -46.278409424256814, -23.188178326783881, 0.0 ], [ -46.278416378368313, -23.188165181808476, 0.0 ], [ -46.278423332478503, -23.188152036832808, 0.0 ], [ -46.278430286587387, -23.188138891856873, 0.0 ], [ -46.278430162187064, -23.188125804381841, 0.0 ], [ -46.278437116294043, -23.188112659405654, 0.0 ], [ -46.278436991893209, -23.188099571930614, 0.0 ], [ -46.2784438837976, -23.188079883216645, 0.0 ], [ -46.278436680891531, -23.188066853242912, 0.0 ], [ -46.278429477986911, -23.188053823268767, 0.0 ], [ -46.278429353587171, -23.188040735793585, 0.0 ], [ -46.27842922918753, -23.188027648318389, 0.0 ], [ -46.278429104787982, -23.188014560843161, 0.0 ], [ -46.278414823385738, -23.188001588368628, 0.0 ], [ -46.278407620487009, -23.187988558393126, 0.0 ], [ -46.278393401287538, -23.18798212965412, 0.0 ], [ -46.278386198391971, -23.187969099677463, 0.0 ], [ -46.278371916998722, -23.187956127198557, 0.0 ], [ -46.278357697804303, -23.187949698456062, 0.0 ], [ -46.278350494914015, -23.187936668477494, 0.0 ], [ -46.278336337917622, -23.187936783470832, 0.0 ], [ -46.278336213527645, -23.187923695994986, 0.0 ], [ -46.278321994338278, -23.187917267249009, 0.0 ], [ -46.278307775150218, -23.18791083850169, 0.0 ], [ -46.278300572266922, -23.187897808520468, 0.0 ], [ -46.278286415274337, -23.187897923509141, 0.0 ], [ -46.278286290889461, -23.187884836032971, 0.0 ], [ -46.278272133898163, -23.187884951020298, 0.0 ], [ -46.278264931019756, -23.187871921037178, 0.0 ], [ -46.278264806637125, -23.187858833560863, 0.0 ], [ -46.27826468225458, -23.187845746084509, 0.0 ], [ -46.278264557872127, -23.187832658608141, 0.0 ], [ -46.278271511982005, -23.187819513638747, 0.0 ], [ -46.278271387599041, -23.187806426162368, 0.0 ], [ -46.278271263216169, -23.187793338685978, 0.0 ], [ -46.278271138833382, -23.187780251209556, 0.0 ], [ -46.278278092940162, -23.187767106239935, 0.0 ], [ -46.278285047045628, -23.187753961270044, 0.0 ], [ -46.278292001149786, -23.187740816299883, 0.0 ], [ -46.278298955252637, -23.187727671329462, 0.0 ], [ -46.278298830867556, -23.187714583853065, 0.0 ], [ -46.278312987840771, -23.187714468864137, 0.0 ], [ -46.278319941940289, -23.187701323892888, 0.0 ], [ -46.278326896038507, -23.187688178921377, 0.0 ], [ -46.278333850135404, -23.187675033949606, 0.0 ], [ -46.278333725747245, -23.187661946473302, 0.0 ], [ -46.278347820519997, -23.187655287743361, 0.0 ], [ -46.278354774613277, -23.187642142770766, 0.0 ], [ -46.278361728705242, -23.187628997797901, 0.0 ], [ -46.27836160431464, -23.187615910321675, 0.0 ], [ -46.278361479924136, -23.187602822845417, 0.0 ], [ -46.278375574689342, -23.187596164113273, 0.0 ], [ -46.278375450297588, -23.187583076637061, 0.0 ], [ -46.278375325905934, -23.187569989160828, 0.0 ], [ -46.27838948286351, -23.187569874165689, 0.0 ], [ -46.278403639821001, -23.187569759169286, 0.0 ], [ -46.278417796778399, -23.187569644171603, 0.0 ], [ -46.278431953735698, -23.187569529172649, 0.0 ], [ -46.278446110692919, -23.187569414172422, 0.0 ], [ -46.278467346128565, -23.187569241669692, 0.0 ], [ -46.278481503085558, -23.187569126666286, 0.0 ], [ -46.278495660042452, -23.187569011661605, 0.0 ], [ -46.278509879201621, -23.187575440393434, 0.0 ], [ -46.278524098362091, -23.1875818691239, 0.0 ], [ -46.278538255320093, -23.187581754115328, 0.0 ], [ -46.278552412278003, -23.187581639105485, 0.0 ], [ -46.278559615166571, -23.187594669075356, 0.0 ], [ -46.278573834331269, -23.187601097801128, 0.0 ], [ -46.278588053497273, -23.187607526525539, 0.0 ], [ -46.278602210457628, -23.187607411511099, 0.0 ], [ -46.278616429625536, -23.187613840232856, 0.0 ], [ -46.278630648794753, -23.18762026895326, 0.0 ], [ -46.278637851692977, -23.187633298919067, 0.0 ], [ -46.278652070865228, -23.187639727637382, 0.0 ], [ -46.27866635224899, -23.187652700091665, 0.0 ], [ -46.278673555152487, -23.187665730055549, 0.0 ], [ -46.278687774329782, -23.187672158770386, 0.0 ], [ -46.278694977236455, -23.187685188733109, 0.0 ], [ -46.278709196416784, -23.187691617445857, 0.0 ], [ -46.278723415598414, -23.187698046157255, 0.0 ], [ -46.278723540024714, -23.187711133631492, 0.0 ], [ -46.278723664451086, -23.187724221105722, 0.0 ], [ -46.278723788877556, -23.187737308579909, 0.0 ], [ -46.27872391330412, -23.187750396054085, 0.0 ], [ -46.278724037730768, -23.18776348352824, 0.0 ], [ -46.278738194706776, -23.187763368500836, 0.0 ], [ -46.278745397623553, -23.187776398460684, 0.0 ], [ -46.278752600541772, -23.18778942842011, 0.0 ], [ -46.278759803461448, -23.187802458379114, 0.0 ], [ -46.278759927891898, -23.187815545852995, 0.0 ], [ -46.27878122558009, -23.187821917043088, 0.0 ], [ -46.278788428504363, -23.187834947000542, 0.0 ], [ -46.278802647704929, -23.187841375703826, 0.0 ], [ -46.278816929124936, -23.187854348142515, 0.0 ], [ -46.278824132054481, -23.187867378098044, 0.0 ], [ -46.278831334985483, -23.187880408053172, 0.0 ], [ -46.27883853791792, -23.187893438007873, 0.0 ], [ -46.278859835621816, -23.187899809186554, 0.0 ], [ -46.27886703855809, -23.187912839139749, 0.0 ], [ -46.278874241495807, -23.187925869092538, 0.0 ], [ -46.278888460709915, -23.187932297787373, 0.0 ], [ -46.278902742147899, -23.187945270217334, 0.0 ], [ -46.278916961365333, -23.187951698909426, 0.0 ], [ -46.278931305032138, -23.187971215072924, 0.0 ], [ -46.278945462028858, -23.187971100025909, 0.0 ], [ -46.278952664977403, -23.187984129974538, 0.0 ], [ -46.278959867927398, -23.187997159922759, 0.0 ], [ -46.27897408715291, -23.188003588609281, 0.0 ], [ -46.278974211605416, -23.188016676081727, 0.0 ], [ -46.278988430833657, -23.188023104766817, 0.0 ], [ -46.278995633789314, -23.188036134713087, 0.0 ], [ -46.27900985302059, -23.188042563396099, 0.0 ], [ -46.279017055979409, -23.188055593341211, 0.0 ], [ -46.279017180436405, -23.188068680813362, 0.0 ], [ -46.279031399672135, -23.188075109494189, 0.0 ], [ -46.279038602634898, -23.188088139438094, 0.0 ], [ -46.279038727094182, -23.188101226910078, 0.0 ], [ -46.279038851553572, -23.18811431438203, 0.0 ], [ -46.279053070795172, -23.188120743060605, 0.0 ], [ -46.27906027376266, -23.188133773003241, 0.0 ], [ -46.279067476731591, -23.188146802945468, 0.0 ], [ -46.279067601194043, -23.1881598904172, 0.0 ], [ -46.27908182044181, -23.188166319092872, 0.0 ], [ -46.279089023414684, -23.188179349033888, 0.0 ], [ -46.279096226389008, -23.188192378974492, 0.0 ], [ -46.27909635085453, -23.188205466446004, 0.0 ], [ -46.279110507874996, -23.188205351383047, 0.0 ], [ -46.279117710852866, -23.188218381322475, 0.0 ], [ -46.279124913832185, -23.18823141126148, 0.0 ], [ -46.279132116812953, -23.188244441200077, 0.0 ], [ -46.279139319795156, -23.188257471138265, 0.0 ], [ -46.279139444265269, -23.188270558609442, 0.0 ], [ -46.279153725763912, -23.188283531013393, 0.0 ], [ -46.279153850235573, -23.188296618484458, 0.0 ], [ -46.279153974707327, -23.188309705955497, 0.0 ], [ -46.279168193975039, -23.188316134622351, 0.0 ], [ -46.27917539696486, -23.18832916455845, 0.0 ], [ -46.27918259995613, -23.188342194494115, 0.0 ], [ -46.279182724430953, -23.188355281964938, 0.0 ], [ -46.279182848905869, -23.188368369435736, 0.0 ], [ -46.27918297338087, -23.188381456906502, 0.0 ], [ -46.27918309785597, -23.188394544377257, 0.0 ], [ -46.279183222331163, -23.188407631847983, 0.0 ], [ -46.279183346806441, -23.188420719318692, 0.0 ], [ -46.279176392759773, -23.188433864324828, 0.0 ], [ -46.279176517234546, -23.18844695179552, 0.0 ], [ -46.279162422425756, -23.188453610600913, 0.0 ], [ -46.279155468375457, -23.188466755606239, 0.0 ], [ -46.27914851432385, -23.188479900611295, 0.0 ], [ -46.279134481745665, -23.188493103149781, 0.0 ], [ -46.27912752769074, -23.18850624815402, 0.0 ], [ -46.279120573634493, -23.188519393157993, 0.0 ], [ -46.279113619576947, -23.188532538161692, 0.0 ], [ -46.279099462522069, -23.18853265322646, 0.0 ], [ -46.279099586989943, -23.188545740697382, 0.0 ], [ -46.279099711457917, -23.188558828168276, 0.0 ], [ -46.279092757396441, -23.188571973171172, 0.0 ], [ -46.279078600337293, -23.188572088234249, 0.0 ], [ -46.279071646273088, -23.188585233236306, 0.0 ], [ -46.279071770738575, -23.188598320707293, 0.0 ], [ -46.279071895204154, -23.18861140817825, 0.0 ], [ -46.279072019669826, -23.188624495649194, 0.0 ], [ -46.279079222668628, -23.188637525588867, 0.0 ], [ -46.279086425668879, -23.188650555528135, 0.0 ], [ -46.27909362867058, -23.18866358546698, 0.0 ], [ -46.279100831673723, -23.188676615405413, 0.0 ], [ -46.279115050978852, -23.188683044075162, 0.0 ], [ -46.279129270285296, -23.188689472743562, 0.0 ], [ -46.279136473293327, -23.188702502680108, 0.0 ], [ -46.279150692602798, -23.188708931346419, 0.0 ], [ -46.279157895613992, -23.188721961281814, 0.0 ], [ -46.279172114926489, -23.188728389946043, 0.0 ], [ -46.279186272001567, -23.188728274873828, 0.0 ], [ -46.279186396479062, -23.188741362343983, 0.0 ], [ -46.279200615794899, -23.188747791005465, 0.0 ], [ -46.279214835112036, -23.18875421966559, 0.0 ], [ -46.279229054430488, -23.188760648324365, 0.0 ], [ -46.279243273750247, -23.188767076981783, 0.0 ], [ -46.279243398233518, -23.188780164451583, 0.0 ], [ -46.279243522716882, -23.188793251921361, 0.0 ], [ -46.279243647200346, -23.188806339391125, 0.0 ], [ -46.279236693141733, -23.188819484399918, 0.0 ], [ -46.279229739081806, -23.188832629408441, 0.0 ], [ -46.279229863564161, -23.188845716878212, 0.0 ], [ -46.279229988046602, -23.188858804347952, 0.0 ], [ -46.279215830958037, -23.188858919424707, 0.0 ], [ -46.279215955439199, -23.188872006894492, 0.0 ], [ -46.279216142161104, -23.188891638099129, 0.0 ], [ -46.279216266642486, -23.188904725568857, 0.0 ], [ -46.279202171789045, -23.188911384379491, 0.0 ], [ -46.27919521772138, -23.188924529386707, 0.0 ], [ -46.279188263652408, -23.188937674393657, 0.0 ], [ -46.279188388131352, -23.18895076186346, 0.0 ], [ -46.279174231032876, -23.1889508769369, 0.0 ], [ -46.279174355510541, -23.188963964406749, 0.0 ], [ -46.279160198410594, -23.188964079478989, 0.0 ], [ -46.279153244336271, -23.188977224484571, 0.0 ], [ -46.279146290260648, -23.188990369489872, 0.0 ], [ -46.279132195394652, -23.188997028294718, 0.0 ], [ -46.279118100527221, -23.189003687098353, 0.0 ], [ -46.279118224999742, -23.189016774568405, 0.0 ], [ -46.279104067893925, -23.189016889635841, 0.0 ], [ -46.279097113811524, -23.189030034639224, 0.0 ], [ -46.279090159727815, -23.189043179642329, 0.0 ], [ -46.279076002619071, -23.189043294707371, 0.0 ], [ -46.279076127087727, -23.189056382177576, 0.0 ], [ -46.279069173000693, -23.189069527179864, 0.0 ], [ -46.279062218912344, -23.189082672181886, 0.0 ], [ -46.279062343379898, -23.189095759652083, 0.0 ], [ -46.279048186265463, -23.189095874714869, 0.0 ], [ -46.279041232173789, -23.189109019716071, 0.0 ], [ -46.279034278080807, -23.189122164717009, 0.0 ], [ -46.279020183195271, -23.189128823512572, 0.0 ], [ -46.27902030765901, -23.189141910982915, 0.0 ], [ -46.279006212770703, -23.189148569777331, 0.0 ], [ -46.278992117880939, -23.189155228570545, 0.0 ], [ -46.278992242342113, -23.189168316040991, 0.0 ], [ -46.278978147449578, -23.189174974833055, 0.0 ], [ -46.278964052555601, -23.189181633623917, 0.0 ], [ -46.278957098451514, -23.189194778621822, 0.0 ], [ -46.278943003554367, -23.189201437410926, 0.0 ], [ -46.278928908655779, -23.189208096198811, 0.0 ], [ -46.278907735191872, -23.189214812510688, 0.0 ], [ -46.278900781080601, -23.189227957506372, 0.0 ], [ -46.278886623951351, -23.189228072555242, 0.0 ], [ -46.278879669837345, -23.189241217550098, 0.0 ], [ -46.278865637155953, -23.189254420068085, 0.0 ], [ -46.278851480023725, -23.189254535113914, 0.0 ], [ -46.278851604471804, -23.189267622584911, 0.0 ], [ -46.278844650352454, -23.189280767578399, 0.0 ], [ -46.278830493217335, -23.189280882622469, 0.0 ], [ -46.278816398304528, -23.18928754140083, 0.0 ], [ -46.27880944418073, -23.189300686392933, 0.0 ], [ -46.278795287043323, -23.189300801433923, 0.0 ], [ -46.278788332916783, -23.189313946425184, 0.0 ], [ -46.278774175777862, -23.189314061464341, 0.0 ], [ -46.278774300218778, -23.189327148935636, 0.0 ], [ -46.278760205298191, -23.189333807709271, 0.0 ], [ -46.278746110376161, -23.189340466481699, 0.0 ], [ -46.278731953234221, -23.189340581517175, 0.0 ], [ -46.278724999099488, -23.189353726505949, 0.0 ], [ -46.278710904173522, -23.189360385275371, 0.0 ], [ -46.278703950035762, -23.189373530263317, 0.0 ], [ -46.278597522593159, -23.189348218026868, 0.0 ], [ -46.278590319598223, -23.189335188065897, 0.0 ] ], [ [ -46.281594194329045, -23.188581238073922, 0.0 ], [ -46.281583623309452, -23.188586232337432, 0.0 ], [ -46.281562481267819, -23.188596220862411, 0.0 ], [ -46.281551863480729, -23.188596307326527, 0.0 ], [ -46.281541245693575, -23.188596393789933, 0.0 ], [ -46.281530627906378, -23.188596480252617, 0.0 ], [ -46.281520010119124, -23.188596566714587, 0.0 ], [ -46.28150939233182, -23.188596653175832, 0.0 ], [ -46.28149877454446, -23.188596739636374, 0.0 ], [ -46.281488156757057, -23.188596826096195, 0.0 ], [ -46.281477538969597, -23.188596912555301, 0.0 ], [ -46.281466921182094, -23.188596999013694, 0.0 ], [ -46.281456303394535, -23.188597085471361, 0.0 ], [ -46.281445685606926, -23.188597171928318, 0.0 ], [ -46.281413832243786, -23.188597431294895, 0.0 ], [ -46.28140321445597, -23.188597517748988, 0.0 ], [ -46.281387287774152, -23.188597647428786, 0.0 ], [ -46.281366005439942, -23.188592912534951, 0.0 ], [ -46.28135538765229, -23.188592998985801, 0.0 ], [ -46.281344769864575, -23.18859308543594, 0.0 ], [ -46.281334105319715, -23.188588264087581, 0.0 ], [ -46.281323487532291, -23.188588350536268, 0.0 ], [ -46.281307560851062, -23.188588480207947, 0.0 ], [ -46.281296943063509, -23.188588566654843, 0.0 ], [ -46.281286325275914, -23.188588653101021, 0.0 ], [ -46.281275660733293, -23.188583831748577, 0.0 ], [ -46.281264996191418, -23.188579010395387, 0.0 ], [ -46.281254378404441, -23.188579096839373, 0.0 ], [ -46.2812437606174, -23.188579183282648, 0.0 ], [ -46.281233096076939, -23.188574361927213, 0.0 ], [ -46.281222431537202, -23.188569540571024, 0.0 ], [ -46.281211813750787, -23.188569627012111, 0.0 ], [ -46.28120114921213, -23.188564805654426, 0.0 ], [ -46.281121862229938, -23.188566984920062, 0.0 ], [ -46.281111805791681, -23.188556330143602, 0.0 ], [ -46.28110640340136, -23.188546557763981, 0.0 ], [ -46.281095738867982, -23.188541736398896, 0.0 ], [ -46.281090336479437, -23.18853196401863, 0.0 ], [ -46.281084934091702, -23.188522191638135, 0.0 ], [ -46.281074269560989, -23.188517370271448, 0.0 ], [ -46.281068908078879, -23.188511892213864, 0.0 ], [ -46.281058173429251, -23.188499709148466, 0.0 ], [ -46.281053411283203, -23.188487477465625, 0.0 ], [ -46.281051341564542, -23.188479211761393, 0.0 ], [ -46.281051259758122, -23.188470623114203, 0.0 ], [ -46.281051166265122, -23.188460807517387, 0.0 ], [ -46.281045763883299, -23.188451035135209, 0.0 ], [ -46.281043059771051, -23.188445842206679, 0.0 ], [ -46.281042966278761, -23.188436026609807, 0.0 ], [ -46.2810375638986, -23.188426254227245, 0.0 ], [ -46.281037470406801, -23.188416438630323, 0.0 ], [ -46.281037376915044, -23.188406623033387, 0.0 ], [ -46.281031974536575, -23.18839685065053, 0.0 ], [ -46.281026572158922, -23.188387078267436, 0.0 ], [ -46.281026478668096, -23.188377262670429, 0.0 ], [ -46.28102638517732, -23.188367447073396, 0.0 ], [ -46.281020982801351, -23.188357674690007, 0.0 ], [ -46.281020889311073, -23.188347859092943, 0.0 ], [ -46.281035987487982, -23.188295586793053, 0.0 ], [ -46.281035893996879, -23.188285771195964, 0.0 ], [ -46.281035800505826, -23.188275955598872, 0.0 ], [ -46.28103570701483, -23.188266140001755, 0.0 ], [ -46.281035613523891, -23.188256324404634, 0.0 ], [ -46.281035520032994, -23.188246508807485, 0.0 ], [ -46.281035426542147, -23.188236693210339, 0.0 ], [ -46.281040641931405, -23.188226834399277, 0.0 ], [ -46.281040548440274, -23.188217018802124, 0.0 ], [ -46.281040454949199, -23.18820720320495, 0.0 ], [ -46.281040361458167, -23.188197387607776, 0.0 ], [ -46.281040267967192, -23.188187572010584, 0.0 ], [ -46.281040174476267, -23.188177756413374, 0.0 ], [ -46.281040080985392, -23.188167940816157, 0.0 ], [ -46.281039987494573, -23.188158125218923, 0.0 ], [ -46.281034585126847, -23.188148352835416, 0.0 ], [ -46.281008511531645, -23.188128318830209, 0.0 ], [ -46.281008418043307, -23.188118503232808, 0.0 ], [ -46.281008324555017, -23.188108687635395, 0.0 ], [ -46.281002922191703, -23.188098915250546, 0.0 ], [ -46.280997519829207, -23.188089142865465, 0.0 ], [ -46.280992117467527, -23.188079370480153, 0.0 ], [ -46.280986715106657, -23.188069598094611, 0.0 ], [ -46.280968842432991, -23.188039604280888, 0.0 ], [ -46.280966767615347, -23.188030801784073, 0.0 ], [ -46.280961365258406, -23.188021029397429, 0.0 ], [ -46.280955962902283, -23.188011257010558, 0.0 ], [ -46.280955822676333, -23.187996533613923, 0.0 ], [ -46.280943012534735, -23.187975471356115, 0.0 ], [ -46.280937610181915, -23.187965698968416, 0.0 ], [ -46.280905289561908, -23.187916880235399, 0.0 ], [ -46.280899887214339, -23.187907107846101, 0.0 ], [ -46.280889222739546, -23.187902286464034, 0.0 ], [ -46.280878558265485, -23.187897465081218, 0.0 ], [ -46.280867893792163, -23.187892643697623, 0.0 ], [ -46.280857229319579, -23.187887822313282, 0.0 ], [ -46.280825329380107, -23.187883173754098, 0.0 ], [ -46.280814711646215, -23.187883260165986, 0.0 ], [ -46.28080409391228, -23.187883346577156, 0.0 ], [ -46.280793476178289, -23.187883432987608, 0.0 ], [ -46.280782858444248, -23.187883519397353, 0.0 ], [ -46.280772240710164, -23.187883605806377, 0.0 ], [ -46.280761622976016, -23.187883692214687, 0.0 ], [ -46.280751005241832, -23.187883778622279, 0.0 ], [ -46.280740387507585, -23.187883865029146, 0.0 ], [ -46.280729769773288, -23.18788395143531, 0.0 ], [ -46.280719152038941, -23.187884037840757, 0.0 ], [ -46.280708534304544, -23.187884124245485, 0.0 ], [ -46.280697916570098, -23.187884210649496, 0.0 ], [ -46.280687252103689, -23.187879389253329, 0.0 ], [ -46.28067663436952, -23.187879475655894, 0.0 ], [ -46.280665969904192, -23.187874654258216, 0.0 ], [ -46.280660567575438, -23.187864881859799, 0.0 ], [ -46.280649903111808, -23.187860060460967, 0.0 ], [ -46.280639238648909, -23.187855239061356, 0.0 ], [ -46.280633836322906, -23.18784546666188, 0.0 ], [ -46.28062317186172, -23.187840645261108, 0.0 ], [ -46.2806177695375, -23.187830872860982, 0.0 ], [ -46.280607105078012, -23.187826051459027, 0.0 ], [ -46.280607011620319, -23.187816235859703, 0.0 ], [ -46.280596300433942, -23.187806506657253, 0.0 ], [ -46.280585589249114, -23.187796777453986, 0.0 ], [ -46.280585495793126, -23.187786961854545, 0.0 ], [ -46.280574831338242, -23.187782140450178, 0.0 ], [ -46.280569429020019, -23.187772368048062, 0.0 ], [ -46.280564026702613, -23.187762595645715, 0.0 ], [ -46.280553408977163, -23.187762682039551, 0.0 ], [ -46.280553315523669, -23.187752866439943, 0.0 ], [ -46.28054791320826, -23.187743094036932, 0.0 ], [ -46.280542510893667, -23.187733321633687, 0.0 ], [ -46.280542417441104, -23.187723506034001, 0.0 ], [ -46.280537015127756, -23.187713733630492, 0.0 ], [ -46.28053692167569, -23.187703918030756, 0.0 ], [ -46.280542137083735, -23.187694059234861, 0.0 ], [ -46.280547352491041, -23.187684200438813, 0.0 ], [ -46.280557970210332, -23.187684114045659, 0.0 ], [ -46.280557876756859, -23.18767429844597, 0.0 ], [ -46.28055778330345, -23.187664482846269, 0.0 ], [ -46.280568401021135, -23.187664396452483, 0.0 ], [ -46.280568307567002, -23.187654580852808, 0.0 ], [ -46.280568214112911, -23.187644765253118, 0.0 ], [ -46.280578831828997, -23.187644678858696, 0.0 ], [ -46.280578738374189, -23.187634863259039, 0.0 ], [ -46.280583953776684, -23.187625004461928, 0.0 ], [ -46.280583860321585, -23.187615188862264, 0.0 ], [ -46.280583766866542, -23.187605373262585, 0.0 ], [ -46.280583579956598, -23.187585742063199, 0.0 ], [ -46.280572868791069, -23.187576012857974, 0.0 ], [ -46.280567466482047, -23.187566240455173, 0.0 ], [ -46.280567373028425, -23.187556424855366, 0.0 ], [ -46.280567279574846, -23.187546609255548, 0.0 ], [ -46.280567186121317, -23.187536793655728, 0.0 ], [ -46.280567092667837, -23.187526978055896, 0.0 ], [ -46.280556474960996, -23.187527064449114, 0.0 ], [ -46.28055638150834, -23.187517248849218, 0.0 ], [ -46.280550979203078, -23.187507476445617, 0.0 ], [ -46.280540314772004, -23.187502655037694, 0.0 ], [ -46.280540174594982, -23.187487931637708, 0.0 ], [ -46.280540081143698, -23.187478116037706, 0.0 ], [ -46.280534678841306, -23.187468343633377, 0.0 ], [ -46.280529276539731, -23.187458571228809, 0.0 ], [ -46.280523874238959, -23.187448798824011, 0.0 ], [ -46.280518425214261, -23.187434118618913, 0.0 ], [ -46.280513022915336, -23.187424346213636, 0.0 ], [ -46.280512929466326, -23.187414530613449, 0.0 ], [ -46.280512836017358, -23.187404715013251, 0.0 ], [ -46.28051274256844, -23.187394899413036, 0.0 ], [ -46.280523313540215, -23.187389905223139, 0.0 ], [ -46.28053393123637, -23.187389818832639, 0.0 ], [ -46.280539146633664, -23.187379960036989, 0.0 ], [ -46.280555026450656, -23.187374922649386, 0.0 ], [ -46.280565597419184, -23.187369928456778, 0.0 ], [ -46.280576121660204, -23.187360026463484, 0.0 ], [ -46.280581337053285, -23.187350167666594, 0.0 ], [ -46.280591954746065, -23.187350081272317, 0.0 ], [ -46.280597170137604, -23.187340222474951, 0.0 ], [ -46.280607741101754, -23.187335228279689, 0.0 ], [ -46.280618358793248, -23.18733514188369, 0.0 ], [ -46.280628929756148, -23.187330147687042, 0.0 ], [ -46.280639547447151, -23.187330061289622, 0.0 ], [ -46.280639453989323, -23.187320245689808, 0.0 ], [ -46.280650071679503, -23.187320159291719, 0.0 ], [ -46.280660642639965, -23.187315165093047, 0.0 ], [ -46.280671213599611, -23.187310170893682, 0.0 ], [ -46.280681784558446, -23.187305176693652, 0.0 ], [ -46.280692402247261, -23.18730509029276, 0.0 ], [ -46.280702973204846, -23.187300096091349, 0.0 ], [ -46.280702879742528, -23.187290280491734, 0.0 ], [ -46.280713497430078, -23.187290194089478, 0.0 ], [ -46.280724115117579, -23.187290107686493, 0.0 ], [ -46.280734686072719, -23.18728511348306, 0.0 ], [ -46.280745257027057, -23.187280119278935, 0.0 ], [ -46.280745163561747, -23.187270303679458, 0.0 ], [ -46.280755781247542, -23.187270217274417, 0.0 ], [ -46.280766352199869, -23.187265223068955, 0.0 ], [ -46.280776876417626, -23.187255321063134, 0.0 ], [ -46.280787447367956, -23.187250326856326, 0.0 ], [ -46.280798065052004, -23.187250240448499, 0.0 ], [ -46.280813944842869, -23.187245203035801, 0.0 ], [ -46.280813851372699, -23.187235387436548, 0.0 ], [ -46.280824422320002, -23.187230393227377, 0.0 ], [ -46.280829637689912, -23.187220534423137, 0.0 ], [ -46.280840161899462, -23.187210632413382, 0.0 ], [ -46.280850779580156, -23.187210546002138, 0.0 ], [ -46.280861350524049, -23.187205551790637, 0.0 ], [ -46.280871874730025, -23.1871956497789, 0.0 ], [ -46.280882445671928, -23.187190655566038, 0.0 ], [ -46.280882352197004, -23.187180839966981, 0.0 ], [ -46.280892969875168, -23.187180753553005, 0.0 ], [ -46.280903540815068, -23.187175759338814, 0.0 ], [ -46.280914158492742, -23.187175672923416, 0.0 ], [ -46.280924776170366, -23.187175586507305, 0.0 ], [ -46.280935393847948, -23.187175500090479, 0.0 ], [ -46.280945964785708, -23.18717050587351, 0.0 ], [ -46.280956535722673, -23.187165511655881, 0.0 ], [ -46.280967106658814, -23.187160517437569, 0.0 ], [ -46.280977724335024, -23.187160431017929, 0.0 ], [ -46.280983126655279, -23.187170203406538, 0.0 ], [ -46.280993744332186, -23.187170116985797, 0.0 ], [ -46.281004362009035, -23.187170030564332, 0.0 ], [ -46.281014979685843, -23.187169944142159, 0.0 ], [ -46.281025550619958, -23.18716494992001, 0.0 ], [ -46.28103612155325, -23.187159955697169, 0.0 ], [ -46.281046692485738, -23.187154961473656, 0.0 ], [ -46.281057263417409, -23.187149967249464, 0.0 ], [ -46.281067881092405, -23.187149880823789, 0.0 ], [ -46.281078498767357, -23.187149794397403, 0.0 ], [ -46.281089116442253, -23.187149707970288, 0.0 ], [ -46.281105042954508, -23.187149578328292, 0.0 ], [ -46.281115660629276, -23.187149491899394, 0.0 ], [ -46.281126278303994, -23.187149405469778, 0.0 ], [ -46.281136849232006, -23.187144411240386, 0.0 ], [ -46.281147466906233, -23.187144324809363, 0.0 ], [ -46.281158084580419, -23.187144238377623, 0.0 ], [ -46.28116870225454, -23.187144151945173, 0.0 ], [ -46.281179319928619, -23.187144065511998, 0.0 ], [ -46.28118993760264, -23.187143979078115, 0.0 ], [ -46.281200555276612, -23.187143892643508, 0.0 ], [ -46.281211172950535, -23.187143806208187, 0.0 ], [ -46.281221790624407, -23.187143719772152, 0.0 ], [ -46.281237717135127, -23.187143590116758, 0.0 ], [ -46.281248334808872, -23.187143503678936, 0.0 ], [ -46.281258952482567, -23.187143417240396, 0.0 ], [ -46.2812696169077, -23.187148238599949, 0.0 ], [ -46.281280234581679, -23.187148152159956, 0.0 ], [ -46.281290852255609, -23.187148065719253, 0.0 ], [ -46.281301516682149, -23.187152887076572, 0.0 ], [ -46.281312181109435, -23.18715770843313, 0.0 ], [ -46.281322845537453, -23.187162529788928, 0.0 ], [ -46.281328247882264, -23.187172302164566, 0.0 ], [ -46.281338865557899, -23.187172215720533, 0.0 ], [ -46.281344267904281, -23.187181988095539, 0.0 ], [ -46.281354885580605, -23.187181901650387, 0.0 ], [ -46.281365550011969, -23.187186723003123, 0.0 ], [ -46.281376167688585, -23.187186636556522, 0.0 ], [ -46.281386972388702, -23.187206181303406, 0.0 ], [ -46.281397636823073, -23.187211002653829, 0.0 ], [ -46.281408348014907, -23.187220731801975, 0.0 ], [ -46.281419012451146, -23.187225553150828, 0.0 ], [ -46.281419105965426, -23.187235368747768, 0.0 ], [ -46.281429723645658, -23.187235282297383, 0.0 ], [ -46.281429817160756, -23.187245097894266, 0.0 ], [ -46.281440434841713, -23.187245011443128, 0.0 ], [ -46.281451146039323, -23.187254740588056, 0.0 ], [ -46.281451239556077, -23.187264556184832, 0.0 ], [ -46.281451333072887, -23.187274371781598, 0.0 ], [ -46.28145142658974, -23.187284187378339, 0.0 ], [ -46.28145152010665, -23.187294002975079, 0.0 ], [ -46.281456922466369, -23.187303775345487, 0.0 ], [ -46.281467540151837, -23.187303688892314, 0.0 ], [ -46.281467633670012, -23.187313504488959, 0.0 ], [ -46.28147303603172, -23.187323276858699, 0.0 ], [ -46.281473129550385, -23.187333092455301, 0.0 ], [ -46.281483840757588, -23.187342821597493, 0.0 ], [ -46.281483934277126, -23.187352637194028, 0.0 ], [ -46.28149464548671, -23.187362366335339, 0.0 ], [ -46.281505309937238, -23.187367187677641, 0.0 ], [ -46.281510712303984, -23.187376960045807, 0.0 ], [ -46.281516114671547, -23.187386732413742, 0.0 ], [ -46.281526779124746, -23.187391553754434, 0.0 ], [ -46.281532181494086, -23.187401326121723, 0.0 ], [ -46.281537583864235, -23.187411098488777, 0.0 ], [ -46.281537677388002, -23.187420914085024, 0.0 ], [ -46.281548341844676, -23.187425735424092, 0.0 ], [ -46.281553744217049, -23.187435507790465, 0.0 ], [ -46.281559146590226, -23.187445280156602, 0.0 ], [ -46.281559240115719, -23.187455095752725, 0.0 ], [ -46.281569904575868, -23.187459917090152, 0.0 ], [ -46.281575306951268, -23.187469689455604, 0.0 ], [ -46.281575400478047, -23.18747950505163, 0.0 ], [ -46.281580802854698, -23.18748927741683, 0.0 ], [ -46.281580896381975, -23.187499093012811, 0.0 ], [ -46.281586298759876, -23.18750886537774, 0.0 ], [ -46.281591701138595, -23.187518637742432, 0.0 ], [ -46.281591794666795, -23.187528453338338, 0.0 ], [ -46.281597197046764, -23.18753822570277, 0.0 ], [ -46.281602599427536, -23.187547998066965, 0.0 ], [ -46.28162392836645, -23.187557640734287, 0.0 ], [ -46.28162402189718, -23.187567456330015, 0.0 ], [ -46.281634733134325, -23.187577185460324, 0.0 ], [ -46.281645444373012, -23.187586914589822, 0.0 ], [ -46.281650846759355, -23.187596686952062, 0.0 ], [ -46.281656295913152, -23.187611367111835, 0.0 ], [ -46.28166705392325, -23.187626004037377, 0.0 ], [ -46.281667147457433, -23.18763581963286, 0.0 ], [ -46.281667240991666, -23.187645635228332, 0.0 ], [ -46.281667334525949, -23.187655450823783, 0.0 ], [ -46.281667428060281, -23.187665266419231, 0.0 ], [ -46.28166752159467, -23.187675082014653, 0.0 ], [ -46.281672923986449, -23.187684854375803, 0.0 ], [ -46.281683541701106, -23.18768476790672, 0.0 ], [ -46.281688944094448, -23.187694540267231, 0.0 ], [ -46.281699608578222, -23.187699361594667, 0.0 ], [ -46.281699702115105, -23.18770917718993, 0.0 ], [ -46.281710366600414, -23.187713998516564, 0.0 ], [ -46.281710460138157, -23.187723814111777, 0.0 ], [ -46.28171586253513, -23.187733586471158, 0.0 ], [ -46.281721264932912, -23.187743358830314, 0.0 ], [ -46.281721358471572, -23.187753174425431, 0.0 ], [ -46.281726760870605, -23.187762946784318, 0.0 ], [ -46.281732163270448, -23.187772719142977, 0.0 ], [ -46.281732256810045, -23.187782534738016, 0.0 ], [ -46.281732350349685, -23.187792350333048, 0.0 ], [ -46.281732443889382, -23.187802165928073, 0.0 ], [ -46.281732537429136, -23.187811981523083, 0.0 ], [ -46.281732630968925, -23.18782179711808, 0.0 ], [ -46.281732724508771, -23.187831612713065, 0.0 ], [ -46.281727509185281, -23.187841471544598, 0.0 ], [ -46.281727602724835, -23.18785128713958, 0.0 ], [ -46.281727696264454, -23.187861102734544, 0.0 ], [ -46.281727789804123, -23.187870918329502, 0.0 ], [ -46.281727883343834, -23.187880733924441, 0.0 ], [ -46.281727976883602, -23.18789054951937, 0.0 ], [ -46.281733379289143, -23.187900321877596, 0.0 ], [ -46.281733472829409, -23.187910137472475, 0.0 ], [ -46.281738875236201, -23.187919909830438, 0.0 ], [ -46.281744277643803, -23.187929682188162, 0.0 ], [ -46.281749680052215, -23.18793945454566, 0.0 ], [ -46.281755082461451, -23.187949226902919, 0.0 ], [ -46.281755176003514, -23.18795904249766, 0.0 ], [ -46.281755269545627, -23.18796885809239, 0.0 ], [ -46.281760671956548, -23.187978630449351, 0.0 ], [ -46.281760765499151, -23.187988446044031, 0.0 ], [ -46.281766167911314, -23.187998218400729, 0.0 ], [ -46.281766261454408, -23.188008033995363, 0.0 ], [ -46.281776925966135, -23.188012855316142, 0.0 ], [ -46.281777019510074, -23.188022670910723, 0.0 ], [ -46.281777113054069, -23.188032486505286, 0.0 ], [ -46.281782515469338, -23.188042258861245, 0.0 ], [ -46.281793226756996, -23.188051987977982, 0.0 ], [ -46.281793320302306, -23.188061803572449, 0.0 ], [ -46.281798722720012, -23.188071575927701, 0.0 ], [ -46.281798863038723, -23.188086299319323, 0.0 ], [ -46.281809527557854, -23.188091120637512, 0.0 ], [ -46.281809621104529, -23.188100936231866, 0.0 ], [ -46.281809714651253, -23.188110751826212, 0.0 ], [ -46.281820379172721, -23.188115573143541, 0.0 ], [ -46.281820472720291, -23.188125388737824, 0.0 ], [ -46.281820566267918, -23.188135204332092, 0.0 ], [ -46.281820659815601, -23.188145019926342, 0.0 ], [ -46.281820753363327, -23.188154835520589, 0.0 ], [ -46.28182084691111, -23.188164651114811, 0.0 ], [ -46.281826249335289, -23.18817442346872, 0.0 ], [ -46.281831651760271, -23.188184195822405, 0.0 ], [ -46.281837054186084, -23.188193968175856, 0.0 ], [ -46.281842456612694, -23.188203740529072, 0.0 ], [ -46.281842550162281, -23.188213556123152, 0.0 ], [ -46.281842643711919, -23.188223371717225, 0.0 ], [ -46.281842737261599, -23.18823318731128, 0.0 ], [ -46.281842830811335, -23.188243002905331, 0.0 ], [ -46.281848233240524, -23.188252775258178, 0.0 ], [ -46.281848326790751, -23.188262590852183, 0.0 ], [ -46.281853729221183, -23.188272363204771, 0.0 ], [ -46.2818538227719, -23.188282178798723, 0.0 ], [ -46.281859225203576, -23.188291951151044, 0.0 ], [ -46.281859318754783, -23.188301766744956, 0.0 ], [ -46.281859412306041, -23.188311582338848, 0.0 ], [ -46.281859505857341, -23.188321397932739, 0.0 ], [ -46.281859599408705, -23.188331213526602, 0.0 ], [ -46.281859692960111, -23.188341029120465, 0.0 ], [ -46.281865095394799, -23.188350801472396, 0.0 ], [ -46.281865188946703, -23.188360617066202, 0.0 ], [ -46.281865282498643, -23.188370432660015, 0.0 ], [ -46.281860067166257, -23.18838029149579, 0.0 ], [ -46.281849496172882, -23.188385285776135, 0.0 ], [ -46.281849636499274, -23.188400009166877, 0.0 ], [ -46.281844421164678, -23.188409868002203, 0.0 ], [ -46.281839205829343, -23.18841972683737, 0.0 ], [ -46.281839299379669, -23.188429542431198, 0.0 ], [ -46.281828775156477, -23.18843944450726, 0.0 ], [ -46.28181820415729, -23.18844443878573, 0.0 ], [ -46.281807633157293, -23.188449433063532, 0.0 ], [ -46.281802417817822, -23.188459291897619, 0.0 ], [ -46.281791800042527, -23.188459378377441, 0.0 ], [ -46.281781275813444, -23.188469280450544, 0.0 ], [ -46.281770704810043, -23.188474274725991, 0.0 ], [ -46.281760133805825, -23.188479269000762, 0.0 ], [ -46.281760227350645, -23.188489084594814, 0.0 ], [ -46.281755012006229, -23.188498943427511, 0.0 ], [ -46.281744394227609, -23.188499029904275, 0.0 ], [ -46.281744487771363, -23.188508845498369, 0.0 ], [ -46.281604765347822, -23.188576243809731, 0.0 ], [ -46.281594194329045, -23.188581238073922, 0.0 ] ] ] ] } }
]
}
