{
"type": "FeatureCollection",
"name": "Sitio Sao Benedito",
"crs": { "type": "name", "properties": { "name": "urn:ogc:def:crs:OGC:1.3:CRS84" } },
"features": [
{ "type": "Feature", "properties": { "Área (ha)": 22.687 }, "geometry": { "type": "MultiPolygon", "coordinates": [ [ [ [ -46.073129372681073, -23.416795965550303 ], [ -46.073122224769634, -23.41680310443347 ], [ -46.07312050610367, -23.416806336488602 ], [ -46.073118787437629, -23.416809568543712 ], [ -46.073118813412862, -23.416812788613246 ], [ -46.073117094746699, -23.416816020668339 ], [ -46.073117120721903, -23.416819240737876 ], [ -46.07311540205562, -23.416822472792948 ], [ -46.073113683389259, -23.416825704848012 ], [ -46.07311196472282, -23.416828936903055 ], [ -46.073113735339525, -23.416832144987083 ], [ -46.073113761314666, -23.416835365056613 ], [ -46.07311726358558, -23.416836951120288 ], [ -46.073119034202527, -23.416840159204245 ], [ -46.07311906017781, -23.416843379273764 ], [ -46.073120830794885, -23.416846587357693 ], [ -46.07312085677021, -23.416849807427209 ], [ -46.073120882745549, -23.416853027496728 ], [ -46.07311916407896, -23.416856259551846 ], [ -46.073119203041912, -23.416861089656109 ], [ -46.073119229017216, -23.416864309725629 ], [ -46.073119254992527, -23.416867529795141 ], [ -46.073119280967845, -23.416870749864653 ], [ -46.073119306943163, -23.416873969934162 ], [ -46.07311758827629, -23.416877201989266 ], [ -46.073115869609332, -23.416880434044355 ], [ -46.073112380324844, -23.416880458015449 ], [ -46.073110661657715, -23.416883690070481 ], [ -46.073110687632848, -23.416886910139993 ], [ -46.073107198348183, -23.416886934110973 ], [ -46.073103722050988, -23.416888568116637 ], [ -46.073098501111325, -23.416890214107621 ], [ -46.073095024813938, -23.416891848113103 ], [ -46.073091548516459, -23.41689348211851 ], [ -46.073088072218894, -23.41689511612384 ], [ -46.073088098193494, -23.416898336193373 ], [ -46.073084621895752, -23.416899970198635 ], [ -46.073084647870274, -23.416903190268169 ], [ -46.073084673844797, -23.416906410337706 ], [ -46.07308295517668, -23.416909642392461 ], [ -46.073081249495708, -23.416914484481953 ], [ -46.073079530827407, -23.41691771653668 ], [ -46.073076067516226, -23.416920960576537 ], [ -46.073072604204881, -23.416924204616318 ], [ -46.07306912790628, -23.41692583862126 ], [ -46.073065638620541, -23.416925862591356 ], [ -46.073062149334802, -23.416925886561373 ], [ -46.073058660049057, -23.416925910531312 ], [ -46.073055157776395, -23.41692432446639 ], [ -46.073051655503811, -23.416922738401393 ], [ -46.073049884887268, -23.416919530316694 ], [ -46.073046395601679, -23.416919554286352 ], [ -46.073042880342555, -23.416916358186359 ], [ -46.073039352096878, -23.416911552051484 ], [ -46.073035836838137, -23.416908355951318 ], [ -46.073035810864788, -23.416905135881727 ], [ -46.073032295606303, -23.416901939781475 ], [ -46.07303226963306, -23.416898719711881 ], [ -46.07303224365981, -23.416895499642287 ], [ -46.073028741388249, -23.41689391357674 ], [ -46.073026970772666, -23.416890705491728 ], [ -46.073023455514786, -23.416887509391241 ], [ -46.073021684899416, -23.416884301306165 ], [ -46.073019914284139, -23.416881093221061 ], [ -46.073019888311215, -23.416877873151449 ], [ -46.073018117696066, -23.41687466506631 ], [ -46.073018091723199, -23.416871444996701 ], [ -46.07301630812178, -23.416866626876736 ], [ -46.073014537506879, -23.416863418791543 ], [ -46.073014511534105, -23.416860198721924 ], [ -46.073014485561337, -23.416856978652294 ], [ -46.07301445958857, -23.416853758582665 ], [ -46.073014433615818, -23.416850538513035 ], [ -46.073014407643065, -23.416847318443406 ], [ -46.073010892386662, -23.416844122342567 ], [ -46.073007390116715, -23.416842536276459 ], [ -46.073002117232612, -23.416837742124915 ], [ -46.072998614962934, -23.416836156058601 ], [ -46.0729950997072, -23.416832959957382 ], [ -46.072993329093286, -23.416829751871905 ], [ -46.07299329013496, -23.416824921767411 ], [ -46.072993264162747, -23.416821701697742 ], [ -46.072989774879659, -23.416821725666043 ], [ -46.072986285596564, -23.416821749634263 ], [ -46.072982796313468, -23.416821773602408 ], [ -46.072979307030359, -23.416821797570471 ], [ -46.072975817747249, -23.416821821538463 ], [ -46.072972315478282, -23.416820235471533 ], [ -46.072968826195208, -23.416820259439366 ], [ -46.072965336912127, -23.416820283407116 ], [ -46.072961847629038, -23.416820307374788 ], [ -46.07295835834595, -23.416820331342382 ], [ -46.072954869062848, -23.416820355309905 ], [ -46.07295489503413, -23.41682357537961 ], [ -46.072951418736544, -23.416825209381905 ], [ -46.072947929453314, -23.416825233349275 ], [ -46.072942721499452, -23.416828489369898 ], [ -46.072939232216122, -23.416828513337073 ], [ -46.072935755918202, -23.416830147339034 ], [ -46.072932266634822, -23.41683017130606 ], [ -46.072928790336768, -23.416831805307861 ], [ -46.072928816307424, -23.416835025377591 ], [ -46.072925327023917, -23.416835049344463 ], [ -46.072921863710896, -23.416838293380991 ], [ -46.072921889681396, -23.416841513450731 ], [ -46.072921915651904, -23.416844733520456 ], [ -46.072921941622411, -23.416847953590185 ], [ -46.072921967592933, -23.416851173659911 ], [ -46.072920261906681, -23.416856015747882 ], [ -46.072916785607802, -23.416857649749449 ], [ -46.07291681157821, -23.416860869819182 ], [ -46.072916837548611, -23.416864089888907 ], [ -46.072915118876843, -23.416867321941968 ], [ -46.072915144847215, -23.416870542011694 ], [ -46.072913426175319, -23.416873774064726 ], [ -46.072909962861033, -23.416877018101026 ], [ -46.072906486561486, -23.416878652102387 ], [ -46.072906512531667, -23.416881872172116 ], [ -46.072906538501847, -23.416885092241849 ], [ -46.072906564472042, -23.416888312311567 ], [ -46.072904845799719, -23.416891544364525 ], [ -46.072903127127326, -23.416894776417465 ], [ -46.072897893199659, -23.416894812366966 ], [ -46.072894403914539, -23.41689483633321 ], [ -46.072890914629419, -23.416894860299372 ], [ -46.072887438329154, -23.416896494300317 ], [ -46.072883962028811, -23.416898128301209 ], [ -46.072880485728376, -23.416899762302013 ], [ -46.072877009427856, -23.416901396302748 ], [ -46.072875290754652, -23.4169046283554 ], [ -46.072873572081363, -23.416907860408045 ], [ -46.07287008279588, -23.416907884373757 ], [ -46.072870108765215, -23.416911104443511 ], [ -46.072870134734551, -23.416914324513264 ], [ -46.072868416061027, -23.416917556565853 ], [ -46.072866697387418, -23.416920788618423 ], [ -46.07286320810158, -23.416920812583989 ], [ -46.07285797417282, -23.41692084853219 ], [ -46.072852766212975, -23.416924104549999 ], [ -46.072847545268473, -23.416925750532744 ], [ -46.072844055982493, -23.416925774497891 ], [ -46.072840579680815, -23.416927408497852 ], [ -46.072837103379058, -23.416929042497728 ], [ -46.072837129347626, -23.41693226256751 ], [ -46.072833653045691, -23.416933896567322 ], [ -46.072831934371031, -23.416937128619541 ], [ -46.072831960339478, -23.41694034868933 ], [ -46.072828484037281, -23.416941982689035 ], [ -46.07282851000565, -23.416945202758829 ], [ -46.072825046687413, -23.416948446793359 ], [ -46.072821570384917, -23.416950080792912 ], [ -46.072818081098262, -23.4169501047575 ], [ -46.072812847168265, -23.416950140704241 ], [ -46.072805868594926, -23.416950188632949 ], [ -46.072798903005406, -23.416951846596259 ], [ -46.07279542670247, -23.416953480595247 ], [ -46.072791937415694, -23.416953504559253 ], [ -46.072788448128918, -23.416953528523184 ], [ -46.072784958842135, -23.416953552487033 ], [ -46.072783240166025, -23.416956784538765 ], [ -46.07277975087915, -23.416956808502498 ], [ -46.072778032202883, -23.416960040554176 ], [ -46.072778058170059, -23.416963260624012 ], [ -46.072774594850095, -23.416966504657477 ], [ -46.072769360919388, -23.416966540602779 ], [ -46.072762408311888, -23.416969808599426 ], [ -46.07275891902465, -23.41696983256271 ], [ -46.072755442720727, -23.416971466560849 ], [ -46.072750221773042, -23.41697311254044 ], [ -46.072746745468919, -23.416974746538394 ], [ -46.072743269164697, -23.416976380536269 ], [ -46.072739792860403, -23.416978014534056 ], [ -46.072736316556011, -23.416979648531793 ], [ -46.072734597878394, -23.416982880583024 ], [ -46.072732879200693, -23.416986112634241 ], [ -46.072729415879017, -23.416989356666765 ], [ -46.07272769720111, -23.416992588717935 ], [ -46.07272423387915, -23.416995832750338 ], [ -46.072722515201036, -23.416999064801459 ], [ -46.072719025912981, -23.41699908876388 ], [ -46.072715549607778, -23.41700072276117 ], [ -46.072712099268117, -23.41700557682827 ], [ -46.072708622962651, -23.417007210825407 ], [ -46.0727051466571, -23.417008844822476 ], [ -46.072701670351464, -23.417010478819464 ], [ -46.072699951672625, -23.417013710870357 ], [ -46.07269647536679, -23.417015344867242 ], [ -46.07269475668776, -23.417018576918085 ], [ -46.072694782652988, -23.417021796987967 ], [ -46.072691319329458, -23.417025041019691 ], [ -46.072687843023225, -23.417026675016398 ], [ -46.072687868988297, -23.417029895086308 ], [ -46.07268440566439, -23.417033139117891 ], [ -46.072684431629384, -23.41703635918779 ], [ -46.072680955322767, -23.417037993184344 ], [ -46.072680981287682, -23.417041213254254 ], [ -46.072681007252612, -23.417044433324158 ], [ -46.072681033217542, -23.417047653394061 ], [ -46.072681059182479, -23.41705087346396 ], [ -46.072681085147408, -23.417054093533856 ], [ -46.07267936646754, -23.417057325584548 ], [ -46.072677660770019, -23.417062167670164 ], [ -46.072674197445046, -23.417065411701543 ], [ -46.072674223409834, -23.417068631771446 ], [ -46.072674249374629, -23.417071851841342 ], [ -46.072670773066967, -23.417073485837712 ], [ -46.072669054386616, -23.417076717888296 ], [ -46.072667335706178, -23.417079949938856 ], [ -46.072665617025663, -23.417083181989408 ], [ -46.072663898345063, -23.417086414039936 ], [ -46.072660435019131, -23.417089658071045 ], [ -46.07266046098362, -23.417092878140949 ], [ -46.072657010639652, -23.417097732206933 ], [ -46.072655291958661, -23.417100964257372 ], [ -46.072653573277591, -23.417104196307804 ], [ -46.072651854596451, -23.417107428358211 ], [ -46.072648391269688, -23.417110672389072 ], [ -46.072648417233914, -23.417113892458982 ], [ -46.072646698552525, -23.417117124509343 ], [ -46.072646724516716, -23.417120344579249 ], [ -46.072645005835206, -23.417123576629592 ], [ -46.072645031799361, -23.417126796699495 ], [ -46.072641568471944, -23.417130040730221 ], [ -46.072641594436021, -23.417133260800135 ], [ -46.072639875754234, -23.417136492850421 ], [ -46.072638157072362, -23.417139724900693 ], [ -46.072634693744448, -23.417142968931287 ], [ -46.072634719708383, -23.41714618900119 ], [ -46.07263125638022, -23.417149433031707 ], [ -46.072627806033779, -23.417154287097109 ], [ -46.072626087351395, -23.417157519147263 ], [ -46.072626113315131, -23.417160739217174 ], [ -46.072622637004557, -23.417162373212548 ], [ -46.072620918321959, -23.41716560526266 ], [ -46.07261919963927, -23.41716883731274 ], [ -46.072615749291906, -23.417173691377904 ], [ -46.07261228596257, -23.417176935408026 ], [ -46.072612311926008, -23.417180155477947 ], [ -46.072608822633072, -23.417180179438084 ], [ -46.072607103949913, -23.41718341148805 ], [ -46.072605398248321, -23.417188253572952 ], [ -46.072603679564978, -23.41719148562288 ], [ -46.072601960881556, -23.417194717672793 ], [ -46.072598484569788, -23.41719635166768 ], [ -46.072598523514472, -23.417201181772565 ], [ -46.072593328518728, -23.417206047817203 ], [ -46.072591609834888, -23.417209279867009 ], [ -46.072591635797856, -23.417212499936934 ], [ -46.072588146504053, -23.417212523896637 ], [ -46.072588172466943, -23.417215743966572 ], [ -46.072584709135867, -23.41721898799614 ], [ -46.07258473509868, -23.417222208066068 ], [ -46.072581271767348, -23.417225452095561 ], [ -46.072577782473196, -23.417225476055048 ], [ -46.072577808435852, -23.417228696124983 ], [ -46.072574345104186, -23.417231940154338 ], [ -46.072570868791104, -23.41723357414865 ], [ -46.072567392477936, -23.417235208142881 ], [ -46.072563916164675, -23.417236842137044 ], [ -46.07256043985133, -23.417238476131125 ], [ -46.072555205909545, -23.417238512069634 ], [ -46.072551716615024, -23.417238536028556 ], [ -46.072548227320489, -23.417238559987396 ], [ -46.072544738025961, -23.417238583946158 ], [ -46.072541248731426, -23.417238607904842 ], [ -46.072536014789605, -23.417238643842719 ], [ -46.072534244180716, -23.417235435751998 ], [ -46.072530754886245, -23.41723545971044 ], [ -46.072527252611053, -23.417233873633819 ], [ -46.072522005688739, -23.41723229953622 ], [ -46.072516758766547, -23.417230725438447 ], [ -46.072513256491639, -23.417229139361492 ], [ -46.072511485883425, -23.417225931270476 ], [ -46.072507996589174, -23.417225955228407 ], [ -46.072506225981137, -23.417222747137334 ], [ -46.072504455373178, -23.417219539046229 ], [ -46.07250096607909, -23.417219563003989 ], [ -46.072500940118303, -23.417216342933965 ], [ -46.072499169510564, -23.417213134842793 ], [ -46.072497398902911, -23.4172099267516 ], [ -46.072493896628771, -23.417208340674186 ], [ -46.072493870668175, -23.417205120604155 ], [ -46.072492087080484, -23.417200302477855 ], [ -46.072492061119938, -23.417197082407828 ], [ -46.072492035159399, -23.417193862337786 ], [ -46.072492009198868, -23.417190642267741 ], [ -46.072491983238336, -23.417187422197703 ], [ -46.072491957277805, -23.417184202127657 ], [ -46.072491931317288, -23.417180982057612 ], [ -46.072491905356763, -23.417177761987563 ], [ -46.072491879396253, -23.417174541917515 ], [ -46.072493598082161, -23.417171309868721 ], [ -46.072495316767991, -23.417168077819898 ], [ -46.072495290807403, -23.417164857749857 ], [ -46.072495264846829, -23.417161637679804 ], [ -46.072498754139396, -23.417161613722225 ], [ -46.072498728178743, -23.417158393652173 ], [ -46.072500446864282, -23.417155161603308 ], [ -46.072502165549743, -23.417151929554425 ], [ -46.07250213958902, -23.41714870948438 ], [ -46.072502113628296, -23.417145489414327 ], [ -46.072505576959635, -23.417142245386561 ], [ -46.072507295644812, -23.417139013337636 ], [ -46.072507269683982, -23.417135793267583 ], [ -46.072507243723145, -23.417132573197527 ], [ -46.072510694073571, -23.417127719134641 ], [ -46.07251415740425, -23.417124475106704 ], [ -46.072515876089014, -23.417121243057682 ], [ -46.072519339419394, -23.417117999029639 ], [ -46.072521058103945, -23.417114766980568 ], [ -46.072522763807832, -23.417109924896458 ], [ -46.072526227137757, -23.417106680868276 ], [ -46.07252794582201, -23.417103448819137 ], [ -46.072531409151644, -23.417100204790838 ], [ -46.07253312783569, -23.417096972741646 ], [ -46.072534846519652, -23.41709374069244 ], [ -46.072538322829637, -23.41709210669902 ], [ -46.072541812120335, -23.417092082740545 ], [ -46.072545301411033, -23.417092058781989 ], [ -46.072548790701717, -23.417092034823355 ], [ -46.072552279992408, -23.417092010864646 ], [ -46.072555769283085, -23.417091986905859 ], [ -46.072559258573762, -23.417091962946994 ], [ -46.072562747864431, -23.417091938988047 ], [ -46.072566237155108, -23.41709191502903 ], [ -46.072569726445764, -23.417091891069926 ], [ -46.072573215736426, -23.417091867110752 ], [ -46.072576705027082, -23.417091843151493 ], [ -46.072580181336448, -23.41709020915717 ], [ -46.072583670627054, -23.417090185197761 ], [ -46.072587159917653, -23.417090161238274 ], [ -46.0725888786002, -23.417086929188525 ], [ -46.072592367890707, -23.417086905228917 ], [ -46.072592341927873, -23.417083685158936 ], [ -46.072595818236834, -23.417082051164279 ], [ -46.072599268582714, -23.417077197099562 ], [ -46.072602757872957, -23.417077173139742 ], [ -46.072602731909882, -23.417073953069767 ], [ -46.072604450591847, -23.417070721019858 ], [ -46.072607939881912, -23.417070697059923 ], [ -46.072609658563714, -23.417067465009961 ], [ -46.07261137724543, -23.417064232959984 ], [ -46.072613095927068, -23.417061000909978 ], [ -46.072613069963765, -23.417057780840008 ], [ -46.072616546271789, -23.417056146844921 ], [ -46.072618264953199, -23.417052914794866 ], [ -46.072619983634532, -23.417049682744807 ], [ -46.07261995767108, -23.41704646267484 ], [ -46.072619931707635, -23.417043242604869 ], [ -46.072619905744183, -23.417040022534902 ], [ -46.072619879780746, -23.417036802464935 ], [ -46.072619853817315, -23.417033582394961 ], [ -46.072619827853877, -23.417030362324986 ], [ -46.072619801890454, -23.417027142255012 ], [ -46.072623278197604, -23.417025508259787 ], [ -46.072624996878481, -23.417022276209675 ], [ -46.072624970914944, -23.417019056139715 ], [ -46.072626689595708, -23.417015824089582 ], [ -46.072630152920645, -23.417012580059232 ], [ -46.072633590281683, -23.417006115958849 ], [ -46.072633564317954, -23.417002895888878 ], [ -46.072637014660501, -23.416998041823405 ], [ -46.072640465002785, -23.416993187757871 ], [ -46.072643928326812, -23.416989943727245 ], [ -46.072645647006759, -23.41698671167692 ], [ -46.07264912331253, -23.416985077681165 ], [ -46.072654318297872, -23.416980211634932 ], [ -46.072657781621217, -23.416976967604025 ], [ -46.072661231962222, -23.416972113538062 ], [ -46.072662950641529, -23.416968881487566 ], [ -46.072666413964377, -23.416965637456475 ], [ -46.072669864304778, -23.416960783390333 ], [ -46.072673340609562, -23.416959149394074 ], [ -46.072673314644931, -23.416955929324129 ], [ -46.072676790949551, -23.416954295327791 ], [ -46.072680254271681, -23.416951051296415 ], [ -46.072680228306893, -23.416947831226469 ], [ -46.072683691628775, -23.416944587195026 ], [ -46.072685410307201, -23.416941355144303 ], [ -46.072687128985542, -23.416938123093569 ], [ -46.072688847663812, -23.416934891042814 ], [ -46.07269056634199, -23.416931658992038 ], [ -46.072690540376975, -23.41692843892211 ], [ -46.072690514411967, -23.416925218852167 ], [ -46.072690488446959, -23.416921998782225 ], [ -46.072690462481951, -23.416918778712279 ], [ -46.072688691874006, -23.416915570623157 ], [ -46.072688665909062, -23.416912350553208 ], [ -46.072688639944111, -23.416909130483265 ], [ -46.072688613979167, -23.416905910413309 ], [ -46.072688588014238, -23.416902690343356 ], [ -46.072688562049308, -23.4168994702734 ], [ -46.072688536084378, -23.416896250203447 ], [ -46.072690254762108, -23.416893018152678 ], [ -46.07269022879715, -23.416889798082721 ], [ -46.072686739511923, -23.416889822044318 ], [ -46.072684968904476, -23.416886613955128 ], [ -46.072681466636965, -23.416885027881627 ], [ -46.072677951387199, -23.416881831773043 ], [ -46.072674449119887, -23.416880245699375 ], [ -46.072672678512873, -23.416877037610014 ], [ -46.072672652548356, -23.416873817540033 ], [ -46.07267088194147, -23.416870609450658 ], [ -46.072670855977016, -23.41686738938067 ], [ -46.072670830012548, -23.416864169310678 ], [ -46.072672548690342, -23.416860937260093 ], [ -46.072672522725853, -23.416857717190112 ], [ -46.072672496761363, -23.416854497120116 ], [ -46.072672470796881, -23.416851277050124 ], [ -46.072672444832399, -23.416848056980136 ], [ -46.072672418867931, -23.416844836910144 ], [ -46.07266890361948, -23.416841640801302 ], [ -46.072668877655104, -23.41683842073131 ], [ -46.07266537538905, -23.416836834657371 ], [ -46.072665349424767, -23.416833614587361 ], [ -46.072665323460477, -23.416830394517362 ], [ -46.072661834176785, -23.416830418478344 ], [ -46.072658331911029, -23.416828832404242 ], [ -46.072656561305131, -23.416825624314654 ], [ -46.072651327379759, -23.416825660255789 ], [ -46.072649556774074, -23.416822452166109 ], [ -46.072644309866931, -23.416820878071995 ], [ -46.072640833565302, -23.416822512067522 ], [ -46.072637357263588, -23.416824146062964 ], [ -46.072633867980024, -23.416824170023322 ], [ -46.072630378696452, -23.41682419398359 ], [ -46.072626889412881, -23.416824217943784 ], [ -46.072623387147672, -23.416822631868882 ], [ -46.072618140240799, -23.41682105777388 ], [ -46.072614650957298, -23.416821081733801 ], [ -46.072611161673784, -23.416821105693646 ], [ -46.072607672390269, -23.41682112965341 ], [ -46.07260419608815, -23.416822763648135 ], [ -46.07260247740912, -23.416825995698034 ], [ -46.07259898812547, -23.416826019657602 ], [ -46.072593754199978, -23.416826055596822 ], [ -46.072588520274486, -23.41682609153586 ], [ -46.072585030990808, -23.416826115495123 ], [ -46.072579797065302, -23.416826151433877 ], [ -46.072576320762678, -23.416827785427994 ], [ -46.072572831478951, -23.41682780938698 ], [ -46.072571112799082, -23.416831041436556 ], [ -46.072567636496224, -23.416832675430499 ], [ -46.072567662458141, -23.416835895500604 ], [ -46.072564186155113, -23.416837529494465 ], [ -46.072560709851992, -23.416839163488259 ], [ -46.072557220567951, -23.416839187446914 ], [ -46.072553731283897, -23.416839211405492 ], [ -46.072548497357815, -23.416839247343212 ], [ -46.07254500807376, -23.41683927130159 ], [ -46.072541518789691, -23.416839295259898 ], [ -46.072538029505615, -23.416839319218123 ], [ -46.072532795579505, -23.416839355155318 ], [ -46.0725313103556, -23.41683936535313 ], [ -46.0725225, -23.4168625 ], [ -46.07237111, -23.41705639 ], [ -46.07227278, -23.41724167 ], [ -46.07225278, -23.41737778 ], [ -46.07230361, -23.41757472 ], [ -46.07243556, -23.41783889 ], [ -46.07249639, -23.41808278 ], [ -46.07248444, -23.41837944 ], [ -46.07257861, -23.41872139 ], [ -46.0727075, -23.4189525 ], [ -46.07274917, -23.41912167 ], [ -46.07275944, -23.41956778 ], [ -46.07256944, -23.42010444 ], [ -46.07247306, -23.42032194 ], [ -46.0723578870832, -23.42048320955189 ], [ -46.072389026020993, -23.420497266114602 ], [ -46.072889558431491, -23.420620094208193 ], [ -46.073183288739898, -23.420694666487588 ], [ -46.073541650565033, -23.420820296420487 ], [ -46.073801516060058, -23.42088376450938 ], [ -46.073801797592722, -23.420882811538483 ], [ -46.073801476033481, -23.420882665921553 ], [ -46.073800352407851, -23.420880630178633 ], [ -46.073798129901768, -23.420879623724773 ], [ -46.073798113405054, -23.420877580370121 ], [ -46.073798096908334, -23.420875537015451 ], [ -46.073798080411628, -23.420873493660796 ], [ -46.073796956786133, -23.420871457917848 ], [ -46.073796940289434, -23.420869414563182 ], [ -46.073795816663996, -23.420867378820226 ], [ -46.073795800167318, -23.420865335465557 ], [ -46.073795783670654, -23.420863292110887 ], [ -46.073795767173984, -23.420861248756225 ], [ -46.07379575067732, -23.420859205401552 ], [ -46.073797956686327, -23.4208581685008 ], [ -46.073797940189635, -23.420856125146127 ], [ -46.073799030821569, -23.42085407417974 ], [ -46.073799014324862, -23.420852030825074 ], [ -46.073798997828149, -23.420849987470415 ], [ -46.07379898133145, -23.420847944115742 ], [ -46.073798964834744, -23.420845900761073 ], [ -46.073798948338037, -23.4208438574064 ], [ -46.073798931841338, -23.420841814051734 ], [ -46.073798915344632, -23.420839770697064 ], [ -46.073800005976437, -23.420837719730667 ], [ -46.073799989479724, -23.420835676375994 ], [ -46.073802195488319, -23.420834639475196 ], [ -46.073802178991571, -23.420832596120515 ], [ -46.073802162494829, -23.420830552765853 ], [ -46.073802145998087, -23.420828509411177 ], [ -46.073803236629757, -23.420826458444761 ], [ -46.073803211884631, -23.42082339341275 ], [ -46.073804302516237, -23.420821342446335 ], [ -46.073804286019474, -23.420819299091665 ], [ -46.073806492027764, -23.420818262190814 ], [ -46.073807582659292, -23.42081621122437 ], [ -46.073808673290777, -23.420814160257923 ], [ -46.073811986427245, -23.420813115745208 ], [ -46.073811969930361, -23.420811072390538 ], [ -46.073813060561747, -23.420809021424056 ], [ -46.073814142944642, -23.420805948780234 ], [ -46.073816348952633, -23.420804911879252 ], [ -46.073817439583898, -23.420802860912747 ], [ -46.073817423086943, -23.420800817558078 ], [ -46.073818513718166, -23.42079876659157 ], [ -46.073820719726001, -23.420797729690527 ], [ -46.073821810357146, -23.420795678723991 ], [ -46.073821793860127, -23.420793635369325 ], [ -46.073822884491229, -23.420791584402792 ], [ -46.073822867994203, -23.420789541048123 ], [ -46.073825074001853, -23.42078850414703 ], [ -46.073825057504791, -23.42078646079236 ], [ -46.07382614813578, -23.420784409825799 ], [ -46.073827238766739, -23.420782358859231 ], [ -46.073828329397664, -23.420780307892656 ], [ -46.073830527156552, -23.420778249314157 ], [ -46.073830510659413, -23.420776205959491 ], [ -46.073830494162287, -23.420774162604818 ], [ -46.073831584793098, -23.420772111638229 ], [ -46.073831568295951, -23.420770068283559 ], [ -46.073832658926712, -23.420768017316956 ], [ -46.073833749557451, -23.420765966350345 ], [ -46.073834840188148, -23.420763915383745 ], [ -46.073835930818817, -23.42076186441712 ], [ -46.073837021449449, -23.420759813450495 ], [ -46.073838112080054, -23.420757762483856 ], [ -46.073839202710616, -23.420755711517213 ], [ -46.073839186213362, -23.420753668162547 ], [ -46.073841400468936, -23.420753652938572 ], [ -46.073843606475855, -23.420752616037237 ], [ -46.073845820731407, -23.420752600813202 ], [ -46.0738466840996, -23.420752594877136 ], [ -46.073848034986959, -23.420752585589135 ], [ -46.073850240993799, -23.420751548687708 ], [ -46.073852447000597, -23.420750511786245 ], [ -46.073854653007373, -23.420749474884765 ], [ -46.073856867262862, -23.42074945966057 ], [ -46.073859073269581, -23.420748422759026 ], [ -46.073861287525055, -23.42074840753477 ], [ -46.073863493531711, -23.420747370633162 ], [ -46.073865707787164, -23.420747355408842 ], [ -46.073865691289512, -23.420745312054201 ], [ -46.073865674791861, -23.420743268699542 ], [ -46.073867889047243, -23.420743253475205 ], [ -46.073867872549563, -23.42074121012055 ], [ -46.073870078556048, -23.420740173218853 ], [ -46.073870062058333, -23.420738129864201 ], [ -46.073870045560625, -23.420736086509564 ], [ -46.073870927963192, -23.420735671748879 ], [ -46.073870029062917, -23.420734043154901 ], [ -46.073869996067508, -23.420729956445598 ], [ -46.073867748817008, -23.42072588496066 ], [ -46.073869930076704, -23.420721783026991 ], [ -46.073872111336264, -23.42071768109329 ], [ -46.073876539846161, -23.420717650644423 ], [ -46.073876506850581, -23.420713563935124 ], [ -46.073878688109808, -23.420709462001341 ], [ -46.073883116619427, -23.420709431552297 ], [ -46.07388528138047, -23.42070328626378 ], [ -46.073885248384634, -23.420699199554484 ], [ -46.073885215388813, -23.420695112845184 ], [ -46.073885182392992, -23.420691026135884 ], [ -46.073885149397185, -23.420686939426577 ], [ -46.073885116401385, -23.42068285271727 ], [ -46.07388729765988, -23.420678750783377 ], [ -46.073887248166095, -23.420672620719419 ], [ -46.073893874430631, -23.42067053169086 ], [ -46.07389384143459, -23.420666444981553 ], [ -46.073896022692566, -23.420662343047557 ], [ -46.073898203950414, -23.420658241113525 ], [ -46.073902599462002, -23.420654123954691 ], [ -46.073902566465712, -23.420650037245395 ], [ -46.073902533469436, -23.420645950536088 ], [ -46.073900286219491, -23.420641879051555 ], [ -46.07389587421018, -23.420643952855659 ], [ -46.073898055467758, -23.420639850921635 ], [ -46.073900236725201, -23.420635748987586 ], [ -46.073900203729018, -23.420631662278275 ], [ -46.073900170732841, -23.420627575568957 ], [ -46.073900137736665, -23.42062348885964 ], [ -46.073900104740503, -23.420619402150319 ], [ -46.073900071744347, -23.420615315440983 ], [ -46.073897824495042, -23.42061124395638 ], [ -46.073895577245871, -23.42060717247174 ], [ -46.073893329996849, -23.420603100987051 ], [ -46.073891082747963, -23.420599029502323 ], [ -46.073886637744174, -23.420597016596783 ], [ -46.073882176242741, -23.420592960336428 ], [ -46.073882143247175, -23.420588873627064 ], [ -46.073877698243862, -23.420586860721247 ], [ -46.073877665248446, -23.42058277401188 ], [ -46.073875418000405, -23.420578702526893 ], [ -46.073875385005067, -23.420574615817518 ], [ -46.073873137757246, -23.420570544332474 ], [ -46.073868692754679, -23.420568531426365 ], [ -46.073868659759569, -23.42056444471698 ], [ -46.073868626764465, -23.420560358007585 ], [ -46.073866379517099, -23.420556286522427 ], [ -46.073866346522081, -23.420552199813017 ], [ -46.07386631352707, -23.420548113103624 ], [ -46.073866280532066, -23.420544026394214 ], [ -46.073866247537069, -23.420539939684812 ], [ -46.073866214542072, -23.420535852975402 ], [ -46.073863967295232, -23.42053178149018 ], [ -46.073862763966893, -23.420529601340796 ], [ -46.073861720048527, -23.420527710004912 ], [ -46.0738616870537, -23.420523623295495 ], [ -46.073861654058874, -23.420519536586074 ], [ -46.073861621064054, -23.420515449876643 ], [ -46.073863802320766, -23.420511347943066 ], [ -46.073865846292243, -23.420507504179191 ], [ -46.073865983577356, -23.420507246009468 ], [ -46.073865978036338, -23.420506559706872 ], [ -46.073865950582423, -23.42050315930004 ], [ -46.073866630785588, -23.420501880152766 ], [ -46.073868131838822, -23.420499057366406 ], [ -46.073870313095085, -23.420494955432762 ], [ -46.073870280100031, -23.420490868723338 ], [ -46.073874692104802, -23.42048879492009 ], [ -46.073874659109634, -23.420484708210658 ], [ -46.073879071114121, -23.420482634407296 ], [ -46.073881252369794, -23.420478532473499 ], [ -46.073881219374442, -23.420474445764075 ], [ -46.073885631378481, -23.420472371960543 ], [ -46.073885598383008, -23.420468285251122 ], [ -46.073887779638255, -23.420464183317257 ], [ -46.073887746642718, -23.420460096607826 ], [ -46.073892158646196, -23.42045802280413 ], [ -46.073892125650538, -23.420453936094709 ], [ -46.073892092654887, -23.420449849385289 ], [ -46.073896488160067, -23.420445732226764 ], [ -46.073898669414632, -23.420441630292746 ], [ -46.073896422168531, -23.420437558807933 ], [ -46.073896389172774, -23.420433472098509 ], [ -46.073896356177023, -23.420429385389085 ], [ -46.07389632318128, -23.420425298679653 ], [ -46.073896290185552, -23.420421211970218 ], [ -46.073896257189823, -23.420417125260787 ], [ -46.073891812192166, -23.420415112355126 ], [ -46.073891779196593, -23.420411025645684 ], [ -46.073887350696921, -23.420411056094608 ], [ -46.073886960164351, -23.420410879242915 ], [ -46.073882905699598, -23.420409043188688 ], [ -46.073878460702396, -23.420407030282625 ], [ -46.073876213457531, -23.420402958797446 ], [ -46.073876180462449, -23.420398872087976 ], [ -46.073876147467374, -23.420394785378509 ], [ -46.073876114472313, -23.420390698669031 ], [ -46.073876081477252, -23.420386611959554 ], [ -46.073878262731569, -23.420382510025803 ], [ -46.073878229736465, -23.420378423316336 ], [ -46.07388041099059, -23.42037432138256 ], [ -46.073882592244587, -23.420370219448763 ], [ -46.073882559249363, -23.420366132739286 ], [ -46.073884740503168, -23.420362030805464 ], [ -46.073889152503504, -23.420359957001935 ], [ -46.073893564503692, -23.420357883198282 ], [ -46.073895745757035, -23.420353781264325 ], [ -46.073900174254774, -23.420353750815231 ], [ -46.073900141259045, -23.420349664105768 ], [ -46.073902322512048, -23.420345562171718 ], [ -46.073906734511553, -23.420343488367717 ], [ -46.07390891576425, -23.420339386433582 ], [ -46.073908882768265, -23.420335299724119 ], [ -46.073911064020784, -23.420331197789963 ], [ -46.073911031024743, -23.4203271110805 ], [ -46.073910998028715, -23.420323024371047 ], [ -46.073910965032695, -23.42031893766158 ], [ -46.073912365952374, -23.420318279176989 ], [ -46.073915377031184, -23.420316863857373 ], [ -46.073917541785114, -23.420310718568395 ], [ -46.073917508788909, -23.420306631858935 ], [ -46.073917475792712, -23.420302545149472 ], [ -46.073919657044463, -23.420298443215202 ], [ -46.073919624048209, -23.420294356505746 ], [ -46.073919591051968, -23.420290269796276 ], [ -46.073917343807992, -23.420286198311601 ], [ -46.073917310811837, -23.420282111602127 ], [ -46.073915063568087, -23.42027804011741 ], [ -46.073912816324473, -23.42027396863265 ], [ -46.073910569081001, -23.420269897147843 ], [ -46.073908321837671, -23.420265825663016 ], [ -46.073908288841821, -23.420261738953513 ], [ -46.073906041598711, -23.420257667468633 ], [ -46.073903794355743, -23.420253595983716 ], [ -46.073901547112911, -23.42024952449875 ], [ -46.073899299870227, -23.420245453013752 ], [ -46.073899266874683, -23.420241366304229 ], [ -46.073899233879153, -23.420237279594719 ], [ -46.073901415130493, -23.420233177660684 ], [ -46.073901382134906, -23.420229090951164 ], [ -46.073901349139327, -23.42022500424164 ], [ -46.073901316143754, -23.420220917532106 ], [ -46.073901283148189, -23.420216830822579 ], [ -46.073901268563453, -23.420215024409849 ], [ -46.07390125015263, -23.420212744113041 ], [ -46.073901217157086, -23.420208657403517 ], [ -46.073901184161542, -23.420204570693976 ], [ -46.073901151166012, -23.420200483984445 ], [ -46.073903332416734, -23.420196382050388 ], [ -46.073905513667327, -23.420192280116307 ], [ -46.073907694917793, -23.420188178182197 ], [ -46.073907661922085, -23.420184091472667 ], [ -46.073909843172359, -23.420179989538536 ], [ -46.073909810176595, -23.420175902828991 ], [ -46.073914222170458, -23.420173829024957 ], [ -46.07391640342037, -23.420169727090737 ], [ -46.073918255423763, -23.420166244318541 ], [ -46.073918584670153, -23.420165625156489 ], [ -46.073922996663534, -23.420163551352214 ], [ -46.073927425154913, -23.420163520902587 ], [ -46.073929606404256, -23.420159418968197 ], [ -46.073934034895487, -23.420159388518382 ], [ -46.073938430390101, -23.42015527135894 ], [ -46.073942825884444, -23.420151154199374 ], [ -46.073945007133119, -23.420147052264788 ], [ -46.073944974136325, -23.420142965555282 ], [ -46.073944941139544, -23.420138878845769 ], [ -46.073944908142764, -23.420134792136249 ], [ -46.073947089391133, -23.420130690201642 ], [ -46.073949270639361, -23.420126588267017 ], [ -46.073951451887453, -23.420122486332353 ], [ -46.073953633135424, -23.420118384397661 ], [ -46.073953600138417, -23.420114297688144 ], [ -46.073958012129538, -23.42011222388296 ], [ -46.073962424120516, -23.420110150077637 ], [ -46.073962391123253, -23.420106063368131 ], [ -46.073966819612664, -23.420106032917456 ], [ -46.073971248102062, -23.420106002466653 ], [ -46.073975676591445, -23.420105972015715 ], [ -46.073980105080835, -23.420105941564671 ], [ -46.073984533570211, -23.420105911113485 ], [ -46.07398896205958, -23.420105880662184 ], [ -46.073993390548942, -23.420105850210749 ], [ -46.073997819038297, -23.420105819759193 ], [ -46.074002247527645, -23.42010578930751 ], [ -46.074006692516299, -23.420107802210428 ], [ -46.074013335250392, -23.42010775653247 ], [ -46.074017780239267, -23.420109769435065 ], [ -46.074022225228276, -23.420111782337528 ], [ -46.07402665371778, -23.420111751885141 ], [ -46.074031082207284, -23.420111721432637 ], [ -46.074035510696774, -23.420111690980008 ], [ -46.074039939186264, -23.420111660527247 ], [ -46.07404435117585, -23.420109586719661 ], [ -46.074048779665254, -23.420109556266652 ], [ -46.074055405899287, -23.420107467232228 ], [ -46.074059817888475, -23.420105393424219 ], [ -46.074064246377716, -23.420105362970776 ], [ -46.074066427621879, -23.420101261034642 ], [ -46.07406639462144, -23.420097174325274 ], [ -46.074070806610109, -23.420095100516978 ], [ -46.074070773609527, -23.420091013807607 ], [ -46.074072954853271, -23.42008691187139 ], [ -46.074075136096887, -23.420082809935145 ], [ -46.074077317340361, -23.420078707998865 ], [ -46.074077284339623, -23.420074621289501 ], [ -46.074081696327376, -23.420072547480924 ], [ -46.074083877570494, -23.420068445544576 ], [ -46.074083844569564, -23.420064358835212 ], [ -46.074088273057406, -23.420064328381137 ], [ -46.07409045430019, -23.420060226444697 ], [ -46.074092635542854, -23.420056124508232 ], [ -46.074097064030404, -23.420056094053923 ], [ -46.074099245272798, -23.420051992117362 ], [ -46.07410142651505, -23.420047890180786 ], [ -46.074103607757181, -23.420043788244175 ], [ -46.074108019743491, -23.420041714434902 ], [ -46.074110200985317, -23.420037612498216 ], [ -46.074110167983626, -23.420033525788863 ], [ -46.074114579969489, -23.420031451979415 ], [ -46.07411899195521, -23.420029378169851 ], [ -46.074118958953264, -23.420025291460508 ], [ -46.074123370938715, -23.420023217650822 ], [ -46.074127782924023, -23.420021143841023 ], [ -46.074127749921814, -23.420017057131687 ], [ -46.07412771691962, -23.420012970422363 ], [ -46.074127683917425, -23.420008883713027 ], [ -46.074125436672347, -23.420004812231266 ], [ -46.074123189427404, -23.420000740749458 ], [ -46.074120942182596, -23.419996669267615 ], [ -46.074118694937937, -23.419992597785729 ], [ -46.074118661936055, -23.419988511076369 ], [ -46.074114216949916, -23.419986498176527 ], [ -46.074114183948183, -23.419982411467167 ], [ -46.074109755463098, -23.419982441921874 ], [ -46.074109722461515, -23.419978355212503 ], [ -46.074109689459924, -23.419974268503122 ], [ -46.074103046732702, -23.41997431418493 ], [ -46.074100782988339, -23.419968199348045 ], [ -46.074091909518579, -23.41996621690183 ], [ -46.074087431532682, -23.419960117291762 ], [ -46.074082986547943, -23.419958104390968 ], [ -46.074078508562735, -23.419952004780619 ], [ -46.074074063578394, -23.419949991879559 ], [ -46.074069618594187, -23.419947978978364 ], [ -46.074065157110027, -23.419943922722307 ], [ -46.074060712126141, -23.419941909820849 ], [ -46.074056267142396, -23.419939896919253 ], [ -46.074054019900707, -23.419935825436308 ], [ -46.074049591417094, -23.419935855889243 ], [ -46.074045162933473, -23.419935886342063 ], [ -46.074040734449852, -23.419935916794749 ], [ -46.07403630596621, -23.419935947247321 ], [ -46.074031877482568, -23.419935977699762 ], [ -46.074027465498418, -23.419938051506829 ], [ -46.074023037014683, -23.419938081959021 ], [ -46.074018608530956, -23.419938112411089 ], [ -46.074014180047214, -23.419938142863028 ], [ -46.074009751563466, -23.41993817331484 ], [ -46.07400532307971, -23.419938203766527 ], [ -46.074000878096854, -23.419936190863325 ], [ -46.073996433114132, -23.419934177959984 ], [ -46.07399200463049, -23.419934208411298 ], [ -46.073987576146841, -23.419934238862478 ], [ -46.073983147663185, -23.419934269313536 ], [ -46.073978719179522, -23.419934299764464 ], [ -46.073974290695844, -23.41993433021527 ], [ -46.073967647970321, -23.419934375891245 ], [ -46.073963219486629, -23.419934406341739 ], [ -46.073958791002937, -23.419934436792104 ], [ -46.073952148277371, -23.419934482467415 ], [ -46.073947719793658, -23.419934512917468 ], [ -46.073943291309931, -23.4199345433674 ], [ -46.073938829829935, -23.419930487107571 ], [ -46.073934384848265, -23.419928474202425 ], [ -46.07392993986673, -23.419926461297141 ], [ -46.073925478387409, -23.419922405036907 ], [ -46.073921016908358, -23.419918348776527 ], [ -46.073920983912664, -23.419914262066868 ], [ -46.073916522434025, -23.419910205806339 ], [ -46.073912077453357, -23.419908192900511 ], [ -46.073912044457963, -23.419904106190835 ], [ -46.073908771734409, -23.419902624140498 ], [ -46.073907599477565, -23.419902093284872 ], [ -46.073903170994861, -23.419902123733614 ], [ -46.073898726014654, -23.419900110827403 ], [ -46.073898693019679, -23.419896024117701 ], [ -46.073894231542326, -23.419891967856479 ], [ -46.073894198547499, -23.419887881146764 ], [ -46.07388977006525, -23.419887911595115 ], [ -46.073887522829509, -23.41988384010952 ], [ -46.073885275593902, -23.419879768623893 ], [ -46.073880830614712, -23.419877755717106 ], [ -46.073878583379418, -23.419873684231369 ], [ -46.073878550385103, -23.419869597521632 ], [ -46.073878517390789, -23.419865510811885 ], [ -46.073878484396488, -23.419861424102141 ], [ -46.073878451402194, -23.41985733739239 ], [ -46.073878418407901, -23.419853250682639 ], [ -46.073878385413622, -23.419849163972888 ], [ -46.073878352419349, -23.41984507726314 ], [ -46.073878319425084, -23.419840990553375 ], [ -46.073882714911399, -23.419836873395656 ], [ -46.073884896157217, -23.41983277146187 ], [ -46.073887077402915, -23.419828669528062 ], [ -46.073889258648485, -23.419824567594222 ], [ -46.07389143989392, -23.419820465660354 ], [ -46.073895851876536, -23.419818391857167 ], [ -46.073895818881773, -23.419814305147426 ], [ -46.073900247361571, -23.419814274698989 ], [ -46.073904659343839, -23.41981220089556 ], [ -46.073904609851304, -23.419806070830951 ], [ -46.073909021833238, -23.419803997027408 ], [ -46.073910714923237, -23.419800813091104 ], [ -46.073911203077742, -23.419799895093288 ], [ -46.073913384322111, -23.419795793159143 ], [ -46.073913351326851, -23.419791706449406 ], [ -46.073913318331591, -23.419787619739676 ], [ -46.073913285336346, -23.419783533029936 ], [ -46.073913252341107, -23.419779446320195 ], [ -46.073913219345862, -23.419775359610448 ], [ -46.073913186350637, -23.4197712729007 ], [ -46.07391315335542, -23.419767186190949 ], [ -46.073915334599235, -23.419763084256786 ], [ -46.073915285106331, -23.41975695419216 ], [ -46.073919713584189, -23.41975692374324 ], [ -46.073919680588787, -23.419752837033492 ], [ -46.073919647593399, -23.419748750323748 ], [ -46.073924059573208, -23.419746676519846 ], [ -46.0739240265777, -23.419742589810099 ], [ -46.073926207820804, -23.41973848787579 ], [ -46.073930636298023, -23.419738457426586 ], [ -46.073930603302323, -23.419734370716846 ], [ -46.073930570306629, -23.419730284007109 ], [ -46.073928323072536, -23.419726212521962 ], [ -46.073928290076921, -23.419722125812214 ], [ -46.073926042843034, -23.419718054327028 ], [ -46.073926009847511, -23.41971396761727 ], [ -46.073925976851989, -23.419709880907504 ], [ -46.073925943856473, -23.419705794197739 ], [ -46.073923696622963, -23.419701722712507 ], [ -46.073923693846709, -23.419701378854558 ], [ -46.073923663627532, -23.419697636002741 ], [ -46.073923630632102, -23.419693549292962 ], [ -46.073923597636686, -23.419689462583186 ], [ -46.073923564641277, -23.41968537587341 ], [ -46.073925729385799, -23.419679230584226 ], [ -46.07392569639034, -23.41967514387445 ], [ -46.073927877632386, -23.419671041940134 ], [ -46.07392784463687, -23.419666955230348 ], [ -46.07393002587871, -23.419662853296 ], [ -46.073934454353413, -23.419662822846785 ], [ -46.073934421357713, -23.419658736137006 ], [ -46.073938816836439, -23.419654618977891 ], [ -46.073938783840617, -23.419650532268115 ], [ -46.073940965081867, -23.419646430333636 ], [ -46.073943146322989, -23.419642328399121 ], [ -46.073947558298954, -23.419640254594668 ], [ -46.073947525302884, -23.419636167884899 ], [ -46.073951937278572, -23.419634094080333 ], [ -46.073956365752288, -23.419634063630529 ], [ -46.073960794225982, -23.4196340331806 ], [ -46.073967436936528, -23.41963398750547 ], [ -46.073974079647044, -23.41963394183006 ], [ -46.073978508120724, -23.419633911379623 ], [ -46.073982936594383, -23.419633880929066 ], [ -46.073987398065334, -23.419637937188103 ], [ -46.073991843037831, -23.41963995009214 ], [ -46.073995087266418, -23.419641419239657 ], [ -46.07399628801047, -23.419641962996053 ], [ -46.07400071648437, -23.41964193254498 ], [ -46.074005177956117, -23.419645988803474 ], [ -46.074009606430153, -23.419645958352145 ], [ -46.074014067902297, -23.419650014610358 ], [ -46.074018496376446, -23.419649984158774 ], [ -46.074022924850595, -23.419649953707069 ], [ -46.074027369823995, -23.419651966610054 ], [ -46.074031814797536, -23.419653979512919 ], [ -46.074036259771198, -23.419655992415645 ], [ -46.074040704744988, -23.419658005318244 ], [ -46.074045133219371, -23.419657974865896 ], [ -46.074051775930926, -23.419657929187135 ], [ -46.074054023167477, -23.419662000670435 ], [ -46.074058468141722, -23.419664013572508 ], [ -46.074062913116101, -23.419666026474445 ], [ -46.074069572327943, -23.419668024149711 ], [ -46.074074017302614, -23.419670037051318 ], [ -46.074080676514811, -23.419672034726101 ], [ -46.074085104989599, -23.419672004272602 ], [ -46.074089533464374, -23.419671973818975 ], [ -46.07409394543884, -23.41966990001044 ], [ -46.074098373913529, -23.419669869556561 ], [ -46.074102785887774, -23.419667795747795 ], [ -46.074107214362392, -23.419667765293671 ], [ -46.074109395598612, -23.419663663357021 ], [ -46.074113807572466, -23.41966158954795 ], [ -46.074115988808387, -23.419657487611218 ], [ -46.074115955807116, -23.419653400901677 ], [ -46.074115922805852, -23.419649314192139 ], [ -46.074118104041517, -23.419645212255386 ], [ -46.074120285277047, -23.419641110318601 ], [ -46.074120252275677, -23.419637023609063 ], [ -46.074122433511022, -23.41963292167225 ], [ -46.074126828982877, -23.419628804508076 ], [ -46.074129010217895, -23.419624702571177 ], [ -46.074133438691035, -23.419624672116363 ], [ -46.074133405689274, -23.419620585406836 ], [ -46.074137834162279, -23.419620554951905 ], [ -46.074142229633246, -23.419616437787333 ], [ -46.074142196631229, -23.419612351077809 ], [ -46.074144377865515, -23.419608249140715 ], [ -46.074148789836983, -23.419606175330728 ], [ -46.074148756834788, -23.419602088621208 ], [ -46.074153168805978, -23.419600014811106 ], [ -46.074153135803662, -23.41959592810159 ], [ -46.074155300536162, -23.419589782809599 ], [ -46.07415526753379, -23.419585696100089 ], [ -46.074159679504341, -23.419583622289821 ], [ -46.074159646501847, -23.419579535580301 ], [ -46.074164041970818, -23.419575418415164 ], [ -46.074166223203854, -23.419571316477793 ], [ -46.074170618672348, -23.419567199312482 ], [ -46.074172799905064, -23.419563097375029 ], [ -46.074172766902194, -23.419559010665527 ], [ -46.074179393106995, -23.419556921626761 ], [ -46.074183805076203, -23.41955484781586 ], [ -46.074185986308308, -23.419550745878237 ], [ -46.074190381775516, -23.419546628712407 ], [ -46.074194793744212, -23.419544554901204 ], [ -46.074194760740696, -23.419540468191713 ], [ -46.074196941972247, -23.419536366253954 ], [ -46.074199123203663, -23.419532264316167 ], [ -46.0742012879331, -23.419526119023612 ], [ -46.074203469164225, -23.419522017085772 ], [ -46.074203436160481, -23.41951793037628 ], [ -46.074203403156744, -23.419513843666788 ], [ -46.074201155918409, -23.419509772185634 ], [ -46.074198908680216, -23.419505700704448 ], [ -46.074196661442173, -23.41950162922322 ], [ -46.074196628438663, -23.41949754251371 ], [ -46.074194381200833, -23.419493471032439 ], [ -46.074192117461465, -23.419487356196363 ], [ -46.074185441755603, -23.419483315171242 ], [ -46.074181013287244, -23.419483345627356 ], [ -46.074176584818879, -23.419483376083349 ], [ -46.074172156350507, -23.419483406539211 ], [ -46.074167744383423, -23.419485480349728 ], [ -46.074163332416198, -23.419487554160124 ], [ -46.074163365418656, -23.419491640869687 ], [ -46.074163398421128, -23.419495727579239 ], [ -46.07416784339123, -23.419497740478388 ], [ -46.074163414922367, -23.419497770934022 ], [ -46.074158986453497, -23.419497801389532 ], [ -46.074145701046838, -23.419497892755299 ], [ -46.074136844109027, -23.419497953665186 ], [ -46.074123558702254, -23.419498045029076 ], [ -46.074114701764373, -23.419498105937706 ], [ -46.074101416357486, -23.419498197299706 ], [ -46.07409698788851, -23.419498227753458 ], [ -46.074088114450454, -23.419496245305758 ], [ -46.074083669481517, -23.41949423240429 ], [ -46.07407924101264, -23.419494262857537 ], [ -46.074079208012762, -23.419490176147871 ], [ -46.074079175012884, -23.419486089438195 ], [ -46.074074746544277, -23.4194861198913 ], [ -46.074070285076068, -23.41948206363459 ], [ -46.07406582360813, -23.419478007377741 ], [ -46.074061378640124, -23.419475994475611 ], [ -46.074056933672239, -23.419473981573347 ], [ -46.074052472204968, -23.41946992531609 ], [ -46.074048043736866, -23.419469955768417 ], [ -46.074047969999683, -23.419469888728358 ], [ -46.074043582270001, -23.419465899510886 ], [ -46.074039153802019, -23.419465929962961 ], [ -46.074034725334023, -23.419465960414907 ], [ -46.074034692335552, -23.41946187370516 ], [ -46.074030247368526, -23.419459860802096 ], [ -46.074028000136366, -23.419455789318196 ], [ -46.074025736405268, -23.419449674479374 ], [ -46.074023456175333, -23.41944151628563 ], [ -46.074023423177245, -23.419437429575858 ], [ -46.074023390179164, -23.419433342866078 ], [ -46.074023357181098, -23.419429256156299 ], [ -46.074023324183031, -23.419425169446527 ], [ -46.074023291184972, -23.419421082736736 ], [ -46.074023258186919, -23.419416996026964 ], [ -46.074023225188881, -23.419412909317174 ], [ -46.0740254064239, -23.419408807381629 ], [ -46.074025373425805, -23.419404720671839 ], [ -46.074025340427724, -23.419400633962045 ], [ -46.074025307429636, -23.419396547252255 ], [ -46.07402527443157, -23.419392460542458 ], [ -46.074025241433496, -23.419388373832664 ], [ -46.074025208435437, -23.419384287122867 ], [ -46.074025175437399, -23.419380200413066 ], [ -46.074029570904365, -23.419376083251695 ], [ -46.07403175213863, -23.419371981316072 ], [ -46.074036131105949, -23.419365820799637 ], [ -46.074040543071355, -23.419363746992875 ], [ -46.074042683139517, -23.419362741072007 ], [ -46.074044955036626, -23.41936167318601 ], [ -46.074049367001749, -23.419359599379003 ], [ -46.074053795466185, -23.419359568926772 ], [ -46.074055976699441, -23.419355466990833 ], [ -46.074060388664179, -23.419353393183538 ], [ -46.074060355665097, -23.419349306473766 ], [ -46.074064767629558, -23.419347232666354 ], [ -46.074066948862281, -23.419343130730276 ], [ -46.074069130094877, -23.419339028794177 ], [ -46.074069097095553, -23.419334942084422 ], [ -46.074071278327956, -23.419330840148291 ], [ -46.074071245328568, -23.419326753438522 ], [ -46.074068998097609, -23.419322681955105 ], [ -46.074068965098306, -23.419318595245333 ], [ -46.074068932099017, -23.419314508535553 ], [ -46.074068899099736, -23.41931042182577 ], [ -46.074064454137392, -23.419308408923477 ], [ -46.074062206906966, -23.419304337439947 ], [ -46.074059959676688, -23.419300265956362 ], [ -46.074059926677698, -23.419296179246569 ], [ -46.074055481715966, -23.419294166343992 ], [ -46.074055448717132, -23.419290079634184 ], [ -46.074051003755663, -23.419288066731472 ], [ -46.074050970756979, -23.41928398002165 ], [ -46.074050937758294, -23.419279893311831 ], [ -46.074050888260281, -23.419273763247102 ], [ -46.074050855261618, -23.419269676537279 ], [ -46.074050822262961, -23.419265589827457 ], [ -46.074050789264305, -23.419261503117625 ], [ -46.07405075626567, -23.419257416407795 ], [ -46.074050723267035, -23.419253329697955 ], [ -46.0740506902684, -23.41924924298813 ], [ -46.074050657269787, -23.419245156278294 ], [ -46.074050624271166, -23.419241069568454 ], [ -46.074050591272567, -23.41923698285861 ], [ -46.074054970234819, -23.419230822341735 ], [ -46.074057118467309, -23.419222633695952 ], [ -46.074057085468539, -23.419218546986116 ], [ -46.074057052469762, -23.419214460276272 ], [ -46.07405923370073, -23.419210358340305 ], [ -46.074059184202504, -23.419204228275539 ], [ -46.074061365433252, -23.419200126339543 ], [ -46.074063546663858, -23.419196024403526 ], [ -46.074063513664932, -23.419191937693682 ], [ -46.074063480666005, -23.419187850983835 ], [ -46.074063447667093, -23.419183764273978 ], [ -46.074059002709141, -23.41918175137134 ], [ -46.074058953210994, -23.419175621306547 ], [ -46.074056705983153, -23.419171549822767 ], [ -46.074054458755455, -23.419167478338952 ], [ -46.074050013798178, -23.419165465436038 ], [ -46.074049980799714, -23.419161378726152 ], [ -46.074049947801257, -23.419157292016266 ], [ -46.07404770057402, -23.419153220532326 ], [ -46.074045453346926, -23.419149149048348 ], [ -46.074045420348625, -23.419145062338451 ], [ -46.074043173121751, -23.419140990854434 ], [ -46.074038744664584, -23.419141021306093 ], [ -46.074038711666496, -23.419136934596192 ], [ -46.074038678668423, -23.419132847886278 ], [ -46.074038645670356, -23.419128761176367 ], [ -46.074040826900607, -23.419124659240641 ], [ -46.074040793902491, -23.419120572530726 ], [ -46.074045205859846, -23.419118498724078 ], [ -46.074045172861609, -23.419114412014164 ], [ -46.074045139863365, -23.419110325304242 ], [ -46.07404732109314, -23.419106223368448 ], [ -46.074047288094846, -23.419102136658537 ], [ -46.074051700051498, -23.419100062851722 ], [ -46.074051667053084, -23.419095976141808 ], [ -46.074049419826913, -23.419091904657822 ], [ -46.074047172600885, -23.419087833173805 ], [ -46.074044925374999, -23.419083761689741 ], [ -46.074044892376826, -23.419079674979823 ], [ -46.074042645151152, -23.41907560349572 ], [ -46.074038200197172, -23.419073590592312 ], [ -46.074033771742236, -23.419073621043747 ], [ -46.074029343287307, -23.419073651495065 ], [ -46.074024898333576, -23.419071638591269 ], [ -46.074018255651239, -23.419071684267813 ], [ -46.074013827196346, -23.41907171471869 ], [ -46.074007184513981, -23.419071760394758 ], [ -46.074002756059059, -23.419071790845315 ], [ -46.073998327604137, -23.419071821295745 ], [ -46.073993899149208, -23.419071851746054 ], [ -46.073989470694272, -23.419071882196235 ], [ -46.073985042239322, -23.419071912646288 ], [ -46.073980613784364, -23.419071943096224 ], [ -46.0739761853294, -23.419071973546028 ], [ -46.073971740376479, -23.419069960640687 ], [ -46.073967295423671, -23.419067947735215 ], [ -46.073962850471013, -23.419065934829607 ], [ -46.073960603248054, -23.419061863344218 ], [ -46.073956174793395, -23.419061893793444 ], [ -46.073956141797971, -23.41905780708338 ], [ -46.073956108802562, -23.41905372037332 ], [ -46.073956075807153, -23.419049633663253 ], [ -46.073956042811758, -23.419045546953189 ], [ -46.073953795589375, -23.419041475467662 ], [ -46.073953762594059, -23.419037388757591 ], [ -46.073949301145035, -23.419033332496507 ], [ -46.073947053923078, -23.419029261010863 ], [ -46.07394259247453, -23.419025204749573 ], [ -46.07393813102626, -23.419021148488138 ], [ -46.073935883804857, -23.419017077002312 ], [ -46.073931438854366, -23.419015064095724 ], [ -46.073926993904003, -23.419013051189001 ], [ -46.073926960909546, -23.419008964478866 ], [ -46.073922532456606, -23.419008994927079 ], [ -46.0739202852359, -23.419004923440994 ], [ -46.073918038015321, -23.41900085195487 ], [ -46.073913593065633, -23.418998839047742 ], [ -46.073909164612999, -23.418998869495557 ], [ -46.073909131619125, -23.418994782785408 ], [ -46.073904686669763, -23.418992769878006 ], [ -46.073900258217321, -23.418992800325558 ], [ -46.073894621672054, -23.41899110942008 ], [ -46.073893599041952, -23.418990802641567 ], [ -46.073889154092946, -23.41898878973371 ], [ -46.07388470914406, -23.418986776825722 ], [ -46.07388026419531, -23.418984763917603 ], [ -46.073875835743102, -23.418984794364452 ], [ -46.073871390794537, -23.418982781456076 ], [ -46.073866945846099, -23.418980768547559 ], [ -46.073862500897803, -23.418978755638921 ], [ -46.073858072445766, -23.418978786085262 ], [ -46.073853643993736, -23.418978816531478 ], [ -46.073849215541685, -23.41897884697757 ], [ -46.073844787089634, -23.418978877423537 ], [ -46.073840358637568, -23.418978907869374 ], [ -46.073835913689699, -23.418976894959954 ], [ -46.073831468741965, -23.418974882050403 ], [ -46.073827023794358, -23.41897286914072 ], [ -46.07382257884688, -23.418970856230906 ], [ -46.073818133899529, -23.418968843320968 ], [ -46.073813688952313, -23.418966830410888 ], [ -46.073809227509848, -23.418962774145516 ], [ -46.073804782562959, -23.418960761235176 ], [ -46.073800354111448, -23.418960791679858 ], [ -46.07380032112097, -23.418956704969538 ], [ -46.07379589266958, -23.418956735414088 ], [ -46.073795859679251, -23.418952648703751 ], [ -46.073791431227995, -23.418952679148177 ], [ -46.073786986281696, -23.418950666237297 ], [ -46.073778079894616, -23.418944597059966 ], [ -46.073773651443595, -23.418944627503873 ], [ -46.073769222992574, -23.418944657947652 ], [ -46.073764778046858, -23.418942645036115 ], [ -46.073760349595887, -23.418942675479645 ], [ -46.073755921144908, -23.418942705923044 ], [ -46.07375588815583, -23.418938619212661 ], [ -46.07375145970498, -23.418938649655928 ], [ -46.073749212490675, -23.418934578167118 ], [ -46.073747999164098, -23.418932379869492 ], [ -46.07374696527652, -23.418930506678258 ], [ -46.073742503837273, -23.418926450410851 ], [ -46.073742470848629, -23.418922363700432 ], [ -46.073742437859991, -23.418918276990006 ], [ -46.073742404871361, -23.418914190279587 ], [ -46.073742371882744, -23.418910103569157 ], [ -46.073737943432825, -23.418910134012009 ], [ -46.073735696219451, -23.418906062522954 ], [ -46.07373344900622, -23.418901991033852 ], [ -46.073729020556549, -23.418902021476448 ], [ -46.073722377882042, -23.418902067140092 ], [ -46.073715702219729, -23.41889802609299 ], [ -46.073711273770179, -23.41889805653507 ], [ -46.073706828826857, -23.418896043621785 ], [ -46.073697971927842, -23.418896104505318 ], [ -46.073693543478321, -23.418896134946898 ], [ -46.073689115028792, -23.418896165388347 ], [ -46.073684703072665, -23.41889823918493 ], [ -46.073680274623051, -23.418898269626133 ], [ -46.073671450710236, -23.418902417218693 ], [ -46.073667038753612, -23.418904491014786 ], [ -46.073662610303771, -23.418904521455502 ], [ -46.073658198346926, -23.418906595251361 ], [ -46.073653786389947, -23.418908669047095 ], [ -46.073653797770795, -23.418910079051201 ], [ -46.073653819375849, -23.418912755757642 ], [ -46.073653852361751, -23.418916842468178 ], [ -46.073649423911476, -23.418916872908532 ], [ -46.073644995461194, -23.418916903348759 ], [ -46.073640550518149, -23.418914890433584 ], [ -46.073636122067924, -23.418914920873558 ], [ -46.073631693617692, -23.418914951313401 ], [ -46.073629512377728, -23.418919053243847 ], [ -46.073625083927347, -23.418919083683512 ], [ -46.073618441251753, -23.418919129342772 ], [ -46.07361401280135, -23.418919159782124 ], [ -46.07360958435094, -23.418919190221349 ], [ -46.073605155900523, -23.418919220660445 ], [ -46.073600727450099, -23.418919251099425 ], [ -46.073596315491741, -23.418921324893581 ], [ -46.073591887041232, -23.418921355332305 ], [ -46.073587458590723, -23.418921385770908 ], [ -46.073583030140192, -23.418921416209383 ], [ -46.073578601689668, -23.418921446647737 ], [ -46.07357417323913, -23.418921477085959 ], [ -46.073569744788578, -23.41892150752405 ], [ -46.073565316338026, -23.418921537962028 ], [ -46.073560887887467, -23.418921568399874 ], [ -46.073556459436901, -23.418921598837596 ], [ -46.073552030986328, -23.418921629275193 ], [ -46.07354760253574, -23.418921659712662 ], [ -46.073543174085152, -23.418921690150011 ], [ -46.073538745634558, -23.418921720587228 ], [ -46.073534317183956, -23.418921751024325 ], [ -46.073529855751239, -23.418917694750579 ], [ -46.07352096586844, -23.418913668913419 ], [ -46.073516520927228, -23.418911655994634 ], [ -46.073512092476925, -23.418911686431088 ], [ -46.073507664026621, -23.418911716867413 ], [ -46.07350763104521, -23.418907630156667 ], [ -46.073505383838793, -23.418903558664034 ], [ -46.07350313663251, -23.418899487171355 ], [ -46.073503103651269, -23.418895400460602 ], [ -46.073503070670029, -23.418891313749842 ], [ -46.073505251913545, -23.418887211821023 ], [ -46.073505218932254, -23.418883125110259 ], [ -46.073507400175579, -23.418879023181404 ], [ -46.073511812134058, -23.418876949389748 ], [ -46.073516207601592, -23.418872832242599 ], [ -46.073520619559723, -23.418870758450701 ], [ -46.073522316107514, -23.418867568013081 ], [ -46.07352280080238, -23.418866656521654 ], [ -46.073527212760197, -23.418864582729579 ], [ -46.073531624717873, -23.418862508937391 ], [ -46.073536036675407, -23.418860435145071 ], [ -46.073540432141634, -23.418856317997285 ], [ -46.073542613383452, -23.418852216067986 ], [ -46.073547025340467, -23.418850142275382 ], [ -46.073546992357947, -23.418846055564661 ], [ -46.073546959375442, -23.418841968853933 ], [ -46.073546926392936, -23.418837882143205 ], [ -46.073546893410445, -23.418833795432473 ], [ -46.073546868673574, -23.418830730399442 ], [ -46.073547975785466, -23.418830722790119 ], [ -46.073550190009243, -23.418830707571445 ], [ -46.07355240423302, -23.418830692352749 ], [ -46.073554618456797, -23.418830677134014 ], [ -46.073556840926265, -23.418831683592934 ], [ -46.07355906339577, -23.418832690051808 ], [ -46.073561277619568, -23.418832674832984 ], [ -46.073563491843366, -23.418832659614122 ], [ -46.073564615446791, -23.41883469536004 ], [ -46.073566837916403, -23.418835701818807 ], [ -46.073569052140243, -23.418835686599866 ], [ -46.073570175743775, -23.418837722345742 ], [ -46.073572389967659, -23.418837707126748 ], [ -46.073574612437369, -23.418838713585398 ], [ -46.073576834907115, -23.418839720044019 ], [ -46.073577958510803, -23.418841755789821 ], [ -46.073580172734744, -23.418841740570716 ], [ -46.073582386958677, -23.418841725351584 ], [ -46.073584601182617, -23.418841710132423 ], [ -46.07358681540655, -23.418841694913226 ], [ -46.073589029630476, -23.418841679693994 ], [ -46.073591243854409, -23.418841664474741 ], [ -46.073594565190298, -23.418841641645798 ], [ -46.073596779414231, -23.418841626426456 ], [ -46.07359899363815, -23.418841611207089 ], [ -46.073601207862076, -23.418841595987697 ], [ -46.073603422085995, -23.418841580768262 ], [ -46.073605636309914, -23.418841565548803 ], [ -46.073607850533826, -23.418841550329308 ], [ -46.073608941153587, -23.418839499364228 ], [ -46.073611147131345, -23.418838462467033 ], [ -46.073613353109067, -23.418837425569805 ], [ -46.073615550840614, -23.418835366994877 ], [ -46.073617748572083, -23.418833308419938 ], [ -46.073619962795853, -23.418833293200272 ], [ -46.073622168773426, -23.41883225630292 ], [ -46.073625473616595, -23.418830190118019 ], [ -46.073627679594068, -23.418829153220596 ], [ -46.073629885571506, -23.418828116323137 ], [ -46.073632075056352, -23.418825036070345 ], [ -46.073635396391786, -23.418825013240546 ], [ -46.073636478764676, -23.418821940597638 ], [ -46.073638684741923, -23.418820903700059 ], [ -46.073639775361031, -23.418818852734788 ], [ -46.073641981338199, -23.418817815837173 ], [ -46.073644179068964, -23.418815757261875 ], [ -46.073646376799665, -23.418813698686549 ], [ -46.073648574530296, -23.418811640111194 ], [ -46.073648549791116, -23.418808575078238 ], [ -46.073648533298332, -23.418806531722939 ], [ -46.073647409693912, -23.418804495977657 ], [ -46.073645170731538, -23.418801446164728 ], [ -46.073644047127218, -23.418799410419421 ], [ -46.073644030634512, -23.418797367064112 ], [ -46.073641808165014, -23.418796360606432 ], [ -46.073639577449235, -23.418794332471073 ], [ -46.073638453845064, -23.418792296725719 ], [ -46.073636223129398, -23.418790268590296 ], [ -46.073635099525312, -23.418788232844918 ], [ -46.07363288530231, -23.418788248064761 ], [ -46.073631761698287, -23.418786212319354 ], [ -46.073629530982828, -23.418784184183835 ], [ -46.073628407378898, -23.4187821484384 ], [ -46.073626193155988, -23.418782163658147 ], [ -46.073626176663559, -23.418780120302824 ], [ -46.073623954194495, -23.418779113844874 ], [ -46.073623937702109, -23.418777070489547 ], [ -46.073622814098321, -23.418775034744066 ], [ -46.073621690494576, -23.418772998998563 ], [ -46.073621674002226, -23.418770955643232 ], [ -46.073621657509882, -23.418768912287902 ], [ -46.073619435041032, -23.418767905829881 ], [ -46.073619418548724, -23.418765862474544 ], [ -46.073619402056416, -23.418763819119206 ], [ -46.073619385564115, -23.418761775763876 ], [ -46.073617154849266, -23.418759747628151 ], [ -46.073617138357001, -23.418757704272803 ], [ -46.073616014753497, -23.418755668527272 ], [ -46.073614891150029, -23.418753632781705 ], [ -46.073614874657807, -23.418751589426368 ], [ -46.073614858165577, -23.418749546071027 ], [ -46.073614841673354, -23.418747502715689 ], [ -46.073614825181131, -23.418745459360341 ], [ -46.073614808688916, -23.418743416004997 ], [ -46.073617014665068, -23.418742379107758 ], [ -46.073616998172817, -23.418740335752425 ], [ -46.073616981680573, -23.418738292397084 ], [ -46.073616965188322, -23.418736249041732 ], [ -46.073616948696078, -23.418734205686388 ], [ -46.073619162918199, -23.418734190466804 ], [ -46.073619146425926, -23.418732147111459 ], [ -46.073619129933647, -23.418730103756115 ], [ -46.073621344155697, -23.418730088536503 ], [ -46.073621327663389, -23.418728045181165 ], [ -46.073623533639235, -23.418727008283842 ], [ -46.073625747861236, -23.418726993064173 ], [ -46.073627953837025, -23.418725956166789 ], [ -46.073630159812787, -23.41872491926939 ], [ -46.073630143320351, -23.418722875914046 ], [ -46.073633456406988, -23.41872183140671 ], [ -46.073635654136368, -23.418719772831558 ], [ -46.07363786835824, -23.418719757611715 ], [ -46.073638958976595, -23.418717706646447 ], [ -46.073641164952136, -23.418716669748896 ], [ -46.073643354434992, -23.418713589495976 ], [ -46.073645560410412, -23.418712552598357 ], [ -46.073646651028611, -23.418710501633047 ], [ -46.073645527425093, -23.418708465887693 ], [ -46.073643296710792, -23.418706437752309 ], [ -46.073642173107359, -23.418704402006934 ], [ -46.073639950639468, -23.418703395549162 ], [ -46.073637728171605, -23.418702389091351 ], [ -46.073636604568293, -23.418700353345933 ], [ -46.07363439034674, -23.418700368565748 ], [ -46.073633266743506, -23.418698332820313 ], [ -46.073631052521989, -23.418698348040074 ], [ -46.073628821808079, -23.418696319904466 ], [ -46.07362660758659, -23.418696335124167 ], [ -46.073624376872779, -23.418694306988488 ], [ -46.073622162651326, -23.418694322208129 ], [ -46.073619948429865, -23.418694337427731 ], [ -46.073617742454523, -23.418695374324987 ], [ -46.073615536479139, -23.418696411222207 ], [ -46.07361332225765, -23.41869642644172 ], [ -46.073610017417508, -23.418698492626291 ], [ -46.073607803195976, -23.418698507845725 ], [ -46.07360449010968, -23.418699552352507 ], [ -46.073602284134125, -23.418700589249536 ], [ -46.073597872182894, -23.418702663043529 ], [ -46.073595657961285, -23.418702678262797 ], [ -46.073593451985595, -23.418703715159712 ], [ -46.07359013889905, -23.418704759666195 ], [ -46.073587949415064, -23.418707839918415 ], [ -46.073585743439232, -23.418708876815231 ], [ -46.073585759930971, -23.4187109201706 ], [ -46.073583545709212, -23.418710935389701 ], [ -46.073581331487453, -23.418710950608769 ], [ -46.073579117265687, -23.41871096582781 ], [ -46.073576903043929, -23.418710981046811 ], [ -46.073574688822163, -23.418710996265791 ], [ -46.073572474600397, -23.418711011484735 ], [ -46.073570260378624, -23.418711026703647 ], [ -46.073568046156851, -23.418711041922528 ], [ -46.073564724824195, -23.418711064750788 ], [ -46.073562502356722, -23.418710058291897 ], [ -46.073560279889286, -23.418709051832973 ], [ -46.073558065667541, -23.418709067051712 ], [ -46.073555851445789, -23.418709082270414 ], [ -46.073553628978416, -23.418708075811395 ], [ -46.073551414756679, -23.418708091030041 ], [ -46.073549200534941, -23.418708106248648 ], [ -46.073546986313204, -23.41870812146723 ], [ -46.073544780337023, -23.41870915836348 ], [ -46.073542566115265, -23.418709173581998 ], [ -46.073540360139027, -23.418710210478189 ], [ -46.073538145917247, -23.418710225696643 ], [ -46.073535939940953, -23.418711262592769 ], [ -46.073533733964631, -23.418712299488867 ], [ -46.073531519742808, -23.418712314707232 ], [ -46.073529305520985, -23.418712329925562 ], [ -46.073527099544584, -23.418713366821571 ], [ -46.073524893568155, -23.418714403717551 ], [ -46.07352267934629, -23.418714418935789 ], [ -46.073520465124425, -23.418714434153998 ], [ -46.073518259147917, -23.418715471049882 ], [ -46.073516044926038, -23.418715486268027 ], [ -46.073513838949474, -23.418716523163855 ], [ -46.073511632972874, -23.418717560059648 ], [ -46.073511649463491, -23.418719603415063 ], [ -46.073510558843111, -23.418721654379517 ], [ -46.073509468222696, -23.418723705343954 ], [ -46.073507262245947, -23.418724742239696 ], [ -46.073506171625461, -23.418726793204122 ], [ -46.073505081004939, -23.418728844168538 ], [ -46.073503990384388, -23.418730895132935 ], [ -46.073501784407469, -23.418731932028603 ], [ -46.073500693786841, -23.418733982992993 ], [ -46.073495158231331, -23.4187340210377 ], [ -46.073490729786911, -23.418734051473329 ], [ -46.073484087120264, -23.418734097126535 ], [ -46.073479658675829, -23.418734127561855 ], [ -46.073473016009153, -23.418734173214592 ], [ -46.073468604054661, -23.418736247005032 ], [ -46.073464175610134, -23.418736277439908 ], [ -46.073455318721045, -23.418736338309294 ], [ -46.073448709033535, -23.418740470671914 ], [ -46.07344208285604, -23.418742559678815 ], [ -46.073437654411258, -23.418742590112945 ], [ -46.07343101174407, -23.418742635763913 ], [ -46.073424369076868, -23.418742681414596 ], [ -46.073419940632057, -23.418742711848232 ], [ -46.073415512187239, -23.418742742281733 ], [ -46.073413264986584, -23.41873867078748 ], [ -46.073408820052848, -23.418736657865313 ], [ -46.073408787074747, -23.418732571154344 ], [ -46.073404342141274, -23.418730558232038 ], [ -46.07340430916333, -23.418726471521058 ], [ -46.073404276185393, -23.418722384810078 ], [ -46.073399814763434, -23.41871832853214 ], [ -46.073399781785639, -23.418714241821153 ], [ -46.073397534585979, -23.418710170326619 ], [ -46.073397501608277, -23.418706083615618 ], [ -46.073397468630581, -23.418701996904623 ], [ -46.073393040187085, -23.418702027337446 ], [ -46.073388611743574, -23.41870205777014 ], [ -46.073387009151375, -23.418699154179805 ], [ -46.073386364544476, -23.418697986275422 ], [ -46.073381919612487, -23.418695973352413 ], [ -46.073377474680633, -23.418693960429263 ], [ -46.073373046237379, -23.418693990861509 ], [ -46.073373013260451, -23.418689904150483 ], [ -46.07337298028353, -23.418685817439439 ], [ -46.073372947306616, -23.418681730728402 ], [ -46.07337291432971, -23.418677644017354 ], [ -46.073375095574107, -23.418673542090215 ], [ -46.073377276818363, -23.418669440163043 ], [ -46.0733817052608, -23.418669409730708 ], [ -46.073386133703231, -23.418669379298251 ], [ -46.073390545656935, -23.418667305510152 ], [ -46.07339497409928, -23.418667275077439 ], [ -46.07339494112172, -23.418663188366416 ], [ -46.073399369563916, -23.418663157933594 ], [ -46.0734037815172, -23.418661084145143 ], [ -46.073408209959318, -23.418661053712071 ], [ -46.073412621912382, -23.418658979923368 ], [ -46.073417033865304, -23.418656906134547 ], [ -46.073421462307259, -23.418656875701096 ], [ -46.073430286212528, -23.418652728122854 ], [ -46.073434714654326, -23.418652697689037 ], [ -46.073439126606672, -23.418650623899605 ], [ -46.07343909362779, -23.418646537188636 ], [ -46.07344350557986, -23.418644463399094 ], [ -46.073447351975851, -23.418644436964986 ], [ -46.073450148242117, -23.418644417747771 ], [ -46.073456774414645, -23.418642328740695 ], [ -46.073463417076766, -23.418642283088818 ], [ -46.073465598317782, -23.418638181160521 ], [ -46.073470010269133, -23.418636107370254 ], [ -46.073474438710328, -23.418636076935332 ], [ -46.073478867151508, -23.418636046500282 ], [ -46.073483295592681, -23.418636016065111 ], [ -46.073487724033846, -23.418635985629809 ], [ -46.073492152475012, -23.418635955194389 ], [ -46.073496580916164, -23.418635924758838 ], [ -46.073501009357301, -23.41863589432316 ], [ -46.073505437798445, -23.41863586388736 ], [ -46.073509866239576, -23.418635833451436 ], [ -46.073514294680692, -23.418635803015388 ], [ -46.073518706631155, -23.418633729223767 ], [ -46.073523135072193, -23.418633698787474 ], [ -46.073527530531649, -23.418629581640189 ], [ -46.073531958972538, -23.418629551203644 ], [ -46.073536370922497, -23.418627477411544 ], [ -46.0735407993633, -23.418627446974757 ], [ -46.073545211313046, -23.418625373182415 ], [ -46.073547376060141, -23.418619227897643 ], [ -46.073549557298172, -23.418615125968277 ], [ -46.073551738536068, -23.418611024038874 ], [ -46.073556166976303, -23.418610993601668 ], [ -46.073560595416531, -23.418610963164337 ], [ -46.073565023856752, -23.418610932726875 ], [ -46.073569435805553, -23.418608858933883 ], [ -46.073573864245688, -23.418608828496176 ], [ -46.073571617042724, -23.418604757004221 ], [ -46.073573798279767, -23.418600655074552 ], [ -46.073573765296821, -23.418596568363736 ], [ -46.073573732313882, -23.418592481652915 ], [ -46.07357816075347, -23.418592451215101 ], [ -46.073578152080657, -23.418591376625017 ], [ -46.073578127770396, -23.418588364504288 ], [ -46.073578094787337, -23.418584277793471 ], [ -46.073578061804291, -23.418580191082643 ], [ -46.073580243040759, -23.418576089152889 ], [ -46.073584671479786, -23.418576058714915 ], [ -46.073589099918813, -23.418576028276817 ], [ -46.073593544849587, -23.418578041193985 ], [ -46.073597989780495, -23.418580054111036 ], [ -46.073598022764166, -23.418584140821828 ], [ -46.073601260356732, -23.418585606987367 ], [ -46.073602467695338, -23.41858615373873 ], [ -46.073604714898892, -23.418590225230222 ], [ -46.073604747882776, -23.418594311941003 ], [ -46.073609176322378, -23.418594281502312 ], [ -46.073613604761974, -23.418594251063499 ], [ -46.073618049693714, -23.418596263979939 ], [ -46.073618082678017, -23.418600350690689 ], [ -46.073622527610027, -23.418602363606983 ], [ -46.073626956049871, -23.418602333167783 ], [ -46.073631384489708, -23.418602302728448 ], [ -46.073635812929538, -23.418602272288993 ], [ -46.073640241369361, -23.418602241849413 ], [ -46.073644653316606, -23.418600168054347 ], [ -46.073649081756344, -23.418600137614522 ], [ -46.073653510196081, -23.418600107174566 ], [ -46.073660152855666, -23.4186000615144 ], [ -46.073664581295382, -23.418600031074128 ], [ -46.073669009735085, -23.418600000633734 ], [ -46.073673438174779, -23.418599970193217 ], [ -46.073677866614474, -23.418599939752571 ], [ -46.073684492780821, -23.418597850736028 ], [ -46.073688921220423, -23.418597820295073 ], [ -46.073693349660026, -23.418597789853994 ], [ -46.073697778099607, -23.418597759412791 ], [ -46.073704420758979, -23.418597713750739 ], [ -46.073713277638113, -23.418597652867575 ], [ -46.073719920297442, -23.41859760720487 ], [ -46.073726562956757, -23.418597561541883 ], [ -46.07373541983582, -23.418597500657466 ], [ -46.073742062495093, -23.418597454993815 ], [ -46.07374650742873, -23.418599467906528 ], [ -46.073750952362495, -23.418601480819095 ], [ -46.073753199570767, -23.418605552308268 ], [ -46.073757628010533, -23.418605521865356 ], [ -46.07376207294466, -23.4186075347776 ], [ -46.073766501384469, -23.418607504334428 ], [ -46.073773144044175, -23.418607458669442 ], [ -46.073777572483976, -23.418607428225965 ], [ -46.073782000923757, -23.418607397782356 ], [ -46.073788643583427, -23.418607352116712 ], [ -46.0737930720232, -23.418607321672795 ], [ -46.073797516957875, -23.418609334584005 ], [ -46.073801945397697, -23.418609304139832 ], [ -46.073806373837506, -23.418609273695527 ], [ -46.073810802277315, -23.418609243251101 ], [ -46.073815230717116, -23.418609212806551 ], [ -46.073819659156904, -23.41860918236188 ], [ -46.073824087596698, -23.418609151917074 ], [ -46.073828516036471, -23.418609121472148 ], [ -46.073832944476244, -23.418609091027101 ], [ -46.073837372916003, -23.418609060581918 ], [ -46.073841817851353, -23.418611073491849 ], [ -46.073846262786844, -23.418613086401631 ], [ -46.073850691226717, -23.418613055956072 ], [ -46.07385511966659, -23.418613025510389 ], [ -46.073859548106448, -23.418612995064571 ], [ -46.073863976546299, -23.418612964618639 ], [ -46.073868404986143, -23.418612934172575 ], [ -46.073872833425987, -23.418612903726395 ], [ -46.07387501465368, -23.418608801792839 ], [ -46.073879443093368, -23.418608771346467 ], [ -46.073883855036811, -23.418606697544778 ], [ -46.073888283476421, -23.418606667098157 ], [ -46.073892711916024, -23.418606636651422 ], [ -46.073897140355612, -23.418606606204548 ], [ -46.0739015687952, -23.418606575757551 ], [ -46.07390601373136, -23.418608588665613 ], [ -46.073908260944421, -23.41861266015237 ], [ -46.073910508157631, -23.41861673163908 ], [ -46.073912755370969, -23.418620803125759 ], [ -46.073915002584457, -23.418624874612384 ], [ -46.073915035577933, -23.418628961322732 ], [ -46.073919464018239, -23.418628930875204 ], [ -46.073921711232067, -23.418633002361727 ], [ -46.073926156169414, -23.418635015269167 ], [ -46.073930584609904, -23.418634984821313 ], [ -46.073930617603871, -23.418639071531629 ], [ -46.073932864818225, -23.418643143017967 ], [ -46.073935128529783, -23.418649257859425 ], [ -46.073937375744464, -23.41865332934567 ], [ -46.07393962295928, -23.418657400831886 ], [ -46.073939655953559, -23.418661487542177 ], [ -46.07394410089212, -23.41866350044905 ], [ -46.07394634810732, -23.41866757193516 ], [ -46.073950793046187, -23.418669584841822 ], [ -46.073953040261706, -23.418673656327822 ], [ -46.073955287477361, -23.418677727813769 ], [ -46.073955320472152, -23.418681814524025 ], [ -46.073957567688026, -23.418685886009929 ], [ -46.073959814904043, -23.418689957495793 ], [ -46.073959847898998, -23.418694044206049 ], [ -46.073962095115235, -23.418698115691871 ], [ -46.073962128110267, -23.418702202402109 ], [ -46.073966573050527, -23.418704215308274 ], [ -46.073966606045715, -23.418708302018498 ], [ -46.073966639040904, -23.418712388728729 ], [ -46.073966672036107, -23.418716475438963 ], [ -46.07396670503131, -23.418720562149186 ], [ -46.073962293085565, -23.418722635953287 ], [ -46.073962326080647, -23.418726722663514 ], [ -46.073960144853913, -23.418730824598196 ], [ -46.073957963627059, -23.418734926532842 ], [ -46.073957996622028, -23.418739013243066 ], [ -46.073953584675529, -23.418741087046939 ], [ -46.073951403448312, -23.418745188981511 ], [ -46.073947007998832, -23.418749306140327 ], [ -46.073942596051822, -23.418751379943902 ], [ -46.073940414824101, -23.418755481878328 ], [ -46.073936002876778, -23.418757555681729 ], [ -46.073933821648758, -23.418761657616077 ], [ -46.073931640420604, -23.418765759550386 ], [ -46.073929459192328, -23.41876986148467 ], [ -46.07392949218648, -23.418773948194925 ], [ -46.073929525180631, -23.418778034905166 ], [ -46.073929558174797, -23.418782121615415 ], [ -46.073929591168962, -23.418786208325653 ], [ -46.073929624163135, -23.418790295035901 ], [ -46.073929657157329, -23.418794381746128 ], [ -46.073929690151516, -23.418798468456366 ], [ -46.073934135094603, -23.418800481363331 ], [ -46.073938580037826, -23.418802494270157 ], [ -46.073940827255399, -23.418806565756189 ], [ -46.07394527219892, -23.418808578662812 ], [ -46.073949700645159, -23.418808548214209 ], [ -46.073954129091398, -23.418808517765477 ], [ -46.073958541040071, -23.418806443961525 ], [ -46.073962952988609, -23.418804370157453 ], [ -46.073967381434677, -23.418804339708348 ], [ -46.073971809880746, -23.418804309259123 ], [ -46.073978452549831, -23.418804263585045 ], [ -46.073980633777083, -23.418800161650125 ], [ -46.073985062222995, -23.418800131200523 ], [ -46.07398947417088, -23.418798057395726 ], [ -46.073991655397691, -23.418793955460661 ], [ -46.07399606734527, -23.418791881655693 ], [ -46.073998248571783, -23.418787779720546 ], [ -46.074004874741739, -23.418785690690306 ], [ -46.07400928668882, -23.418783616884973 ], [ -46.07401369863576, -23.418781543079515 ], [ -46.074018110582564, -23.418779469273939 ], [ -46.074022522529219, -23.418777395468236 ], [ -46.074022489532211, -23.418773308758123 ], [ -46.074024670757616, -23.418769206822638 ], [ -46.074031296926201, -23.418767117791319 ], [ -46.074035725370933, -23.418767087340324 ], [ -46.074042368038022, -23.418767041663596 ], [ -46.074046796482733, -23.418767011212289 ], [ -46.074051191929563, -23.418762894050776 ], [ -46.074057834596402, -23.418762848373404 ], [ -46.074064460764092, -23.418760759340707 ], [ -46.074068889208569, -23.418760728888785 ], [ -46.07407330115376, -23.418758655081692 ], [ -46.074079943820344, -23.418758609403387 ], [ -46.074084372264728, -23.418758578951024 ], [ -46.074088800709099, -23.418758548498534 ], [ -46.074093229153462, -23.418758518045927 ], [ -46.074097641098177, -23.41875644423817 ], [ -46.074102053042751, -23.418754370430293 ], [ -46.074104234265363, -23.418750268493792 ], [ -46.074108662709435, -23.418750238040751 ], [ -46.074110843931777, -23.418746136104161 ], [ -46.074110810932105, -23.418742049394144 ], [ -46.074115239375885, -23.418742018940925 ], [ -46.074119667819666, -23.418741988487582 ], [ -46.074121849041539, -23.418737886550851 ], [ -46.074126277485171, -23.418737856097326 ], [ -46.074130705928795, -23.418737825643678 ], [ -46.074137348594213, -23.418737779962964 ], [ -46.074141760537508, -23.418735706154006 ], [ -46.07414618898104, -23.418735675699921 ], [ -46.074150617424557, -23.418735645245714 ], [ -46.074155045868068, -23.418735614791373 ], [ -46.074159474311578, -23.418735584336908 ], [ -46.074163902755075, -23.418735553882318 ], [ -46.074168331198557, -23.418735523427607 ], [ -46.074172759642046, -23.418735492972765 ], [ -46.074179402307259, -23.418735447290274 ], [ -46.074183830750712, -23.418735416835116 ], [ -46.074188259194173, -23.418735386379836 ], [ -46.074192671136537, -23.418733312569483 ], [ -46.074197099579912, -23.418733282113951 ], [ -46.074201528023274, -23.418733251658296 ], [ -46.074205956466635, -23.418733221202526 ], [ -46.074208170688308, -23.418733205974625 ], [ -46.074212582630267, -23.418731132163717 ], [ -46.074217011073536, -23.418731101707625 ], [ -46.074230246898338, -23.418724880273803 ], [ -46.074234675341373, -23.41872484981722 ], [ -46.074239087282606, -23.418722776005584 ], [ -46.074252372611454, -23.418722684634712 ], [ -46.074254553828872, -23.41871858269629 ], [ -46.074258982271665, -23.418718552239028 ], [ -46.074263377710132, -23.418714435071806 ], [ -46.074289948365873, -23.418714252324868 ], [ -46.074296574527104, -23.418712163282546 ], [ -46.074300986466888, -23.418710089469212 ], [ -46.074305414909325, -23.418710059010639 ], [ -46.074305463708626, -23.41871610127486 ], [ -46.074305480920536, -23.418718232430177 ], [ -46.074305513926156, -23.418722319139949 ], [ -46.074309958871879, -23.418724332036117 ], [ -46.074312206099165, -23.418728403516472 ], [ -46.074314018803797, -23.418729224400675 ], [ -46.074314574422047, -23.418729476012665 ], [ -46.074314907793003, -23.418729626979857 ], [ -46.074316651045187, -23.418730416412437 ], [ -46.074321079488286, -23.418730385953399 ], [ -46.074325524434499, -23.418732398849105 ], [ -46.074329969380841, -23.41873441174468 ], [ -46.074334414327318, -23.418736424640123 ], [ -46.074338842770587, -23.418736394180566 ], [ -46.074343287717248, -23.41873840707575 ], [ -46.074347716160581, -23.418738376615948 ], [ -46.074352144603893, -23.418738346156019 ], [ -46.074356573047204, -23.418738315695961 ], [ -46.074361017994178, -23.418740328590626 ], [ -46.07436544643754, -23.418740298130324 ], [ -46.074369874880894, -23.418740267669886 ], [ -46.074374303324241, -23.418740237209327 ], [ -46.074378731767581, -23.418740206748641 ], [ -46.074383160210914, -23.418740176287827 ], [ -46.074385341424481, -23.418736074347724 ], [ -46.074389753363555, -23.418734000531902 ], [ -46.07439418180666, -23.418733970070789 ], [ -46.074398626754011, -23.418735982964368 ], [ -46.074403055197173, -23.418735952502999 ], [ -46.074407500144716, -23.418737965396318 ], [ -46.074411928587935, -23.418737934934693 ], [ -46.074414109800557, -23.418733832994214 ], [ -46.074418538243627, -23.418733802532412 ], [ -46.074422950182068, -23.418731728715674 ], [ -46.07442736212036, -23.418729654898819 ], [ -46.074431790563274, -23.418729624436647 ], [ -46.074431757553768, -23.418725537727049 ], [ -46.074436169491712, -23.418723463909952 ], [ -46.074436136482078, -23.418719377200361 ], [ -46.074436103472458, -23.418715290490766 ], [ -46.074435113088136, -23.418712615251231 ], [ -46.074434915011274, -23.418712080203321 ], [ -46.074433839736926, -23.418709175657522 ], [ -46.074431592506336, -23.418705104179033 ], [ -46.074431559496873, -23.418701017469424 ], [ -46.074435971434035, -23.418698943652313 ], [ -46.074440399875911, -23.418698913189974 ], [ -46.07444481181281, -23.418696839372643 ], [ -46.074449240254637, -23.418696808910042 ], [ -46.074451487485597, -23.418700880388265 ], [ -46.074473629695106, -23.418700728072885 ], [ -46.074478041631544, -23.418698654254655 ], [ -46.074482470073349, -23.418698623791073 ], [ -46.074486882009566, -23.418696549972612 ], [ -46.07450680999726, -23.418696412884422 ], [ -46.074531050882705, -23.418681941845499 ], [ -46.074535462817565, -23.418679868025695 ], [ -46.074539874752283, -23.418677794205781 ], [ -46.074544286686859, -23.418675720385746 ], [ -46.074548715127804, -23.418675689920324 ], [ -46.074553110555591, -23.418671572745314 ], [ -46.07455753899638, -23.418671542279643 ], [ -46.07456196743717, -23.418671511813848 ], [ -46.07456637937117, -23.418669437993206 ], [ -46.074570807811881, -23.418669407527158 ], [ -46.074572989018471, -23.41866530558465 ], [ -46.074579631679299, -23.418665259885266 ], [ -46.074584043612809, -23.418663186064137 ], [ -46.07458845554617, -23.418661112242891 ], [ -46.074590636752085, -23.418657010300159 ], [ -46.07459504868514, -23.418654936478724 ], [ -46.074597229890756, -23.418650834535914 ], [ -46.074597196876283, -23.418646747826504 ], [ -46.074597163861824, -23.418642661117083 ], [ -46.074599345067192, -23.418638559174248 ], [ -46.074601526272431, -23.418634457231374 ], [ -46.074603707477536, -23.418630355288474 ], [ -46.074605888682513, -23.418626253345543 ], [ -46.074605855667819, -23.418622166636126 ], [ -46.074605822653133, -23.418618079926716 ], [ -46.074608003857861, -23.41861397798376 ], [ -46.074607970843118, -23.41860989127434 ], [ -46.074612399281783, -23.418609860807194 ], [ -46.07461458048617, -23.418605758864153 ], [ -46.074614547471249, -23.418601672154736 ], [ -46.074614514456329, -23.418597585445315 ], [ -46.074614481441408, -23.418593498735898 ], [ -46.074616662645496, -23.418589396792846 ], [ -46.074616629630526, -23.418585310083419 ], [ -46.07461659661557, -23.418581223373995 ], [ -46.074618777819396, -23.418577121430907 ], [ -46.074623206256952, -23.418577090963492 ], [ -46.074623173241804, -23.418573004254071 ], [ -46.07462314022667, -23.418568917544647 ], [ -46.074623107211536, -23.418564830835223 ], [ -46.07462307419641, -23.418560744125806 ], [ -46.074625255399724, -23.418556642182637 ], [ -46.07462743660291, -23.418552540239443 ], [ -46.074631848531951, -23.418550466417102 ], [ -46.074636293476352, -23.418552479304054 ], [ -46.074640738420889, -23.418554492190875 ], [ -46.074640771436542, -23.418558578900285 ], [ -46.074645216381349, -23.418560591786964 ], [ -46.074649661326283, -23.418562604673504 ], [ -46.074649694342227, -23.418566691382896 ], [ -46.074654139287432, -23.418568704269308 ], [ -46.074658584232765, -23.418570717155585 ], [ -46.074660831467703, -23.418574788630707 ], [ -46.074665259905125, -23.418574758162102 ], [ -46.074669688342524, -23.418574727693368 ], [ -46.074674116779931, -23.418574697224518 ], [ -46.074678545217317, -23.418574666755532 ], [ -46.074682973654703, -23.418574636286426 ], [ -46.074687385583523, -23.418572562462519 ], [ -46.074691797512202, -23.418570488638505 ], [ -46.074696225949424, -23.418570458169029 ], [ -46.074698407150592, -23.418566356224918 ], [ -46.074702835587665, -23.418566325755258 ], [ -46.074707247515889, -23.418564251930814 ], [ -46.074711659443963, -23.418562178106253 ], [ -46.074716071371888, -23.418560104281578 ], [ -46.074720483299679, -23.418558030456776 ], [ -46.074724911736446, -23.418557999986504 ], [ -46.074729340173214, -23.418557969516101 ], [ -46.074733768609967, -23.418557939045574 ], [ -46.074738197046713, -23.418557908574925 ], [ -46.074742625483459, -23.418557878104146 ], [ -46.074747037410731, -23.418555804278611 ], [ -46.07475144933786, -23.418553730452956 ], [ -46.074753630537032, -23.418549628508138 ], [ -46.074755811736075, -23.418545526563296 ], [ -46.074757992934991, -23.418541424618425 ], [ -46.074762404861467, -23.418539350792482 ], [ -46.074762371842105, -23.418535264083225 ], [ -46.074762338822751, -23.418531177373982 ], [ -46.074760091585553, -23.418527105900385 ], [ -46.074760058566284, -23.418523019191131 ], [ -46.074757811329313, -23.418518947717491 ], [ -46.074755564092477, -23.418514876243808 ], [ -46.074755531073365, -23.418510789534537 ], [ -46.074755498054259, -23.418506702825258 ], [ -46.07475546503516, -23.41850261611599 ], [ -46.074755432016069, -23.418498529406712 ], [ -46.074755382487446, -23.418492399342782 ], [ -46.074755349468369, -23.418488312633496 ], [ -46.074753102232165, -23.418484241159746 ], [ -46.074753069213173, -23.418480154450453 ], [ -46.074753036194195, -23.418476067741164 ], [ -46.074750788958283, -23.418471996267364 ], [ -46.074750755939391, -23.418467909558053 ], [ -46.074750722920491, -23.41846382284875 ], [ -46.074750689901613, -23.418459736139447 ], [ -46.074750656882735, -23.418455649430136 ], [ -46.074746195430677, -23.418451593191698 ], [ -46.074746162411941, -23.418447506482384 ], [ -46.074746129393226, -23.418443419773066 ], [ -46.074741700960303, -23.418443450243799 ], [ -46.07474166794173, -23.418439363534464 ], [ -46.074741634923157, -23.418435276825136 ], [ -46.074737206490497, -23.418435307295738 ], [ -46.074737173472073, -23.418431220586392 ], [ -46.07473274503954, -23.418431251056866 ], [ -46.074732712021259, -23.418427164347513 ], [ -46.074728283588854, -23.418427194817848 ], [ -46.074723838647444, -23.418425181933376 ], [ -46.074719410215089, -23.418425212403463 ], [ -46.074714981782734, -23.418425242873418 ], [ -46.074710569859171, -23.41842731669794 ], [ -46.074706157935459, -23.418429390522341 ], [ -46.074701729502941, -23.418429420991927 ], [ -46.07470176252027, -23.418433507701319 ], [ -46.074697334087617, -23.418433538170785 ], [ -46.074692955180559, -23.41843969870423 ], [ -46.074690773981132, -23.418443800648255 ], [ -46.074690806998149, -23.418447887357651 ], [ -46.07468862579853, -23.418451989301644 ], [ -46.074684230382069, -23.418456106480164 ], [ -46.0746842633989, -23.41846019318956 ], [ -46.074684296415754, -23.418464279898959 ], [ -46.0746843294326, -23.418468366608355 ], [ -46.074682148232469, -23.41847246855227 ], [ -46.074682181249273, -23.418476555261666 ], [ -46.074682214266083, -23.418480641971048 ], [ -46.074680033065697, -23.418484743914942 ], [ -46.074677851865182, -23.418488845858807 ], [ -46.07467567066454, -23.418492947802648 ], [ -46.074673489463777, -23.41849704974646 ], [ -46.074671308262872, -23.41850115169024 ], [ -46.074664682118588, -23.418503240747924 ], [ -46.074660237175465, -23.418501227861722 ], [ -46.074657989941883, -23.418497156386508 ], [ -46.074655742708444, -23.418493084911262 ], [ -46.074655709692429, -23.418488998201834 ], [ -46.07465346245921, -23.418484926726546 ], [ -46.074649034024759, -23.418484957194703 ], [ -46.074649001008972, -23.418480870485276 ], [ -46.074648967993184, -23.418476783775848 ], [ -46.074646720760384, -23.418472712300424 ], [ -46.074644473527727, -23.418468640824976 ], [ -46.074640028586067, -23.418466627938134 ], [ -46.074637781353722, -23.418462556462575 ], [ -46.074633336412361, -23.418460543575527 ], [ -46.074628891471129, -23.418458530688351 ], [ -46.074624446530031, -23.418456517801044 ], [ -46.074622199298339, -23.418452446325226 ], [ -46.07461775435754, -23.418450433437712 ], [ -46.074615240381505, -23.418448147790556 ], [ -46.074613292909547, -23.418446377195327 ], [ -46.074611045678374, -23.418442305719328 ], [ -46.074608798447336, -23.41843823424329 ], [ -46.074606551216448, -23.418434162767209 ], [ -46.074608732418369, -23.41843006082426 ], [ -46.07461091362017, -23.418425958881283 ], [ -46.074613094821842, -23.418421856938284 ], [ -46.07461527602338, -23.418417754995261 ], [ -46.074615226501408, -23.418411624931 ], [ -46.074621852642053, -23.418409535875519 ], [ -46.074624033843136, -23.418405433932381 ], [ -46.074628462274966, -23.418405403465027 ], [ -46.074630643475771, -23.418401301521804 ], [ -46.074630610460673, -23.418397214812305 ], [ -46.074632791661294, -23.418393112869051 ], [ -46.074637203585056, -23.418391039046718 ], [ -46.074641599000969, -23.418386921869519 ], [ -46.074642647398377, -23.418384950263736 ], [ -46.074643780201086, -23.418382819926123 ], [ -46.074648208632134, -23.418382789458239 ], [ -46.07465038983198, -23.418378687514757 ], [ -46.074650356816306, -23.418374600805276 ], [ -46.074654785247077, -23.418374570337214 ], [ -46.074656966446597, -23.41837046839365 ], [ -46.074659147645974, -23.418366366450073 ], [ -46.074661328845231, -23.418362264506463 ], [ -46.074663510044353, -23.418358162562818 ], [ -46.074665691243347, -23.418354060619144 ], [ -46.074667872442213, -23.418349958675449 ], [ -46.074667839426056, -23.418345871965972 ], [ -46.074672251347685, -23.418343798142708 ], [ -46.074672218331408, -23.418339711433234 ], [ -46.07467218531513, -23.418335624723767 ], [ -46.074672152298859, -23.418331538014286 ], [ -46.074672119282596, -23.418327451304801 ], [ -46.074674300480851, -23.418323349361025 ], [ -46.074674267464538, -23.41831926265154 ], [ -46.074676448662615, -23.418315160707731 ], [ -46.07467862986055, -23.418311058763901 ], [ -46.074683025272591, -23.418306941585644 ], [ -46.0746852064702, -23.418302839641729 ], [ -46.074689634898526, -23.418302809172765 ], [ -46.074689601881779, -23.418298722463291 ], [ -46.074689568865033, -23.418294635753814 ], [ -46.074689535848286, -23.418290549044336 ], [ -46.074689502831554, -23.418286462334855 ], [ -46.074693914750902, -23.418284388511051 ], [ -46.074696095947822, -23.418280286566997 ], [ -46.074700524375388, -23.418280256097756 ], [ -46.074700491358335, -23.418276169388289 ], [ -46.074704919785752, -23.418276138918927 ], [ -46.074707100982209, -23.418272036974734 ], [ -46.074711496392091, -23.418267919795728 ], [ -46.074713677588221, -23.41826381785145 ], [ -46.074718072997634, -23.418259700672273 ], [ -46.07472025419343, -23.41825559872791 ], [ -46.074722435389099, -23.418251496783519 ], [ -46.074724616584632, -23.418247394839106 ], [ -46.074724583566891, -23.418243308129657 ], [ -46.074724550549156, -23.418239221420194 ], [ -46.074722303318417, -23.418235149945684 ], [ -46.074717874892393, -23.418235180415486 ], [ -46.074717841874879, -23.418231093706019 ], [ -46.07471339694029, -23.418229080820957 ], [ -46.074710761175147, -23.418227887216741 ], [ -46.074708952005835, -23.41822706793576 ], [ -46.074706704775792, -23.418222996460994 ], [ -46.074706671758634, -23.418218909751509 ], [ -46.074708852954174, -23.418214807807296 ], [ -46.074708819936973, -23.4182107210978 ], [ -46.074708786919771, -23.418206634388305 ], [ -46.074708753902584, -23.41820254767881 ], [ -46.074713165818871, -23.418200473854547 ], [ -46.074717577735029, -23.418198400030178 ], [ -46.074719758929909, -23.418194298085826 ], [ -46.074719725912402, -23.418190211376341 ], [ -46.074722999269966, -23.418189179365118 ], [ -46.074726352040337, -23.418188122316852 ], [ -46.07472853323479, -23.418184020372387 ], [ -46.074732945150153, -23.418181946547605 ], [ -46.074737373574386, -23.418181916077437 ], [ -46.074741768980445, -23.418177798897677 ], [ -46.074746180895382, -23.418175725072523 ], [ -46.074748362089025, -23.418171623127815 ], [ -46.074752774003642, -23.418169549302494 ], [ -46.074752724475928, -23.418163419238311 ], [ -46.074752691457448, -23.418159332528848 ], [ -46.074752658438989, -23.418155245819381 ], [ -46.07475262542053, -23.418151159109918 ], [ -46.074750378190551, -23.418147087635745 ], [ -46.074748130960721, -23.418143016161533 ], [ -46.074748097942418, -23.418138929452049 ], [ -46.074743653010557, -23.418136916567732 ], [ -46.074743619992404, -23.418132829858241 ], [ -46.074741372763036, -23.418128758383912 ], [ -46.074741357421651, -23.418126859552007 ], [ -46.074741339744968, -23.418124671674413 ], [ -46.074736911322645, -23.418124702144624 ], [ -46.074736878304719, -23.418120615435122 ], [ -46.074739059497823, -23.418116513490535 ], [ -46.074741240690798, -23.418112411545909 ], [ -46.074741207672766, -23.418108324836417 ], [ -46.07474561958545, -23.418106251011356 ], [ -46.07474780077807, -23.418102149066652 ], [ -46.074748638321964, -23.418102143303805 ], [ -46.074752229199618, -23.418102118596163 ], [ -46.074752196181258, -23.418098031886668 ], [ -46.074756608093431, -23.418095958061311 ], [ -46.074761020005454, -23.418093884235827 ], [ -46.074763201197399, -23.418089782290938 ], [ -46.07476316817872, -23.418085695581446 ], [ -46.074765349370473, -23.418081593636519 ], [ -46.074769777791317, -23.418081563165558 ], [ -46.074769744772453, -23.41807747645608 ], [ -46.07477192596388, -23.418073374511078 ], [ -46.074776337874908, -23.418071300685199 ], [ -46.07477630485586, -23.418067213975718 ], [ -46.074780716766618, -23.418065140149722 ], [ -46.074782897957512, -23.418061038204574 ], [ -46.074787309867958, -23.418058964378403 ], [ -46.074791721778261, -23.418056890552112 ], [ -46.07479613368843, -23.4180548167257 ], [ -46.074798314878684, -23.418050714780364 ], [ -46.07480492448844, -23.418046582363079 ], [ -46.07480933639804, -23.418044508536305 ], [ -46.074813748307513, -23.41804243470942 ], [ -46.074813715287355, -23.418038347999978 ], [ -46.074813682267205, -23.418034261290533 ], [ -46.074818110686401, -23.418034230818257 ], [ -46.074822539105597, -23.418034200345854 ], [ -46.074826967524778, -23.418034169873327 ], [ -46.074833626663924, -23.418036167519013 ], [ -46.074840269292771, -23.418036121809692 ], [ -46.074844697711995, -23.41803609133666 ], [ -46.074849126131213, -23.418036060863507 ], [ -46.074853554550415, -23.418036030390219 ], [ -46.074857982969618, -23.41803599991681 ], [ -46.074862411388814, -23.418035969443277 ], [ -46.074866856318884, -23.418037982324304 ], [ -46.074871284738137, -23.418037951850518 ], [ -46.074875713157375, -23.418037921376602 ], [ -46.07487574617943, -23.418042008085969 ], [ -46.074880174598803, -23.418041977611917 ], [ -46.074884619529328, -23.418043990492418 ], [ -46.074889047948744, -23.418043960018117 ], [ -46.074893509390776, -23.418048016253028 ], [ -46.074897954321692, -23.418050029133134 ], [ -46.074902382741293, -23.41804999865845 ], [ -46.074906811160886, -23.418049968183642 ], [ -46.074911239580473, -23.418049937708702 ], [ -46.074915668000052, -23.418049907233637 ], [ -46.074922310629404, -23.41804986152081 ], [ -46.074926739048969, -23.41804983104544 ], [ -46.07493116746852, -23.418049800569936 ], [ -46.074935595888064, -23.418049770094314 ], [ -46.074940024307608, -23.41804973961856 ], [ -46.074944452727138, -23.418049709142682 ], [ -46.074946699961153, -23.418053780613949 ], [ -46.074949173853625, -23.418053763588805 ], [ -46.07495112838081, -23.418053750137876 ], [ -46.074951143134832, -23.418055575921208 ], [ -46.07495116140521, -23.418057836847126 ], [ -46.074953581758862, -23.41805782019037 ], [ -46.074955589824995, -23.418057806370928 ], [ -46.074957678340795, -23.418061590280313 ], [ -46.0749578370595, -23.418061877842014 ], [ -46.07495787008412, -23.418065964551253 ], [ -46.074964529226598, -23.418067962191216 ], [ -46.0749646726251, -23.418068027128918 ], [ -46.074968974159184, -23.41806997506923 ], [ -46.074973402579346, -23.41806994459251 ], [ -46.074973435604463, -23.418074031301725 ], [ -46.074977880537375, -23.418076044179468 ], [ -46.074982325470422, -23.418078057057084 ], [ -46.074982358495824, -23.418082143766277 ], [ -46.074989017639446, -23.418084141405146 ], [ -46.074991264875422, -23.418088212875684 ], [ -46.074993512111547, -23.418092284346187 ], [ -46.074995759347821, -23.418096355816658 ], [ -46.074996073942046, -23.418096925788344 ], [ -46.074998006584224, -23.418100427287076 ], [ -46.075000253820782, -23.418104498757465 ], [ -46.075000286846766, -23.418108585466612 ], [ -46.075004715268172, -23.418108554988954 ], [ -46.075004748294305, -23.418112641698105 ], [ -46.075009193228972, -23.418114654574886 ], [ -46.075009226255254, -23.418118741284026 ], [ -46.075011473492474, -23.41812281275422 ], [ -46.075015918427582, -23.418124825630791 ], [ -46.075018165665114, -23.418128897100868 ], [ -46.075020412902788, -23.418132968570909 ], [ -46.075020445929447, -23.418137055280017 ], [ -46.075024890865166, -23.418139068156304 ], [ -46.075029335801013, -23.418141081032463 ], [ -46.075036011461812, -23.418145122023734 ], [ -46.075038258700317, -23.418149193493473 ], [ -46.075042703636697, -23.418151206369227 ], [ -46.075044950875515, -23.41815527783886 ], [ -46.075049395812194, -23.418157290714419 ], [ -46.075053840749007, -23.418159303589828 ], [ -46.075053873776731, -23.418163390298893 ], [ -46.07505819845619, -23.418165348715899 ], [ -46.075058318713808, -23.418165403174161 ], [ -46.075062796679028, -23.418171502758355 ], [ -46.075065043918819, -23.418175574227654 ], [ -46.075067291158746, -23.418179645696913 ], [ -46.075071736096568, -23.418181658571775 ], [ -46.075071769124882, -23.418185745280802 ], [ -46.075076214062967, -23.418187758155529 ], [ -46.075076247091417, -23.418191844864534 ], [ -46.075080708544085, -23.418195901093629 ], [ -46.075080741572691, -23.418199987802627 ], [ -46.075080774249059, -23.418204030927669 ], [ -46.075080774601304, -23.418204074511628 ], [ -46.075080828041926, -23.418204123098352 ], [ -46.075085236054527, -23.418208130740567 ], [ -46.075085265109237, -23.41821172573302 ], [ -46.075085269083289, -23.418212217449554 ], [ -46.075085302112065, -23.418216304158541 ], [ -46.075089763565835, -23.418220360387313 ], [ -46.075089796594767, -23.418224447096289 ], [ -46.075094274563497, -23.418230546679407 ], [ -46.075094307592572, -23.418234633388376 ], [ -46.075096554834452, -23.41823870485711 ], [ -46.075098802076482, -23.418242776325805 ], [ -46.075098835105713, -23.418246863034764 ], [ -46.075098868134958, -23.418250949743705 ], [ -46.07509890116421, -23.418255036452649 ], [ -46.075101148406603, -23.418259107921298 ], [ -46.075103395649144, -23.418263179389903 ], [ -46.075103428678553, -23.418267266098834 ], [ -46.075103461707968, -23.418271352807775 ], [ -46.075103494737391, -23.418275439516702 ], [ -46.075103527766828, -23.418279526225625 ], [ -46.075103560796265, -23.418283612934555 ], [ -46.075103593825709, -23.418287699643479 ], [ -46.07510362685516, -23.418291786352405 ], [ -46.075103659884626, -23.418295873061329 ], [ -46.075110335555522, -23.418299914048962 ], [ -46.075114797012951, -23.418303970276856 ], [ -46.075119241955669, -23.418305983150148 ], [ -46.075119274985632, -23.418310069859036 ], [ -46.075123719928619, -23.418312082732207 ], [ -46.075128164871735, -23.418314095605236 ], [ -46.075128197901989, -23.418318182314117 ], [ -46.075132626330181, -23.41831815183258 ], [ -46.075137071273623, -23.418320164705342 ], [ -46.075141516217208, -23.418322177577977 ], [ -46.075148191890541, -23.418326218563891 ], [ -46.075152636834481, -23.418328231436195 ], [ -46.075153484561589, -23.418328615325464 ], [ -46.075157081778549, -23.418330244308365 ], [ -46.075161510207103, -23.418330213825993 ], [ -46.075161543238409, -23.418334300534802 ], [ -46.075168202397172, -23.418336298165404 ], [ -46.075172647341738, -23.418338311037118 ], [ -46.075177092286431, -23.418340323908684 ], [ -46.075181537231252, -23.418342336780132 ], [ -46.075185965660168, -23.418342306297045 ], [ -46.075190410605188, -23.418344319168231 ], [ -46.075194855550322, -23.418346332039281 ], [ -46.075194888582672, -23.418350418748052 ], [ -46.075199317011844, -23.418350388264582 ], [ -46.075203761957319, -23.418352401135362 ], [ -46.075206009204628, -23.418356472602269 ], [ -46.07520604223734, -23.418360559311008 ], [ -46.075208306001265, -23.41836667413224 ], [ -46.075208355550458, -23.418372804195354 ], [ -46.075210602798286, -23.418376875662169 ], [ -46.075212850046249, -23.418380947128931 ], [ -46.07521288307921, -23.418385033837662 ], [ -46.075215130327386, -23.418389105304382 ], [ -46.075215163360426, -23.418393192013106 ], [ -46.075215196393479, -23.418397278721816 ], [ -46.075213015211112, -23.418401380672542 ], [ -46.075210850545083, -23.418407525977603 ], [ -46.075210883578016, -23.418411612686317 ], [ -46.07521091661097, -23.41841569939503 ], [ -46.075210949643925, -23.418419786103733 ], [ -46.075210982676886, -23.418423872812443 ], [ -46.075208801493986, -23.418427974763116 ], [ -46.075206620310958, -23.418432076713763 ], [ -46.075206653343798, -23.418436163422466 ], [ -46.075206686376653, -23.418440250131173 ], [ -46.075206719409522, -23.418444336839883 ], [ -46.075206752442384, -23.418448423548572 ], [ -46.075206785475267, -23.418452510257275 ], [ -46.07520681850815, -23.418456596965974 ], [ -46.07520685154104, -23.418460683674674 ], [ -46.075202456140978, -23.418464800867188 ], [ -46.075202489173748, -23.418468887575891 ], [ -46.075198093773281, -23.418473004768295 ], [ -46.075193714888805, -23.418479165314928 ], [ -46.075189302971538, -23.418481239152754 ], [ -46.07518933600393, -23.418485325861461 ], [ -46.075187154819425, -23.41848942781186 ], [ -46.075184973634791, -23.418493529762234 ], [ -46.075182792450022, -23.418497631712576 ], [ -46.075178380531973, -23.418499705550115 ], [ -46.075178413564061, -23.418503792258814 ], [ -46.075174001645728, -23.418505866096243 ], [ -46.07517182046044, -23.418509968046447 ], [ -46.075171853492336, -23.41851405475516 ], [ -46.075167425057678, -23.418514085238055 ], [ -46.075167458089453, -23.418518171946772 ], [ -46.075163046170474, -23.418520245783906 ], [ -46.075163079202127, -23.418524332492634 ], [ -46.075158667282871, -23.418526406329644 ], [ -46.075158700314397, -23.418530493038364 ], [ -46.075154271879171, -23.418530523520904 ], [ -46.075154304910569, -23.418534610229631 ], [ -46.075152123724216, -23.418538712179586 ], [ -46.07514769528872, -23.418538742661948 ], [ -46.075145514102097, -23.418542844611814 ], [ -46.075143332915346, -23.418546946561669 ], [ -46.075138904479559, -23.418546977043793 ], [ -46.075136981029537, -23.418547881167246 ], [ -46.075134492559165, -23.418549050880156 ], [ -46.07513008063863, -23.418551124716416 ], [ -46.075125668717945, -23.418553198552544 ], [ -46.075121240281923, -23.41855322903417 ], [ -46.075116828361026, -23.418555302870061 ], [ -46.075112416439993, -23.418557376705827 ], [ -46.075108004518817, -23.418559450541476 ], [ -46.075105823330638, -23.418563552490838 ], [ -46.075101394894233, -23.418563582971917 ], [ -46.075099213705791, -23.418567684921197 ], [ -46.075097032517206, -23.418571786870448 ], [ -46.075092620595306, -23.418573860705678 ], [ -46.075092653624871, -23.418577947414473 ], [ -46.075090472435932, -23.418582049363636 ], [ -46.075088291246857, -23.41858615131278 ], [ -46.075086110057661, -23.418590253261883 ], [ -46.075086143087056, -23.418594339970671 ], [ -46.075086176116457, -23.418598426679459 ], [ -46.075086209145873, -23.41860251338824 ], [ -46.075086242175288, -23.418606600097018 ], [ -46.075086291719423, -23.418612730160191 ], [ -46.07508632474886, -23.418616816868962 ], [ -46.075090786216641, -23.418620873097012 ], [ -46.075090819246221, -23.418624959805779 ], [ -46.075090852275821, -23.418629046514543 ], [ -46.075093116039625, -23.418635161337264 ], [ -46.075093149069303, -23.418639248046016 ], [ -46.075093182098989, -23.418643334754773 ], [ -46.075095429348288, -23.418647406223055 ], [ -46.075095462378066, -23.418651492931797 ], [ -46.075097709627578, -23.418655564400048 ], [ -46.075099956877239, -23.418659635868263 ], [ -46.075099989907166, -23.418663722576991 ], [ -46.07510223715704, -23.418667794045156 ], [ -46.075102270187053, -23.418671880753877 ], [ -46.075102303217072, -23.418675967462594 ], [ -46.075106748172296, -23.418677980335712 ], [ -46.075108995422632, -23.418682051803746 ], [ -46.075109028452871, -23.418686138512459 ], [ -46.075113473408535, -23.418688151385364 ], [ -46.075113506438925, -23.418692238094067 ], [ -46.075117951394851, -23.41869425096683 ], [ -46.075120198645827, -23.418698322434683 ], [ -46.075120231676436, -23.418702409143357 ], [ -46.075122478927618, -23.41870648061116 ], [ -46.075124726178949, -23.418710552078931 ], [ -46.075129171135657, -23.418712564951342 ], [ -46.075129204166572, -23.418716651660009 ], [ -46.075131451418279, -23.418720723127656 ], [ -46.075133698670136, -23.418724794595263 ], [ -46.075135945922135, -23.418728866062825 ], [ -46.075135978953284, -23.418732952771482 ], [ -46.075136011984441, -23.418737039480128 ], [ -46.075138259236731, -23.418741110947643 ], [ -46.075138292267958, -23.418745197656282 ], [ -46.0751383252992, -23.418749284364928 ], [ -46.075138358330449, -23.418753371073556 ], [ -46.075138391361712, -23.418757457782181 ], [ -46.075136210171507, -23.418761559731951 ], [ -46.075136243202714, -23.418765646440583 ], [ -46.07513627623392, -23.418769733149212 ], [ -46.075137596765543, -23.418773300128599 ], [ -46.075137416375981, -23.418773812237273 ], [ -46.075137432891616, -23.418775855591583 ], [ -46.075136342296368, -23.418777906566465 ], [ -46.075136358811989, -23.418779949920779 ], [ -46.075136375327602, -23.418781993275093 ], [ -46.075135284732305, -23.418784044249968 ], [ -46.075134202394764, -23.418787116901989 ], [ -46.075134227168149, -23.41879018193346 ], [ -46.075135350794731, -23.418792217667207 ], [ -46.075136474421349, -23.418794253400939 ], [ -46.075138705159027, -23.41879628151408 ], [ -46.075140935896776, -23.418798309627185 ], [ -46.075143150118862, -23.418798294385958 ], [ -46.075145372598826, -23.418799300821849 ], [ -46.075147595078818, -23.418800307257708 ], [ -46.075148718705698, -23.418802342991341 ], [ -46.075150932927833, -23.418802327750008 ], [ -46.075154262518993, -23.418803326565083 ], [ -46.075156476741149, -23.418803311323661 ], [ -46.075158690963299, -23.41880329608221 ], [ -46.075159814590371, -23.418805331815754 ], [ -46.075162028812549, -23.418805316574261 ], [ -46.075164251292769, -23.418806323009864 ], [ -46.075166465514961, -23.418806307768303 ], [ -46.075168687995223, -23.41880731420385 ], [ -46.075172025844722, -23.41880933469568 ], [ -46.075174248325077, -23.418810341131138 ], [ -46.075176462547326, -23.418810325889435 ], [ -46.07517868502773, -23.418811332324829 ], [ -46.075180907508162, -23.418812338760194 ], [ -46.07518312173044, -23.418812323518392 ], [ -46.075185335952717, -23.418812308276554 ], [ -46.075187550175002, -23.418812293034687 ], [ -46.07518976439728, -23.418812277792792 ], [ -46.075191986877797, -23.418813284227994 ], [ -46.075195308211235, -23.418813261365038 ], [ -46.075197522433527, -23.41881324612303 ], [ -46.075199736655819, -23.418813230880993 ], [ -46.075201950878096, -23.418813215638917 ], [ -46.075204173358721, -23.418814222073941 ], [ -46.075206387581019, -23.418814206831811 ], [ -46.075208610061686, -23.418815213266768 ], [ -46.075210832542403, -23.418816219701696 ], [ -46.075211956170371, -23.418818255434836 ], [ -46.075214170392734, -23.418818240192589 ], [ -46.075216392873521, -23.418819246627432 ], [ -46.075218615354352, -23.418820253062236 ], [ -46.075220829576736, -23.418820237819894 ], [ -46.075223052057616, -23.418821244254634 ], [ -46.075225274538525, -23.418822250689356 ], [ -46.075227488760945, -23.418822235446918 ], [ -46.075229711241896, -23.418823241881562 ], [ -46.075231925464323, -23.418823226639059 ], [ -46.075234147945324, -23.418824233073643 ], [ -46.075235271573725, -23.418826268806601 ], [ -46.075237494054797, -23.418827275241132 ], [ -46.075239716535911, -23.41882828167563 ], [ -46.075243054386966, -23.418830302165876 ], [ -46.075245276868166, -23.418831308600293 ], [ -46.075247499349402, -23.418832315034674 ], [ -46.075249713571971, -23.418832299791912 ], [ -46.075251944311965, -23.418834327903344 ], [ -46.075251960829412, -23.418836371257562 ], [ -46.075251977346845, -23.418838414611781 ], [ -46.075254191569513, -23.418838399368955 ], [ -46.075255323457078, -23.41884145677885 ], [ -46.075256447085948, -23.41884349251163 ], [ -46.075257578973613, -23.418846549921504 ], [ -46.075259793196409, -23.418846534678593 ], [ -46.075260916825393, -23.418848570411331 ], [ -46.075264254677272, -23.418850590901084 ], [ -46.075266468900132, -23.41885057565807 ], [ -46.075268683122992, -23.418850560415038 ], [ -46.075270905604711, -23.418851566849064 ], [ -46.075272029233908, -23.41885360258172 ], [ -46.075274251715705, -23.418854609015696 ], [ -46.075276465938629, -23.418854593772544 ], [ -46.075278688420475, -23.418855600206459 ], [ -46.075278704938341, -23.418857643560656 ], [ -46.075280927420252, -23.418858649994537 ], [ -46.07528314164324, -23.418858634751285 ], [ -46.0752853641252, -23.418859641185094 ], [ -46.075287586607189, -23.418860647618882 ], [ -46.075288710236727, -23.418862683351396 ], [ -46.075290924459765, -23.418862668108034 ], [ -46.075292048089359, -23.418864703840523 ], [ -46.075292064607432, -23.418866747194709 ], [ -46.07529427883054, -23.418866731951297 ], [ -46.075296493053649, -23.418866716707857 ], [ -46.075298707276758, -23.418866701464378 ], [ -46.07530092975896, -23.418867707897952 ], [ -46.075300946277181, -23.418869751252132 ], [ -46.075303168759454, -23.418870757685681 ], [ -46.075305391241763, -23.418871764119203 ], [ -46.075307613724107, -23.418872770552682 ], [ -46.075308737354042, -23.418874806285032 ], [ -46.075310959836457, -23.418875812718472 ], [ -46.075312083466471, -23.418877848450784 ], [ -46.075314314208185, -23.418879876561252 ], [ -46.075315437838285, -23.41888191229355 ], [ -46.075316561468419, -23.418883948025844 ], [ -46.075318775691798, -23.418883932782069 ], [ -46.075320989915177, -23.418883917538267 ], [ -46.075321006433711, -23.418885960892425 ], [ -46.075324344287402, -23.41888798138082 ], [ -46.075324360805993, -23.418890024734981 ], [ -46.075326575029464, -23.41889000949109 ], [ -46.07532879751227, -23.418891015924252 ], [ -46.075328814030932, -23.418893059278403 ], [ -46.075329937661373, -23.418895095010583 ], [ -46.075329954180056, -23.418897138364727 ], [ -46.075331077810546, -23.418899174096893 ], [ -46.075332201441078, -23.418901209829055 ], [ -46.075333325071639, -23.418903245561211 ], [ -46.075336679444753, -23.418907309403451 ], [ -46.075337803075442, -23.418909345135567 ], [ -46.075340025558653, -23.418910351568545 ], [ -46.075342248041892, -23.418911358001495 ], [ -46.075342264560781, -23.418913401355631 ], [ -46.075342281079664, -23.418915444709775 ], [ -46.075342305857987, -23.418918509740983 ], [ -46.075342322376883, -23.418920553095113 ], [ -46.075343446007778, -23.418922588827179 ], [ -46.075343462526689, -23.418924632181302 ], [ -46.0753434790456, -23.418926675535435 ], [ -46.075344602676573, -23.41892871126748 ], [ -46.075346833419637, -23.418930739377416 ], [ -46.075349055903274, -23.418931745810255 ], [ -46.07535127012742, -23.418931730565994 ], [ -46.0753534926111, -23.418932736998766 ], [ -46.075355715094815, -23.418933743431506 ], [ -46.075357937578566, -23.418934749864203 ], [ -46.075360151802755, -23.418934734619818 ], [ -46.075361275434048, -23.418936770351731 ], [ -46.075364613289629, -23.418938790839182 ], [ -46.075366835773529, -23.418939797271754 ], [ -46.075369058257451, -23.418940803704288 ], [ -46.075370181888935, -23.418942839436134 ], [ -46.075372396113252, -23.418942824191568 ], [ -46.075373519744801, -23.418944859923386 ], [ -46.075376841081322, -23.418944837056447 ], [ -46.075377972972682, -23.418947894465276 ], [ -46.075381302569028, -23.418948893275299 ], [ -46.075382434460529, -23.418951950684082 ], [ -46.075383558092312, -23.418953986415811 ], [ -46.075385780576603, -23.4189549928481 ], [ -46.075388003060922, -23.418955999280346 ], [ -46.07539022554527, -23.418957005712578 ], [ -46.075392456289499, -23.418959033821803 ], [ -46.075394670514072, -23.41895901857691 ], [ -46.075396901258394, -23.418961046686082 ], [ -46.075398024890482, -23.41896308241769 ], [ -46.075400247375022, -23.418964088849766 ], [ -46.075402469859597, -23.418965095281795 ], [ -46.0754046923442, -23.418966101713799 ], [ -46.07540690656888, -23.418966086468732 ], [ -46.075409129053533, -23.418967092900669 ], [ -46.075411343278226, -23.41896707765553 ], [ -46.07541355750292, -23.418967062410371 ], [ -46.075415771727606, -23.418967047165175 ], [ -46.075417985952292, -23.418967031919941 ], [ -46.075420208437045, -23.418968038351721 ], [ -46.075422430921826, -23.418969044783463 ], [ -46.075424645146533, -23.418969029538143 ], [ -46.075426859371255, -23.418969014292792 ], [ -46.075426842851023, -23.418966970938722 ], [ -46.075429057075702, -23.418966955693332 ], [ -46.075431271300374, -23.418966940447916 ], [ -46.075434592637386, -23.418966917579734 ], [ -46.075436798601871, -23.418965880657208 ], [ -46.075440119938847, -23.418965857788908 ], [ -46.075444548388141, -23.418965827297733 ], [ -46.075448968577156, -23.418964775129403 ], [ -46.075453388766078, -23.41896372296096 ], [ -46.075456701842647, -23.41896267841528 ], [ -46.075458916067234, -23.418962663169474 ], [ -46.075462237404103, -23.418962640300709 ], [ -46.07546445162869, -23.418962625054824 ], [ -46.075466665853263, -23.418962609808908 ], [ -46.075468871817407, -23.418961572885944 ], [ -46.075471077781508, -23.418960535962949 ], [ -46.075473292006045, -23.41896052071694 ], [ -46.075475489709618, -23.418958462116862 ], [ -46.075478811046366, -23.418958439247746 ], [ -46.075482132383115, -23.418958416378565 ], [ -46.075486544310962, -23.418956342532173 ], [ -46.075488758535421, -23.418956327285951 ], [ -46.075490964499274, -23.418955290362682 ], [ -46.075493178723711, -23.418955275116389 ], [ -46.07549759891193, -23.41895422294672 ], [ -46.075499813136346, -23.418954207700338 ], [ -46.07550311795157, -23.418952141476691 ], [ -46.075506439288134, -23.418952118606988 ], [ -46.07550752987887, -23.418950067629726 ], [ -46.07551085121537, -23.418950044759935 ], [ -46.07551194180602, -23.418947993782652 ], [ -46.075513032396636, -23.418945942805355 ], [ -46.075515238360119, -23.418944905881755 ], [ -46.07551522183855, -23.418942862527736 ], [ -46.075515205316989, -23.418940819173727 ], [ -46.075517411280366, -23.418939782250096 ], [ -46.075519625504526, -23.418939767003444 ], [ -46.075521831467853, -23.418938730079752 ], [ -46.075524045691992, -23.418938714833043 ], [ -46.075526259916124, -23.418938699586299 ], [ -46.075529572991435, -23.418937655039116 ], [ -46.075532894327608, -23.418937632168873 ], [ -46.075535108551719, -23.418937616922001 ], [ -46.07553732277583, -23.418937601675097 ], [ -46.075539536999941, -23.418937586428164 ], [ -46.075541751224044, -23.418937571181207 ], [ -46.075543957187151, -23.41893653425721 ], [ -46.075546171411233, -23.418936519010181 ], [ -46.075546154889203, -23.418934475656187 ], [ -46.075548360852217, -23.418933438732132 ], [ -46.07555057507625, -23.418933423485051 ], [ -46.075552772778138, -23.418931364883939 ], [ -46.075554978741053, -23.418930327959789 ], [ -46.075557184703925, -23.418929291035628 ], [ -46.07555938240565, -23.418927232434427 ], [ -46.075560472995363, -23.418925181456824 ], [ -46.075563786070042, -23.418924136908938 ], [ -46.075565983771575, -23.418922078307652 ], [ -46.075568189734227, -23.418921041383342 ], [ -46.075569280323755, -23.418918990405679 ], [ -46.075570370913248, -23.418916939428016 ], [ -46.075572576875778, -23.418915902503628 ], [ -46.075572560353351, -23.418913859149651 ], [ -46.075573650942758, -23.418911808171959 ], [ -46.075575848643936, -23.418909749570549 ], [ -46.075576939233258, -23.418907698592843 ], [ -46.075579145195583, -23.418906661668373 ], [ -46.075579128673063, -23.418904618314397 ], [ -46.075581334635324, -23.418903581389902 ], [ -46.075581309851501, -23.418900516358924 ], [ -46.075583524074958, -23.418900501111395 ], [ -46.075583507552373, -23.418898457757415 ], [ -46.075583491029803, -23.418896414403434 ], [ -46.075583474507219, -23.418894371049454 ], [ -46.075583457984642, -23.418892327695481 ], [ -46.075584548573715, -23.418890276717725 ], [ -46.075585639162753, -23.418888225739959 ], [ -46.075585622640155, -23.418886182385982 ], [ -46.075585606117556, -23.418884139031995 ], [ -46.07558669670653, -23.418882088054229 ], [ -46.075587787295476, -23.418880037076448 ], [ -46.075587770772842, -23.418877993722468 ], [ -46.075587754250222, -23.418875950368488 ], [ -46.075587737727595, -23.418873907014508 ], [ -46.075589943689273, -23.418872870089903 ], [ -46.075589927166618, -23.418870826735919 ], [ -46.075589910643963, -23.418868783381939 ], [ -46.075589894121308, -23.418866740027955 ], [ -46.075589877598659, -23.418864696673968 ], [ -46.075589861076011, -23.418862653319994 ], [ -46.075588737441969, -23.418860617589807 ], [ -46.075588720919342, -23.418858574235824 ], [ -46.075587597285356, -23.418856538505633 ], [ -46.075586473651398, -23.418854502775428 ], [ -46.075586457128807, -23.418852459421437 ], [ -46.075585333494914, -23.418850423691229 ], [ -46.075585316972344, -23.418848380337234 ], [ -46.075586407561055, -23.418846329359468 ], [ -46.07558639103847, -23.418844286005477 ], [ -46.075587481627139, -23.4188422350277 ], [ -46.075588572215771, -23.418840184049923 ], [ -46.075589662804369, -23.418838133072139 ], [ -46.075589646281742, -23.418836089718155 ], [ -46.075590736870289, -23.418834038740357 ], [ -46.075591827458808, -23.418831987762562 ], [ -46.075592918047299, -23.418829936784753 ], [ -46.075592893263298, -23.418826871753758 ], [ -46.075592876740622, -23.418824828399771 ], [ -46.075592860217959, -23.418822785045784 ], [ -46.075592843695304, -23.418820741691782 ], [ -46.075592827172642, -23.418818698337788 ], [ -46.075592810649987, -23.418816654983793 ], [ -46.075592794127324, -23.418814611629799 ], [ -46.075592777604676, -23.418812568275804 ], [ -46.075591653971046, -23.418810532545614 ], [ -46.07559053033745, -23.418808496815423 ], [ -46.075589406703891, -23.418806461085218 ], [ -46.075588283070367, -23.418804425355003 ], [ -46.075587159436886, -23.418802389624776 ], [ -46.075586035803425, -23.418800353894536 ], [ -46.075584912170008, -23.418798318164292 ], [ -46.075583788536626, -23.418796282434034 ], [ -46.075582664903287, -23.418794246703769 ], [ -46.075581541269976, -23.418792210973493 ], [ -46.075580417636694, -23.41879017524321 ], [ -46.075580401114244, -23.418788131889194 ], [ -46.075580384591809, -23.418786088535182 ], [ -46.075580368069367, -23.418784045181173 ], [ -46.075580351546925, -23.418782001827157 ], [ -46.07558033502449, -23.418779958473145 ], [ -46.075580318502055, -23.418777915119144 ], [ -46.07558030197962, -23.418775871765124 ], [ -46.075580285457185, -23.418773828411119 ], [ -46.075580268934758, -23.418771785057103 ], [ -46.07558025241233, -23.418769741703088 ], [ -46.075580235889902, -23.418767698349061 ], [ -46.075580219367481, -23.418765654995056 ], [ -46.07558020284506, -23.418763611641033 ], [ -46.07558018632264, -23.418761568287017 ], [ -46.075582400543787, -23.418761553039584 ], [ -46.075583491131887, -23.418759502061846 ], [ -46.075584581719959, -23.41875745108409 ], [ -46.075585672307994, -23.418755400106331 ], [ -46.075587870006508, -23.418753341504814 ], [ -46.075588960594459, -23.418751290527041 ], [ -46.075588944071917, -23.418749247173025 ], [ -46.075591141770275, -23.418747188571466 ], [ -46.075591125247698, -23.418745145217443 ], [ -46.075591108725121, -23.418743101863434 ], [ -46.075593322945956, -23.418743086615859 ], [ -46.07559330642335, -23.418741043261843 ], [ -46.075593289900738, -23.418738999907827 ], [ -46.075593273378139, -23.418736956553815 ], [ -46.075593256855541, -23.418734913199803 ], [ -46.075593240332942, -23.41873286984578 ], [ -46.075593223810344, -23.418730826491768 ], [ -46.075593207287753, -23.418728783137745 ], [ -46.075595413247029, -23.41872774621314 ], [ -46.07559761920627, -23.418726709288514 ], [ -46.075598709793873, -23.418724658310666 ], [ -46.075600924014395, -23.418724643062991 ], [ -46.075604245345168, -23.418724620191426 ], [ -46.075606451304289, -23.418723583266672 ], [ -46.075609739589339, -23.418719473686981 ], [ -46.0756108301767, -23.418717422709058 ], [ -46.075611920764025, -23.418715371731139 ], [ -46.075614126722932, -23.418714334806278 ], [ -46.075615217310173, -23.418712283828334 ], [ -46.075617423269001, -23.418711246903435 ], [ -46.075619637489282, -23.4187112316555 ], [ -46.075621851709563, -23.418711216407541 ], [ -46.075624049406791, -23.418709157805544 ], [ -46.075628477847275, -23.418709127309469 ], [ -46.075630692067513, -23.418709112061389 ], [ -46.075632906287751, -23.418709096813274 ], [ -46.075635120507989, -23.418709081565122 ], [ -46.075637334728221, -23.418709066316946 ], [ -46.075638458361603, -23.418711102046835 ], [ -46.075640672581876, -23.418711086798609 ], [ -46.075642895063808, -23.418712093227342 ], [ -46.075644018697311, -23.418714128957195 ], [ -46.075646249441021, -23.418716157062867 ], [ -46.075647373074602, -23.418718192792689 ], [ -46.075649595556705, -23.418719199221322 ], [ -46.075649612080156, -23.418721242575298 ], [ -46.075650735713843, -23.41872327830508 ], [ -46.075651859347566, -23.418725314034859 ], [ -46.075652982981325, -23.418727349764627 ], [ -46.075655197201847, -23.418727334516181 ], [ -46.075655213725391, -23.418729377870161 ], [ -46.075657436207742, -23.418730384298669 ], [ -46.075658559841628, -23.418732420028391 ], [ -46.07565968347555, -23.418734455758106 ], [ -46.0756608071095, -23.418736491487813 ], [ -46.075663029592015, -23.418737497916236 ], [ -46.075664161487886, -23.418740555322895 ], [ -46.075664178011579, -23.418742598676857 ], [ -46.075664194535285, -23.418744642030823 ], [ -46.075664211058978, -23.418746685384789 ], [ -46.075664227582678, -23.418748728738752 ], [ -46.075664244106378, -23.418750772092721 ], [ -46.075663153519606, -23.418752823070975 ], [ -46.075663170043306, -23.418754866424937 ], [ -46.075663186566992, -23.418756909778907 ], [ -46.075663203090684, -23.418758953132865 ], [ -46.07566321961437, -23.418760996486828 ], [ -46.07566323613807, -23.418763039840787 ], [ -46.075663252661769, -23.418765083194749 ], [ -46.075662162074877, -23.418767134173006 ], [ -46.075662178598563, -23.418769177526968 ], [ -46.075659972639166, -23.418770214452518 ], [ -46.07565889031401, -23.418773287107733 ], [ -46.075656676092727, -23.418773302356254 ], [ -46.075656692616327, -23.418775345710213 ], [ -46.075656709139935, -23.418777389064182 ], [ -46.075656725663542, -23.418779432418134 ], [ -46.075656742187149, -23.418781475772093 ], [ -46.075656758710771, -23.418783519126052 ], [ -46.075656775234378, -23.418785562480018 ], [ -46.075658997717689, -23.418786568908466 ], [ -46.075659014241346, -23.418788612262421 ], [ -46.075660137875786, -23.418790647992097 ], [ -46.075660162661293, -23.418793713023035 ], [ -46.075660179184965, -23.418795756376987 ], [ -46.075660195708643, -23.418797799730946 ], [ -46.07566131934319, -23.418799835460604 ], [ -46.075662442977766, -23.418801871190258 ], [ -46.07566245950148, -23.418803914544213 ], [ -46.075662476025194, -23.418805957898162 ], [ -46.07566359965984, -23.418807993627794 ], [ -46.075664723294537, -23.418810029357424 ], [ -46.075664739818286, -23.418812072711368 ], [ -46.07566475634205, -23.418814116065324 ], [ -46.075664772865807, -23.418816159419265 ], [ -46.07566478938957, -23.418818202773213 ], [ -46.075665913024373, -23.418820238502825 ], [ -46.075668152032158, -23.418823288285061 ], [ -46.075668168555971, -23.418825331639002 ], [ -46.075669292190888, -23.418827367368589 ], [ -46.07566930871473, -23.418829410722527 ], [ -46.075669325238572, -23.418831454076471 ], [ -46.075669341762413, -23.418833497430406 ], [ -46.07567156424664, -23.418834503858641 ], [ -46.07567158903246, -23.418837568889533 ], [ -46.075673803254809, -23.418837553640756 ], [ -46.07567492688991, -23.418839589370293 ], [ -46.075674943413851, -23.418841632724224 ], [ -46.075677157636264, -23.418841617475397 ], [ -46.075678281271458, -23.418843653204913 ], [ -46.075679404906687, -23.418845688934404 ], [ -46.075680528541952, -23.418847724663895 ], [ -46.075682759288526, -23.418849752768917 ], [ -46.075683882923883, -23.418851788498369 ], [ -46.075685014821318, -23.418854845904779 ], [ -46.075687229043943, -23.418854830655803 ], [ -46.075687245568076, -23.41885687400972 ], [ -46.075687262092217, -23.418858917363647 ], [ -46.075690599950448, -23.418860937844038 ], [ -46.075691723586019, -23.418862973573425 ], [ -46.075693954333019, -23.41886500167826 ], [ -46.075696193342232, -23.418868051460016 ], [ -46.075699539462988, -23.41887109361716 ], [ -46.075700663098793, -23.418873129346473 ], [ -46.075701786734626, -23.418875165075775 ], [ -46.075704000957579, -23.418875149826551 ], [ -46.075705124593476, -23.418877185555836 ], [ -46.075706248229416, -23.418879221285106 ], [ -46.075707371865391, -23.418881257014363 ], [ -46.075709586088436, -23.418881241765053 ], [ -46.075711816836019, -23.418883269869614 ], [ -46.0757140310591, -23.418883254620233 ], [ -46.075716261806775, -23.418885282724734 ], [ -46.075719591403761, -23.418886281527506 ], [ -46.075721813889231, -23.418887287954963 ], [ -46.075722937525512, -23.418889323684102 ], [ -46.075724061161829, -23.41889135941323 ], [ -46.075726291909803, -23.418893387517553 ], [ -46.075727415546204, -23.418895423246646 ], [ -46.075727432070991, -23.418897466600534 ], [ -46.075729662819114, -23.41889949470481 ], [ -46.075731885304883, -23.418900501132111 ], [ -46.075731901829741, -23.418902544485995 ], [ -46.075733025466313, -23.418904580215038 ], [ -46.075734149102921, -23.418906615944074 ], [ -46.075736371588832, -23.418907622371314 ], [ -46.075736388113768, -23.418909665725181 ], [ -46.075737511750468, -23.418911701454196 ], [ -46.0757397342365, -23.418912707881379 ], [ -46.075740857873285, -23.418914743610355 ], [ -46.075741981510099, -23.418916779339327 ], [ -46.075743105146948, -23.418918815068288 ], [ -46.075745327633136, -23.418919821495383 ], [ -46.075746451270064, -23.418921857224309 ], [ -46.075748673756323, -23.41892286365135 ], [ -46.075750904505199, -23.418924891755292 ], [ -46.075752028142261, -23.418926927484179 ], [ -46.075754242366031, -23.418926912234209 ], [ -46.075755366003165, -23.418928947963064 ], [ -46.075756489640327, -23.418930983691919 ], [ -46.075758712126813, -23.418931990118814 ], [ -46.075762049987944, -23.418934010597546 ], [ -46.075764272474522, -23.418935017024353 ], [ -46.075765396111869, -23.41893705275314 ], [ -46.075767610335802, -23.418937037502971 ], [ -46.075769824559735, -23.418937022252774 ], [ -46.075772038783668, -23.418937007002548 ], [ -46.075774261270361, -23.418938013429205 ], [ -46.075777590869066, -23.418939012230673 ], [ -46.075782027579812, -23.418940003406885 ], [ -46.075784241803781, -23.418939988156488 ], [ -46.07578645602775, -23.418939972906049 ], [ -46.075788670251718, -23.418939957655581 ], [ -46.075790892738581, -23.418940964081994 ], [ -46.075793106962557, -23.418940948831466 ], [ -46.0757953377124, -23.418942976934733 ], [ -46.075797560199362, -23.418943983361057 ], [ -46.075799782686353, -23.418944989787338 ], [ -46.075803112285406, -23.418945988588252 ], [ -46.075806450147532, -23.418948009065986 ], [ -46.075808672634658, -23.418949015492142 ], [ -46.075812002233867, -23.418950014292857 ], [ -46.075815315306954, -23.418948969739692 ], [ -46.075817529531044, -23.418948954488812 ], [ -46.07581974375514, -23.4189489392379 ], [ -46.075821949716087, -23.418947902310055 ], [ -46.075824163940162, -23.418947887059083 ], [ -46.07582637816423, -23.418947871808079 ], [ -46.075828592388305, -23.418947856557043 ], [ -46.075830806612366, -23.418947841305972 ], [ -46.075833012573206, -23.418946804377985 ], [ -46.075835210270775, -23.418944745773057 ], [ -46.075837424494786, -23.418944730521897 ], [ -46.07583963871879, -23.418944715270705 ], [ -46.075841852942794, -23.418944700019484 ], [ -46.075844075430105, -23.418945706445125 ], [ -46.07584628965413, -23.418945691193841 ], [ -46.075848512141484, -23.418946697619411 ], [ -46.075850734628887, -23.41894770404495 ], [ -46.075852957116311, -23.418948710470467 ], [ -46.075854080755121, -23.418950746198547 ], [ -46.075856303242617, -23.418951752624011 ], [ -46.075858525730155, -23.418952759049436 ], [ -46.075861871856688, -23.418955801202841 ], [ -46.075865201456423, -23.418956800002402 ], [ -46.075869629904801, -23.418956769499189 ], [ -46.07587186891957, -23.418959819278189 ], [ -46.075875190255914, -23.418959796400646 ], [ -46.075878511592265, -23.418959773523028 ], [ -46.075878536383001, -23.418962838553679 ], [ -46.075882964831557, -23.418962808050075 ], [ -46.075885179055838, -23.418962792798229 ], [ -46.0758885086559, -23.418963791597282 ], [ -46.075891829992337, -23.418963768719376 ], [ -46.075894035952921, -23.418962731790529 ], [ -46.075896250177188, -23.41896271653852 ], [ -46.075898464401448, -23.418962701286485 ], [ -46.075900678625715, -23.418962686034423 ], [ -46.075900662098221, -23.418960642680673 ], [ -46.075902868058677, -23.418959605751695 ], [ -46.075905082282887, -23.418959590499572 ], [ -46.07590729650709, -23.41895957524741 ], [ -46.075909502467482, -23.41895853831835 ], [ -46.075913922651999, -23.418957486137007 ], [ -46.07591613687616, -23.418957470884731 ], [ -46.075918342836438, -23.41895643395554 ], [ -46.075921664172654, -23.418956411077005 ], [ -46.075923878396793, -23.418956395824615 ], [ -46.075927207996955, -23.418957394622844 ], [ -46.075929430485083, -23.418958401047231 ], [ -46.075931652973232, -23.418959407471593 ], [ -46.075934974309504, -23.418959384592778 ], [ -46.075937188533686, -23.418959369340193 ], [ -46.075939402757868, -23.418959354087576 ], [ -46.075941616982043, -23.418959338834934 ], [ -46.075943822942143, -23.418958301905395 ], [ -46.075946028902202, -23.418957264975834 ], [ -46.075948226598115, -23.418955206369375 ], [ -46.075950432558081, -23.418954169439754 ], [ -46.07595264678217, -23.418954154186952 ], [ -46.075954861006252, -23.418954138934122 ], [ -46.07595707523032, -23.41895412368126 ], [ -46.075959289454403, -23.41895410842837 ], [ -46.075962619054735, -23.418955107225816 ], [ -46.075964833278832, -23.418955091972851 ], [ -46.075967047502914, -23.418955076719847 ], [ -46.075969269991276, -23.418956083143662 ], [ -46.075969286519829, -23.418958126497369 ], [ -46.075969303048382, -23.418960169851076 ], [ -46.075969327841214, -23.41896323488163 ], [ -46.075968237257641, -23.418965285861859 ], [ -46.075967146674039, -23.418967336842076 ], [ -46.075967163202563, -23.418969380195787 ], [ -46.075967179731094, -23.418971423549486 ], [ -46.075967196259626, -23.418973466903186 ], [ -46.075964998563727, -23.418975525509897 ], [ -46.07596501509223, -23.418977568863596 ], [ -46.075962800867771, -23.418977584116586 ], [ -46.075961710283984, -23.418979635096779 ], [ -46.075960619700169, -23.418981686076958 ], [ -46.075959529116325, -23.418983737057129 ], [ -46.075958446796648, -23.418986809714145 ], [ -46.0759562491004, -23.418988868320753 ], [ -46.075952944291735, -23.418990934553754 ], [ -46.075950730067049, -23.418990949806577 ], [ -46.075948524106479, -23.418991986736227 ], [ -46.075946309881765, -23.41899200198899 ], [ -46.075944103921138, -23.418993038918583 ], [ -46.075941897960483, -23.41899407584814 ], [ -46.075939691999793, -23.418995112777662 ], [ -46.07593637892667, -23.418996157333478 ], [ -46.075933065853491, -23.418997201889212 ], [ -46.075931975269093, -23.418999252869213 ], [ -46.075928653931818, -23.418999275748 ], [ -46.075926447970929, -23.419000312677341 ], [ -46.075923126633626, -23.419000335556017 ], [ -46.075920920672672, -23.419001372485287 ], [ -46.075918722975587, -23.419003431091394 ], [ -46.075916517014548, -23.419004468020592 ], [ -46.075914311053474, -23.419005504949777 ], [ -46.075913220468721, -23.419007555929657 ], [ -46.075911022771422, -23.419009614535653 ], [ -46.075909932186583, -23.419011665515516 ], [ -46.075908841601716, -23.41901371649536 ], [ -46.075906635640422, -23.419014753424442 ], [ -46.075904437942896, -23.41901681203036 ], [ -46.075902248509088, -23.419019892313116 ], [ -46.075901157924044, -23.419021943292911 ], [ -46.075900067338949, -23.419023994272706 ], [ -46.07589786137742, -23.419025031201667 ], [ -46.075896770792262, -23.419027082181444 ], [ -46.075895680207076, -23.419029133161207 ], [ -46.0758934659817, -23.419029148413244 ], [ -46.075891251756325, -23.41902916366525 ], [ -46.075889045794639, -23.41903020059409 ], [ -46.075885724456548, -23.419030223471992 ], [ -46.075882419645723, -23.419032289703566 ], [ -46.07588020542029, -23.419032304955419 ], [ -46.075876892345725, -23.419033349510009 ], [ -46.075874686383848, -23.41903438643865 ], [ -46.07587247215838, -23.419034401690396 ], [ -46.075869159083695, -23.41903544624483 ], [ -46.075865854272472, -23.419037512476066 ], [ -46.075863648310438, -23.419038549404561 ], [ -46.075860335235575, -23.419039593958818 ], [ -46.075858137536919, -23.419041652564115 ], [ -46.075855931574743, -23.419042689492507 ], [ -46.075852626763137, -23.41904475572348 ], [ -46.075850420800869, -23.419045792651797 ], [ -46.075848223101943, -23.419047851256966 ], [ -46.07584491829008, -23.419049917487779 ], [ -46.075843827703899, -23.419051968467208 ], [ -46.075841630004774, -23.419054027072292 ], [ -46.075839440568899, -23.419057107354231 ], [ -46.075837242869625, -23.419059165959261 ], [ -46.075836160546544, -23.419062238615513 ], [ -46.075835069960142, -23.4190642895949 ], [ -46.075835086486713, -23.419066332948663 ], [ -46.07583510301329, -23.419068376302427 ], [ -46.075835119539867, -23.419070419656197 ], [ -46.075836243179516, -23.419072455384345 ], [ -46.075838465668973, -23.419073461809969 ], [ -46.075840679895116, -23.419073446558684 ], [ -46.075842902384615, -23.419074452984255 ], [ -46.075845124874149, -23.419075459409786 ], [ -46.07584624851399, -23.419077495137859 ], [ -46.075846265040752, -23.419079538491605 ], [ -46.075846281567507, -23.419081581845365 ], [ -46.07584629809427, -23.419083625199121 ], [ -46.075846314621032, -23.419085668552878 ], [ -46.075846331147794, -23.419087711906631 ], [ -46.075845248824727, -23.41909078456294 ], [ -46.075843042861656, -23.419091821491179 ], [ -46.075840828635201, -23.41909183674251 ], [ -46.075839738048636, -23.419093887721917 ], [ -46.075838647462042, -23.419095938701322 ], [ -46.075836449762143, -23.419097997306348 ], [ -46.075834252062172, -23.41910005591134 ], [ -46.075833161475444, -23.419102106890708 ], [ -46.075830947248811, -23.419102122141911 ], [ -46.075830963775353, -23.419104165495664 ], [ -46.075830980301895, -23.419106208849428 ], [ -46.075830996828437, -23.419108252203181 ], [ -46.075831013354986, -23.419110295556944 ], [ -46.075832136994933, -23.419112331285106 ], [ -46.075832153521503, -23.419114374638859 ], [ -46.075833277161507, -23.419116410367014 ], [ -46.075834400801547, -23.41911844609514 ], [ -46.075836623291771, -23.419119452520757 ], [ -46.075837746931889, -23.419121488248873 ], [ -46.07583997768554, -23.41912351635132 ], [ -46.075843315552753, -23.419125536828048 ], [ -46.07584552977977, -23.419125521576664 ], [ -46.075848842856864, -23.419124477022653 ], [ -46.075851048820425, -23.419123440094321 ], [ -46.075853263047399, -23.419123424842827 ], [ -46.075855460747434, -23.419121366237569 ], [ -46.075857658447404, -23.419119307632265 ], [ -46.075858749033877, -23.419117256652751 ], [ -46.075860946733727, -23.419115198047418 ], [ -46.075863152697032, -23.419114161118923 ], [ -46.075863136169993, -23.419112117765188 ], [ -46.075864226756323, -23.419110066785628 ], [ -46.075866432719515, -23.419109029857093 ], [ -46.075866416192426, -23.419106986503355 ], [ -46.075868630419109, -23.419106971251654 ], [ -46.075870836382215, -23.41910593432306 ], [ -46.075870819855062, -23.419103890969325 ], [ -46.075870803327909, -23.41910184761559 ], [ -46.075873017554507, -23.419101832363832 ], [ -46.07587410814061, -23.419099781384208 ], [ -46.075876322367165, -23.419099766132401 ], [ -46.075879643707012, -23.41909974325463 ], [ -46.075884072160122, -23.419099712750835 ], [ -46.075886278122979, -23.419098675822021 ], [ -46.075888492349513, -23.419098660570043 ], [ -46.075891813689317, -23.41909863769202 ], [ -46.075894027915844, -23.419098622439964 ], [ -46.07589624214237, -23.419098607187877 ], [ -46.075898456368897, -23.419098591935761 ], [ -46.07590066233162, -23.419097555006754 ], [ -46.075902876558125, -23.419097539754571 ], [ -46.07590509078463, -23.419097524502355 ], [ -46.075905074256951, -23.419095481148645 ], [ -46.075907280219567, -23.419094444219546 ], [ -46.075909486182148, -23.419093407290422 ], [ -46.075909469654412, -23.419091363936712 ], [ -46.075910560239848, -23.419089312956856 ], [ -46.075912766202315, -23.41908827602769 ], [ -46.075914963900843, -23.41908621742164 ], [ -46.075917169863224, -23.419085180492416 ], [ -46.075920482938699, -23.419084135936934 ], [ -46.075921573523914, -23.419082084957008 ], [ -46.075923779486175, -23.419081048027692 ], [ -46.075925993712396, -23.419081032775193 ], [ -46.075927084297497, -23.419078981795224 ], [ -46.07592817488257, -23.419076930815258 ], [ -46.075930389108713, -23.419076915562702 ], [ -46.075931479693722, -23.419074864582711 ], [ -46.075933685655784, -23.419073827653257 ], [ -46.075935891617796, -23.419072790723767 ], [ -46.075938097579787, -23.419071753794263 ], [ -46.075940303541735, -23.41907071686472 ], [ -46.075942509503655, -23.419069679935152 ], [ -46.075944715465532, -23.419068643005541 ], [ -46.075945806050257, -23.419066592025462 ], [ -46.075948020276215, -23.419066576772661 ], [ -46.075950226237993, -23.419065539842983 ], [ -46.075952440463929, -23.419065524590117 ], [ -46.075954646425657, -23.419064487660375 ], [ -46.0759579595003, -23.419063443104136 ], [ -46.07596016546195, -23.419062406174323 ], [ -46.07596237968783, -23.419062390921319 ], [ -46.075964577385143, -23.419060332314604 ], [ -46.075966791610981, -23.419060317061543 ], [ -46.075967882195293, -23.419058266081326 ], [ -46.075970088156772, -23.419057229151374 ], [ -46.075972294118216, -23.419056192221401 ], [ -46.075974500079631, -23.419055155291392 ], [ -46.075976706041004, -23.419054118361352 ], [ -46.075976689512267, -23.41905207500767 ], [ -46.075977780096359, -23.419050024027392 ], [ -46.075978870680416, -23.4190479730471 ], [ -46.075981084906033, -23.419047957793836 ], [ -46.075983290867235, -23.419046920863718 ], [ -46.075985505092845, -23.41904690561039 ], [ -46.07598771105399, -23.419045868680204 ], [ -46.0759899170151, -23.419044831749986 ], [ -46.075992131240668, -23.419044816496573 ], [ -46.075994337201728, -23.419043779566302 ], [ -46.075996551427274, -23.419043764312818 ], [ -46.07599875738827, -23.419042727382482 ], [ -46.076000971613794, -23.419042712128945 ], [ -46.076003185839312, -23.419042696875376 ], [ -46.076005391800251, -23.419041659944948 ], [ -46.076007606025748, -23.419041644691315 ], [ -46.076009811986623, -23.419040607760824 ], [ -46.076012026212098, -23.419040592507134 ], [ -46.07601424043758, -23.419040577253405 ], [ -46.076016446398384, -23.419039540322824 ], [ -46.076020866584585, -23.419038488138398 ], [ -46.076023072545297, -23.419037451207725 ], [ -46.076025278505981, -23.419036414277024 ], [ -46.076027492731377, -23.419036399023106 ], [ -46.076029690427234, -23.419034340415529 ], [ -46.076031888123019, -23.419032281807912 ], [ -46.07603408581874, -23.419030223200277 ], [ -46.076034069289136, -23.419028179846634 ], [ -46.076036275249571, -23.419027142915787 ], [ -46.076037365832541, -23.419025091935115 ], [ -46.076039571792897, -23.419024055004222 ], [ -46.076040662375789, -23.419022004023535 ], [ -46.076042860071205, -23.41901994541578 ], [ -46.076042843541472, -23.419017902062137 ], [ -46.076043934124264, -23.419015851081429 ], [ -46.076043917594518, -23.419013807727794 ], [ -46.07604612355464, -23.419012770796808 ], [ -46.076047214137347, -23.419010719816086 ], [ -46.076048304720018, -23.419008668835346 ], [ -46.076048288190215, -23.419006625481703 ], [ -46.076049378772836, -23.419004574500963 ], [ -46.07605046935543, -23.419002523520223 ], [ -46.076050452825598, -23.419000480166584 ], [ -46.076050436295766, -23.418998436812949 ], [ -46.076051526878288, -23.418996385832187 ], [ -46.076052617460789, -23.418994334851423 ], [ -46.076052600930922, -23.418992291497787 ], [ -46.076054806890625, -23.418991254566699 ], [ -46.076057021115247, -23.418991239312398 ], [ -46.076059235339869, -23.418991224058065 ], [ -46.076061457829482, -23.418992230480519 ], [ -46.076063672054126, -23.418992215226126 ], [ -46.076065886278762, -23.418992199971694 ], [ -46.076066976860993, -23.418990148990833 ], [ -46.076069191085594, -23.418990133736365 ], [ -46.076071405310188, -23.418990118481855 ], [ -46.076074718381975, -23.418989073923239 ], [ -46.076076932606554, -23.418989058668654 ], [ -46.07607914683112, -23.418989043414037 ], [ -46.076082459902821, -23.418987998855251 ], [ -46.076084674127372, -23.418987983600559 ], [ -46.07608688008672, -23.41898694666903 ], [ -46.076089094311257, -23.418986931414278 ], [ -46.07609130853578, -23.418986916159493 ], [ -46.076094629872564, -23.41898689327726 ], [ -46.076096844097087, -23.418986878022395 ], [ -46.07609905832161, -23.418986862767504 ], [ -46.076101272546133, -23.418986847512574 ], [ -46.076103478505331, -23.418985810580814 ], [ -46.076105692729826, -23.418985795325831 ], [ -46.076106783311388, -23.418983744344722 ], [ -46.076108989270494, -23.418982707412887 ], [ -46.076111195229558, -23.418981670481021 ], [ -46.076113409453981, -23.418981655225924 ], [ -46.076115623678405, -23.418981639970802 ], [ -46.076117837902821, -23.418981624715641 ], [ -46.076118928484163, -23.418979573734457 ], [ -46.076121126177654, -23.418977515125661 ], [ -46.076122216758904, -23.418975464144449 ], [ -46.076122200227992, -23.418973420790859 ], [ -46.076123290809207, -23.418971369809643 ], [ -46.076123274278281, -23.418969326456047 ], [ -46.076123257747355, -23.418967283102447 ], [ -46.076123241216429, -23.418965239748847 ], [ -46.07612322468551, -23.41896319639525 ], [ -46.076124315266625, -23.418961145414027 ], [ -46.076125397582231, -23.418958072755999 ], [ -46.076125381051291, -23.418956029402402 ], [ -46.076125364520344, -23.418953986048798 ], [ -46.076125347989397, -23.418951942695195 ], [ -46.076124224346515, -23.418949906969225 ], [ -46.076124207815589, -23.418947863615621 ], [ -46.076124191284663, -23.418945820262014 ], [ -46.076124174753744, -23.418943776908421 ], [ -46.076124158222825, -23.418941733554821 ], [ -46.076124141691913, -23.418939690201213 ], [ -46.076125232272837, -23.418937639219983 ], [ -46.076126322853732, -23.418935588238746 ], [ -46.076127413434591, -23.418933537257516 ], [ -46.076129611127207, -23.418931478648609 ], [ -46.076130701707989, -23.418929427667347 ], [ -46.076130685176977, -23.418927384313747 ], [ -46.076131775757709, -23.418925333332478 ], [ -46.076131759226683, -23.418923289978871 ], [ -46.076131742695672, -23.418921246625271 ], [ -46.076131726164654, -23.41891920327166 ], [ -46.076131709633643, -23.418917159918067 ], [ -46.076131693102624, -23.418915116564463 ], [ -46.076131676571613, -23.418913073210856 ], [ -46.076131660040609, -23.418911029857245 ], [ -46.076131643509598, -23.418908986503638 ], [ -46.076131626978594, -23.418906943150027 ], [ -46.07613161044759, -23.418904899796416 ], [ -46.076131593916585, -23.418902856442813 ], [ -46.076131560854591, -23.418898769735588 ], [ -46.076135972769585, -23.418896695871286 ], [ -46.07613815393038, -23.41889259390868 ], [ -46.076138120868194, -23.418888507201462 ], [ -46.076140302028804, -23.418884405238824 ], [ -46.076140268966569, -23.41888031853161 ], [ -46.07614023590434, -23.418876231824385 ], [ -46.076140202842119, -23.41887214511717 ], [ -46.076140169779904, -23.418868058409952 ], [ -46.076140136717704, -23.41886397170272 ], [ -46.076142317877874, -23.418859869740061 ], [ -46.076146746322621, -23.418859839229107 ], [ -46.076148927482528, -23.418855737266369 ], [ -46.076148894420072, -23.418851650559144 ], [ -46.076153322864535, -23.418851620048013 ], [ -46.076153289801944, -23.418847533340795 ], [ -46.076157701714912, -23.418845459475946 ], [ -46.076162130159155, -23.418845428964573 ], [ -46.07616655860339, -23.41884539845308 ], [ -46.076170987047611, -23.418845367941458 ], [ -46.076175415491839, -23.418845337429712 ], [ -46.076179843936046, -23.418845306917841 ], [ -46.076184272380253, -23.418845276405836 ], [ -46.076188700824453, -23.418845245893714 ], [ -46.076193129268638, -23.418845215381467 ], [ -46.076197557712824, -23.418845184869092 ], [ -46.076201969624961, -23.418843111003017 ], [ -46.076206414601167, -23.418845123843969 ], [ -46.0762108595775, -23.418847136684779 ], [ -46.07621532108621, -23.418851192879028 ], [ -46.076217551840678, -23.418853220976114 ], [ -46.076219766062877, -23.418853205719593 ], [ -46.07622419450729, -23.418853175206451 ], [ -46.076224227572055, -23.418857261913576 ], [ -46.076228656016596, -23.418857231400299 ], [ -46.076230903303845, -23.418861302850726 ], [ -46.076235331748506, -23.418861272337256 ], [ -46.076237579036032, -23.41886534378758 ], [ -46.076242007480822, -23.418865313273919 ], [ -46.076246452458335, -23.418867326113673 ], [ -46.076250913968792, -23.41887138230684 ], [ -46.076257573169151, -23.418873379889259 ], [ -46.076259820457565, -23.41887745133921 ], [ -46.0762664631253, -23.418877405567702 ], [ -46.076273138859335, -23.418881446502962 ], [ -46.076277567304608, -23.41888141598827 ], [ -46.076282012283166, -23.41888342882697 ], [ -46.076286457261851, -23.418885441665537 ], [ -46.076295347219627, -23.418889467342279 ], [ -46.076301989887881, -23.418889421569247 ], [ -46.07630863255612, -23.418889375795924 ], [ -46.076313077535382, -23.418891388633707 ], [ -46.076317505980924, -23.418891358117875 ], [ -46.076321950960384, -23.418893370955406 ], [ -46.076326379405984, -23.418893340439322 ], [ -46.076328626696821, -23.418897411888189 ], [ -46.076333055142541, -23.418897381371909 ], [ -46.076337483588254, -23.418897350855499 ], [ -46.076341912033968, -23.418897320338971 ], [ -46.076350768925359, -23.418897259305531 ], [ -46.076355197371043, -23.418897228788623 ], [ -46.076361840039553, -23.418897183013026 ], [ -46.076366268485224, -23.418897152495809 ], [ -46.076370696930887, -23.418897121978461 ], [ -46.076375125376536, -23.418897091460988 ], [ -46.076379553822179, -23.41889706094339 ], [ -46.076383982267814, -23.418897030425661 ], [ -46.076386229560448, -23.418901101873637 ], [ -46.076390658006211, -23.418901071355723 ], [ -46.076395086451967, -23.418901040837671 ], [ -46.076399547967945, -23.418905097026361 ], [ -46.076403976413822, -23.418905066508056 ], [ -46.076408437930198, -23.418909122696476 ], [ -46.076412882911519, -23.418911135531339 ], [ -46.076417327892976, -23.41891314836607 ], [ -46.076421772874554, -23.418915161200665 ], [ -46.076426217856273, -23.41891717403513 ], [ -46.076430646302512, -23.418917143516058 ], [ -46.076435074748744, -23.418917112996866 ], [ -46.076439503194962, -23.418917082477538 ], [ -46.07644393164118, -23.418917051958093 ], [ -46.076448360087383, -23.418917021438517 ], [ -46.076452788533587, -23.41891699091882 ], [ -46.076457233515796, -23.418919003752382 ], [ -46.076461678498134, -23.418921016585816 ], [ -46.076466106944451, -23.418920986065736 ], [ -46.076470535390754, -23.418920955545524 ], [ -46.076474980373348, -23.418922968378567 ], [ -46.076479408819708, -23.41892293785811 ], [ -46.076483837266061, -23.418922907337521 ], [ -46.076488282248903, -23.418924920170177 ], [ -46.076492694158745, -23.418922846295974 ], [ -46.076497106068437, -23.41892077242165 ], [ -46.076501567588096, -23.418924828607281 ], [ -46.076505996034477, -23.418924798086064 ], [ -46.076510424480851, -23.418924767564722 ], [ -46.076517067150398, -23.418924721782474 ], [ -46.076517100224279, -23.418928808489159 ], [ -46.076521528670774, -23.418928777967498 ], [ -46.076525957117262, -23.418928747445708 ], [ -46.076530385563736, -23.418928716923794 ], [ -46.076534814010209, -23.41892868640176 ], [ -46.076541440142584, -23.418926597265141 ], [ -46.076545868588966, -23.41892656674279 ], [ -46.076552494721042, -23.41892447760571 ], [ -46.076556923167345, -23.418924447083054 ], [ -46.076561351613634, -23.418924416560269 ], [ -46.076565780059916, -23.418924386037361 ], [ -46.07657020850619, -23.418924355514321 ], [ -46.076579048860829, -23.418922251114569 ], [ -46.076583477307011, -23.418922220591156 ], [ -46.076587905753193, -23.418922190067622 ], [ -46.076592334199361, -23.418922159543964 ], [ -46.076596762645515, -23.418922129020174 ], [ -46.076601207629899, -23.418924141849551 ], [ -46.076605636076117, -23.418924111325509 ], [ -46.07661450950696, -23.418926093630336 ], [ -46.076621152176351, -23.418926047843655 ], [ -46.076625580622597, -23.418926017319048 ], [ -46.076630009068843, -23.418925986794314 ], [ -46.076629975991494, -23.418921900087778 ], [ -46.076634387898856, -23.418919826209656 ], [ -46.076638816344875, -23.418919795684683 ], [ -46.076643228252017, -23.41891772180632 ], [ -46.076647656697958, -23.418917691281095 ], [ -46.076652101682896, -23.418919704109001 ], [ -46.076658777430112, -23.418923745027243 ], [ -46.076658810508341, -23.418927831733733 ], [ -46.07666105780978, -23.418931903177395 ], [ -46.076665502795386, -23.418933916004892 ], [ -46.076669947781134, -23.418935928832262 ], [ -46.076674392767003, -23.418937941659493 ], [ -46.076678821213576, -23.418937911133362 ], [ -46.076681068515789, -23.418941982576705 ], [ -46.0766877277254, -23.418943980140398 ], [ -46.076694403474875, -23.418948021057012 ], [ -46.076698865001255, -23.418952077236732 ], [ -46.076707721895254, -23.418952016182921 ], [ -46.076714397645716, -23.41895605709864 ], [ -46.076723254539935, -23.418955996043938 ], [ -46.076729930291044, -23.418960036958957 ], [ -46.076734358738264, -23.418960006431224 ], [ -46.076738787185484, -23.418959975903363 ], [ -46.076745429856288, -23.418959930111342 ], [ -46.076749858303486, -23.418959899583168 ], [ -46.076756500974263, -23.418959853790671 ], [ -46.07676092942144, -23.418959823262192 ], [ -46.076765390950172, -23.418963879439914 ], [ -46.07677424784476, -23.418963818382299 ], [ -46.076780923597731, -23.418967859295073 ], [ -46.076785368586229, -23.418969872119032 ], [ -46.076789813574869, -23.418971884942867 ], [ -46.076794242022395, -23.418971854413424 ], [ -46.076800917776353, -23.4189758953253 ], [ -46.076805346223999, -23.418975864795538 ], [ -46.076809791213108, -23.418977877618779 ], [ -46.076814219660811, -23.418977847088762 ], [ -46.076818664650112, -23.41897985991174 ], [ -46.076823126181232, -23.418983916087715 ], [ -46.076827554629112, -23.418983885557306 ], [ -46.076831999618811, -23.418985898379891 ], [ -46.076834246926502, -23.418989969820807 ], [ -46.0768386919165, -23.418991982643188 ], [ -46.076840939224496, -23.418996054083994 ], [ -46.076845400756838, -23.419000110259272 ], [ -46.076845433840923, -23.419004196965478 ], [ -46.076849895373677, -23.419008253140614 ], [ -46.076854340364513, -23.419010265962516 ], [ -46.076854373448889, -23.419014352668704 ], [ -46.076858818440002, -23.419016365490467 ], [ -46.076863263431235, -23.419018378312092 ], [ -46.076865510740454, -23.419022449752489 ], [ -46.076869955731993, -23.419024462573915 ], [ -46.076874400723668, -23.419026475395206 ], [ -46.076874433808683, -23.419030562101366 ], [ -46.076876681118463, -23.419034633541571 ], [ -46.076881142653185, -23.41903868971572 ], [ -46.076881175738436, -23.419042776421851 ], [ -46.076883423048628, -23.419046847861942 ], [ -46.076887868041254, -23.419048860682814 ], [ -46.076887901126717, -23.419052947388938 ], [ -46.076890148437307, -23.419057018828905 ], [ -46.07689239574804, -23.419061090268841 ], [ -46.076894643058907, -23.41906516170873 ], [ -46.076894676144612, -23.419069248414829 ], [ -46.076894709230324, -23.419073335120938 ], [ -46.076896956541482, -23.419077406560774 ], [ -46.076894775401762, -23.419081508533132 ], [ -46.076894808487495, -23.419085595239231 ], [ -46.076894841573235, -23.41908968194533 ], [ -46.076894874658983, -23.419093768651422 ], [ -46.076894907744737, -23.419097855357506 ], [ -46.076894940830499, -23.419101942063595 ], [ -46.076894973916268, -23.419106028769679 ], [ -46.076897221228037, -23.419110100209483 ], [ -46.076899468539942, -23.419114171649237 ], [ -46.076899501625874, -23.419118258355315 ], [ -46.076899534711814, -23.419122345061393 ], [ -46.076899567797753, -23.419126431767452 ], [ -46.076899600883706, -23.419130518473516 ], [ -46.07689963396966, -23.419134605179583 ], [ -46.076899667055628, -23.419138691885642 ], [ -46.076899700141603, -23.419142778591706 ], [ -46.076901947454182, -23.419146850031392 ], [ -46.076904211309966, -23.419152964824065 ], [ -46.076906458622865, -23.419157036263655 ], [ -46.076908705935899, -23.419161107703221 ], [ -46.076913134389557, -23.41916107717018 ], [ -46.076913167475979, -23.419165163876205 ], [ -46.076915414789369, -23.41916923531566 ], [ -46.0769176621029, -23.419173306755074 ], [ -46.076917711732776, -23.419179436814101 ], [ -46.076917744819369, -23.419183523520108 ], [ -46.076917757859206, -23.41918513414149 ], [ -46.07690892811538, -23.419188550542156 ], [ -46.07690895408323, -23.41919175799843 ], [ -46.076908987169574, -23.419195844704451 ], [ -46.076904575257863, -23.419197918590438 ], [ -46.076902394116566, -23.41920202056291 ], [ -46.076897965661537, -23.419202051095699 ], [ -46.076893553749436, -23.419204124981388 ], [ -46.076889092208575, -23.419200068807886 ], [ -46.076884647210782, -23.419198055987277 ], [ -46.076884515395669, -23.419197996297665 ], [ -46.076880202213125, -23.419196043166536 ], [ -46.076875757215596, -23.419194030345661 ], [ -46.076871312218202, -23.419192017524654 ], [ -46.076869131075945, -23.419196119496696 ], [ -46.076864702621059, -23.419196150028537 ], [ -46.076860290708602, -23.419198223913295 ], [ -46.07685586225363, -23.419198254444897 ], [ -46.076851433798652, -23.419198284976357 ], [ -46.07684257688868, -23.419198346038925 ], [ -46.07683814843368, -23.419198376570026 ], [ -46.076833719978673, -23.419198407100986 ], [ -46.076829291523666, -23.419198437631827 ], [ -46.076824863068637, -23.419198468162545 ], [ -46.076820434613616, -23.419198498693142 ], [ -46.076816039242082, -23.419202615929752 ], [ -46.076811610786905, -23.4192026464601 ], [ -46.076807182331713, -23.419202676990317 ], [ -46.076802753876521, -23.419202707520412 ], [ -46.076798325421322, -23.419202738050384 ], [ -46.076793896966116, -23.419202768580231 ], [ -46.076791715821265, -23.419206870551275 ], [ -46.07678953467628, -23.419210972522286 ], [ -46.076787353531174, -23.41921507449328 ], [ -46.076782941616791, -23.419217148375918 ], [ -46.076780760471379, -23.419221250346823 ], [ -46.07677857932584, -23.419225352317707 ], [ -46.076774167410974, -23.419227426200109 ], [ -46.076769772037032, -23.41923154343549 ], [ -46.076765343580824, -23.419231573964559 ], [ -46.076760915124602, -23.419231604493504 ], [ -46.076756519750099, -23.419235721728533 ], [ -46.076754338603578, -23.419239823699094 ], [ -46.076749943228599, -23.419243940933946 ], [ -46.076748258588886, -23.41924473282198 ], [ -46.076745531312653, -23.419246014815577 ], [ -46.076741119396566, -23.419248088697085 ], [ -46.076736690939761, -23.419248119225365 ], [ -46.076734509792431, -23.419252221195684 ], [ -46.076730081335477, -23.419252251723787 ], [ -46.076725652878523, -23.419252282251751 ], [ -46.076721224421561, -23.419252312779594 ], [ -46.076716795964593, -23.419252343307317 ], [ -46.076712367507611, -23.419252373834908 ], [ -46.076707939050621, -23.419252404362378 ], [ -46.076703494053568, -23.41925039153659 ], [ -46.076699049056643, -23.419248378710662 ], [ -46.076694620599774, -23.419248409237753 ], [ -46.076690192142891, -23.419248439764708 ], [ -46.076685763686008, -23.419248470291546 ], [ -46.076681335229111, -23.419248500818256 ], [ -46.076676906772207, -23.419248531344838 ], [ -46.076672478315295, -23.419248561871296 ], [ -46.076668049858377, -23.419248592397633 ], [ -46.076663621401451, -23.419248622923835 ], [ -46.076659176405144, -23.41924661009676 ], [ -46.07665814095791, -23.419244734178402 ], [ -46.076656929098029, -23.419242538653414 ], [ -46.076654681791055, -23.419238467210036 ], [ -46.076650253334442, -23.419238497735847 ], [ -46.076648006027746, -23.41923442629237 ], [ -46.076643577571261, -23.419234456817993 ], [ -46.076639132575714, -23.419232443990303 ], [ -46.076634687580295, -23.419230431162493 ], [ -46.07663121733102, -23.419228859728953 ], [ -46.076630242585004, -23.419228418334544 ], [ -46.076630238459948, -23.41922790869074 ], [ -46.076630209507179, -23.419224331628161 ], [ -46.076630176429354, -23.419220244921778 ], [ -46.076630143351537, -23.419216158215399 ], [ -46.076630110273726, -23.419212071509008 ], [ -46.076630077195929, -23.419207984802629 ], [ -46.076630044118133, -23.419203898096246 ], [ -46.076630011040344, -23.419199811389845 ], [ -46.076629977962568, -23.419195724683455 ], [ -46.076625532968528, -23.419193711855318 ], [ -46.076621121052121, -23.419195785733457 ], [ -46.076616692596886, -23.419195816258267 ], [ -46.076612264141637, -23.419195846782959 ], [ -46.076607835686396, -23.419195877307519 ], [ -46.076603407231133, -23.419195907831952 ], [ -46.076598962237455, -23.419193895003044 ], [ -46.076596714933103, -23.419189823558714 ], [ -46.076592286478039, -23.419189854082827 ], [ -46.076590039173965, -23.419185782638376 ], [ -46.07658559418082, -23.419183769809067 ], [ -46.076583346877051, -23.41917969836452 ], [ -46.076578901884204, -23.419177685535008 ], [ -46.076578234422797, -23.419177383287927 ], [ -46.076574456891485, -23.419175672705361 ], [ -46.076570011898909, -23.419173659875579 ], [ -46.076565566906453, -23.419171647045673 ], [ -46.076561105376321, -23.419167590862372 ], [ -46.076561072300713, -23.419163504155872 ], [ -46.076563011099331, -23.419162592799363 ], [ -46.076565484217078, -23.419161430279424 ], [ -46.076567665368358, -23.419157328311279 ], [ -46.076572093822385, -23.419157297787905 ], [ -46.076576505738373, -23.419155223911162 ], [ -46.076578686889214, -23.419151121942896 ], [ -46.076583115343013, -23.419151091419213 ], [ -46.076583082266751, -23.419147004712727 ], [ -46.076583049190496, -23.419142918006244 ], [ -46.076578604198914, -23.419140905176665 ], [ -46.076578571122802, -23.419136818470168 ], [ -46.07657412613149, -23.419134805640454 ], [ -46.076569681140299, -23.419132792810604 ], [ -46.076567433837944, -23.419128721365745 ], [ -46.076563005384862, -23.419128751888948 ], [ -46.076558576931774, -23.419128782412034 ], [ -46.076554148478678, -23.419128812934989 ], [ -46.076549720025575, -23.419128843457823 ], [ -46.076545291572465, -23.419128873980526 ], [ -46.076540863119341, -23.419128904503108 ], [ -46.076536434666217, -23.419128935025565 ], [ -46.07653198967575, -23.419126922194614 ], [ -46.076531956601102, -23.419122835488057 ], [ -46.076531923526453, -23.419118748781482 ], [ -46.076527495073655, -23.41911877930368 ], [ -46.076527461999149, -23.419114692597102 ], [ -46.076525214698393, -23.419110621151567 ], [ -46.076522967397771, -23.419106549705994 ], [ -46.076522934323428, -23.419102462999405 ], [ -46.076518505871157, -23.419102493521319 ], [ -46.076514060881841, -23.41910048068981 ], [ -46.076511813581746, -23.419096409244055 ], [ -46.076507385129659, -23.419096439765646 ], [ -46.076502940140706, -23.419094426933807 ], [ -46.076498511688669, -23.419094457455142 ], [ -46.076494066699908, -23.419092444623043 ], [ -46.07648935559984, -23.419091031429339 ], [ -46.076487407485324, -23.419090447051293 ], [ -46.076482962496854, -23.41908843421886 ], [ -46.076478534044988, -23.41908846473963 ], [ -46.076474105593114, -23.419088495260269 ], [ -46.076469677141233, -23.419088525780779 ], [ -46.076465232153083, -23.419086512947828 ], [ -46.076460803701252, -23.419086543468094 ], [ -46.076456358713287, -23.419084530634883 ], [ -46.07645193026152, -23.419084561154886 ], [ -46.076447518345731, -23.419086635028115 ], [ -46.076443089893878, -23.419086665547876 ], [ -46.076438661442012, -23.419086696067506 ], [ -46.076434232990138, -23.419086726587015 ], [ -46.076429804538265, -23.419086757106392 ], [ -46.076425376086384, -23.419086787625645 ], [ -46.076420947634489, -23.419086818144777 ], [ -46.076416519182587, -23.419086848663781 ], [ -46.07641427188566, -23.419082777216492 ], [ -46.07641426183141, -23.419081534774644 ], [ -46.076414238814692, -23.41907869050975 ], [ -46.076416419969483, -23.419074588543548 ], [ -46.076416386898465, -23.419070501836803 ], [ -46.076416353827447, -23.419066415130064 ], [ -46.076416320756451, -23.419062328423312 ], [ -46.076418501910922, -23.419058226457089 ], [ -46.076418468839869, -23.41905413975034 ], [ -46.076418435768822, -23.419050053043584 ], [ -46.076416188472507, -23.41904598159628 ], [ -46.076411743486545, -23.419043968761716 ], [ -46.076407281965366, -23.419039912573638 ], [ -46.076402836979732, -23.419037899738807 ], [ -46.076398408529428, -23.419037930257236 ], [ -46.076393980079125, -23.419037960775544 ], [ -46.076389551628814, -23.41903799129372 ], [ -46.076387304333586, -23.419033919845958 ], [ -46.076382875883397, -23.419033950363946 ], [ -46.076378463968098, -23.419036024235215 ], [ -46.076374035517823, -23.419036054752954 ], [ -46.076371854362279, -23.419040156718602 ], [ -46.076367425911862, -23.419040187236153 ], [ -46.076363013996101, -23.419042261106995 ], [ -46.076358618614798, -23.419046378331135 ], [ -46.076354206698689, -23.41904845220175 ], [ -46.076349811316902, -23.419052569425663 ], [ -46.076345382866045, -23.419052599942606 ], [ -46.076343201709349, -23.419056701907891 ], [ -46.076338773258335, -23.419056732424654 ], [ -46.076334361341559, -23.419058806294725 ], [ -46.076329949424633, -23.419060880164675 ], [ -46.076325520973462, -23.419060910681072 ], [ -46.076321092522285, -23.419060941197337 ], [ -46.076316664071101, -23.419060971713474 ], [ -46.076312235619902, -23.41906100222949 ], [ -46.076307823702535, -23.419063076098833 ], [ -46.076303395251266, -23.419063106614601 ], [ -46.076301147958162, -23.419059035165528 ], [ -46.076298900665201, -23.41905496371642 ], [ -46.076294472214187, -23.419054994231921 ], [ -46.076294439146942, -23.419050907524994 ], [ -46.076292191854328, -23.419046836075776 ], [ -46.076289944561864, -23.419042764626507 ], [ -46.076287697269542, -23.419038693177214 ], [ -46.076283268819047, -23.419038723692374 ], [ -46.076278840368545, -23.419038754207424 ], [ -46.076274411918035, -23.419038784722343 ], [ -46.076269966934291, -23.419036771883651 ], [ -46.076263307725476, -23.419034774302105 ], [ -46.076256665049875, -23.419034820073772 ], [ -46.07625441775869, -23.419030748623939 ], [ -46.076249989308415, -23.419030779138151 ], [ -46.076245560858133, -23.419030809652245 ], [ -46.076245593923836, -23.419034896359243 ], [ -46.0762411820062, -23.419036970226717 ], [ -46.076236770088414, -23.419039044094063 ], [ -46.076232358170493, -23.419041117961292 ], [ -46.076230177010416, -23.419045219925117 ], [ -46.076227995850218, -23.41904932188892 ], [ -46.076225814689877, -23.419053423852695 ], [ -46.07622140277131, -23.41905549771964 ], [ -46.07622143583631, -23.419059584426652 ], [ -46.076219254675614, -23.419063686390341 ], [ -46.076214826224188, -23.419063716903604 ], [ -46.07621485928901, -23.419067803610627 ], [ -46.076210447369782, -23.419069877477277 ], [ -46.076206035450411, -23.419071951343803 ], [ -46.076203854289048, -23.419076053307297 ], [ -46.076199442369365, -23.419078127173645 ], [ -46.076195030449554, -23.41908020103989 ], [ -46.076192849287715, -23.419084303003235 ], [ -46.076188437367577, -23.419086376869299 ], [ -46.076184025447311, -23.419088450735238 ], [ -46.076181844284996, -23.419092552698448 ], [ -46.07617743236441, -23.41909462656421 ], [ -46.07617302044369, -23.419096700429854 ], [ -46.076170839280913, -23.419100802392922 ], [ -46.076168658118, -23.419104904355969 ], [ -46.076164246196797, -23.419106978221379 ], [ -46.076162065033586, -23.419111080184337 ], [ -46.07615765311207, -23.419113154049569 ], [ -46.076155471948553, -23.419117256012445 ], [ -46.076151043495258, -23.419117286523964 ], [ -46.076151076558197, -23.419121373231043 ], [ -46.076146648104746, -23.419121403742437 ], [ -46.076146681167565, -23.41912549044952 ], [ -46.076146714230383, -23.419129577156593 ], [ -46.076144533066284, -23.419133679119337 ], [ -46.076144566129052, -23.419137765826417 ], [ -46.076142384964761, -23.419141867789129 ], [ -46.076142418027473, -23.419145954496205 ], [ -46.076142451090199, -23.419150041203288 ], [ -46.076140269925652, -23.419154143165976 ], [ -46.076138088760977, -23.419158245128624 ], [ -46.076135907596175, -23.419162347091255 ], [ -46.076133726431244, -23.419166449053854 ], [ -46.076129331038622, -23.419170566271898 ], [ -46.076129364100986, -23.419174652978985 ], [ -46.076129397163349, -23.41917873968606 ], [ -46.07612943022572, -23.41918282639314 ], [ -46.076127249060278, -23.419186928355654 ], [ -46.076125067894701, -23.419191030318142 ], [ -46.076125100956965, -23.419195117025225 ], [ -46.076125134019229, -23.419199203732301 ], [ -46.0761251670815, -23.419203290439363 ], [ -46.076125200143785, -23.419207377146442 ], [ -46.076125233206078, -23.419211463853514 ], [ -46.07612526626837, -23.419215550560569 ], [ -46.076125299330684, -23.419219637267627 ], [ -46.076125332392991, -23.419223723974692 ], [ -46.076125365455312, -23.41922781068175 ], [ -46.07612539851764, -23.419231897388812 ], [ -46.076125431579975, -23.419235984095863 ], [ -46.076125464642324, -23.419240070802914 ], [ -46.076125497704673, -23.419244157509961 ], [ -46.076125530767023, -23.419248244217005 ], [ -46.076125563829386, -23.419252330924049 ], [ -46.076125596891764, -23.419256417631093 ], [ -46.076127844183198, -23.419260489082667 ], [ -46.076130091474774, -23.419264560534199 ], [ -46.076130124537301, -23.419268647241228 ], [ -46.076132388360399, -23.419274762046225 ], [ -46.076132421423019, -23.419278848753244 ], [ -46.076134668715063, -23.41928292020469 ], [ -46.076134701777768, -23.419287006911699 ], [ -46.07613473484048, -23.419291093618718 ], [ -46.076134767903191, -23.419295180325729 ], [ -46.076137015195606, -23.419299251777105 ], [ -46.076141476717922, -23.419303307972761 ], [ -46.076143724010684, -23.419307379424037 ], [ -46.076148185533476, -23.41931143561948 ], [ -46.076152630524895, -23.419313448461299 ], [ -46.076154877818183, -23.419317519912383 ], [ -46.076159306278143, -23.419317489400509 ], [ -46.076163767801745, -23.41932154559548 ], [ -46.076166015095502, -23.419325617046386 ], [ -46.076170460087653, -23.419327629887654 ], [ -46.07617270738173, -23.419331701338454 ], [ -46.076177135842137, -23.419331670826054 ], [ -46.076179383136491, -23.419335742276743 ], [ -46.076183811597019, -23.419335711764155 ], [ -46.07618824005754, -23.419335681251447 ], [ -46.076192701582627, -23.419339737445515 ], [ -46.076197130043269, -23.419339706932547 ], [ -46.076201575036336, -23.419341719772902 ], [ -46.076206003497035, -23.419341689259678 ], [ -46.076208250792433, -23.419345760709906 ], [ -46.076212679253253, -23.419345730196486 ], [ -46.076217124246732, -23.419347743036383 ], [ -46.076221569240346, -23.419349755876144 ], [ -46.076226014234088, -23.419351768715778 ], [ -46.076230459227965, -23.419353781555266 ], [ -46.076234904221963, -23.419355794394626 ], [ -46.076239349216095, -23.419357807233862 ], [ -46.07624377767727, -23.419357776719547 ], [ -46.076248222671595, -23.419359789558516 ], [ -46.076250469968599, -23.419363861008073 ], [ -46.076254898429958, -23.419363830493435 ], [ -46.076259326891318, -23.419363799978672 ], [ -46.076263771886062, -23.41936581281719 ], [ -46.076268216880933, -23.41936782565557 ], [ -46.07627266187594, -23.419369838493818 ], [ -46.076277106871082, -23.419371851331935 ], [ -46.076281535332669, -23.419371820816533 ], [ -46.076285963794255, -23.419371790301003 ], [ -46.076290392255835, -23.419371759785356 ], [ -46.076294837251282, -23.419373772622954 ], [ -46.076299265712905, -23.419373742107048 ], [ -46.076303694174527, -23.419373711591014 ], [ -46.07630813917023, -23.419375724428225 ], [ -46.076312584166061, -23.419377737265304 ], [ -46.07631702916202, -23.419379750102248 ], [ -46.076319243392923, -23.419379734843986 ], [ -46.07631927646144, -23.419383821550703 ], [ -46.076319309529971, -23.419387908257416 ], [ -46.076319342598516, -23.419391994964126 ], [ -46.076319375667062, -23.41939608167084 ], [ -46.076319408735614, -23.419400168377543 ], [ -46.076321656035482, -23.419404239825941 ], [ -46.076321689104113, -23.419408326532643 ], [ -46.076326134101251, -23.419410339369275 ], [ -46.07633057909851, -23.419412352205782 ], [ -46.076330612167432, -23.419416438912467 ], [ -46.076335073699497, -23.41942049510217 ], [ -46.076337321000203, -23.419424566550308 ], [ -46.076339568301051, -23.419428637998394 ], [ -46.076343996764443, -23.419428607481152 ], [ -46.076344029833798, -23.419432694187812 ], [ -46.076348474832074, -23.419434707023765 ], [ -46.076350722133434, -23.419438778471672 ], [ -46.076355167132007, -23.419440791307419 ], [ -46.076355200201739, -23.419444878014051 ], [ -46.076359645200576, -23.419446890849667 ], [ -46.076364106734552, -23.419450947038456 ], [ -46.076368551733729, -23.419452959873791 ], [ -46.07636858480388, -23.419457046580398 ], [ -46.076370832106257, -23.419461118027971 ], [ -46.076375310176246, -23.419467217569704 ], [ -46.076377557479006, -23.419471289017153 ], [ -46.076379804781915, -23.419475360464574 ], [ -46.076384266317476, -23.419479416652713 ], [ -46.076384299388152, -23.419483503359285 ], [ -46.076388727853306, -23.419483472840707 ], [ -46.07639097515677, -23.419487544287939 ], [ -46.076391008227667, -23.4194916309945 ], [ -46.076395436693083, -23.419491600475723 ], [ -46.076397683996888, -23.419495671922839 ], [ -46.076399931300841, -23.419499743369915 ], [ -46.076401243264456, -23.419499734328458 ], [ -46.076404359766514, -23.419499712850879 ], [ -46.076406607070744, -23.419503784297842 ], [ -46.07640885437511, -23.419507855744772 ], [ -46.076413299376846, -23.419509868578736 ], [ -46.076415546681531, -23.419513940025542 ], [ -46.076415579753224, -23.419518026732064 ], [ -46.076417827058123, -23.419522098178831 ], [ -46.076417860129901, -23.419526184885346 ], [ -46.076417893201686, -23.419530271591857 ], [ -46.07642233820431, -23.419532284425518 ], [ -46.076422371276237, -23.419536371132015 ], [ -46.076424618581676, -23.419540442578658 ], [ -46.07642686588725, -23.419544514025262 ], [ -46.076429113192972, -23.419548585471837 ], [ -46.076433558196378, -23.41955059830514 ], [ -46.076433591268682, -23.419554685011615 ], [ -46.076433624340993, -23.419558771718084 ], [ -46.076435888183376, -23.419564886517769 ], [ -46.076438135489738, -23.419568957964163 ], [ -46.076438168562213, -23.419573044670624 ], [ -46.076438201634694, -23.419577131377075 ], [ -46.076438234707183, -23.419581218083533 ], [ -46.076438267779686, -23.41958530478998 ], [ -46.076438300852189, -23.41958939149643 ], [ -46.076436119690335, -23.419593493462955 ], [ -46.076433938528346, -23.419597595429437 ], [ -46.076433971600736, -23.419601682135887 ], [ -46.076434004673139, -23.419605768842334 ], [ -46.076429576203978, -23.419605799362341 ], [ -46.076429609276254, -23.419609886068791 ], [ -46.07642742811381, -23.419613988035206 ], [ -46.076427461186029, -23.419618074741653 ], [ -46.076426993459833, -23.419618294600994 ], [ -46.076423049252497, -23.419620148614715 ], [ -46.076418637318824, -23.419622222487661 ], [ -46.076416456155847, -23.419626324453926 ], [ -46.076412027685983, -23.41962635497346 ], [ -46.076412060757747, -23.419630441679928 ], [ -46.07640763228774, -23.419630472199344 ], [ -46.076403203817719, -23.419630502718643 ], [ -46.07640323688922, -23.419634589425112 ], [ -46.076398808419057, -23.419634619944283 ], [ -46.076396627255278, -23.419638721910299 ], [ -46.076392198784973, -23.419638752429297 ], [ -46.076390017620916, -23.419642854395228 ], [ -46.076385605685957, -23.419644928267282 ], [ -46.076383424521602, -23.419649030233131 ], [ -46.076379012586322, -23.419651104105014 ], [ -46.076379045657113, -23.419655190811497 ], [ -46.076376864492403, -23.419659292777261 ], [ -46.076376897563136, -23.419663379483755 ], [ -46.076374716398234, -23.419667481449501 ], [ -46.076374749468918, -23.419671568155994 ], [ -46.076372568303825, -23.419675670121702 ], [ -46.076370387138596, -23.419679772087388 ], [ -46.076368205973246, -23.419683874053039 ], [ -46.076368239043752, -23.419687960759532 ], [ -46.076370486350328, -23.419692032206843 ], [ -46.076370519420919, -23.419696118913333 ], [ -46.076370569026821, -23.41970224897306 ], [ -46.076370602097434, -23.419706335679535 ], [ -46.076370635168054, -23.419710422386004 ], [ -46.07636845400225, -23.419714524351658 ], [ -46.076368487072806, -23.419718611058141 ], [ -46.076368520143383, -23.419722697764612 ], [ -46.076370783985929, -23.419728812565115 ], [ -46.076373031293322, -23.419732884012344 ], [ -46.076373064364056, -23.419736970718795 ], [ -46.076375311671669, -23.419741042165988 ], [ -46.076375344742488, -23.419745128872439 ], [ -46.076375377813314, -23.419749215578889 ], [ -46.076379822822808, -23.41975122841346 ], [ -46.076382070130883, -23.419755299860523 ], [ -46.076382103201929, -23.419759386566955 ], [ -46.07638213627299, -23.419763473273392 ], [ -46.076384383581356, -23.419767544720401 ], [ -46.076384416652495, -23.419771631426823 ], [ -46.076388878198522, -23.419775687614312 ], [ -46.076391125507307, -23.419779759061207 ], [ -46.07639115857868, -23.419783845767615 ], [ -46.076391191650046, -23.419787932474023 ], [ -46.076391224721434, -23.419792019180427 ], [ -46.076391257792814, -23.419796105886828 ], [ -46.076391290864208, -23.419800192593229 ], [ -46.076391323935617, -23.419804279299626 ], [ -46.076391357007019, -23.419808366006027 ], [ -46.076391390078435, -23.419812452712421 ], [ -46.076391423149865, -23.419816539418818 ], [ -46.076389241983108, -23.419820641384753 ], [ -46.076387060816224, -23.419824743350656 ], [ -46.076384879649211, -23.419828845316545 ], [ -46.076382698482071, -23.419832947282401 ], [ -46.076380517314796, -23.41983704924823 ], [ -46.076376121908851, -23.419841166473411 ], [ -46.076376154979855, -23.419845253179808 ], [ -46.076371743038081, -23.419847327051674 ], [ -46.076369561870244, -23.419851429017356 ], [ -46.076367380702273, -23.419855530983021 ], [ -46.07636519953418, -23.419859632948651 ], [ -46.076360771056471, -23.419859663467022 ], [ -46.076360804127027, -23.419863750173437 ], [ -46.076358622958601, -23.419867852138989 ], [ -46.07635644179004, -23.419871954104508 ], [ -46.076354260621358, -23.419876056070006 ], [ -46.076349848678205, -23.419878129941303 ], [ -46.076349881748456, -23.419882216647704 ], [ -46.076345469805034, -23.419884290518873 ], [ -46.076343288635819, -23.419888392484232 ], [ -46.076341107466469, -23.419892494449559 ], [ -46.076338926296991, -23.419896596414869 ], [ -46.076334514352915, -23.41989867028575 ], [ -46.076332333183139, -23.419902772250968 ], [ -46.076330152013227, -23.419906874216146 ], [ -46.076327970843188, -23.41991097618131 ], [ -46.076323575433207, -23.419915093405123 ], [ -46.076323608502719, -23.419919180111556 ], [ -46.076321427332282, -23.419923282076635 ], [ -46.076319246161717, -23.419927384041685 ], [ -46.076314850750947, -23.419931501265275 ], [ -46.076314883820203, -23.419935587971697 ], [ -46.076312702649247, -23.419939689936669 ], [ -46.076308290703331, -23.419941763806865 ], [ -46.076308323772409, -23.419945850513304 ], [ -46.076306142601091, -23.419949952478188 ], [ -46.076303961429652, -23.419954054443053 ], [ -46.076303994498616, -23.41995814114949 ], [ -46.076301813326978, -23.419962243114316 ], [ -46.076299632155212, -23.419966345079114 ], [ -46.076299665224063, -23.419970431785554 ], [ -46.076299698292914, -23.419974518491987 ], [ -46.076299731361779, -23.41997860519842 ], [ -46.076299764430651, -23.419982691904849 ], [ -46.07629979749953, -23.419986778611271 ], [ -46.076299830568416, -23.419990865317697 ], [ -46.07629986363731, -23.419994952024123 ], [ -46.07629989670621, -23.419999038730534 ], [ -46.076299929775118, -23.420003125436953 ], [ -46.07629996284404, -23.420007212143371 ], [ -46.076299995912962, -23.420011298849783 ], [ -46.07630002898189, -23.420015385556198 ], [ -46.076300062050834, -23.420019472262602 ], [ -46.076300095119777, -23.420023558969003 ], [ -46.076300128188727, -23.420027645675415 ], [ -46.076300161257691, -23.420031732381815 ], [ -46.076304589741213, -23.420031701864954 ], [ -46.076304622810319, -23.420035788571347 ], [ -46.076304655879433, -23.420039875277741 ], [ -46.076304688948547, -23.420043961984131 ], [ -46.076304722017682, -23.420048048690518 ], [ -46.076306969328911, -23.420052120138404 ], [ -46.076307002398117, -23.420056206844787 ], [ -46.076307035467337, -23.420060293551167 ], [ -46.076307068536565, -23.420064380257546 ], [ -46.076307101605792, -23.420068466963919 ], [ -46.076307134675034, -23.420072553670291 ], [ -46.076307167744282, -23.420076640376653 ], [ -46.076307200813538, -23.420080727083018 ], [ -46.076307233882801, -23.420084813789387 ], [ -46.076307266952071, -23.420088900495752 ], [ -46.076307300021348, -23.420092987202111 ], [ -46.076307333090632, -23.420097073908476 ], [ -46.076307335151881, -23.42009732863816 ], [ -46.076307366159917, -23.420101160614827 ], [ -46.076307399229222, -23.420105247321182 ], [ -46.076307432298528, -23.420109334027529 ], [ -46.076307465367847, -23.420113420733884 ], [ -46.076307498437167, -23.420117507440231 ], [ -46.076305317263241, -23.420121609405122 ], [ -46.07630313608918, -23.420125711369984 ], [ -46.076298707602525, -23.420125741886924 ], [ -46.076298740671596, -23.420129828593275 ], [ -46.076298773740675, -23.420133915299619 ], [ -46.076294361788214, -23.420135989169619 ], [ -46.076289966370027, -23.420140106392683 ], [ -46.076285554417211, -23.420142180262445 ], [ -46.076285587485906, -23.420146266968811 ], [ -46.076281313388712, -23.420146296421386 ], [ -46.07628115899854, -23.420146297485282 ], [ -46.076281161305708, -23.420146582611238 ], [ -46.076281192067107, -23.420150384191643 ], [ -46.076281225135681, -23.420154470898009 ], [ -46.076276813182254, -23.420156544767543 ], [ -46.0762768462507, -23.420160631473909 ], [ -46.076272646625981, -23.420162605536635 ], [ -46.07627243429701, -23.420162705343323 ], [ -46.076272436686139, -23.420163000601388 ], [ -46.076272467365328, -23.420166792049695 ], [ -46.076269740820443, -23.420168073680895 ], [ -46.076268055411354, -23.420168865919003 ], [ -46.076263643457246, -23.420170939788186 ], [ -46.076259231502988, -23.420173013657255 ], [ -46.076254836082491, -23.420177130879392 ], [ -46.076250424127885, -23.420179204748219 ], [ -46.076246012173144, -23.420181278616926 ], [ -46.076241600218246, -23.420183352485513 ], [ -46.076241633285662, -23.420187439191917 ], [ -46.076237204796861, -23.420187469707187 ], [ -46.076237237864142, -23.420191556413581 ], [ -46.076232825908768, -23.420193630281933 ], [ -46.076230644731346, -23.420197732245878 ], [ -46.076228463553797, -23.420201834209792 ], [ -46.076226282376112, -23.420205936173673 ], [ -46.076224101198299, -23.42021003813753 ], [ -46.076219689242109, -23.420212112005537 ], [ -46.076224134265217, -23.420214124843934 ], [ -46.076227690283794, -23.420215735114567 ], [ -46.076226381577058, -23.420218196292893 ], [ -46.07622196962064, -23.420220270160964 ], [ -46.076219788442479, -23.420224372124764 ], [ -46.076217607264184, -23.42022847408855 ], [ -46.076217640330931, -23.42023256079495 ], [ -46.076215459152444, -23.420236662758704 ], [ -46.076215492219127, -23.420240749465112 ], [ -46.076215525285832, -23.420244836171516 ], [ -46.07621555835253, -23.42024892287791 ], [ -46.07621337717373, -23.420253024841635 ], [ -46.076211195994809, -23.420257126805328 ], [ -46.0762112290614, -23.420261213511733 ], [ -46.076211262127998, -23.420265300218141 ], [ -46.076209080948821, -23.420269402181802 ], [ -46.07620689976951, -23.420273504145445 ], [ -46.07620471859007, -23.42027760610906 ], [ -46.076200306631357, -23.420279679976588 ], [ -46.07620033969765, -23.420283766682999 ], [ -46.076198158517848, -23.420287868646525 ], [ -46.076193746558687, -23.420289942513893 ], [ -46.076193779624795, -23.420294029220305 ], [ -46.076191598444638, -23.420298131183753 ], [ -46.076191631510689, -23.420302217890157 ], [ -46.076191664576754, -23.420306304596558 ], [ -46.076189483396341, -23.420310406559977 ], [ -46.07618951646235, -23.420314493266382 ], [ -46.076187335281745, -23.420318595229777 ], [ -46.076187368347696, -23.420322681936181 ], [ -46.07618293985432, -23.420322712450076 ], [ -46.076182972920144, -23.420326799156484 ], [ -46.076183005985982, -23.420330885862889 ], [ -46.07618303905182, -23.420334972569282 ], [ -46.076180857870703, -23.420339074532595 ], [ -46.076180890936492, -23.420343161238996 ], [ -46.076178709755183, -23.420347263202288 ], [ -46.076178742820922, -23.420351349908682 ], [ -46.076174314326572, -23.420351380422368 ], [ -46.076174347392183, -23.420355467128775 ], [ -46.076174380457793, -23.420359553835176 ], [ -46.076174413523418, -23.42036364054157 ], [ -46.076174446589043, -23.420367727247971 ], [ -46.076172265407166, -23.420371829211177 ], [ -46.076170084225154, -23.420375931174352 ], [ -46.076170133823432, -23.420382061233941 ], [ -46.0761679526412, -23.420386163197101 ], [ -46.07616577145884, -23.420390265160211 ], [ -46.076161359495813, -23.420392339026783 ], [ -46.076161392561083, -23.420396425733184 ], [ -46.07615698059778, -23.420398499599635 ], [ -46.076154815947426, -23.420404644915823 ], [ -46.076154849012525, -23.420408731622221 ], [ -46.076154882077624, -23.420412818328622 ], [ -46.07615491514273, -23.420416905035015 ], [ -46.076152733959496, -23.420421006997973 ], [ -46.076152767024546, -23.420425093704367 ], [ -46.07614837159263, -23.42042921092381 ], [ -46.076148404657573, -23.420433297630211 ], [ -46.076146223473884, -23.420437399593087 ], [ -46.076144042290068, -23.420441501555935 ], [ -46.076144075354883, -23.420445588262332 ], [ -46.076139663389689, -23.42044766212835 ], [ -46.076139696454391, -23.420451748834743 ], [ -46.076139729519092, -23.420455835541148 ], [ -46.076137564867111, -23.420461980857116 ], [ -46.076137597931769, -23.420466067563503 ], [ -46.07613316943354, -23.420466098076169 ], [ -46.076130988248877, -23.42047020003886 ], [ -46.076131021313337, -23.420474286745247 ], [ -46.076131054377811, -23.420478373451644 ], [ -46.0761288731929, -23.420482475414303 ], [ -46.076128906257317, -23.420486562120701 ], [ -46.076126725072214, -23.420490664083331 ], [ -46.076126758136581, -23.420494750789725 ], [ -46.076126791200956, -23.420498837496122 ], [ -46.076126824265337, -23.420502924202506 ], [ -46.076126857329726, -23.420507010908889 ], [ -46.076126890394121, -23.420511097615282 ], [ -46.076126923458524, -23.420515184321658 ], [ -46.076126956522934, -23.420519271028045 ], [ -46.076129203837425, -23.420523342478162 ], [ -46.07612923690192, -23.420527429184538 ], [ -46.076129269966415, -23.4205315158909 ], [ -46.076129303030932, -23.420535602597266 ], [ -46.076129336095448, -23.420539689303634 ], [ -46.076129369159965, -23.42054377601 ], [ -46.076129402224495, -23.420547862716369 ], [ -46.076131649539583, -23.420551934166411 ], [ -46.076131682604199, -23.420556020872766 ], [ -46.076131715668822, -23.420560107579114 ], [ -46.076133962984201, -23.42056417902911 ], [ -46.076136210299715, -23.420568250479064 ], [ -46.076136243364495, -23.420572337185408 ], [ -46.076136276429288, -23.420576423891752 ], [ -46.076136309494082, -23.420580510598086 ], [ -46.076138556809966, -23.420584582047987 ], [ -46.076140804125998, -23.420588653497838 ], [ -46.076140837190955, -23.420592740204164 ], [ -46.076140870255912, -23.420596826910486 ], [ -46.076140919853366, -23.420602956969969 ], [ -46.07614096945084, -23.42060908702944 ], [ -46.076143216767392, -23.420613158479249 ], [ -46.076145464084078, -23.42061722992899 ], [ -46.07614549714922, -23.420621316635295 ], [ -46.076145530214369, -23.420625403341596 ], [ -46.076145563279525, -23.420629490047894 ], [ -46.076145596344688, -23.420633576754192 ], [ -46.076145629409858, -23.420637663460486 ], [ -46.076145662475035, -23.420641750166777 ], [ -46.076145695540227, -23.420645836873064 ], [ -46.076145728605418, -23.420649923579347 ], [ -46.076147975922858, -23.420653995029024 ], [ -46.076150223240433, -23.420658066478662 ], [ -46.07615025630578, -23.420662153184942 ], [ -46.076150289371142, -23.420666239891212 ], [ -46.076150322436511, -23.420670326597488 ], [ -46.076150355501888, -23.420674413303747 ], [ -46.07615260281991, -23.420678484753321 ], [ -46.076154850138067, -23.420682556202859 ], [ -46.076154883203607, -23.420686642909118 ], [ -46.076157130521977, -23.42069071435861 ], [ -46.076159394373349, -23.420696829161187 ], [ -46.076163839412132, -23.420698842000615 ], [ -46.076166103263958, -23.420704956803064 ], [ -46.076168350583011, -23.420709028252368 ], [ -46.076172828688463, -23.420715127797735 ], [ -46.076172861754607, -23.420719214503951 ], [ -46.076177290261199, -23.420719183989853 ], [ -46.076177323327478, -23.420723270696062 ], [ -46.07618176836742, -23.420725283534932 ], [ -46.076181801433847, -23.420729370241123 ], [ -46.076186246474052, -23.420731383079854 ], [ -46.076186279540629, -23.420735469786049 ], [ -46.076190708047747, -23.420735439271549 ], [ -46.076190757647822, -23.420741569330815 ], [ -46.076195186155147, -23.420741538816181 ], [ -46.076195219222008, -23.420745625522354 ], [ -46.076197466542673, -23.420749696971157 ], [ -46.076204125837606, -23.420751694551939 ], [ -46.076204158904766, -23.420755781258091 ], [ -46.076208620479832, -23.420759837449204 ], [ -46.076213065521458, -23.420761850287107 ], [ -46.076217527097, -23.420765906477946 ], [ -46.076221972138946, -23.420767919315598 ], [ -46.076222005206674, -23.420772006021711 ], [ -46.076226450248896, -23.420774018859213 ], [ -46.076228697571011, -23.420778090307497 ], [ -46.076230944893275, -23.420782161755746 ], [ -46.076235406470047, -23.420786217946013 ], [ -46.076235439538216, -23.420790304652105 ], [ -46.076239884581248, -23.420792317489187 ], [ -46.076239917649566, -23.420796404195269 ], [ -46.076242164972498, -23.420800475643318 ], [ -46.076246610015964, -23.420802488480199 ], [ -46.076246643084509, -23.420806575186269 ], [ -46.076251071593909, -23.420806544669968 ], [ -46.076253318917352, -23.420810616117834 ], [ -46.07625776396133, -23.420812628954362 ], [ -46.076262209005428, -23.420814641790763 ], [ -46.076263840440681, -23.420817597440927 ], [ -46.076264456329362, -23.42081871323845 ], [ -46.076266703653431, -23.420822784686091 ], [ -46.07626673672263, -23.420826871392126 ], [ -46.076266769791829, -23.420830958098154 ], [ -46.076266802861035, -23.420835044804182 ], [ -46.076266835930248, -23.420839131510206 ], [ -46.076269083254758, -23.42084320295778 ], [ -46.076269116324056, -23.420847289663797 ], [ -46.076271363648793, -23.420851361111339 ], [ -46.07627139671817, -23.420855447817353 ], [ -46.076271429787553, -23.420859534523363 ], [ -46.076271462856951, -23.420863621229369 ], [ -46.076273710182051, -23.42086769267685 ], [ -46.076273743251534, -23.420871779382843 ], [ -46.076273776321017, -23.420875866088839 ], [ -46.076276023646408, -23.420879937536274 ], [ -46.076276056715976, -23.420884024242262 ], [ -46.076276089785551, -23.420888110948251 ], [ -46.076276122855134, -23.420892197654233 ], [ -46.076278370180894, -23.420896269101618 ], [ -46.076280617506804, -23.420900340548943 ], [ -46.076280650576543, -23.420904427254918 ], [ -46.076282897902665, -23.420908498702211 ], [ -46.07628514522893, -23.420912570149465 ], [ -46.076285178298832, -23.420916656855425 ], [ -46.07628742562531, -23.420920728302637 ], [ -46.07628745869529, -23.42092481500859 ], [ -46.076287491765278, -23.420928901714536 ], [ -46.07628752483528, -23.420932988420486 ], [ -46.076287557905282, -23.420937075126428 ], [ -46.076285376718381, -23.420941177091137 ], [ -46.076285409788333, -23.420945263797087 ], [ -46.0762854428583, -23.420949350503033 ], [ -46.076285475928259, -23.420953437208972 ], [ -46.076285508998239, -23.4209575239149 ], [ -46.07628554206822, -23.420961610620839 ], [ -46.076285575138208, -23.420965697326771 ], [ -46.076285608208202, -23.420969784032707 ], [ -46.076285641278211, -23.420973870738631 ], [ -46.07628567434822, -23.420977957444563 ], [ -46.076283493160645, -23.420982059409244 ], [ -46.076281311972942, -23.420986161373904 ], [ -46.076276883457609, -23.420986191891277 ], [ -46.07627691652737, -23.420990278597206 ], [ -46.076272504546708, -23.42099235246744 ], [ -46.076268092565904, -23.420994426337536 ], [ -46.076263664050281, -23.420994456854544 ], [ -46.076259252069256, -23.420996530724402 ], [ -46.076254823553548, -23.420996561241168 ], [ -46.076250378503346, -23.420994548404817 ], [ -46.076248131176627, -23.420990476957119 ], [ -46.076243702661102, -23.420990507473554 ], [ -46.076241455334667, -23.42098643602575 ], [ -46.076237026819264, -23.420986466541986 ], [ -46.076236993750733, -23.420982379836001 ], [ -46.076232565235465, -23.42098241035211 ], [ -46.076228136720182, -23.420982440868098 ], [ -46.076225889394358, -23.420978369420045 ], [ -46.076221460879204, -23.420978399935841 ], [ -46.076217015830082, -23.420976387098495 ], [ -46.076212554247221, -23.420972330908011 ], [ -46.076208109198433, -23.420970318070399 ], [ -46.07620368068352, -23.42097034858568 ], [ -46.0761992521686, -23.420970379100833 ], [ -46.076192609396202, -23.420970424873328 ], [ -46.07618818088126, -23.420970455388169 ], [ -46.076179323851363, -23.420970516417473 ], [ -46.076174862269802, -23.420966460225852 ], [ -46.076170433754967, -23.420966490740181 ], [ -46.076165988706968, -23.420964477901336 ], [ -46.076161560192183, -23.420964508415413 ], [ -46.076157115144376, -23.420962495576319 ], [ -46.076152670096697, -23.420960482737083 ], [ -46.076150422773537, -23.420956411287825 ], [ -46.076145977726156, -23.420954398448394 ], [ -46.076143730403309, -23.42095032699903 ], [ -46.076139301888965, -23.42095035751246 ], [ -46.076139268823496, -23.420946270806322 ], [ -46.076141450015065, -23.420942168843482 ], [ -46.076143631206506, -23.420938066880623 ], [ -46.076143598140924, -23.420933980174482 ], [ -46.076143565075348, -23.420929893468344 ], [ -46.076145746266533, -23.420925791505454 ], [ -46.076145713200901, -23.420921704799312 ], [ -46.076145712053055, -23.420921562932342 ], [ -46.076145680135276, -23.420917618093167 ], [ -46.076145647069666, -23.420913531387015 ], [ -46.076143399747572, -23.420909459937597 ], [ -46.076143366682032, -23.420905373231445 ], [ -46.076141119360159, -23.420901301781981 ], [ -46.07613887203842, -23.420897230332486 ], [ -46.076134443525838, -23.420897260845717 ], [ -46.076129998480702, -23.420895248005728 ], [ -46.076125553435688, -23.4208932351656 ], [ -46.076121108390808, -23.420891222325352 ], [ -46.076118861069851, -23.420887150875522 ], [ -46.076114432557581, -23.420887181388171 ], [ -46.076109987513064, -23.420885168547585 ], [ -46.076105559000837, -23.420885199059974 ], [ -46.076098899700426, -23.420883201475217 ], [ -46.076094454656264, -23.420881188634183 ], [ -46.076089993080295, -23.420877132439884 ], [ -46.076085564568316, -23.420877162951701 ], [ -46.076081136056324, -23.42087719346339 ], [ -46.076076691012609, -23.42087518062182 ], [ -46.076073400370603, -23.420873690525891 ], [ -46.076072245969023, -23.420873167780126 ], [ -46.076067784393992, -23.420869111585166 ], [ -46.076063339350739, -23.420867098743198 ], [ -46.076063306287736, -23.420863012036911 ], [ -46.076058861244753, -23.420860999194808 ], [ -46.076054399670532, -23.420856942999425 ], [ -46.076049938096588, -23.4208528868039 ], [ -46.076049905034019, -23.420848800097581 ], [ -46.076047657715975, -23.420844728646603 ], [ -46.076045410398073, -23.420840657195598 ], [ -46.076040981887232, -23.420840687706104 ], [ -46.076040948824961, -23.420836600999767 ], [ -46.076036503783186, -23.420834588156985 ], [ -46.076034256465803, -23.420830516705777 ], [ -46.076032009148562, -23.420826445254537 ], [ -46.076027564107257, -23.420824432411472 ], [ -46.076023102535231, -23.420820376215087 ], [ -46.076020855218509, -23.420816304763658 ], [ -46.076018607901929, -23.420812233312205 ], [ -46.076018574840383, -23.420808146605832 ], [ -46.076018541778851, -23.420804059899453 ], [ -46.076018508717318, -23.420799973193073 ], [ -46.076016261401108, -23.420795901741556 ], [ -46.076016228339654, -23.420791815035166 ], [ -46.076013964492979, -23.420785700230411 ], [ -46.076013931431618, -23.420781613524017 ], [ -46.076011667585234, -23.420775498719205 ], [ -46.076011617993323, -23.420769368659602 ], [ -46.076011584932061, -23.420765281953191 ], [ -46.076009337616689, -23.420761210501524 ], [ -46.076009304555512, -23.42075712379512 ], [ -46.076009254963758, -23.420750993735503 ], [ -46.076007007648712, -23.420746922283776 ], [ -46.076006974587628, -23.42074283557735 ], [ -46.076004727272803, -23.420738764125591 ], [ -46.076004694211797, -23.420734677419155 ], [ -46.076004661150805, -23.420730590712726 ], [ -46.076004628089819, -23.420726504006293 ], [ -46.076009040066346, -23.420724430143739 ], [ -46.076009007005233, -23.42072034343731 ], [ -46.076013418981482, -23.420718269574639 ], [ -46.076015600173584, -23.420714167613443 ], [ -46.076015567112286, -23.420710080907014 ], [ -46.076017748304189, -23.420705978945787 ], [ -46.076018417097721, -23.420705352486465 ], [ -46.076022143749086, -23.420701861729679 ], [ -46.07602211068761, -23.420697775023257 ], [ -46.076024291879122, -23.420693673061947 ], [ -46.076026473070499, -23.420689571100606 ], [ -46.0760308685146, -23.420685453884275 ], [ -46.07603304970565, -23.420681351922859 ], [ -46.076035230896572, -23.420677249961411 ], [ -46.076035197834727, -23.420673163254985 ], [ -46.076035164772897, -23.42066907654857 ], [ -46.076035131711066, -23.420664989842145 ], [ -46.07603509864925, -23.420660903135715 ], [ -46.076035065587433, -23.420656816429279 ], [ -46.076035032525631, -23.42065272972285 ], [ -46.076034999463836, -23.420648643016413 ], [ -46.076034966402041, -23.420644556309977 ], [ -46.07603493334026, -23.420640469603544 ], [ -46.076034900278486, -23.420636382897104 ], [ -46.076034867216713, -23.420632296190657 ], [ -46.076034834154953, -23.420628209484207 ], [ -46.076034801093208, -23.420624122777767 ], [ -46.076034768031462, -23.420620036071309 ], [ -46.076034734969717, -23.420615949364862 ], [ -46.076034701907986, -23.420611862658411 ], [ -46.076034668846269, -23.420607775951957 ], [ -46.076034635784552, -23.420603689245496 ], [ -46.076034602722842, -23.420599602539031 ], [ -46.07603456966114, -23.42059551583257 ], [ -46.076034536599444, -23.420591429126098 ], [ -46.076032289286559, -23.420587357674599 ], [ -46.076032256224948, -23.420583270968127 ], [ -46.076032223163345, -23.420579184261651 ], [ -46.076027778130467, -23.420577171418223 ], [ -46.076023349628379, -23.420577201927909 ], [ -46.076018937656876, -23.420579275790711 ], [ -46.076014509154703, -23.420579306300152 ], [ -46.076012327964612, -23.420583408261326 ], [ -46.076007915992719, -23.42058548212383 ], [ -46.07600794905359, -23.420589568830326 ], [ -46.076007982114454, -23.42059365553683 ], [ -46.07600801517534, -23.420597742243334 ], [ -46.076005833984759, -23.420601844204423 ], [ -46.076005867045588, -23.420605930910924 ], [ -46.076003685854815, -23.420610032871988 ], [ -46.075999290412241, -23.420614150087538 ], [ -46.075999323472885, -23.420618236794027 ], [ -46.075994911499649, -23.420620310656204 ], [ -46.075990499526263, -23.420622384518268 ], [ -46.075986071022612, -23.420622415026951 ], [ -46.075981642518961, -23.420622445535511 ], [ -46.075977197485315, -23.420620432690672 ], [ -46.07597495017361, -23.420616361238316 ], [ -46.075972702862046, -23.420612289785907 ], [ -46.075968274358715, -23.420612320294079 ], [ -46.075966027047421, -23.42060824884156 ], [ -46.07596442719619, -23.420607524380582 ], [ -46.075961582014479, -23.42060623599626 ], [ -46.075957136981657, -23.420604223150818 ], [ -46.07595269194897, -23.420602210305251 ], [ -46.075948246916411, -23.420600197459546 ], [ -46.075948213857366, -23.420596110752967 ], [ -46.075945966546975, -23.420592039300121 ], [ -46.075945933488008, -23.420587952593543 ], [ -46.075945900429048, -23.420583865886957 ], [ -46.075945867370102, -23.420579779180361 ], [ -46.07594583882581, -23.420576250569731 ], [ -46.075945834311156, -23.420575692473768 ], [ -46.075945801252224, -23.420571605767176 ], [ -46.0759457681933, -23.42056751906058 ], [ -46.075945735134376, -23.420563432353976 ], [ -46.075945702075458, -23.420559345647384 ], [ -46.075945669016555, -23.420555258940777 ], [ -46.075945619428211, -23.420549128880864 ], [ -46.075943372118758, -23.420545057427926 ], [ -46.075941124809447, -23.420540985974949 ], [ -46.075936679779133, -23.420538973128821 ], [ -46.075934432470127, -23.420534901675733 ], [ -46.075934399411608, -23.420530814969108 ], [ -46.075934349823839, -23.420524684909157 ], [ -46.075934300236092, -23.420518554849195 ], [ -46.075934267177601, -23.420514468142557 ], [ -46.075934234119117, -23.420510381435907 ], [ -46.07593420106064, -23.420506294729265 ], [ -46.075936382252031, -23.42050219276911 ], [ -46.075936349193505, -23.420498106062468 ], [ -46.075940777693091, -23.420498075555344 ], [ -46.075945173133867, -23.420493958341456 ], [ -46.075949585103842, -23.420491884480775 ], [ -46.075953997073661, -23.420489810619969 ], [ -46.075958409043352, -23.420487736759053 ], [ -46.075962821012901, -23.420485662898006 ], [ -46.075967216452575, -23.420481545683536 ], [ -46.075971628421769, -23.420479471822258 ], [ -46.075971595362191, -23.420475385115644 ], [ -46.075976023860967, -23.420475354607547 ], [ -46.075980435829806, -23.420473280746041 ], [ -46.075980402769979, -23.420469194039441 ], [ -46.075984798208566, -23.420465076824502 ], [ -46.075984765148611, -23.420460990117903 ], [ -46.075984732088656, -23.420456903411296 ], [ -46.075984699028716, -23.420452816704696 ], [ -46.075980254000804, -23.420450803859701 ], [ -46.075978006692097, -23.420446732407196 ], [ -46.075973578194287, -23.420446762915308 ], [ -46.075969149696455, -23.420446793423299 ], [ -46.075964721198631, -23.420446823931162 ], [ -46.075960292700785, -23.420446854438897 ], [ -46.075955847673413, -23.420444841593181 ], [ -46.075951419175631, -23.420444872100664 ], [ -46.075946990677835, -23.420444902608022 ], [ -46.075944809487638, -23.420449004568312 ], [ -46.075942628297312, -23.420453106528576 ], [ -46.075938199799232, -23.420453137035697 ], [ -46.07593601860863, -23.42045723899588 ], [ -46.075933837417899, -23.420461340956034 ], [ -46.075929408919535, -23.420461371462913 ], [ -46.075927227728535, -23.420465473422986 ], [ -46.075920584980764, -23.420465519182983 ], [ -46.075916189540095, -23.420469636396184 ], [ -46.075909546792083, -23.420469682155719 ], [ -46.07590292057278, -23.420471771268328 ], [ -46.075896294353264, -23.42047386038066 ], [ -46.075891865854423, -23.420473890886495 ], [ -46.075887437355576, -23.420473921392198 ], [ -46.075883008856721, -23.420473951897772 ], [ -46.075876366108425, -23.420473997655911 ], [ -46.075871937609548, -23.420474028161173 ], [ -46.075867509110672, -23.420474058666311 ], [ -46.075863080611782, -23.420474089171329 ], [ -46.075858652112885, -23.420474119676218 ], [ -46.075852009364525, -23.420474165433316 ], [ -46.075847580865613, -23.420474195937892 ], [ -46.075843152366687, -23.420474226442341 ], [ -46.075838723867754, -23.420474256946662 ], [ -46.075834295368821, -23.420474287450862 ], [ -46.075829850342267, -23.420472274601533 ], [ -46.075829817287058, -23.420468187894723 ], [ -46.075823552175905, -23.420466308535563 ], [ -46.075823158011431, -23.420466190297173 ], [ -46.075820910707158, -23.420462118842252 ], [ -46.075820877652248, -23.420458032135421 ], [ -46.075820844597331, -23.420453945428594 ], [ -46.075823025791507, -23.420449843469886 ], [ -46.075827437762094, -23.42044776961264 ], [ -46.075827404706999, -23.420443682905812 ], [ -46.075831816677308, -23.420441609048446 ], [ -46.075831783622093, -23.420437522341626 ], [ -46.075833964815672, -23.420433420382782 ], [ -46.075836432010114, -23.420432260671845 ], [ -46.075838376785548, -23.420431346525231 ], [ -46.075838343730133, -23.420427259818414 ], [ -46.075842755699732, -23.42042518596076 ], [ -46.075844936892778, -23.420421084001774 ], [ -46.075847118085697, -23.420416982042767 ], [ -46.075849299278488, -23.420412880083731 ], [ -46.075849266222768, -23.420408793376922 ], [ -46.075849233167069, -23.420404706670102 ], [ -46.075849200111371, -23.420400619963289 ], [ -46.075849183387433, -23.420398552366869 ], [ -46.075849167055679, -23.420396533256469 ], [ -46.075850375328145, -23.420395401467083 ], [ -46.075853562496185, -23.420392416045132 ], [ -46.075857957936428, -23.420388298833686 ], [ -46.075860139128444, -23.420384196874512 ], [ -46.075864567624343, -23.420384166369686 ], [ -46.075866748816082, -23.420380064410427 ], [ -46.075873341975118, -23.420373888592685 ], [ -46.075875523166424, -23.420369786633312 ], [ -46.075877704357609, -23.420365684673911 ], [ -46.075879885548659, -23.420361582714495 ], [ -46.07588205021127, -23.420355437401643 ], [ -46.075884231402028, -23.420351335442156 ], [ -46.075890841087286, -23.42034720297713 ], [ -46.075890808030401, -23.420343116270342 ], [ -46.075890774973523, -23.420339029563547 ], [ -46.075890741916659, -23.420334942856755 ], [ -46.075892923106835, -23.420330840897176 ], [ -46.075895104296883, -23.42032673893755 ], [ -46.075895071239898, -23.420322652230762 ], [ -46.075897252429762, -23.420318550271116 ], [ -46.07589721937272, -23.420314463564313 ], [ -46.075897186315693, -23.420310376857518 ], [ -46.075897136730163, -23.420304246797325 ], [ -46.07589710367315, -23.420300160090527 ], [ -46.075897070616151, -23.420296073383717 ], [ -46.075897037559152, -23.420291986676911 ], [ -46.075892609066365, -23.42029201718254 ], [ -46.075883719024198, -23.420287991486585 ], [ -46.075879274003306, -23.420285978638418 ], [ -46.075874845510697, -23.420286009143538 ], [ -46.075874812454401, -23.420281922436686 ], [ -46.075874779398113, -23.420277835729856 ], [ -46.075874759449043, -23.420275369450941 ], [ -46.075874729813698, -23.420271705669581 ], [ -46.075874696757424, -23.420267618962729 ], [ -46.075874663701157, -23.420263532255873 ], [ -46.075874630644904, -23.420259445549021 ], [ -46.0758767953063, -23.420253300236219 ], [ -46.07587897649568, -23.420249198276821 ], [ -46.075879288860044, -23.420248610842282 ], [ -46.07588115768494, -23.420245096317391 ], [ -46.075883338874064, -23.420240994357929 ], [ -46.075885520063068, -23.420236892398439 ], [ -46.075889948554021, -23.420236861893077 ], [ -46.075889915497342, -23.420232775186228 ], [ -46.075892096686005, -23.42022867322666 ], [ -46.075896508648242, -23.420226599367702 ], [ -46.075896475591378, -23.42022251266086 ], [ -46.075898656779678, -23.420218410701217 ], [ -46.075900837967851, -23.420214308741524 ], [ -46.075900804910873, -23.420210222034683 ], [ -46.075902986098853, -23.420206120074972 ], [ -46.075907381531593, -23.420202002862311 ], [ -46.075907348474438, -23.42019791615547 ], [ -46.075907315417275, -23.420193829448625 ], [ -46.075907282360127, -23.420189742741783 ], [ -46.075907249302986, -23.420185656034935 ], [ -46.075907216245852, -23.420181569328086 ], [ -46.075907183188725, -23.420177482621227 ], [ -46.075907150131613, -23.420173395914372 ], [ -46.075902688585806, -23.420169339713276 ], [ -46.075902639000361, -23.420163209652983 ], [ -46.075898177455052, -23.420159153451738 ], [ -46.075898144398238, -23.420155066744861 ], [ -46.075895897097389, -23.420150995290737 ], [ -46.075893649796683, -23.42014692383658 ], [ -46.075889221308721, -23.420146954341931 ], [ -46.075889188252205, -23.42014286763504 ], [ -46.075886940951847, -23.420138796180762 ], [ -46.075882479407852, -23.420134739979016 ], [ -46.075880232107835, -23.420130668524632 ], [ -46.075877984807974, -23.420126597070201 ], [ -46.075875737508248, -23.420122525615731 ], [ -46.075871309021068, -23.42012255612055 ], [ -46.075866830950197, -23.420116456564834 ], [ -46.075862369407574, -23.420112400362438 ], [ -46.075862336351932, -23.420108313655501 ], [ -46.075857891337463, -23.420106300806442 ], [ -46.07585344632313, -23.420104287957244 ], [ -46.075853413267772, -23.420100201250282 ], [ -46.075851165969269, -23.4200961297954 ], [ -46.075851132913996, -23.420092043088431 ], [ -46.075848885615706, -23.420087971633507 ], [ -46.075846621789999, -23.42008185682505 ], [ -46.075844357964513, -23.420075742016561 ], [ -46.07584432490949, -23.42007165530956 ], [ -46.075844291854466, -23.420067568602569 ], [ -46.075844258799449, -23.420063481895568 ], [ -46.075844225744447, -23.42005939518857 ], [ -46.07584197844696, -23.420055323733504 ], [ -46.075841945392035, -23.420051237026506 ], [ -46.075837483852403, -23.420047180823257 ], [ -46.075837450797643, -23.420043094116242 ], [ -46.075835203500652, -23.420039022661051 ], [ -46.07583075848892, -23.4200370098111 ], [ -46.075830725434365, -23.42003292310407 ], [ -46.075826280422909, -23.420030910253974 ], [ -46.075826247368504, -23.420026823546934 ], [ -46.075824000072153, -23.420022752091558 ], [ -46.07582396701784, -23.420018665384514 ], [ -46.075819538534041, -23.420018695887734 ], [ -46.075819505479863, -23.420014609180672 ], [ -46.075817258183939, -23.420010537725172 ], [ -46.075812813173428, -23.42000852487466 ], [ -46.075808384689957, -23.420008555377553 ], [ -46.075803956206478, -23.420008585880318 ], [ -46.075799511196216, -23.420006573029415 ], [ -46.075796822913652, -23.420006591545793 ], [ -46.075795082712787, -23.420006603531938 ], [ -46.075790637702724, -23.420004590680772 ], [ -46.075788390407844, -23.420000519224807 ], [ -46.075783961924607, -23.420000549727 ], [ -46.075779483861979, -23.419994450168396 ], [ -46.075775038852541, -23.419992437316761 ], [ -46.075775005799784, -23.419988350609628 ], [ -46.075772758505657, -23.419984279153404 ], [ -46.075770511211687, -23.419980207697144 ], [ -46.075770478159079, -23.41997612099 ], [ -46.075766016624158, -23.419972064784506 ], [ -46.075765983571699, -23.419967978077349 ], [ -46.075763736278226, -23.419963906620975 ], [ -46.075763703225853, -23.419959819913807 ], [ -46.075763670173487, -23.419955733206649 ], [ -46.075761422880298, -23.419951661750211 ], [ -46.075761389828024, -23.419947575043047 ], [ -46.075763554490258, -23.419941429731562 ], [ -46.07576794991909, -23.419937312522862 ], [ -46.075768978650117, -23.419936348907996 ], [ -46.075772345347652, -23.419933195314037 ], [ -46.075774510009182, -23.419927050002421 ], [ -46.075781136203958, -23.419924960896047 ], [ -46.075785548158194, -23.41992288704045 ], [ -46.075785515105217, -23.419918800333296 ], [ -46.075789943585725, -23.419918769831167 ], [ -46.075794372066241, -23.419918739328907 ], [ -46.075794339012994, -23.419914652621756 ], [ -46.075794305959761, -23.419910565914616 ], [ -46.075794272906528, -23.419906479207469 ], [ -46.075794239853309, -23.419902392500322 ], [ -46.075791992560177, -23.419898321044307 ], [ -46.075791959507043, -23.419894234337146 ], [ -46.075787514500846, -23.419892221485728 ], [ -46.075787481447854, -23.41988813477856 ], [ -46.075783019915505, -23.419884078573407 ], [ -46.075780772623048, -23.419880007117207 ], [ -46.07577632761749, -23.419877994265434 ], [ -46.075771882612074, -23.419875981413533 ], [ -46.075767421080606, -23.419871925207904 ], [ -46.075762976075509, -23.41986991235574 ], [ -46.075758531070548, -23.419867899503441 ], [ -46.075754086065714, -23.41986588665101 ], [ -46.075749641061009, -23.419863873798445 ], [ -46.07574521258227, -23.419863904299376 ], [ -46.075740767577756, -23.419861891446558 ], [ -46.075736339099059, -23.419861921947227 ], [ -46.075731894094737, -23.419859909094146 ], [ -46.075727432565003, -23.419855852887295 ], [ -46.075722987561008, -23.419853840033952 ], [ -46.07572074027091, -23.419849768576775 ], [ -46.07571849298094, -23.419845697119548 ], [ -46.075714064502748, -23.419845727619567 ], [ -46.075711817213062, -23.419841656162237 ], [ -46.075709569923518, -23.419837584704869 ], [ -46.075705141445589, -23.419837615204624 ], [ -46.075700696442524, -23.419835602350606 ], [ -46.075694020675677, -23.419831561392488 ], [ -46.075691773386843, -23.419827489934832 ], [ -46.075689526098159, -23.419823418477144 ], [ -46.075685081095799, -23.419821405622642 ], [ -46.075678438379654, -23.419821451371167 ], [ -46.075673993377514, -23.419819438516338 ], [ -46.075667334136853, -23.419817440910702 ], [ -46.075662905659527, -23.419817471409239 ], [ -46.075658477182202, -23.419817501907644 ], [ -46.075654048704862, -23.419817532405929 ], [ -46.075649620227523, -23.419817562904086 ], [ -46.075645191750169, -23.419817593402119 ], [ -46.075642544088375, -23.419816394446112 ], [ -46.075641329682043, -23.419815844519448 ], [ -46.075640746748626, -23.419815580546317 ], [ -46.075636318271329, -23.4198156110441 ], [ -46.075631889794025, -23.419815641541753 ], [ -46.07562744479273, -23.419813628685574 ], [ -46.075623016315483, -23.419813659182974 ], [ -46.075618587838221, -23.419813689680243 ], [ -46.075614126313411, -23.419809633469953 ], [ -46.075609697836271, -23.419809663966966 ], [ -46.075605269359123, -23.419809694463858 ], [ -46.075600824358403, -23.419807681606894 ], [ -46.075596395881313, -23.419807712103534 ], [ -46.075589769689053, -23.419809801201993 ], [ -46.075585341211863, -23.419809831698316 ], [ -46.075576517303872, -23.419813979398086 ], [ -46.075567676872247, -23.419816083743619 ], [ -46.075561067202031, -23.419820216194644 ], [ -46.075556671770251, -23.419824333397685 ], [ -46.075552243292549, -23.419824363893095 ], [ -46.07555229286104, -23.419830493954361 ], [ -46.075550111667688, -23.419834595909531 ], [ -46.075550144713297, -23.419838682617048 ], [ -46.075550177758927, -23.419842769324561 ], [ -46.075550227327369, -23.419848899385823 ], [ -46.075550276895832, -23.419855029447078 ], [ -46.075550309941484, -23.419859116154576 ], [ -46.075550342987142, -23.419863202862079 ], [ -46.075550376032815, -23.419867289569577 ], [ -46.075550409078488, -23.419871376277072 ], [ -46.075550442124168, -23.419875462984567 ], [ -46.075550475169862, -23.419879549692062 ], [ -46.075550524738411, -23.419885679753286 ], [ -46.075550557784119, -23.419889766460773 ], [ -46.075550590829835, -23.419893853168258 ], [ -46.075550623875557, -23.419897939875735 ], [ -46.07555065692128, -23.41990202658322 ], [ -46.075550689967024, -23.419906113290697 ], [ -46.075550723012768, -23.419910199998174 ], [ -46.075546344100616, -23.419916360554726 ], [ -46.075544162905778, -23.419920462509833 ], [ -46.075541998233568, -23.419926607818653 ], [ -46.075537602797809, -23.419930725021249 ], [ -46.075535421602481, -23.419934826976245 ], [ -46.075531009643647, -23.419936900824929 ], [ -46.075526614207206, -23.419941018027238 ], [ -46.075526647252268, -23.419945104734719 ], [ -46.075522218770487, -23.419945135229419 ], [ -46.075522268337892, -23.419951265290663 ], [ -46.075517839855898, -23.41995129578525 ], [ -46.075513427896247, -23.419953369633461 ], [ -46.075513460940918, -23.419957456340967 ], [ -46.075509048980983, -23.419959530189054 ], [ -46.075504637020906, -23.419961604037031 ], [ -46.075502455824079, -23.419965705991611 ], [ -46.075498027341581, -23.419965736485654 ], [ -46.075493631903164, -23.419969853687086 ], [ -46.07548920342051, -23.419969884180883 ], [ -46.075484774937856, -23.419969914674557 ], [ -46.075480362977039, -23.419971988521862 ], [ -46.075473736774661, -23.419974077615731 ], [ -46.075471555576677, -23.419978179569906 ], [ -46.075467127093717, -23.419978210063093 ], [ -46.075462748175489, -23.419984370617481 ], [ -46.075458336213828, -23.4199864444642 ], [ -46.075453940773471, -23.41999056166458 ], [ -46.075449528811461, -23.419992635511061 ], [ -46.075445133370629, -23.41999675271121 ], [ -46.075440721408263, -23.419998826557443 ], [ -46.075440754450781, -23.420002913265023 ], [ -46.075438573251326, -23.420007015218779 ], [ -46.075436392051728, -23.420011117172507 ], [ -46.075431996609893, -23.420015234372318 ], [ -46.075429815409969, -23.420019336325968 ], [ -46.075425403446616, -23.420021410171813 ], [ -46.075421008004099, -23.420025527371322 ], [ -46.075416596040391, -23.420027601216919 ], [ -46.075414414839805, -23.420031703170373 ], [ -46.075414447881563, -23.420035789877964 ], [ -46.0754100193966, -23.420035820369598 ], [ -46.07541005243823, -23.420039907077204 ], [ -46.075405640473875, -23.420041980922509 ], [ -46.075401228509378, -23.420044054767708 ], [ -46.075396816544739, -23.420046128612782 ], [ -46.075392421100517, -23.420050245811534 ], [ -46.07538800913553, -23.420052319656378 ], [ -46.075383613690825, -23.420056436854892 ], [ -46.075379218245843, -23.420060554053304 ], [ -46.07537703704358, -23.420064656006286 ], [ -46.07537485584119, -23.420068757959235 ], [ -46.075370427355082, -23.420068788449782 ], [ -46.075368246152415, -23.420072890402651 ], [ -46.075368279192816, -23.420076977110277 ], [ -46.075366097989964, -23.420081079063113 ], [ -46.075363916786984, -23.420085181015921 ], [ -46.07536394982727, -23.420089267723554 ], [ -46.075359537860535, -23.420091341567641 ], [ -46.075357373177241, -23.420097486874187 ], [ -46.075355191973735, -23.420101588826888 ], [ -46.075353010770094, -23.420105690779558 ], [ -46.075350829566332, -23.420109792732205 ], [ -46.075348648362429, -23.420113894684814 ], [ -46.075346467158404, -23.420117996637401 ], [ -46.075342038670613, -23.420118027127206 ], [ -46.075339857466311, -23.420122129079711 ], [ -46.07533542897837, -23.420122159569335 ], [ -46.075333247773798, -23.420126261521752 ], [ -46.075328819285708, -23.420126292011201 ], [ -46.07532440731719, -23.42012836585435 ], [ -46.075319995348515, -23.420130439697378 ], [ -46.075315583379705, -23.420132513540285 ], [ -46.075313402174359, -23.420136615492449 ], [ -46.075308973685893, -23.420136645981344 ], [ -46.075304561716699, -23.420138719823953 ], [ -46.075304594755252, -23.420142806531629 ], [ -46.075304627793805, -23.420146893239313 ], [ -46.075298001579753, -23.420148982326094 ], [ -46.075295820373611, -23.420153084278038 ], [ -46.075293639167327, -23.420157186229954 ], [ -46.075293672205575, -23.420161272937644 ], [ -46.07529370524383, -23.420165359645331 ], [ -46.075293736797533, -23.420169262720076 ], [ -46.075293738282085, -23.420169446353004 ], [ -46.075293771320354, -23.420173533060691 ], [ -46.0752915901137, -23.420177635012578 ], [ -46.075287178142879, -23.420179708854754 ], [ -46.075287211180964, -23.420183795562441 ], [ -46.075282782690884, -23.420183826050646 ], [ -46.075278354200805, -23.420183856538728 ], [ -46.075278387238626, -23.420187943246422 ], [ -46.075269563295727, -23.42019209092993 ], [ -46.075265151324061, -23.420194164771498 ], [ -46.075260755870907, -23.420198281966798 ], [ -46.075256327380309, -23.420198312454275 ], [ -46.075251915408224, -23.420200386295488 ], [ -46.075247486917554, -23.420200416782716 ], [ -46.075243058426871, -23.420200447269817 ], [ -46.075236415690824, -23.420200493000237 ], [ -46.075231970681919, -23.420198480133141 ], [ -46.07522531142785, -23.420196482509208 ], [ -46.075220866419237, -23.420194469641789 ], [ -46.075216437928709, -23.42019450012813 ], [ -46.075212009438175, -23.420194530614346 ], [ -46.075209762157193, -23.420190459149623 ], [ -46.075205317148992, -23.420188446281742 ], [ -46.075200872140925, -23.420186433413736 ], [ -46.07519862486042, -23.420182361948825 ], [ -46.075194196370262, -23.420182392434523 ], [ -46.075189751362565, -23.420180379566183 ], [ -46.075189718327479, -23.420176292858358 ], [ -46.075185289837513, -23.420176323343792 ], [ -46.07518086134754, -23.420176353829106 ], [ -46.075179528540737, -23.420175142099616 ], [ -46.075176399822894, -23.420172297606445 ], [ -46.075171971333049, -23.420172328091496 ], [ -46.075165312081097, -23.420170330464909 ], [ -46.075160883591295, -23.420170360949644 ], [ -46.075156455101485, -23.420170391434254 ], [ -46.075152026611669, -23.420170421918737 ], [ -46.075147598121845, -23.420170452403092 ], [ -46.075143169632014, -23.420170482887329 ], [ -46.075138757658927, -23.420172556725383 ], [ -46.075134345685704, -23.420174630563316 ], [ -46.07512991719571, -23.420174661047177 ], [ -46.075127735983884, -23.420178762996962 ], [ -46.075127769017072, -23.420182849704865 ], [ -46.075127802050261, -23.420186936412765 ], [ -46.075125620838186, -23.420191038362525 ], [ -46.075125653871318, -23.420195125070428 ], [ -46.075125686904464, -23.420199211778318 ], [ -46.075121274930154, -23.420201285615914 ], [ -46.075121307963173, -23.420205372323814 ], [ -46.075119126750614, -23.420209474273495 ], [ -46.075119159783583, -23.420213560981388 ], [ -46.075114731292274, -23.420213591464865 ], [ -46.075114764325114, -23.420217678172769 ], [ -46.075112583112166, -23.420221780122372 ], [ -46.075112616144949, -23.420225866830265 ], [ -46.075110434931815, -23.420229968779832 ], [ -46.075110467964542, -23.420234055487725 ], [ -46.075110500997283, -23.420238142195625 ], [ -46.075110534030024, -23.420242228903518 ], [ -46.075110567062787, -23.420246315611411 ], [ -46.07511499555519, -23.420246285128016 ], [ -46.075117242834352, -23.420250356594142 ], [ -46.07511950663018, -23.420256471414167 ], [ -46.075121770426229, -23.420262586234159 ], [ -46.075124017705896, -23.420266657700164 ], [ -46.075126264985698, -23.420270729166134 ], [ -46.075126298018986, -23.420274815873992 ], [ -46.075126331052275, -23.420278902581838 ], [ -46.075126364085577, -23.420282989289696 ], [ -46.075126397118879, -23.420287075997535 ], [ -46.075126430152189, -23.420291162705382 ], [ -46.075126463185505, -23.420295249413222 ], [ -46.075126496218836, -23.420299336121076 ], [ -46.075124315005027, -23.420303438070821 ], [ -46.075122133791091, -23.420307540020552 ], [ -46.075119952577019, -23.420311641970244 ], [ -46.075119985610172, -23.420315728678091 ], [ -46.075120018643332, -23.420319815385923 ], [ -46.0751200516765, -23.420323902093774 ], [ -46.075120084709681, -23.420327988801606 ], [ -46.075120117742863, -23.420332075509442 ], [ -46.075120150776051, -23.420336162217275 ], [ -46.075120183809247, -23.420340248925093 ], [ -46.07512021684245, -23.420344335632922 ], [ -46.075122464123567, -23.420348407098864 ], [ -46.075124711404811, -23.420352478564762 ], [ -46.075126958686198, -23.420356550030629 ], [ -46.075126991719642, -23.420360636738433 ], [ -46.075129239001249, -23.420364708204257 ], [ -46.075131486282999, -23.420368779670024 ], [ -46.075131519316599, -23.420372866377821 ], [ -46.075133766598569, -23.420376937843553 ], [ -46.075136013880673, -23.420381009309249 ], [ -46.07513604691443, -23.420385096017032 ], [ -46.075138294196755, -23.420389167482682 ], [ -46.075138327230597, -23.420393254190461 ], [ -46.07513836026444, -23.420397340898234 ], [ -46.075142805278823, -23.420399353767742 ], [ -46.075142838312821, -23.420403440475507 ], [ -46.075145085595686, -23.420407511941026 ], [ -46.075145118629763, -23.420411598648787 ], [ -46.075145168180889, -23.420417728710422 ], [ -46.075145201214987, -23.420421815418177 ], [ -46.075145234249092, -23.420425902125917 ], [ -46.075145267283197, -23.420429988833668 ], [ -46.075145300317317, -23.420434075541415 ], [ -46.075145333351443, -23.420438162249162 ], [ -46.075144219089786, -23.42044025770744 ], [ -46.075143152136135, -23.420442264199171 ], [ -46.07513875667118, -23.420446381391358 ], [ -46.075134328172155, -23.420446411875677 ], [ -46.075129899673115, -23.420446442359875 ], [ -46.075125471174069, -23.420446472843945 ], [ -46.075121042675022, -23.420446503327881 ], [ -46.075116614175961, -23.420446533811702 ], [ -46.075112169160327, -23.420444520941505 ], [ -46.075107740661323, -23.420444551425067 ], [ -46.075103312162312, -23.420444581908509 ], [ -46.075098867146934, -23.420442569037917 ], [ -46.075094438647973, -23.420442599521103 ], [ -46.075090010148998, -23.42044263000416 ], [ -46.075085565133875, -23.420440617133181 ], [ -46.075081120118881, -23.42043860426207 ], [ -46.075076675104022, -23.420436591390828 ], [ -46.075070032355818, -23.420436637114598 ], [ -46.075065603857013, -23.420436667596963 ], [ -46.075061175358208, -23.420436698079197 ], [ -46.075056803788783, -23.420434718466112 ], [ -46.075056730343682, -23.420434685207368 ], [ -46.075056323161213, -23.420434688010072 ], [ -46.07505230184492, -23.420434715689353 ], [ -46.07505178058382, -23.420434400159415 ], [ -46.075045626065709, -23.420430674704207 ], [ -46.07504119756706, -23.420430705185868 ], [ -46.075036752553025, -23.42042869231345 ], [ -46.075034505273024, -23.42042462084628 ], [ -46.075030060259287, -23.420422607973666 ], [ -46.075027796464354, -23.420416493152416 ], [ -46.075023351450987, -23.420414480279597 ], [ -46.075018906437748, -23.420412467406642 ], [ -46.07501446142463, -23.42041045453356 ], [ -46.075014428394574, -23.42040636782562 ], [ -46.075009983381733, -23.420404354952396 ], [ -46.07500995035182, -23.42040026824445 ], [ -46.07500770307314, -23.420396196776828 ], [ -46.075007670043313, -23.420392110068878 ], [ -46.075007637013485, -23.420388023360928 ], [ -46.075005389735097, -23.420383951893243 ], [ -46.074998713959843, -23.420379910905925 ], [ -46.074998680930314, -23.420375824197947 ], [ -46.074994235918737, -23.420373811324222 ], [ -46.07498977439267, -23.420369755096363 ], [ -46.074987527115148, -23.420365683628397 ], [ -46.074983098618581, -23.420365714108328 ], [ -46.074978653607566, -23.420363701234141 ], [ -46.074978620578676, -23.420359614526124 ], [ -46.074974192082308, -23.420359645005799 ], [ -46.074969730557314, -23.420355588777326 ], [ -46.074965269032596, -23.420351532548711 ], [ -46.074960824022313, -23.420349519673977 ], [ -46.074958576746035, -23.420345448205534 ], [ -46.074954131736042, -23.420343435330597 ], [ -46.074949686726185, -23.420341422455529 ], [ -46.074945241716463, -23.420339409580336 ], [ -46.074940780193032, -23.420335353350961 ], [ -46.074936351697403, -23.420335383829531 ], [ -46.074931906688064, -23.420333370953941 ], [ -46.0749274781925, -23.420333401432259 ], [ -46.074920835449134, -23.420333447149499 ], [ -46.074916406953541, -23.420333477627501 ], [ -46.074911978457948, -23.420333508105379 ], [ -46.07490533571454, -23.420333553821955 ], [ -46.074894280988623, -23.420335673369699 ], [ -46.074887654758093, -23.420337762439608 ], [ -46.074881028527344, -23.420339851509233 ], [ -46.074874385783552, -23.420339897224512 ], [ -46.074867759552468, -23.420341986293582 ], [ -46.074863347569178, -23.420344060124176 ], [ -46.074858952098339, -23.420348177308739 ], [ -46.074854540114693, -23.420350251139098 ], [ -46.074854573139753, -23.420354337847282 ], [ -46.07485460616482, -23.420358424555456 ], [ -46.074852424941575, -23.42036252650173 ], [ -46.074852457966593, -23.420366613209907 ], [ -46.07485249099161, -23.420370699918074 ], [ -46.074852524016642, -23.420374786626244 ], [ -46.074854771290269, -23.420378858096299 ], [ -46.074859232812706, -23.420382914328155 ], [ -46.074863661310026, -23.420382883851708 ], [ -46.07486369433542, -23.420386970559857 ], [ -46.074868139345632, -23.420388983437359 ], [ -46.074872600868815, -23.420393039668788 ], [ -46.074877078905182, -23.420399139254137 ], [ -46.074881507403013, -23.420399108777168 ], [ -46.074881540428976, -23.420403195485292 ], [ -46.074885968926935, -23.420403165008185 ], [ -46.074888216202091, -23.420407236477701 ], [ -46.074890463477388, -23.420411307947163 ], [ -46.074894908488801, -23.420413320823847 ], [ -46.074894941515197, -23.420417407531939 ], [ -46.074897188790885, -23.420421479001295 ], [ -46.074899452579984, -23.420427593824645 ], [ -46.074899485606544, -23.42043168053273 ], [ -46.074899518633117, -23.4204357672408 ], [ -46.074899551659698, -23.420439853948874 ], [ -46.074899584686285, -23.420443940656948 ], [ -46.074899617712866, -23.420448027365016 ], [ -46.074899650739468, -23.420452114073086 ], [ -46.074899683766084, -23.420456200781146 ], [ -46.07489525526637, -23.420456231258697 ], [ -46.074893074042933, -23.420460333205497 ], [ -46.074888678569359, -23.420464450390948 ], [ -46.074884266582437, -23.420466524222238 ], [ -46.074882101871538, -23.420472669522944 ], [ -46.074875459121117, -23.420472715238507 ], [ -46.07487329440972, -23.420478860539102 ], [ -46.074868865909224, -23.420478891015936 ], [ -46.074864437408714, -23.420478921492645 ], [ -46.074860008908203, -23.42047895196923 ], [ -46.074855563895035, -23.420476939091632 ], [ -46.074853316619588, -23.420472867621687 ], [ -46.074848871606726, -23.42047085474389 ], [ -46.074846624331592, -23.420466783273838 ], [ -46.0748443770566, -23.420462711803758 ], [ -46.07484212978175, -23.420458640333624 ], [ -46.07484209675691, -23.420454553625493 ], [ -46.074837635232477, -23.420450497393261 ], [ -46.074837602207779, -23.420446410685109 ], [ -46.074837569183096, -23.420442323976957 ], [ -46.074833124171491, -23.420440311098648 ], [ -46.074833091146957, -23.420436224390482 ], [ -46.074828646135622, -23.420434211512038 ], [ -46.074821986874909, -23.42043221387117 ], [ -46.074817541863858, -23.420430200992396 ], [ -46.074813096852949, -23.420428188113494 ], [ -46.074808668354052, -23.420428218588562 ], [ -46.074804223343328, -23.420426205709401 ], [ -46.074799794844488, -23.420426236184209 ], [ -46.074793152096198, -23.420426281896194 ], [ -46.074788723597329, -23.42042631237069 ], [ -46.074784295098461, -23.420426342845062 ], [ -46.074775438100701, -23.420426403793432 ], [ -46.074771026113105, -23.420428477621545 ], [ -46.074766597614136, -23.420428508095416 ], [ -46.074764416387069, -23.420432610040564 ], [ -46.074760004399089, -23.42043468386839 ], [ -46.074760037421377, -23.420438770576652 ], [ -46.074755625433127, -23.420440844404361 ], [ -46.074753444205527, -23.420444946349367 ], [ -46.074749015705983, -23.420444976822765 ], [ -46.074749048727952, -23.420449063531034 ], [ -46.074744620228259, -23.420449094004304 ], [ -46.074740191728566, -23.420449124477457 ], [ -46.074740224750272, -23.420453211185741 ], [ -46.074740257771985, -23.420457297894007 ], [ -46.074740290793699, -23.420461384602291 ], [ -46.074740323815426, -23.42046547131056 ], [ -46.074740356837161, -23.420469558018834 ], [ -46.074740389858903, -23.420473644727107 ], [ -46.074740422880645, -23.42047773143538 ], [ -46.074742670152794, -23.420481802907059 ], [ -46.074742703174621, -23.420485889615314 ], [ -46.074744950446991, -23.420489961086954 ], [ -46.074744983468911, -23.420494047795206 ], [ -46.074742802240159, -23.420498149740084 ], [ -46.074738390249699, -23.42050022356737 ], [ -46.074733961748294, -23.420500254040409 ], [ -46.074727352017554, -23.420504386457996 ], [ -46.074722923515992, -23.420504416930726 ], [ -46.074718495014423, -23.420504447403324 ], [ -46.074714066512854, -23.420504477875799 ], [ -46.074709638011271, -23.420504508348149 ], [ -46.074705209509673, -23.420504538820378 ], [ -46.074700764497791, -23.420502525938325 ], [ -46.074696335996258, -23.420502556410302 ], [ -46.074689709754054, -23.420504645472182 ], [ -46.074685297762478, -23.420506719298 ], [ -46.074680869260781, -23.420506749769537 ], [ -46.074676457268993, -23.420508823595121 ], [ -46.074672012257359, -23.420506810712237 ], [ -46.074671979237664, -23.420502724003896 ], [ -46.074671946217983, -23.420498637295548 ], [ -46.074671913198301, -23.420494550587193 ], [ -46.074671880178634, -23.420490463878842 ], [ -46.074671847158967, -23.420486377170487 ], [ -46.074667451677456, -23.420490494349984 ], [ -46.074660825435338, -23.420492583410631 ], [ -46.074654215702566, -23.420496715825202 ], [ -46.074645408228044, -23.420502906828943 ], [ -46.074638798494263, -23.420507039242885 ], [ -46.074634403011025, -23.420511156421501 ], [ -46.074629991018313, -23.420513230245799 ], [ -46.074627826294844, -23.420519375543392 ], [ -46.074625645062035, -23.420523477486768 ], [ -46.074625694589493, -23.420529607549369 ], [ -46.07462572760781, -23.420533694257767 ], [ -46.074625760626134, -23.420537780966157 ], [ -46.074621348632405, -23.420539854790238 ], [ -46.074616936638535, -23.420541928614199 ], [ -46.074614755405044, -23.420546030557436 ], [ -46.074610343410868, -23.420548104381222 ], [ -46.074603717164912, -23.420550193439578 ], [ -46.074599305170416, -23.420552267263069 ], [ -46.074594893175778, -23.420554341086433 ], [ -46.074590481180998, -23.420556414909683 ], [ -46.074586085694641, -23.420560532087027 ], [ -46.074586118711785, -23.420564618795456 ], [ -46.074581690208014, -23.420564649264254 ], [ -46.07458172322503, -23.42056873597269 ], [ -46.074586168237516, -23.42057074885809 ], [ -46.074590629758781, -23.420574805097576 ], [ -46.074590662776089, -23.420578891805992 ], [ -46.074595124297772, -23.420582948045336 ], [ -46.074599552802134, -23.42058291757613 ], [ -46.074604014324215, -23.420586973815201 ], [ -46.074608442828705, -23.42058694334575 ], [ -46.074615102094448, -23.420588940995511 ], [ -46.074621744851243, -23.420588895290805 ], [ -46.074626173355767, -23.420588864820846 ], [ -46.074630601860278, -23.42058883435076 ], [ -46.074635030364782, -23.420588803880545 ], [ -46.074639458869278, -23.420588773410209 ], [ -46.074643887373767, -23.420588742939746 ], [ -46.074648315878257, -23.420588712469154 ], [ -46.074652744382732, -23.420588681998435 ], [ -46.074657172887193, -23.420588651527599 ], [ -46.074661584881909, -23.420586577702476 ], [ -46.074666013386292, -23.42058654723138 ], [ -46.074670441890667, -23.420586516760167 ], [ -46.074674870395036, -23.420586486288826 ], [ -46.074679282389376, -23.420584412463217 ], [ -46.074683710893666, -23.420584381991638 ], [ -46.074688122887785, -23.42058230816577 ], [ -46.074694765644097, -23.42058226245797 ], [ -46.074701391890017, -23.420580173395763 ], [ -46.07470578737329, -23.420576056215289 ], [ -46.074707968604372, -23.42057195427088 ], [ -46.0747123971082, -23.420571923798498 ], [ -46.074716825612022, -23.420571893325985 ], [ -46.074723435346371, -23.420567760908749 ], [ -46.074730061591083, -23.420565671845353 ], [ -46.07473449009467, -23.420565641372349 ], [ -46.074738902087333, -23.420563567545106 ], [ -46.074743314079846, -23.420561493717738 ], [ -46.074747742583284, -23.420561463244365 ], [ -46.074749989857175, -23.420565534715841 ], [ -46.074754434871892, -23.420567547596374 ], [ -46.074754467894223, -23.420571634304569 ], [ -46.074756731679699, -23.420577749130018 ], [ -46.074759011976653, -23.420585907309526 ], [ -46.074759044999155, -23.42058999401771 ], [ -46.074756863769409, -23.42059409596278 ], [ -46.074754682539535, -23.420598197907808 ], [ -46.074752501309526, -23.42060229985282 ], [ -46.074750320079396, -23.420606401797809 ], [ -46.074748138849131, -23.420610503742761 ], [ -46.074743726855097, -23.420612577570303 ], [ -46.074741562135529, -23.420618722869278 ], [ -46.074737166652064, -23.420622840050743 ], [ -46.074732771168321, -23.420626957232084 ], [ -46.074732804190077, -23.420631043940283 ], [ -46.07473283721184, -23.420635130648481 ], [ -46.074732870233611, -23.420639217356676 ], [ -46.074730689002308, -23.420643319301412 ], [ -46.074728507770864, -23.420647421246116 ], [ -46.074726326539292, -23.420651523190795 ], [ -46.074721914543566, -23.420653597017775 ], [ -46.074719733311696, -23.420657698962369 ], [ -46.07471755207969, -23.420661800906935 ], [ -46.074713140083482, -23.420663874733677 ], [ -46.074710975361754, -23.420670020032265 ], [ -46.074711008382913, -23.420674106740474 ], [ -46.074715436890131, -23.420674076267876 ], [ -46.074715469911432, -23.420678162976074 ], [ -46.074719898418792, -23.420678132503344 ], [ -46.074724326926138, -23.420678102030486 ], [ -46.074728755433483, -23.420678071557514 ], [ -46.074733183940815, -23.420678041084404 ], [ -46.074742040955456, -23.420677980137825 ], [ -46.074746469462767, -23.420677949664338 ], [ -46.074753112223725, -23.42067790395388 ], [ -46.074759754984655, -23.420677858243138 ], [ -46.074764166980536, -23.420675784415092 ], [ -46.074766348211284, -23.420671682469926 ], [ -46.074770776718353, -23.420671651995757 ], [ -46.074775188713843, -23.420669578167416 ], [ -46.074779600709199, -23.42066750433894 ], [ -46.074783996192721, -23.420663387156296 ], [ -46.074790622441071, -23.42066129809022 ], [ -46.074795050947756, -23.420661267615376 ], [ -46.074799462942501, -23.420659193786371 ], [ -46.074801644171892, -23.42065509184075 ], [ -46.074808270419524, -23.420653002773953 ], [ -46.074812682413786, -23.420650928944585 ], [ -46.074812649389543, -23.420646842236504 ], [ -46.074819275636578, -23.420644753169253 ], [ -46.074821440352871, -23.420638607869346 ], [ -46.074825868858753, -23.42063857739366 ], [ -46.074830264339866, -23.420634460209783 ], [ -46.074830231315111, -23.420630373501719 ], [ -46.074832412543103, -23.420626271555708 ], [ -46.074834593770952, -23.420622169609683 ], [ -46.074834544233653, -23.420616039547575 ], [ -46.074834494696368, -23.420609909485474 ], [ -46.074834461671522, -23.420605822777397 ], [ -46.074834428646675, -23.420601736069322 ], [ -46.074834395621842, -23.420597649361241 ], [ -46.074834362597016, -23.42059356265317 ], [ -46.074834329572205, -23.420589475945089 ], [ -46.074832082295345, -23.420585404474949 ], [ -46.074832049270611, -23.420581317766864 ], [ -46.074832016245885, -23.420577231058768 ], [ -46.074831983221166, -23.420573144350673 ], [ -46.074831950196454, -23.420569057642584 ], [ -46.07483191717175, -23.420564970934493 ], [ -46.074831884147052, -23.420560884226393 ], [ -46.074834065373935, -23.420556782280361 ], [ -46.074838477364636, -23.420554708450378 ], [ -46.074838444339754, -23.420550621742279 ], [ -46.074842856330179, -23.420548547912173 ], [ -46.074847268320461, -23.420546474081949 ], [ -46.074847235295323, -23.420542387373853 ], [ -46.074851663797965, -23.42054235689756 ], [ -46.074856059275199, -23.420538239713061 ], [ -46.074860487777684, -23.420538209236526 ], [ -46.074864916280177, -23.420538178759852 ], [ -46.074869361295555, -23.420540191637084 ], [ -46.074869394321375, -23.420544278345144 ], [ -46.074869427347195, -23.420548365053204 ], [ -46.074871674624497, -23.420552436522804 ], [ -46.074871707650402, -23.42055652323085 ], [ -46.074871740676315, -23.42056060993891 ], [ -46.074871773702242, -23.420564696646949 ], [ -46.074871823241139, -23.42057082670901 ], [ -46.074871856267073, -23.420574913417049 ], [ -46.074871889293021, -23.420579000125091 ], [ -46.074871922318977, -23.420583086833123 ], [ -46.074871955344932, -23.420587173541158 ], [ -46.074874202623029, -23.42059124501068 ], [ -46.074878664153438, -23.420595301241583 ], [ -46.074878713692719, -23.420601431303599 ], [ -46.074883142197287, -23.420601400826342 ], [ -46.074883175223619, -23.420605487534349 ], [ -46.074887603728314, -23.420605457056951 ], [ -46.074892032232995, -23.420605426579431 ], [ -46.074892065259618, -23.420609513287427 ], [ -46.074895253777775, -23.420610957171927 ], [ -46.074896510277803, -23.420611526163768 ], [ -46.074898757557072, -23.420615597632882 ], [ -46.074901004836484, -23.420619669101949 ], [ -46.074901037863398, -23.420623755809924 ], [ -46.074901070890313, -23.420627842517895 ], [ -46.07490112043071, -23.420633972579854 ], [ -46.074901153457645, -23.420638059287825 ], [ -46.074901186484595, -23.420642145995785 ], [ -46.07489677449211, -23.420644219827597 ], [ -46.074892362499483, -23.420646293659285 ], [ -46.074890181273091, -23.420650395606064 ], [ -46.074889901213417, -23.420650397533478 ], [ -46.074885752766903, -23.420650426083583 ], [ -46.074881340773885, -23.420652499914979 ], [ -46.074876912267619, -23.420652530392246 ], [ -46.074872483761339, -23.420652560869399 ], [ -46.074868071768037, -23.420654634700419 ], [ -46.074863659774593, -23.420656708531336 ], [ -46.074859231268157, -23.420656739008106 ], [ -46.074854835787271, -23.420660856192779 ], [ -46.0748504237934, -23.420662930023319 ], [ -46.074846028312031, -23.420667047207758 ], [ -46.074839385551819, -23.420667092922145 ], [ -46.074834990069967, -23.420671210106295 ], [ -46.074830594587837, -23.420675327290322 ], [ -46.074830627612677, -23.420679413998364 ], [ -46.074830660637524, -23.420683500706396 ], [ -46.074830693662371, -23.420687587414424 ], [ -46.074830726687239, -23.420691674122462 ], [ -46.07483517170737, -23.420693687000465 ], [ -46.074837435498836, -23.420699801824441 ], [ -46.074841897031959, -23.420703858056246 ], [ -46.074841930057197, -23.420707944764256 ], [ -46.074846358565352, -23.42070791428791 ], [ -46.074850803586266, -23.420709927165422 ], [ -46.074855232094478, -23.42070989668882 ], [ -46.07486192439557, -23.420715981035652 ], [ -46.074866369416974, -23.42071799391271 ], [ -46.074870797925435, -23.420717963435656 ], [ -46.074870830951575, -23.42072205014362 ], [ -46.074870863977722, -23.420726136851584 ], [ -46.074875342025891, -23.420732236436322 ], [ -46.074877589306723, -23.420736307905628 ], [ -46.074879836587698, -23.42074037937488 ], [ -46.074884281610174, -23.420742392251384 ], [ -46.074884314636769, -23.420746478959316 ], [ -46.074888759659522, -23.420748491835685 ], [ -46.074893204682404, -23.420750504711911 ], [ -46.074902111242139, -23.420756573817933 ], [ -46.074904963139751, -23.420759166635666 ], [ -46.074906572779135, -23.420760630047717 ], [ -46.07491101780267, -23.420762642923414 ], [ -46.074919924364018, -23.420768712028345 ], [ -46.074926616671029, -23.420774796372136 ], [ -46.07493325943642, -23.420774750653841 ], [ -46.074937737489101, -23.420780850236589 ], [ -46.074942182513766, -23.420782863111352 ], [ -46.074944429797533, -23.42078693457956 ], [ -46.074944462826039, -23.420791021287393 ], [ -46.074942298113328, -23.420797166588763 ], [ -46.074937886116494, -23.420799240421857 ], [ -46.074937919144823, -23.420803327129686 ], [ -46.074937952173158, -23.420807413837519 ], [ -46.074935770945771, -23.420811515784902 ], [ -46.074931358948362, -23.420813589617829 ], [ -46.074929194234706, -23.420819734919046 ], [ -46.074922567981005, -23.420821823991165 ], [ -46.074921307256908, -23.420822416586812 ], [ -46.074918155983035, -23.420823897823738 ], [ -46.07491372747112, -23.420823928302269 ], [ -46.074909315472937, -23.420826002134604 ], [ -46.07490488696093, -23.420826032612887 ], [ -46.074900458448923, -23.420826063091035 ], [ -46.07489795830309, -23.420826080297626 ], [ -46.074896029936909, -23.420826093569069 ], [ -46.074893493163245, -23.420825332593125 ], [ -46.074889370655427, -23.420824095931927 ], [ -46.074884925630094, -23.420822083055693 ], [ -46.07487828286223, -23.42082212877202 ], [ -46.074874515436932, -23.420822154699767 ], [ -46.074871640094351, -23.42082217448807 ], [ -46.074867211582415, -23.420822204965276 ], [ -46.074860552301516, -23.420820207326891 ], [ -46.074853909533694, -23.42082025304218 ], [ -46.074838393229385, -23.420818316356112 ], [ -46.074833964717534, -23.420818346832366 ], [ -46.074833940582828, -23.420815360275888 ], [ -46.074833931692375, -23.420814260124398 ], [ -46.074831684411436, -23.42081018865451 ], [ -46.074827239387375, -23.420808175776585 ], [ -46.074822794363442, -23.420806162898518 ], [ -46.074816135083942, -23.420804165258183 ], [ -46.074811690060301, -23.420802152379789 ], [ -46.074805047293275, -23.420802198092968 ], [ -46.074800618781907, -23.42080222856827 ], [ -46.074798371502183, -23.420798157097842 ], [ -46.074793942990944, -23.420798187572945 ], [ -46.074789514479704, -23.420798218047921 ], [ -46.074787267200385, -23.420794146577325 ], [ -46.074782838689259, -23.420794177052109 ], [ -46.074778410178133, -23.420794207526765 ], [ -46.074773965155359, -23.420792194647262 ], [ -46.074769536644283, -23.420792225121669 ], [ -46.074769503621148, -23.420788138413602 ], [ -46.074762844343262, -23.420786140770922 ], [ -46.074753970810143, -23.42078415836491 ], [ -46.074751723532152, -23.420780086893739 ], [ -46.07474727851023, -23.420778074013441 ], [ -46.074745031232546, -23.420774002542171 ], [ -46.074742783954996, -23.420769931070854 ], [ -46.074738338933543, -23.420767918190279 ], [ -46.074733893912224, -23.420765905309594 ], [ -46.07473386089022, -23.420761818601463 ], [ -46.074729432380096, -23.420761849074694 ], [ -46.074724987359104, -23.420759836193724 ], [ -46.074720558849037, -23.420759866666696 ], [ -46.074716130338963, -23.42075989713954 ], [ -46.074711701828882, -23.420759927612263 ], [ -46.074707273318786, -23.420759958084862 ], [ -46.074702828298165, -23.420757945203242 ], [ -46.074698399788133, -23.420757975675585 ], [ -46.074689542768034, -23.420758036619898 ], [ -46.074682900002941, -23.420758082327794 ], [ -46.074678471492874, -23.420758112799572 ], [ -46.074674042982792, -23.420758143271225 ], [ -46.074669597962703, -23.420756130388646 ], [ -46.074662938687752, -23.420754132741582 ], [ -46.074658510177784, -23.420754163212788 ], [ -46.074654065158043, -23.420752150329751 ], [ -46.074649603628728, -23.420748094092456 ], [ -46.074645175118938, -23.420748124563275 ], [ -46.074638515844725, -23.420746126915144 ], [ -46.074634087334985, -23.420746157385643 ], [ -46.074627444570368, -23.42074620309117 ], [ -46.074620801805729, -23.420746248796405 ], [ -46.074611944786184, -23.420746309736288 ], [ -46.074603071257634, -23.420744327321504 ], [ -46.074591999983298, -23.420744403495014 ], [ -46.074583142963789, -23.420744464433255 ], [ -46.074574285944259, -23.420744525370992 ], [ -46.074572104706377, -23.420748627313706 ], [ -46.074567676196459, -23.42074865778233 ], [ -46.074563264194907, -23.420750731605008 ], [ -46.074561148622124, -23.420750746160277 ], [ -46.074561049939902, -23.420750746839214 ], [ -46.074555514302396, -23.420750784924586 ], [ -46.074549978664876, -23.420750823009765 ], [ -46.074546649028299, -23.420749824183673 ], [ -46.074543327645813, -23.420749847034614 ], [ -46.07453889913581, -23.420749877502427 ], [ -46.074536684880805, -23.420749892736286 ], [ -46.074533363498297, -23.42074991558701 ], [ -46.074530042115782, -23.42074993843767 ], [ -46.07452782786077, -23.420749953671404 ], [ -46.074525630113556, -23.420752012259314 ], [ -46.074523415858501, -23.420752027492984 ], [ -46.07452120160346, -23.420752042726622 ], [ -46.074518987348405, -23.420752057960229 ], [ -46.074516773093343, -23.42075207319381 ], [ -46.074514558838295, -23.42075208842736 ], [ -46.074512344583233, -23.420752103660874 ], [ -46.074510130328179, -23.420752118894352 ], [ -46.074507916073117, -23.420752134127802 ], [ -46.074505701818055, -23.420752149361228 ], [ -46.074503487562986, -23.420752164594617 ], [ -46.074501273307924, -23.420752179827971 ], [ -46.074499059052847, -23.420752195061301 ], [ -46.074496844797778, -23.420752210294591 ], [ -46.074494630542709, -23.420752225527856 ], [ -46.074492416287633, -23.420752240761086 ], [ -46.074490202032557, -23.420752255994291 ], [ -46.074487987777481, -23.42075227122746 ], [ -46.074485773522404, -23.420752286460598 ], [ -46.074483559267314, -23.420752301693707 ], [ -46.074481345012231, -23.420752316926784 ], [ -46.074479130757148, -23.420752332159825 ], [ -46.074476916502064, -23.420752347392835 ], [ -46.074474702246974, -23.420752362625819 ], [ -46.074472487991883, -23.420752377858765 ], [ -46.074472471484903, -23.420750334504518 ], [ -46.074470257229848, -23.420750349737432 ], [ -46.074468034721335, -23.420749343293206 ], [ -46.07446581221285, -23.420748336848931 ], [ -46.074463597957823, -23.420748352081752 ], [ -46.07446138370279, -23.420748367314541 ], [ -46.074459169447756, -23.420748382547302 ], [ -46.07445840049391, -23.420748387837239 ], [ -46.074456955192716, -23.420748397780024 ], [ -46.074454740937682, -23.420748413012724 ], [ -46.074452526682641, -23.420748428245385 ], [ -46.074450312427594, -23.420748443478018 ], [ -46.074448106425855, -23.420749480387748 ], [ -46.074445900424074, -23.420750517297449 ], [ -46.07444480980309, -23.420752568267982 ], [ -46.074442612054483, -23.420754626854769 ], [ -46.074441521433414, -23.420756677825288 ], [ -46.0744393236847, -23.420758736412033 ], [ -46.074437125935916, -23.420760794998749 ], [ -46.074436432625589, -23.420762098805255 ], [ -46.074436035314712, -23.420762845969232 ], [ -46.074433829312611, -23.420763882878767 ], [ -46.074432746944524, -23.420766955526364 ], [ -46.074430549195498, -23.420769014112988 ], [ -46.074428351446414, -23.420771072699587 ], [ -46.074428367952727, -23.420773116053859 ], [ -46.074426170203537, -23.420775174640422 ], [ -46.074423964201159, -23.420776211549832 ], [ -46.074421758198746, -23.420777248459213 ], [ -46.074419568702481, -23.420780328722831 ], [ -46.074417362699954, -23.420781365632156 ], [ -46.074415148444345, -23.420781380864309 ], [ -46.074412942441768, -23.420782417773566 ], [ -46.07441074469218, -23.420784476359938 ], [ -46.074407423308671, -23.420784499208018 ], [ -46.07440633268682, -23.420786550178317 ], [ -46.074404126684087, -23.420787587087453 ], [ -46.074401920681325, -23.420788623996554 ], [ -46.074399706425574, -23.420788639228498 ], [ -46.074397492169822, -23.420788654460409 ], [ -46.074394170786199, -23.420788677308213 ], [ -46.074391956530441, -23.420788692540043 ], [ -46.07438974227469, -23.420788707771841 ], [ -46.074386420891052, -23.420788730619481 ], [ -46.074384206635287, -23.420788745851201 ], [ -46.074383083001777, -23.420786710112758 ], [ -46.074380868746047, -23.420786725344431 ], [ -46.074380852240445, -23.420784681990135 ], [ -46.074378621479191, -23.420782653867477 ], [ -46.07437639897077, -23.420781647421933 ], [ -46.074375275337431, -23.420779611683425 ], [ -46.074373052829081, -23.420778605237828 ], [ -46.07437083032076, -23.420777598792203 ], [ -46.074370813815328, -23.420775555437899 ], [ -46.074370797309896, -23.420773512083599 ], [ -46.074370780288142, -23.420771404809841 ], [ -46.074370772551752, -23.420770447052142 ], [ -46.074370756046321, -23.420768403697839 ], [ -46.074370739540896, -23.420766360343524 ], [ -46.074369615907784, -23.420764324604971 ], [ -46.074367393399733, -23.420763318159281 ], [ -46.074366269766706, -23.420761282420695 ], [ -46.074364055511388, -23.42076129765211 ], [ -46.074362931878426, -23.420759261913496 ], [ -46.074359593990245, -23.420757241406214 ], [ -46.074357379734991, -23.42075725663754 ], [ -46.074354050099522, -23.420756257807309 ], [ -46.074351827591713, -23.420755251361378 ], [ -46.074349613336487, -23.420755266592593 ], [ -46.074348489703794, -23.420753230853865 ], [ -46.074347366071152, -23.42075119511512 ], [ -46.074344028183397, -23.420749174607497 ], [ -46.074341813928264, -23.420749189838588 ], [ -46.074339599673124, -23.420749205069654 ], [ -46.074338476040644, -23.420747169330841 ], [ -46.07433626178554, -23.420747184561854 ], [ -46.074334039278014, -23.420746178115671 ], [ -46.074331825022924, -23.42074619334662 ], [ -46.074329602515441, -23.42074518690038 ], [ -46.074327388260365, -23.420745202131272 ], [ -46.074325165752924, -23.420744195684957 ], [ -46.074322943245534, -23.42074318923861 ], [ -46.074320720738157, -23.420742182792225 ], [ -46.074318498230831, -23.420741176345814 ], [ -46.074316283975804, -23.420741191576543 ], [ -46.074314069720785, -23.420741206807239 ], [ -46.074311855465766, -23.420741222037904 ], [ -46.074308534083229, -23.42074124488385 ], [ -46.074308394233086, -23.420741245845797 ], [ -46.074306319828203, -23.420741260114436 ], [ -46.074304105573169, -23.420741275344991 ], [ -46.074300784190626, -23.420741298190766 ], [ -46.074298569935593, -23.420741313421242 ], [ -46.074297198992326, -23.420741322851086 ], [ -46.074295248553035, -23.4207413362669 ], [ -46.074293034298002, -23.420741351497298 ], [ -46.074290820042954, -23.420741366727668 ], [ -46.074287498660389, -23.420741389573159 ], [ -46.074285284405356, -23.420741404803447 ], [ -46.074283070150301, -23.420741420033707 ], [ -46.074280855895253, -23.420741435263931 ], [ -46.0742786498922, -23.420742472171312 ], [ -46.074276443889111, -23.420743509078665 ], [ -46.07427423788598, -23.420744545985986 ], [ -46.074272023630876, -23.420744561216093 ], [ -46.074269817627702, -23.42074559812335 ], [ -46.074266496245002, -23.4207456209684 ], [ -46.074263183114184, -23.420746665490569 ], [ -46.074262092490351, -23.420748716459929 ], [ -46.074259878235168, -23.420748731689866 ], [ -46.074257672231816, -23.420749768596959 ], [ -46.074255457976612, -23.420749783826832 ], [ -46.074253243721401, -23.420749799056672 ], [ -46.074251037717978, -23.420750835963677 ], [ -46.074247724586897, -23.420751880485525 ], [ -46.074245518583396, -23.420752917392459 ], [ -46.074243304328128, -23.420752932622161 ], [ -46.07424109007286, -23.420752947851831 ], [ -46.074238884069281, -23.420753984758669 ], [ -46.074236669813992, -23.420753999988275 ], [ -46.074234455558702, -23.420754015217845 ], [ -46.074232249555052, -23.420755052124591 ], [ -46.074231158930665, -23.420757103093759 ], [ -46.074228944675319, -23.420757118323262 ], [ -46.074226738671577, -23.42075815522993 ], [ -46.074224524416202, -23.420758170459372 ], [ -46.07422343379168, -23.420760221428488 ], [ -46.074223450294838, -23.420762264782891 ], [ -46.074222359670266, -23.420764315751999 ], [ -46.074222376173402, -23.420766359106409 ], [ -46.074222400928129, -23.420769424138015 ], [ -46.074222425682855, -23.420772489169625 ], [ -46.074222442186006, -23.420774532524032 ], [ -46.074222458689164, -23.420776575878428 ], [ -46.074223582320172, -23.420778611618122 ], [ -46.074224705951217, -23.420780647357809 ], [ -46.074224722454417, -23.420782690712208 ], [ -46.074226944961808, -23.420783697159948 ], [ -46.074226960745008, -23.42078565136384 ], [ -46.074226961465037, -23.420785740514351 ], [ -46.074228085096195, -23.420787776254013 ], [ -46.074228101599445, -23.420789819608409 ], [ -46.074228118102702, -23.420791862962801 ], [ -46.07422813460596, -23.420793906317197 ], [ -46.074225945104828, -23.420796986578267 ], [ -46.074224854480029, -23.420799037547397 ], [ -46.074224649509347, -23.420799423004006 ], [ -46.074223763855201, -23.420801088516519 ], [ -46.074223780358395, -23.420803131870901 ], [ -46.074223791685931, -23.420804534397085 ], [ -46.07421969403746, -23.42082895048026 ], [ -46.074220681766853, -23.42083073999936 ], [ -46.074221805398331, -23.420832775739026 ], [ -46.07422402790656, -23.420833782186779 ], [ -46.074224044409782, -23.420835825541165 ], [ -46.074224060913011, -23.42083786889555 ], [ -46.074225184544602, -23.420839904635198 ], [ -46.074225201047852, -23.42084194798958 ], [ -46.074226324679501, -23.420843983729227 ], [ -46.074228547187943, -23.420844990176896 ], [ -46.074229670819676, -23.420847025916508 ], [ -46.074229687322998, -23.42084906927089 ], [ -46.074229703826319, -23.420851112625268 ], [ -46.074229720329647, -23.420853155979646 ], [ -46.074229736832969, -23.420855199334024 ], [ -46.074229761587965, -23.420858264365592 ], [ -46.074227547330935, -23.420858279595134 ], [ -46.074226456705702, -23.420860330564267 ], [ -46.074226473208981, -23.420862373918645 ], [ -46.074226489712274, -23.42086441727302 ], [ -46.07422539908697, -23.42086646824216 ], [ -46.074225415590249, -23.420868511596531 ], [ -46.07422543209352, -23.420870554950913 ], [ -46.074225448596799, -23.420872598305291 ], [ -46.074225465100071, -23.420874641659669 ], [ -46.074225481603357, -23.42087668501404 ], [ -46.074225498106635, -23.420878728368422 ], [ -46.074225514609921, -23.420880771722789 ], [ -46.074225531113207, -23.420882815077167 ], [ -46.074225547616493, -23.420884858431538 ], [ -46.074225564119786, -23.420886901785913 ], [ -46.074224473494304, -23.420888952755032 ], [ -46.074222292243235, -23.420893054693266 ], [ -46.074221201617661, -23.420895105662371 ], [ -46.07422121812089, -23.420897149016749 ], [ -46.074221234624119, -23.42089919237112 ], [ -46.074220143998481, -23.420901243340221 ], [ -46.074220160501696, -23.420903286694585 ], [ -46.074220177004918, -23.420905330048964 ], [ -46.074220193508147, -23.420907373403335 ], [ -46.074219102882417, -23.420909424372425 ], [ -46.074218012256672, -23.420911475341516 ], [ -46.074216921630885, -23.420913526310599 ], [ -46.074214723876068, -23.420915584894363 ], [ -46.074214740379212, -23.420917628248727 ], [ -46.074212542624302, -23.420919686832463 ], [ -46.074212559127417, -23.420921730186841 ], [ -46.074211468501467, -23.420923781155889 ], [ -46.074210377875481, -23.420925832124922 ], [ -46.074210394378575, -23.420927875479297 ], [ -46.074210410881662, -23.420929918833668 ], [ -46.074210427384756, -23.420931962188039 ], [ -46.07421044388785, -23.420934005542414 ], [ -46.074209353261779, -23.420936056511444 ], [ -46.074208262635672, -23.42093810748047 ], [ -46.074208287390263, -23.420941172512027 ], [ -46.074206089634878, -23.420943231095684 ], [ -46.074204999008664, -23.420945282064682 ], [ -46.074203908382415, -23.420947333033684 ], [ -46.074202817756138, -23.420949384002668 ], [ -46.074201727129832, -23.420951434971659 ], [ -46.074200644754967, -23.420954507617814 ], [ -46.07419955412859, -23.420956558586795 ], [ -46.074198040077654, -23.420957976760903 ], [ -46.074193658491829, -23.420984084647941 ], [ -46.074229620299903, -23.420994466694701 ], [ -46.074253927175498, -23.420998725126992 ], [ -46.074290864792601, -23.4210036192266 ], [ -46.07456537985, -23.421037677608503 ], [ -46.074792898917991, -23.421069620313698 ], [ -46.074922037920899, -23.421087246907604 ], [ -46.075236562071602, -23.421130783150996 ], [ -46.07537766438481, -23.421151217200496 ], [ -46.075495233243203, -23.4211662134195 ], [ -46.075572207687721, -23.421176431215976 ], [ -46.075643555912002, -23.421183887945592 ], [ -46.075772379591513, -23.4211988064407 ], [ -46.075897963437299, -23.421212482685494 ], [ -46.076199995357399, -23.421248245300202 ], [ -46.076321853732601, -23.421261134004194 ], [ -46.076678466197102, -23.421317021871204 ], [ -46.076994062009703, -23.421359824601904 ], [ -46.07708194, -23.42129417 ], [ -46.07727361, -23.42118694 ], [ -46.07751083, -23.42088444 ], [ -46.07770028, -23.42071056 ], [ -46.07778833, -23.42065639 ], [ -46.07818833, -23.42054306 ], [ -46.07838056, -23.42052833 ], [ -46.07867583, -23.42052 ], [ -46.07875389, -23.42051083 ], [ -46.078830166028148, -23.420493206380776 ], [ -46.07895611, -23.42043694 ], [ -46.07910056, -23.42030972 ], [ -46.07915194, -23.42023222 ], [ -46.07919389, -23.42013167 ], [ -46.07922056, -23.41995556 ], [ -46.0791775, -23.41982639 ], [ -46.079112320210129, -23.419706101480092 ], [ -46.079023377212458, -23.419597088947 ], [ -46.07877806, -23.41929778 ], [ -46.07860833, -23.41897444 ], [ -46.07811, -23.41871944 ], [ -46.07798333, -23.41860528 ], [ -46.07776639, -23.41835639 ], [ -46.07770389, -23.41826528 ], [ -46.0776175, -23.41788194 ], [ -46.077605560000016, -23.41757556 ], [ -46.07769444, -23.41724917 ], [ -46.07769083, -23.41713278 ], [ -46.07763889, -23.416875 ], [ -46.07752472, -23.41658417 ], [ -46.07740889, -23.41643 ], [ -46.07715444, -23.41618972 ], [ -46.07671472, -23.41653556 ], [ -46.07637139, -23.41671472 ], [ -46.076285, -23.41673472 ], [ -46.0757375, -23.41676417 ], [ -46.074883922751127, -23.416766628221694 ], [ -46.074529830125307, -23.4167538408425 ], [ -46.074529876764643, -23.416759614996938 ], [ -46.074526439503423, -23.416766079135627 ], [ -46.074526491521922, -23.416772519271756 ], [ -46.074526543540436, -23.416778959407875 ], [ -46.074526595558979, -23.416785399543976 ], [ -46.074530136858073, -23.416791815677495 ], [ -46.074537141428692, -23.416794987740111 ], [ -46.074540682728568, -23.416801403873347 ], [ -46.074551202590676, -23.416807772000404 ], [ -46.074561670433461, -23.416807699990688 ], [ -46.074568753036608, -23.416820532255816 ], [ -46.074575731599104, -23.416820484248607 ], [ -46.074575783620126, -23.416826924384587 ], [ -46.074575835641163, -23.416833364520556 ], [ -46.07457588766222, -23.416839804656522 ], [ -46.074575939683299, -23.416846244792477 ], [ -46.074582970268558, -23.41685263692084 ], [ -46.074589948832703, -23.416852588912942 ], [ -46.074603957983406, -23.416858933032085 ], [ -46.07460749928827, -23.416865349163576 ], [ -46.074621508441112, -23.416871693281056 ], [ -46.074625049747169, -23.416878109412085 ], [ -46.074625101770721, -23.416884549547916 ], [ -46.074628643077325, -23.416890965678842 ], [ -46.074632184384285, -23.416897381809665 ], [ -46.074632236408227, -23.416903821945468 ], [ -46.074632288432191, -23.416910262081252 ], [ -46.074632340456169, -23.41691670221703 ], [ -46.074628903196299, -23.416923166357819 ], [ -46.074625465936101, -23.416929630498533 ], [ -46.074618539391359, -23.416936118643974 ], [ -46.074611560822902, -23.416936166653318 ], [ -46.074608123561539, -23.416942630793685 ], [ -46.074597681719489, -23.41694592287482 ], [ -46.074590729161493, -23.416949190951172 ], [ -46.074583776603134, -23.416952459027229 ], [ -46.074576824044442, -23.41695572710298 ], [ -46.074569845474855, -23.416955775110502 ], [ -46.074562866905246, -23.416955823117711 ], [ -46.074555888335624, -23.4169558711246 ], [ -46.074548909765994, -23.416955919131187 ], [ -46.074541931196329, -23.416955967137454 ], [ -46.074534952626649, -23.41695601514342 ], [ -46.074527974056956, -23.416956063149065 ], [ -46.074517506202376, -23.416956135156951 ], [ -46.074510501623543, -23.416952963093816 ], [ -46.074503523053941, -23.416953011098368 ], [ -46.074496544484333, -23.416953059102603 ], [ -46.074489565914703, -23.416953107106533 ], [ -46.074482561336644, -23.416949935042116 ], [ -46.074475556758905, -23.416946762977364 ], [ -46.074468526173426, -23.416940370844234 ], [ -46.074461495588629, -23.416933978710759 ], [ -46.0744544650045, -23.416927586576943 ], [ -46.074447460428573, -23.416924414510852 ], [ -46.074440481860336, -23.416924462512526 ], [ -46.074433477284884, -23.416921290445799 ], [ -46.074429935986636, -23.416914874310155 ], [ -46.074422931411938, -23.416911702242917 ], [ -46.07441592683756, -23.416908530175352 ], [ -46.074408948270076, -23.41690857817559 ], [ -46.074405406973348, -23.416902162039328 ], [ -46.074398402399865, -23.416898989970939 ], [ -46.07439142383285, -23.416899037970374 ], [ -46.074387882537224, -23.416892621833664 ], [ -46.074380851958765, -23.416886229696289 ], [ -46.074373873392375, -23.416886277694914 ], [ -46.074366868820434, -23.416883105625043 ], [ -46.074359864248819, -23.416879933554856 ], [ -46.074352885682714, -23.41687998155253 ], [ -46.074345881111569, -23.416876809481689 ], [ -46.074338902545591, -23.416876857478737 ], [ -46.074331923979599, -23.41687690547548 ], [ -46.074324945413586, -23.41687695347191 ], [ -46.074317966847552, -23.416877001468023 ], [ -46.074307498998472, -23.416877073461606 ], [ -46.074300520432395, -23.416877121456942 ], [ -46.074293541866297, -23.416877169451961 ], [ -46.074283074017124, -23.416877241443913 ], [ -46.074276095450983, -23.416877289438162 ], [ -46.074269116884821, -23.416877337432094 ], [ -46.074258727044267, -23.416887069627311 ], [ -46.074248311199526, -23.416893581753577 ], [ -46.074241332632447, -23.416893629746294 ], [ -46.074234380067686, -23.416896897807025 ], [ -46.074231108864275, -23.416896920303362 ], [ -46.074220448935101, -23.416900213859265 ], [ -46.07421347036761, -23.416900261850756 ], [ -46.074206491800098, -23.416900309841932 ], [ -46.074199513232571, -23.416900357832798 ], [ -46.074192534665023, -23.416900405823359 ], [ -46.074185582098622, -23.416903673881972 ], [ -46.074178603530868, -23.416903721871918 ], [ -46.074171598962273, -23.416900549793159 ], [ -46.074164620394647, -23.416900597782465 ], [ -46.074157641827014, -23.416900645771459 ], [ -46.074150637259038, -23.416897473691744 ], [ -46.074143632691388, -23.416894301611698 ], [ -46.074136602124099, -23.416887909462893 ], [ -46.074129623557056, -23.416887957450612 ], [ -46.074122644990005, -23.416888005438025 ], [ -46.074115666422927, -23.416888053425126 ], [ -46.074108687855833, -23.41688810141191 ], [ -46.074108635857272, -23.416881661274992 ], [ -46.074098116009061, -23.416875293117634 ], [ -46.074091137442601, -23.416875341103612 ], [ -46.074084132877445, -23.416872169020788 ], [ -46.074077128312609, -23.416868996937644 ], [ -46.074066634465083, -23.416865848846562 ], [ -46.074059629900972, -23.416862676762591 ], [ -46.07405265133508, -23.416862724746824 ], [ -46.074045646771445, -23.416859552662217 ], [ -46.074038642208123, -23.416856380577279 ], [ -46.074031611647762, -23.416849988423454 ], [ -46.074024633082473, -23.416850036406416 ], [ -46.074021091805591, -23.416843620260643 ], [ -46.074014061246736, -23.416837228105969 ], [ -46.07401051997072, -23.416830811959919 ], [ -46.074003541406391, -23.4168308599419 ], [ -46.073996536845534, -23.416827687854969 ], [ -46.07399648485255, -23.416821247717763 ], [ -46.07399643285958, -23.416814807580554 ], [ -46.073996380866639, -23.416808367443345 ], [ -46.073999818155123, -23.416801903315356 ], [ -46.07400677072124, -23.416798635265003 ], [ -46.074013723287003, -23.416795367214348 ], [ -46.074020701849449, -23.416795319231984 ], [ -46.074024139136419, -23.416788855103498 ], [ -46.074031091701222, -23.416785587052118 ], [ -46.074038070263121, -23.416785539068997 ], [ -46.074045074822614, -23.416788711154116 ], [ -46.074052079382433, -23.416791883238911 ], [ -46.074059057944609, -23.416791835254845 ], [ -46.074066036506771, -23.416791787270459 ], [ -46.074073015068912, -23.41679173928576 ], [ -46.074079993631031, -23.416791691300755 ], [ -46.074086972193136, -23.416791643315435 ], [ -46.07409395075522, -23.416791595329805 ], [ -46.074100929317282, -23.416791547343866 ], [ -46.074107881880188, -23.416788279289111 ], [ -46.074114860442045, -23.416788231302551 ], [ -46.074121813004403, -23.41678496324721 ], [ -46.074128791566061, -23.416784915260035 ], [ -46.074135770127697, -23.41678486727255 ], [ -46.074142748689319, -23.416784819284747 ], [ -46.074149727250912, -23.416784771296637 ], [ -46.074156705812491, -23.416784723308218 ], [ -46.074163684374057, -23.41678467531948 ], [ -46.0741706629356, -23.41678462733044 ], [ -46.074177615496296, -23.416781359272651 ], [ -46.074184568056644, -23.416778091214571 ], [ -46.074191494615491, -23.416771603087781 ], [ -46.074198447174979, -23.416768335029104 ], [ -46.074205399734105, -23.416765066970136 ], [ -46.074208837011206, -23.416758602837938 ], [ -46.074215815571279, -23.416758554846925 ], [ -46.07422159879588, -23.416755836434124 ], [ -46.074237802844912, -23.416753010918182 ], [ -46.07413417, -23.41675361 ], [ -46.07402306, -23.41675917 ], [ -46.073818073672321, -23.416788717478454 ], [ -46.07367528, -23.41681 ], [ -46.07328833, -23.41684056 ], [ -46.073129372681073, -23.416795965550303 ] ] ] ] } }
]
}
