{
"type": "FeatureCollection",
"name": "Sitio Marilia",
"crs": { "type": "name", "properties": { "name": "urn:ogc:def:crs:OGC:1.3:CRS84" } },
"features": [
{ "type": "Feature", "properties": { "Área (ha)": 5.511, "Área tota": 28.948 }, "geometry": { "type": "MultiPolygon", "coordinates": [ [ [ [ -46.417536945666747, -23.068060846785919 ], [ -46.41757528, -23.06790361 ], [ -46.41745806, -23.06783667 ], [ -46.41733056, -23.06777472 ], [ -46.41714639, -23.06770639 ], [ -46.41715861, -23.06743667 ], [ -46.417273282702951, -23.067251409815153 ], [ -46.417273333110998, -23.067248573196128 ], [ -46.417273277105828, -23.067243227424878 ], [ -46.417273221100665, -23.067237881653618 ], [ -46.417273183763903, -23.067234317806104 ], [ -46.417273146427149, -23.067230753958604 ], [ -46.417273109090395, -23.067227190111087 ], [ -46.417273053085282, -23.067221844339809 ], [ -46.417273015748556, -23.067218280492302 ], [ -46.41727297841183, -23.067214716644777 ], [ -46.417272941075119, -23.067211152797267 ], [ -46.417272903738407, -23.067207588949739 ], [ -46.417272866401703, -23.067204025102217 ], [ -46.417272829065013, -23.067200461254693 ], [ -46.417272773059985, -23.067195115483401 ], [ -46.417272717054971, -23.067189769712108 ], [ -46.417272679718316, -23.067186205864576 ], [ -46.417272642381654, -23.067182642017048 ], [ -46.417272605045014, -23.067179078169517 ], [ -46.417272567708366, -23.067175514321974 ], [ -46.417272530371733, -23.067171950474435 ], [ -46.417272493035107, -23.067168386626903 ], [ -46.417272455698487, -23.06716482277935 ], [ -46.417268604118433, -23.067164857326695 ], [ -46.417264752538372, -23.067164891873933 ], [ -46.417260919626464, -23.067166708344864 ], [ -46.417257105382561, -23.067170306739484 ], [ -46.417251346680246, -23.067172140483681 ], [ -46.417249458226124, -23.067175721604684 ], [ -46.417247569771902, -23.067179302725666 ], [ -46.417243718191401, -23.067179337272417 ], [ -46.417239866610885, -23.067179371819069 ], [ -46.417236015030369, -23.067179406365632 ], [ -46.417232144782055, -23.0671776589883 ], [ -46.417228255866092, -23.067174129687064 ], [ -46.417226292740487, -23.067170583112599 ], [ -46.417226255405076, -23.067167019264993 ], [ -46.417226218069679, -23.067163455417379 ], [ -46.417226162066598, -23.067158109645952 ], [ -46.417226124731222, -23.067154545798338 ], [ -46.417226087395846, -23.067150981950714 ], [ -46.417226050060478, -23.067147418103104 ], [ -46.417226012725116, -23.067143854255477 ], [ -46.417225938054429, -23.067136726560225 ], [ -46.417225882051426, -23.067131380788783 ], [ -46.4172258447161, -23.067127816941156 ], [ -46.417225807380788, -23.067124253093525 ], [ -46.417225770045476, -23.067120689245886 ], [ -46.417225732710172, -23.067117125398262 ], [ -46.417225695374874, -23.067113561550617 ], [ -46.417225658039591, -23.067109997702985 ], [ -46.417225620704315, -23.067106433855344 ], [ -46.417225564701404, -23.067101088083874 ], [ -46.417225527366135, -23.067097524236235 ], [ -46.417225490030887, -23.06709396038859 ], [ -46.417225452695639, -23.067090396540948 ], [ -46.417225415360399, -23.067086832693292 ], [ -46.417225340689946, -23.067079704997997 ], [ -46.417225303354726, -23.067076141150338 ], [ -46.417225247351915, -23.067070795378861 ], [ -46.417223284228044, -23.067067248804225 ], [ -46.417223246892895, -23.067063684956572 ], [ -46.417223190890198, -23.067058339185071 ], [ -46.417221209099047, -23.067053010686571 ], [ -46.41721922730806, -23.067047682188033 ], [ -46.417217264184707, -23.06704413561329 ], [ -46.417215301061475, -23.067040589038537 ], [ -46.417213337938335, -23.067037042463738 ], [ -46.417213300603507, -23.06703347861605 ], [ -46.417209411692383, -23.067029949314051 ], [ -46.417209374357675, -23.06702638546636 ], [ -46.417207411234919, -23.067022838891464 ], [ -46.417205448112263, -23.067019292316544 ], [ -46.417201559201764, -23.067015763014322 ], [ -46.417201503200054, -23.067010417242738 ], [ -46.417201465865588, -23.067006853395018 ], [ -46.41719948407615, -23.067001524896128 ], [ -46.417199446741755, -23.066997961048394 ], [ -46.417197483619702, -23.066994414473339 ], [ -46.417195501830626, -23.066989085974374 ], [ -46.417191612921286, -23.066985556671838 ], [ -46.417189649799639, -23.066982010096655 ], [ -46.417185779557649, -23.066980262717838 ], [ -46.417183816436228, -23.066976716142563 ], [ -46.417179927527549, -23.0669731868397 ], [ -46.417177964406399, -23.06696964026435 ], [ -46.417174075498075, -23.066966110961314 ], [ -46.417168279469479, -23.066964380854369 ], [ -46.417166316348769, -23.066960834278834 ], [ -46.417162446107668, -23.066959086899399 ], [ -46.417158501200198, -23.066950211824231 ], [ -46.417154612292947, -23.066946682520662 ], [ -46.417150723385895, -23.066943153216997 ], [ -46.417144890025696, -23.066937859261273 ], [ -46.417141019785525, -23.066936111881265 ], [ -46.417137112212806, -23.066930800653289 ], [ -46.417137074880181, -23.066927236805427 ], [ -46.417135111760864, -23.066923690229427 ], [ -46.417133129975397, -23.06691836172946 ], [ -46.417131148190094, -23.066913033229461 ], [ -46.417129185071147, -23.066909486653358 ], [ -46.417129147738777, -23.066905922805486 ], [ -46.417123314381065, -23.066900628848831 ], [ -46.417121351262523, -23.066897082272604 ], [ -46.417121313930373, -23.06689351842471 ], [ -46.41712127659823, -23.066889954576805 ], [ -46.417121239266095, -23.066886390728918 ], [ -46.417121183267916, -23.066881044957057 ], [ -46.417121145935795, -23.066877481109152 ], [ -46.417121108603688, -23.066873917261251 ], [ -46.417117219699662, -23.066870387956563 ], [ -46.417117182367676, -23.066866824108658 ], [ -46.417117145035689, -23.066863260260735 ], [ -46.417117107703717, -23.066859696412823 ], [ -46.417115144585985, -23.066856149836465 ], [ -46.417113181468366, -23.066852603260088 ], [ -46.417113144136508, -23.066849039412155 ], [ -46.417113106804663, -23.066845475564214 ], [ -46.417113050806911, -23.066840129792329 ], [ -46.417109143238243, -23.066834818563404 ], [ -46.417105254335702, -23.066831289258335 ], [ -46.417105217004099, -23.066827725410395 ], [ -46.417105179672504, -23.066824161562437 ], [ -46.41710130943612, -23.066822414181235 ], [ -46.417097420534148, -23.066818884875946 ], [ -46.417097383202766, -23.066815321027981 ], [ -46.417093494301106, -23.066811791722571 ], [ -46.417089624065227, -23.066810044341061 ], [ -46.417087623617888, -23.066802933916282 ], [ -46.417083753382336, -23.066801186534605 ], [ -46.417081790266394, -23.066797639957731 ], [ -46.417079827150559, -23.06679409338081 ], [ -46.417075938249972, -23.066790564074921 ], [ -46.417073975134407, -23.066787017497916 ], [ -46.417070067568879, -23.066781706267843 ], [ -46.417066197334144, -23.066779958885689 ], [ -46.417062327099515, -23.066778211503433 ], [ -46.417058438199838, -23.06677468219705 ], [ -46.417054530635284, -23.066769370966544 ], [ -46.417050660401095, -23.066767623583971 ], [ -46.417048697286539, -23.066764077006603 ], [ -46.417046734172089, -23.0667605304292 ], [ -46.417042863938242, -23.066758783046428 ], [ -46.417040863494258, -23.06675167262085 ], [ -46.417038881715349, -23.066746344119284 ], [ -46.417035011482014, -23.066744596736282 ], [ -46.417033029703454, -23.066739268234613 ], [ -46.41702912214096, -23.06673395700335 ], [ -46.417027159027491, -23.066730410425642 ], [ -46.417027103033448, -23.066725064653468 ], [ -46.41702706570409, -23.066721500805347 ], [ -46.41702702837474, -23.066717936957218 ], [ -46.417026972380732, -23.066712591185038 ], [ -46.41702693505141, -23.066709027336909 ], [ -46.417026897722081, -23.066705463488791 ], [ -46.417030711960045, -23.066701865099866 ], [ -46.417030674630631, -23.066698301251737 ], [ -46.417030618636538, -23.06669295547956 ], [ -46.417030581307145, -23.066689391631424 ], [ -46.417030525313073, -23.066684045859223 ], [ -46.417030487983709, -23.066680482011094 ], [ -46.417030450654337, -23.066676918162958 ], [ -46.417030394660308, -23.066671572390749 ], [ -46.417030357330958, -23.066668008542614 ], [ -46.417030320001622, -23.066664444694467 ], [ -46.417030264007636, -23.066659098922251 ], [ -46.417030226678307, -23.066655535074112 ], [ -46.417034059579557, -23.066653718609238 ], [ -46.417034022250142, -23.066650154761092 ], [ -46.417039743604505, -23.066644757177514 ], [ -46.417041632057725, -23.066641176058887 ], [ -46.417045464958399, -23.066639359593754 ], [ -46.417053112094507, -23.06663394473917 ], [ -46.417056944994812, -23.066632128273781 ], [ -46.417056907664836, -23.066628564425667 ], [ -46.417058796117395, -23.066624983306859 ], [ -46.417058740122378, -23.066619637534682 ], [ -46.417060628574774, -23.06661605641586 ], [ -46.417060591244734, -23.066612492567739 ], [ -46.417060553914695, -23.066608928719624 ], [ -46.417060497919664, -23.066603582947433 ], [ -46.417060460589646, -23.066600019099315 ], [ -46.417058497477527, -23.066596472521883 ], [ -46.417056534365507, -23.066592925944416 ], [ -46.417056497035617, -23.066589362096284 ], [ -46.417052645471585, -23.06658939663755 ], [ -46.417048793907547, -23.066589431178702 ], [ -46.417050682359836, -23.066585850059997 ], [ -46.417052570812025, -23.066582268941257 ], [ -46.417054440599216, -23.06657690589843 ], [ -46.417054403269411, -23.066573342050287 ], [ -46.417056291721345, -23.066569760931515 ], [ -46.417058180173186, -23.066566179812721 ], [ -46.417058142843295, -23.066562615964582 ], [ -46.417058105513412, -23.066559052116443 ], [ -46.417063864193139, -23.066557218380307 ], [ -46.417065752644618, -23.066553637261439 ], [ -46.417071529989109, -23.066553585449117 ], [ -46.417075381552088, -23.06655355090744 ], [ -46.417079233115054, -23.06655351636568 ], [ -46.417083084678026, -23.066553481823824 ], [ -46.41708886202246, -23.06655343001086 ], [ -46.417092713585411, -23.066553395468773 ], [ -46.41709849092981, -23.06655334365546 ], [ -46.417104268274201, -23.066553291841938 ], [ -46.417108119837117, -23.066553257299471 ], [ -46.417113878515821, -23.066551423561553 ], [ -46.417117711412956, -23.066549607094835 ], [ -46.41712152564422, -23.066546008703998 ], [ -46.417125339875277, -23.066542410313065 ], [ -46.417127228324901, -23.066538829193554 ], [ -46.417133005668603, -23.066538777379005 ], [ -46.417136819899149, -23.066535178987824 ], [ -46.417140652795496, -23.066533362520577 ], [ -46.417144485691729, -23.066531546053234 ], [ -46.417148337253963, -23.066531511509815 ], [ -46.417154114597295, -23.066531459694513 ], [ -46.417157966159515, -23.066531425150867 ], [ -46.41716181772172, -23.066531390607121 ], [ -46.417165669283918, -23.066531356063283 ], [ -46.417169520846102, -23.066531321519353 ], [ -46.417173372408293, -23.06653128697533 ], [ -46.417179149751547, -23.066531235159115 ], [ -46.417183001313717, -23.06653120061485 ], [ -46.417186852875872, -23.066531166070501 ], [ -46.417190704438028, -23.066531131526055 ], [ -46.417196481781232, -23.0665310797092 ], [ -46.417204184905493, -23.066531010619741 ], [ -46.417208036467606, -23.066530976074873 ], [ -46.417213813810768, -23.066530924257393 ], [ -46.417219572486879, -23.066529090515747 ], [ -46.417223424048906, -23.066529055970506 ], [ -46.417229182724782, -23.066527222228522 ], [ -46.417233015619544, -23.066525405759105 ], [ -46.417236848514193, -23.066523589289591 ], [ -46.417240662741428, -23.066519990896062 ], [ -46.417242551187634, -23.066516409775318 ], [ -46.417242513852983, -23.066512845927438 ], [ -46.417242476518339, -23.066509282079554 ], [ -46.417242439183696, -23.066505718231671 ], [ -46.417242401849066, -23.066502154383777 ], [ -46.417242364514443, -23.066498590535893 ], [ -46.417242327179828, -23.06649502668801 ], [ -46.41724228984522, -23.066491462840112 ], [ -46.417242252510619, -23.066487898992225 ], [ -46.417242215176024, -23.066484335144327 ], [ -46.417242177841437, -23.066480771296433 ], [ -46.417242140506858, -23.066477207448536 ], [ -46.417242103172285, -23.066473643600649 ], [ -46.417242047170447, -23.066468297828791 ], [ -46.417242009835888, -23.066464733980876 ], [ -46.417241972501351, -23.066461170132975 ], [ -46.41724386094679, -23.066457589012234 ], [ -46.417247675172071, -23.066453990618598 ], [ -46.417253415177015, -23.066450374951948 ], [ -46.417255303622014, -23.066446793831087 ], [ -46.417259117846683, -23.066443195437202 ], [ -46.417262950738682, -23.066441378967184 ], [ -46.41727254230203, -23.066437728753694 ], [ -46.417278300973322, -23.066435895010127 ], [ -46.417285985424051, -23.066434043993013 ], [ -46.417289836983272, -23.066434009446287 ], [ -46.417293688542486, -23.066433974899471 ], [ -46.417297540101693, -23.06643394035255 ], [ -46.4173033547766, -23.066437452379834 ], [ -46.417307206335884, -23.066437417832677 ], [ -46.41731109523149, -23.066440947133245 ], [ -46.417313058347553, -23.066444493707376 ], [ -46.417322724582867, -23.066447971186488 ], [ -46.417326576142415, -23.066447936638848 ], [ -46.41733042770197, -23.066447902091117 ], [ -46.41733427926151, -23.066447867543285 ], [ -46.417338130821037, -23.066447832995362 ], [ -46.417341945043418, -23.066444234599587 ], [ -46.417345796602831, -23.066444200051475 ], [ -46.417349648162244, -23.066444165503281 ], [ -46.417357332612262, -23.066442314482735 ], [ -46.417361146833954, -23.066438716086523 ], [ -46.417364998393182, -23.06643868153796 ], [ -46.417372664173676, -23.066435048592837 ], [ -46.417376515732784, -23.066435014044004 ], [ -46.417380348622807, -23.066433197571204 ], [ -46.41738418151273, -23.066431381098329 ], [ -46.417387995733378, -23.066427782701531 ], [ -46.417387939725899, -23.066422436929976 ], [ -46.417387902387581, -23.066418873082281 ], [ -46.417387865049278, -23.066415309234582 ], [ -46.417387827710975, -23.066411745386873 ], [ -46.417387790372693, -23.066408181539177 ], [ -46.417387753034404, -23.066404617691468 ], [ -46.41738771569613, -23.066401053843759 ], [ -46.417387659688728, -23.0663957080722 ], [ -46.417387603681348, -23.066390362300631 ], [ -46.417387566343102, -23.066386798452914 ], [ -46.417385603226059, -23.066383251879735 ], [ -46.417381714330361, -23.066379722580994 ], [ -46.417377844103861, -23.06637797520602 ], [ -46.417373973877446, -23.066376227830943 ], [ -46.417372010760921, -23.066372681257558 ], [ -46.417368140534727, -23.066370933882329 ], [ -46.417364270308632, -23.066369186506986 ], [ -46.417360400082643, -23.066367439131557 ], [ -46.41735652985674, -23.066365691756026 ], [ -46.417354566740826, -23.066362145182385 ], [ -46.417350677846535, -23.066358615882812 ], [ -46.417348714730885, -23.066355069309083 ], [ -46.417346751615348, -23.066351522735332 ], [ -46.417342862721569, -23.066347993435521 ], [ -46.41734089960628, -23.066344446861681 ], [ -46.417337029381279, -23.066342699485613 ], [ -46.417333159156378, -23.06634095210946 ], [ -46.417331196041459, -23.066337405535467 ], [ -46.417327344485052, -23.066337440083068 ], [ -46.417325362702087, -23.066332111585087 ], [ -46.417321492477626, -23.066330364208614 ], [ -46.417317603585118, -23.066326834908118 ], [ -46.417315640470818, -23.066323288333894 ], [ -46.417311751578666, -23.066319759033238 ], [ -46.417309788464628, -23.066316212458929 ], [ -46.41730975112857, -23.066312648611071 ], [ -46.417307788014696, -23.066309102036723 ], [ -46.417307750678702, -23.066305538188846 ], [ -46.417303880455222, -23.06630379081189 ], [ -46.417303843119342, -23.066300226964017 ], [ -46.417303805783462, -23.06629666311613 ], [ -46.417303768447596, -23.066293099268247 ], [ -46.41730373111173, -23.06628953542036 ], [ -46.41730561955336, -23.066285954299001 ], [ -46.417309433772338, -23.066282355904125 ], [ -46.417311322213727, -23.06627877478271 ], [ -46.417311284877691, -23.066275210934833 ], [ -46.417313173318938, -23.0662716298134 ], [ -46.417315061760092, -23.06626804869196 ], [ -46.417318894646435, -23.066266232220816 ], [ -46.417322727532664, -23.066264415749593 ], [ -46.41732461597347, -23.06626083462805 ], [ -46.417330374636556, -23.06625900088294 ], [ -46.417332263077085, -23.066255419761323 ], [ -46.417332225740537, -23.066251855913457 ], [ -46.417332188404004, -23.066248292065605 ], [ -46.417330225290591, -23.066244745491492 ], [ -46.417328262177293, -23.066241198917361 ], [ -46.417322428842397, -23.066235904966586 ], [ -46.417316595507963, -23.06623061101557 ], [ -46.417314632395232, -23.066227064441229 ], [ -46.417312669282609, -23.06622351786686 ], [ -46.417312631946636, -23.066219954018948 ], [ -46.417310668834183, -23.06621640744455 ], [ -46.41731255727472, -23.066212826323138 ], [ -46.417312519938768, -23.066209262475233 ], [ -46.417312482602824, -23.066205698627311 ], [ -46.417316296819472, -23.066202100232356 ], [ -46.417320129703967, -23.066200283761269 ], [ -46.41732396258837, -23.066198467290093 ], [ -46.417327776804491, -23.066194868894879 ], [ -46.417331628356834, -23.066194834347471 ], [ -46.417333516796532, -23.066191253225853 ], [ -46.417341182564321, -23.066187620282797 ], [ -46.417345034116437, -23.066187585735072 ], [ -46.417348885668545, -23.066187551187252 ], [ -46.417352737220646, -23.066187516639339 ], [ -46.417356588772734, -23.066187482091333 ], [ -46.417360440324813, -23.066187447543236 ], [ -46.41736431054553, -23.066189194918966 ], [ -46.417368162097652, -23.066189160370673 ], [ -46.41737014387985, -23.066194488868241 ], [ -46.417372125662219, -23.066199817365767 ], [ -46.417374088775979, -23.066203363939351 ], [ -46.417379940780165, -23.06621043981211 ], [ -46.417385774116028, -23.066215733760718 ], [ -46.417389663006858, -23.066219263059651 ], [ -46.417393514559798, -23.066219228510697 ], [ -46.417397366112723, -23.066219193961658 ], [ -46.417401217665642, -23.066219159412515 ], [ -46.417406994994998, -23.06621910758863 ], [ -46.417410846547895, -23.06621907303926 ], [ -46.417414698100792, -23.066219038489795 ], [ -46.417418549653675, -23.066219003940237 ], [ -46.417422401206558, -23.066218969390583 ], [ -46.41742621542047, -23.06621537099311 ], [ -46.417430066973239, -23.066215336443275 ], [ -46.417433899856412, -23.066213519969477 ], [ -46.417437751409111, -23.066213485419453 ], [ -46.417439639846158, -23.066209904296706 ], [ -46.41744347272904, -23.066208087822694 ], [ -46.417447268272333, -23.066202707500892 ], [ -46.41744915670899, -23.066199126378034 ], [ -46.417451026475767, -23.066193763331306 ], [ -46.417452914912204, -23.066190182208416 ], [ -46.417454803348548, -23.066186601085494 ], [ -46.417460543336595, -23.066182985412045 ], [ -46.417462431772641, -23.066179404289041 ], [ -46.417466264654351, -23.066177587814529 ], [ -46.417470078865932, -23.066173989416093 ], [ -46.417475837523099, -23.066172155665953 ], [ -46.417477688618391, -23.066165010695126 ], [ -46.417477651278176, -23.066161446847449 ], [ -46.41747953971349, -23.066157865724282 ], [ -46.41748527969964, -23.066154250049994 ], [ -46.417487168134663, -23.066150668926749 ], [ -46.417494871236286, -23.066150599824198 ], [ -46.417498722787094, -23.066150565272785 ], [ -46.417502574337888, -23.06615053072127 ], [ -46.417506425888675, -23.066150496169666 ], [ -46.417512259226498, -23.066155790113516 ], [ -46.41751611077742, -23.066155755561674 ], [ -46.417519962328335, -23.066155721009725 ], [ -46.417523832549946, -23.066157468381498 ], [ -46.417529628547157, -23.066159198477063 ], [ -46.417535424544504, -23.066160928572405 ], [ -46.417539276095532, -23.066160894019987 ], [ -46.417543127646553, -23.066160859467473 ], [ -46.417548904973067, -23.066160807638528 ], [ -46.417554682299574, -23.066160755809367 ], [ -46.417558533850567, -23.06616072125648 ], [ -46.417562385401546, -23.066160686703494 ], [ -46.417566236952524, -23.066160652150423 ], [ -46.417570088503496, -23.066160617597252 ], [ -46.41757394005446, -23.066160583043985 ], [ -46.417579717380889, -23.066160531213907 ], [ -46.417583568931832, -23.066160496660409 ], [ -46.417587420482768, -23.066160462106819 ], [ -46.417591272033697, -23.066160427553136 ], [ -46.417595142256268, -23.066162174923104 ], [ -46.417599012478938, -23.066163922292972 ], [ -46.417602864029945, -23.066163887738995 ], [ -46.417606752924563, -23.066167417032396 ], [ -46.417610660491249, -23.066172728249434 ], [ -46.417612623610651, -23.066176274819775 ], [ -46.417614586730167, -23.066179821390072 ], [ -46.417614642745939, -23.066185167161262 ], [ -46.417614680089805, -23.066188731008719 ], [ -46.417612810329693, -23.06619409405706 ], [ -46.417608996121565, -23.066197692458772 ], [ -46.417605144569606, -23.066197727012945 ], [ -46.417601311689403, -23.066199543490754 ], [ -46.41759746013738, -23.066199578044738 ], [ -46.417591701480973, -23.066201411799291 ], [ -46.417587887272056, -23.06620501020053 ], [ -46.417584054391398, -23.066206826677945 ], [ -46.41758022151064, -23.066208643155271 ], [ -46.417578333077422, -23.066212224279518 ], [ -46.417574481525001, -23.066212258832962 ], [ -46.417570648643938, -23.066214075310079 ], [ -46.417566797091453, -23.066214109863335 ], [ -46.417562945538954, -23.066214144416499 ], [ -46.417559093986455, -23.06621417896957 ], [ -46.417555242433934, -23.066214213522549 ], [ -46.417551390881414, -23.066214248075433 ], [ -46.417547539328886, -23.066214282628223 ], [ -46.417543687776359, -23.066214317180926 ], [ -46.41753983622381, -23.066214351733525 ], [ -46.417532133118705, -23.066214420838449 ], [ -46.417528281566135, -23.066214455390771 ], [ -46.417524430013572, -23.066214489942997 ], [ -46.417518652684691, -23.066214541771167 ], [ -46.417514801132107, -23.066214576323159 ], [ -46.417510968250099, -23.066216392798854 ], [ -46.417507116697443, -23.066216427350664 ], [ -46.417503283815272, -23.066218243826178 ], [ -46.417499469603435, -23.066221842225421 ], [ -46.417495636721007, -23.066223658700771 ], [ -46.41749374828531, -23.066227239824133 ], [ -46.417493785626057, -23.06623080367175 ], [ -46.417493822966819, -23.066234367519368 ], [ -46.417491934530943, -23.066237948642705 ], [ -46.417491971871662, -23.066241512490329 ], [ -46.417493934989146, -23.066245059062215 ], [ -46.417493972329943, -23.066248622909828 ], [ -46.417494028341146, -23.066253968681252 ], [ -46.417495991458878, -23.066257515253081 ], [ -46.417501806130659, -23.066261027273256 ], [ -46.417505695025724, -23.066264556569099 ], [ -46.417507676814523, -23.066269885064568 ], [ -46.417511565710001, -23.06627341436025 ], [ -46.417519287489284, -23.066275127179935 ], [ -46.417523157714399, -23.066276874551527 ], [ -46.417527009268753, -23.06627683999924 ], [ -46.417530860823092, -23.066276805446865 ], [ -46.417534712377424, -23.066276770894387 ], [ -46.417540489708919, -23.066276719065499 ], [ -46.417544341263238, -23.0662766845128 ], [ -46.417548192817542, -23.066276649959999 ], [ -46.417552044371845, -23.066276615407102 ], [ -46.417555895926135, -23.066276580854115 ], [ -46.417559728809138, -23.06627476437728 ], [ -46.417563580363364, -23.066274729824112 ], [ -46.41756743191759, -23.066274695270842 ], [ -46.417571283471794, -23.066274660717479 ], [ -46.41757132081468, -23.066278224564964 ], [ -46.417571358157566, -23.066281788412443 ], [ -46.417571395500467, -23.066285352259921 ], [ -46.41756758128875, -23.066288950660777 ], [ -46.417567618631558, -23.066292514508259 ], [ -46.417563785748193, -23.066294330985293 ], [ -46.417558027087289, -23.066296164738809 ], [ -46.417554212874919, -23.066299763139384 ], [ -46.41755232443986, -23.066303344263375 ], [ -46.417554287559874, -23.066306890834369 ], [ -46.41756010223525, -23.066310402852192 ], [ -46.417563953790491, -23.066310368298961 ], [ -46.417567805345726, -23.066310333745633 ], [ -46.417571656900954, -23.066310299192214 ], [ -46.417575508456174, -23.066310264638698 ], [ -46.417579360011388, -23.066310230085094 ], [ -46.417585137344197, -23.066310178254504 ], [ -46.417588988899382, -23.066310143700658 ], [ -46.417592821782819, -23.066308327223002 ], [ -46.417596635994343, -23.066304728821553 ], [ -46.417600450205668, -23.066301130420012 ], [ -46.417604264416788, -23.066297532018393 ], [ -46.417604227072999, -23.066293968170974 ], [ -46.417604189729225, -23.066290404323549 ], [ -46.417608022611887, -23.066288587845563 ], [ -46.417609892373285, -23.066283224797264 ], [ -46.417613725255663, -23.066281408319149 ], [ -46.417619465243, -23.066277792639969 ], [ -46.417625205230017, -23.066274176960583 ], [ -46.417630963888939, -23.066272343204702 ], [ -46.417634796770713, -23.066270526726111 ], [ -46.417640574101682, -23.066270474893585 ], [ -46.417644388310862, -23.066266876491071 ], [ -46.41764822119228, -23.066265060012164 ], [ -46.417648183847398, -23.066261496164788 ], [ -46.417648146502522, -23.066257932317431 ], [ -46.417648109157646, -23.066254368470059 ], [ -46.417648071812792, -23.06625080462268 ], [ -46.417646108691279, -23.066247258052915 ], [ -46.417646052674094, -23.06624191228185 ], [ -46.417646015329304, -23.066238348434474 ], [ -46.417645977984527, -23.066234784587088 ], [ -46.417645940639758, -23.066231220739699 ], [ -46.41764782907137, -23.066227639614727 ], [ -46.417651680624111, -23.066227605059474 ], [ -46.417655532176845, -23.066227570504129 ], [ -46.417659402402123, -23.066229317872367 ], [ -46.417663291300116, -23.066232847164187 ], [ -46.417667180198315, -23.066236376455898 ], [ -46.417671106442157, -23.066243469594845 ], [ -46.417673088236995, -23.066248798087933 ], [ -46.417675051359211, -23.066252344657336 ], [ -46.417678940258284, -23.066255873948702 ], [ -46.417682847830456, -23.066261185163629 ], [ -46.417686718057041, -23.066262932531124 ], [ -46.417690606956718, -23.066266461822174 ], [ -46.417694477183552, -23.06626820918947 ], [ -46.417698347410472, -23.066269956556674 ], [ -46.417702198964335, -23.066269922000128 ], [ -46.417706050518191, -23.066269887443486 ], [ -46.417709902072033, -23.066269852886755 ], [ -46.417713753625868, -23.066269818329932 ], [ -46.417717605179696, -23.066269783773013 ], [ -46.417721456733524, -23.066269749215998 ], [ -46.417725308287345, -23.066269714658894 ], [ -46.417729159841144, -23.066269680101687 ], [ -46.417732974047823, -23.066266081697155 ], [ -46.417738714031088, -23.066262466013814 ], [ -46.417742565584675, -23.066262431456298 ], [ -46.417748342915026, -23.06626237961985 ], [ -46.417752194468584, -23.066262345062096 ], [ -46.417756046022141, -23.06626231050425 ], [ -46.417759897575685, -23.066262275946311 ], [ -46.417763786477153, -23.066265805235464 ], [ -46.417767694052841, -23.066271116448107 ], [ -46.417769657177836, -23.06627466301617 ], [ -46.417771620302929, -23.066278209584212 ], [ -46.417773583428129, -23.066281756152208 ], [ -46.417775546553436, -23.066285302720186 ], [ -46.417775583901715, -23.066288866567355 ], [ -46.417779454130184, -23.066290613932473 ], [ -46.417781454604238, -23.066297724347507 ], [ -46.41778730663323, -23.066304800203824 ], [ -46.417787343981857, -23.066308364050965 ], [ -46.417795084440293, -23.066311858780441 ], [ -46.417797047566637, -23.066315405348089 ], [ -46.417802862248166, -23.066318917356636 ], [ -46.417804825374823, -23.066322463924173 ], [ -46.417808676930001, -23.066322429364956 ], [ -46.41781064005685, -23.066325975932401 ], [ -46.41781451028681, -23.066327723296585 ], [ -46.417818380516863, -23.066329470660662 ], [ -46.417820343644081, -23.066333017227961 ], [ -46.417824195199529, -23.066332982668353 ], [ -46.41782999120759, -23.066334712752305 ], [ -46.417833880112987, -23.0663382420395 ], [ -46.417837731668563, -23.066338207479557 ], [ -46.417841601899184, -23.066339954843041 ], [ -46.417847397907735, -23.066341684926314 ], [ -46.417851249463389, -23.066341650366038 ], [ -46.417855101019036, -23.066341615805669 ], [ -46.417857064147384, -23.066345162372443 ], [ -46.417860915703123, -23.066345127811925 ], [ -46.417864767258848, -23.066345093251311 ], [ -46.417868637489988, -23.066346840614113 ], [ -46.417870600618762, -23.066350387180702 ], [ -46.41787448952563, -23.066353916466824 ], [ -46.417880304210726, -23.066357428472319 ], [ -46.417882267339969, -23.066360975038748 ], [ -46.417888063349871, -23.066362705120454 ], [ -46.417891933581799, -23.066364452482617 ], [ -46.417897729591957, -23.066366182563968 ], [ -46.417903525602242, -23.066367912645084 ], [ -46.417907395834504, -23.06636966000686 ], [ -46.417911266066852, -23.066371407368539 ], [ -46.417911303418862, -23.066374971215442 ], [ -46.417915192327477, -23.06637850050047 ], [ -46.417919081236292, -23.066382029785373 ], [ -46.417922951469137, -23.066383777146747 ], [ -46.417926840378307, -23.066387306431444 ], [ -46.417930710611401, -23.066389053792598 ], [ -46.417934599520919, -23.066392583077093 ], [ -46.417938469754262, -23.06639433043804 ], [ -46.41794233998769, -23.066396077798899 ], [ -46.417946210221217, -23.066397825159658 ], [ -46.417950003593361, -23.066401677646674 ], [ -46.41890639, -23.06578889 ], [ -46.41876972, -23.06567389 ], [ -46.41824139, -23.06502944 ], [ -46.4179275, -23.06479833 ], [ -46.41766667, -23.06461056 ], [ -46.41742139, -23.06443 ], [ -46.41734056, -23.06436417 ], [ -46.41715111, -23.06417722 ], [ -46.41705917, -23.06409944 ], [ -46.41702306, -23.06414861 ], [ -46.41691917, -23.0642125 ], [ -46.41687, -23.06429306 ], [ -46.41680778, -23.06448417 ], [ -46.41685139, -23.06453833 ], [ -46.41682194, -23.06454583 ], [ -46.41670833, -23.06456306 ], [ -46.4165475, -23.06461222 ], [ -46.41648139, -23.06462167 ], [ -46.41615361, -23.06460528 ], [ -46.41603722, -23.06460972 ], [ -46.41592083, -23.06458833 ], [ -46.415909756422387, -23.064554338594593 ], [ -46.415904690914473, -23.06455740967602 ], [ -46.415902821104183, -23.06456277270744 ], [ -46.415898988243782, -23.064564589143142 ], [ -46.415897118433165, -23.064569952174505 ], [ -46.415897155728878, -23.064573516025352 ], [ -46.415897193024598, -23.064577079876173 ], [ -46.415897230320333, -23.064580643727016 ], [ -46.415897286263935, -23.064585989503264 ], [ -46.415897323559676, -23.064589553354086 ], [ -46.415897360855432, -23.064593117204918 ], [ -46.415899323905812, -23.064596663800593 ], [ -46.415905138465646, -23.064600175885865 ], [ -46.415905194409618, -23.064605521662081 ], [ -46.415909045919094, -23.064605487151582 ], [ -46.415912934724759, -23.064609016491783 ], [ -46.415914897775792, -23.064612563087245 ], [ -46.41591878658182, -23.064616092427279 ], [ -46.415920749633116, -23.064619639022652 ], [ -46.415920786929547, -23.064623202873431 ], [ -46.415924675736036, -23.064626732213291 ], [ -46.415928564542732, -23.064630261553052 ], [ -46.415928601839383, -23.064633825403813 ], [ -46.415936304859876, -23.064633756381507 ], [ -46.415940212315554, -23.064639067646318 ], [ -46.415944063825926, -23.06463903313492 ], [ -46.415947933984889, -23.064640780548789 ], [ -46.415951785495302, -23.064640746037199 ], [ -46.415955655654393, -23.064642493450886 ], [ -46.415959525813591, -23.06464424086445 ], [ -46.415963395972874, -23.06464598827792 ], [ -46.415967247483415, -23.06464595376595 ], [ -46.415971098993943, -23.064645919253881 ], [ -46.415974950504463, -23.064645884741719 ], [ -46.415980727770233, -23.064645832973305 ], [ -46.415984560631657, -23.064644016535581 ], [ -46.415988412142106, -23.064643982023092 ], [ -46.415992263652541, -23.064643947510511 ], [ -46.415996115162976, -23.064643912997841 ], [ -46.415999966673397, -23.064643878485072 ], [ -46.41600381818381, -23.064643843972213 ], [ -46.416007669694224, -23.064643809459255 ], [ -46.416011521204624, -23.064643774946205 ], [ -46.416015372715009, -23.064643740433063 ], [ -46.416019224225401, -23.064643705919828 ], [ -46.416025001490965, -23.064643654149798 ], [ -46.416030778756515, -23.064643602379554 ], [ -46.416034630266871, -23.064643567865939 ], [ -46.416038500427, -23.064645315277527 ], [ -46.416044296342449, -23.064647045432075 ], [ -46.416048147852877, -23.064647010918126 ], [ -46.416051999363305, -23.064646976404088 ], [ -46.416053962418495, -23.064650522997592 ], [ -46.416059758334328, -23.06465225315155 ], [ -46.41606362849501, -23.064654000562498 ], [ -46.416067517305954, -23.0646575298986 ], [ -46.416071406117105, -23.064661059234606 ], [ -46.416075257627888, -23.064661024719978 ], [ -46.416079109138664, -23.064660990205258 ], [ -46.41608296064944, -23.064660955690442 ], [ -46.416086812160202, -23.064660921175534 ], [ -46.416090645020475, -23.064659104735281 ], [ -46.416094496531166, -23.064659070220191 ], [ -46.416098348041864, -23.064659035705006 ], [ -46.41610219955254, -23.064659001189725 ], [ -46.416106051063217, -23.064658966674347 ], [ -46.416109902573886, -23.064658932158881 ], [ -46.416113754084549, -23.064658897643319 ], [ -46.416119531350525, -23.064658845869801 ], [ -46.416123382861166, -23.064658811354004 ], [ -46.4161272343718, -23.064658776838115 ], [ -46.416131123184464, -23.064662306172568 ], [ -46.416138826205895, -23.064662237140301 ], [ -46.4161426777166, -23.064662202624035 ], [ -46.416146510576084, -23.064660386182471 ], [ -46.416150362086718, -23.064660351666014 ], [ -46.416154213597352, -23.064660317149464 ], [ -46.416158065107979, -23.064660282632818 ], [ -46.416161916618591, -23.064660248116088 ], [ -46.416165768129204, -23.06466021359925 ], [ -46.416169600988283, -23.064658397157135 ], [ -46.416175359602505, -23.064656563456392 ], [ -46.416183025320073, -23.064652930571643 ], [ -46.416186876830437, -23.064652896054309 ], [ -46.416190728340801, -23.064652861536878 ], [ -46.416194579851151, -23.064652827019351 ], [ -46.416198431361501, -23.064652792501747 ], [ -46.416202282871836, -23.064652757984032 ], [ -46.416206134382165, -23.064652723466224 ], [ -46.416211930299724, -23.064654453614494 ], [ -46.416215800462219, -23.064656201021599 ], [ -46.416219670624798, -23.064657948428614 ], [ -46.416223540787485, -23.06465969583553 ], [ -46.416229318053219, -23.064659644057997 ], [ -46.416233188216054, -23.064661391464661 ], [ -46.416237058378996, -23.064663138871222 ], [ -46.416240928542031, -23.064664886277686 ], [ -46.416244780052644, -23.064664851758923 ], [ -46.416248631563242, -23.064664817240068 ], [ -46.416252483073841, -23.064664782721113 ], [ -46.416256334584425, -23.064664748202066 ], [ -46.416260186095016, -23.064664713682934 ], [ -46.416264037605586, -23.064664679163702 ], [ -46.416267889116149, -23.064664644644374 ], [ -46.416271740626712, -23.064664610124954 ], [ -46.416275592137261, -23.064664575605441 ], [ -46.416283313811363, -23.064666288491239 ], [ -46.416287202628105, -23.064669817821631 ], [ -46.416291091445046, -23.064673347151917 ], [ -46.416294961608997, -23.064675094557007 ], [ -46.416298831773055, -23.06467684196199 ], [ -46.416302701937198, -23.064678589366892 ], [ -46.416306572101448, -23.064680336771676 ], [ -46.41631042361238, -23.064680302251293 ], [ -46.416314293776765, -23.064682049655882 ], [ -46.416316256839202, -23.064685596245749 ], [ -46.416322052759369, -23.064687326389826 ], [ -46.416325904270487, -23.06468729186906 ], [ -46.416329755781589, -23.064687257348194 ], [ -46.416335533048233, -23.064687205566724 ], [ -46.416339365905543, -23.064685389120573 ], [ -46.416343198762739, -23.064683572674337 ], [ -46.416347050273714, -23.064683538153059 ], [ -46.416350901784682, -23.064683503631681 ], [ -46.416354715987673, -23.064679905260128 ], [ -46.416360474599891, -23.064678071552731 ], [ -46.416364326110674, -23.064678037031033 ], [ -46.416368177621457, -23.064678002509243 ], [ -46.416372029132226, -23.064677967987361 ], [ -46.41637589929725, -23.064679715390401 ], [ -46.416379769462367, -23.064681462793345 ], [ -46.416383658281944, -23.064684992121219 ], [ -46.416387547101721, -23.064688521448971 ], [ -46.416387584410565, -23.064692085298997 ], [ -46.416387621719409, -23.064695649149019 ], [ -46.416387659028274, -23.064699212999042 ], [ -46.416387696337132, -23.064702776849067 ], [ -46.416387752300452, -23.064708122624083 ], [ -46.416387789609331, -23.064711686474105 ], [ -46.416387826918218, -23.064715250324124 ], [ -46.416384012715213, -23.064718848696455 ], [ -46.416384050024014, -23.064722412546477 ], [ -46.416384105987234, -23.064727758321489 ], [ -46.416384143296057, -23.064731322171504 ], [ -46.416386106361067, -23.064734868760358 ], [ -46.416386143669961, -23.064738432610358 ], [ -46.416386180978854, -23.064741996460366 ], [ -46.416390069800421, -23.064745525787949 ], [ -46.416390107109429, -23.064749089637946 ], [ -46.416392070174886, -23.064752636226686 ], [ -46.416394051895004, -23.064757964740398 ], [ -46.416397940717246, -23.064761494067753 ], [ -46.416399903783095, -23.064765040656368 ], [ -46.41640186684905, -23.064768587244959 ], [ -46.416407644118991, -23.064768535460676 ], [ -46.416411495632275, -23.064768500937703 ], [ -46.416415347145552, -23.064768466414641 ], [ -46.416419180003906, -23.064766649966511 ], [ -46.41642303151712, -23.064766615443261 ], [ -46.416426883030319, -23.064766580919919 ], [ -46.416430734543511, -23.064766546396484 ], [ -46.416434586056702, -23.064766511872943 ], [ -46.41643843756988, -23.064766477349327 ], [ -46.416438474880202, -23.064770041199232 ], [ -46.416438512190531, -23.064773605049144 ], [ -46.416436623744133, -23.064777186160882 ], [ -46.416432828195937, -23.064782566459353 ], [ -46.416430958404348, -23.064787929495992 ], [ -46.416430995714514, -23.064791493345897 ], [ -46.416429107267682, -23.064795074457564 ], [ -46.416429144577812, -23.064798638307483 ], [ -46.416431107645053, -23.06480218489563 ], [ -46.416431144955247, -23.064805748745538 ], [ -46.416431182265448, -23.064809312595433 ], [ -46.416431219575657, -23.064812876445345 ], [ -46.416431275540987, -23.0648182222202 ], [ -46.416431312851216, -23.064821786070091 ], [ -46.416433275918884, -23.064825332658192 ], [ -46.416435238986658, -23.064828879246246 ], [ -46.416439090501605, -23.06482884472252 ], [ -46.416442942016552, -23.064828810198694 ], [ -46.416446793531499, -23.064828775674776 ], [ -46.416450645046424, -23.06482874115077 ], [ -46.41645449656135, -23.064828706626663 ], [ -46.416458348076269, -23.064828672102465 ], [ -46.416464162659736, -23.064832184165837 ], [ -46.416468032830352, -23.064833931566316 ], [ -46.416471921656715, -23.064837460891614 ], [ -46.416471958968053, -23.064841024741437 ], [ -46.416471996279391, -23.064844588591264 ], [ -46.416472033590743, -23.064848152441083 ], [ -46.416472070902095, -23.064851716290914 ], [ -46.416472108213455, -23.064855280140726 ], [ -46.416472145524828, -23.06485884399055 ], [ -46.416472182836202, -23.064862407840369 ], [ -46.41647222014759, -23.064865971690178 ], [ -46.416470331700957, -23.064869552802307 ], [ -46.416470387667978, -23.064874898577024 ], [ -46.416470424979345, -23.064878462426837 ], [ -46.416468536532506, -23.064882043538951 ], [ -46.416464722327305, -23.064885641913282 ], [ -46.416464759638544, -23.064889205763105 ], [ -46.416464815605401, -23.064894551537829 ], [ -46.416464852916647, -23.064898115387638 ], [ -46.416464890227907, -23.064901679237447 ], [ -46.416464927539174, -23.06490524308726 ], [ -46.416464964850441, -23.064908806937066 ], [ -46.416465002161722, -23.064912370786868 ], [ -46.416465039473003, -23.064915934636677 ], [ -46.416467002543037, -23.064919481224187 ], [ -46.416470872716246, -23.064921228624467 ], [ -46.41647287309803, -23.064928339061684 ], [ -46.41647676192737, -23.064931868386672 ], [ -46.416482576515882, -23.064935380449079 ], [ -46.416482613827675, -23.064938944298838 ], [ -46.416482651139468, -23.064942508148615 ], [ -46.416486539969483, -23.064946037473327 ], [ -46.416490428799698, -23.064949566797925 ], [ -46.416494317630125, -23.064953096122427 ], [ -46.416498206460744, -23.064956625446818 ], [ -46.41650205797923, -23.064956590921369 ], [ -46.416505928153931, -23.064958338320693 ], [ -46.416509798328725, -23.064960085719914 ], [ -46.416513668503612, -23.064961833119039 ], [ -46.416517538678598, -23.064963580518061 ], [ -46.416519501750734, -23.064967127104804 ], [ -46.416521464822985, -23.064970673691523 ], [ -46.416523427895335, -23.064974220278206 ], [ -46.416523465208272, -23.064977784127898 ], [ -46.416523502521216, -23.064981347977575 ], [ -46.416523558490645, -23.064986693752104 ], [ -46.416523595803604, -23.064990257601774 ], [ -46.416523633116576, -23.064993821451456 ], [ -46.416523670429555, -23.064997385301133 ], [ -46.416523707742542, -23.065000949150811 ], [ -46.416523745055528, -23.065004513000492 ], [ -46.416523782368529, -23.065008076850155 ], [ -46.416523819681544, -23.065011640699829 ], [ -46.416521931234492, -23.06501522181253 ], [ -46.416518079714372, -23.065015256338544 ], [ -46.416518117027245, -23.065018820188229 ], [ -46.416514302819792, -23.065022418563824 ], [ -46.416512414372356, -23.065025999676436 ], [ -46.416510525924821, -23.065029580789023 ], [ -46.416508656133523, -23.065034943826436 ], [ -46.416504823269101, -23.065036760277003 ], [ -46.416502934821224, -23.065040341389516 ], [ -46.41649912061277, -23.065043939764792 ], [ -46.416497232164659, -23.065047520877243 ], [ -46.416495343716448, -23.065051101989685 ], [ -46.416491529507496, -23.065054700364797 ], [ -46.416489641059037, -23.065058281477175 ], [ -46.416487752610493, -23.065061862589527 ], [ -46.416483919745012, -23.065063679039628 ], [ -46.416483975713099, -23.065069024814193 ], [ -46.416480161503351, -23.065072623189057 ], [ -46.416474421532435, -23.065076238826361 ], [ -46.416470570010496, -23.065076273351298 ], [ -46.416468681561206, -23.065079854463448 ], [ -46.41646486735074, -23.065083452837982 ], [ -46.416461071795823, -23.065088833137306 ], [ -46.416457238929205, -23.065090649586804 ], [ -46.416455350479367, -23.065094230698818 ], [ -46.416453462029445, -23.065097811810826 ], [ -46.416453499340754, -23.065101375660564 ], [ -46.416453536652085, -23.065104939510299 ], [ -46.416453573963416, -23.065108503360037 ], [ -46.416453611274754, -23.065112067209768 ], [ -46.416455574347644, -23.065115613797225 ], [ -46.416459463182235, -23.06511914312231 ], [ -46.416461444911171, -23.065124471634533 ], [ -46.416467259507883, -23.065127983697028 ], [ -46.416471148343128, -23.06513151302179 ], [ -46.416475018522611, -23.065133260421607 ], [ -46.416476981596382, -23.065136807008734 ], [ -46.416478944670267, -23.06514035359584 ], [ -46.416484740611992, -23.065142083732795 ], [ -46.416488610791937, -23.065143831132243 ], [ -46.416492499628191, -23.065147360456432 ], [ -46.416496369808378, -23.065149107855678 ], [ -46.416500239988665, -23.065150855254828 ], [ -46.41650027730131, -23.06515441910447 ], [ -46.416500314613963, -23.065157982954112 ], [ -46.416500351926622, -23.065161546803754 ], [ -46.416500389239289, -23.065165110653389 ], [ -46.416500426551963, -23.065168674503031 ], [ -46.416500463864644, -23.065172238352663 ], [ -46.416500501177332, -23.06517580220229 ], [ -46.416500538490027, -23.065179366051925 ], [ -46.416496724277806, -23.065182964427279 ], [ -46.416496761590416, -23.065186528276914 ], [ -46.416496798903033, -23.065190092126539 ], [ -46.416492966034149, -23.06519190857701 ], [ -46.41649300334668, -23.065195472426645 ], [ -46.416491114896523, -23.065199053539072 ], [ -46.416491152209005, -23.065202617388699 ], [ -46.416489263758706, -23.065206198501119 ], [ -46.416489301071159, -23.065209762350744 ], [ -46.416489338383627, -23.065213326200386 ], [ -46.416489375696095, -23.065216890050021 ], [ -46.41648941300857, -23.065220453899638 ], [ -46.416493320503463, -23.065225765148476 ], [ -46.416493357816059, -23.065229328998093 ], [ -46.416495320891848, -23.065232875584865 ], [ -46.416495358204507, -23.065236439434482 ], [ -46.416495395517174, -23.065240003284082 ], [ -46.416497358593183, -23.065243549870818 ], [ -46.416497395905921, -23.065247113720414 ], [ -46.416503210508942, -23.065250625781232 ], [ -46.416503247821844, -23.065254189630821 ], [ -46.416507118005292, -23.06525593702963 ], [ -46.416507155318307, -23.065259500879211 ], [ -46.416509118394934, -23.065263047465763 ], [ -46.416509155708013, -23.065266611315334 ], [ -46.416513025891895, -23.065268358713976 ], [ -46.416513063205088, -23.065271922563547 ], [ -46.416513100518294, -23.065275486413118 ], [ -46.416513137831494, -23.065279050262678 ], [ -46.416513175144715, -23.065282614112242 ], [ -46.416513212457943, -23.065286177961799 ], [ -46.416515175535146, -23.065289724548236 ], [ -46.416517138612448, -23.065293271134639 ], [ -46.41651717592579, -23.065296834984188 ], [ -46.416521046110653, -23.065298582382578 ], [ -46.416521083424115, -23.065302146232121 ], [ -46.416521120737578, -23.06530571008166 ], [ -46.416523083815299, -23.06530925666797 ], [ -46.416525046893128, -23.06531280325424 ], [ -46.416525084206711, -23.065316367103769 ], [ -46.416528954392241, -23.065318114501913 ], [ -46.41653288054858, -23.065325207674249 ], [ -46.416532917862398, -23.065328771523767 ], [ -46.416536788048383, -23.065330518921694 ], [ -46.41654065823446, -23.065332266319547 ], [ -46.416540695548498, -23.065335830169037 ], [ -46.416540732862543, -23.065339394018537 ], [ -46.416540770176589, -23.065342957868026 ], [ -46.416540807490648, -23.065346521717522 ], [ -46.416540844804715, -23.065350085567012 ], [ -46.416538956353925, -23.065353666679989 ], [ -46.41653514213813, -23.065357265056385 ], [ -46.416531327922129, -23.065360863432701 ], [ -46.41652558794091, -23.065364479072272 ], [ -46.416525625254607, -23.065368042921776 ], [ -46.416525662568311, -23.065371606771283 ], [ -46.416525699882023, -23.065375170620779 ], [ -46.416525737195748, -23.06537873447029 ], [ -46.416525774509473, -23.065382298319793 ], [ -46.416525811823206, -23.06538586216929 ], [ -46.416525849136953, -23.065389426018783 ], [ -46.416529719324629, -23.065391173416803 ], [ -46.416529756638482, -23.065394737266281 ], [ -46.416531719717852, -23.065398283852371 ], [ -46.416533682797322, -23.065401830438407 ], [ -46.41653755298546, -23.065403577836221 ], [ -46.416541404516593, -23.065403543309188 ], [ -46.416543367596397, -23.065407089895093 ], [ -46.41654725644198, -23.065410619217371 ], [ -46.416549219522039, -23.065414165803187 ], [ -46.416555034133737, -23.065417677861596 ], [ -46.416556997214109, -23.065421224447295 ], [ -46.416557034528736, -23.065424788296731 ], [ -46.416560923375187, -23.065428317618622 ], [ -46.41656483087926, -23.065433628865105 ], [ -46.416564868194115, -23.065437192714519 ], [ -46.416568738383646, -23.065438940111477 ], [ -46.416572589915745, -23.06543890558364 ], [ -46.416578367213873, -23.06543885379169 ], [ -46.416582218745944, -23.065438819263623 ], [ -46.416586070278022, -23.065438784735445 ], [ -46.416589921810079, -23.065438750207182 ], [ -46.416593773342136, -23.065438715678823 ], [ -46.416597624874179, -23.065438681150368 ], [ -46.416603402172228, -23.065438629357512 ], [ -46.416607253704257, -23.06543859482883 ], [ -46.416611105236285, -23.065438560300045 ], [ -46.416614956768292, -23.065438525771174 ], [ -46.416618845616583, -23.06544205509153 ], [ -46.416624641572952, -23.065443785222552 ], [ -46.416626604655526, -23.065447331807274 ], [ -46.416628567738201, -23.06545087839196 ], [ -46.416632456587202, -23.06545440771195 ], [ -46.416634438328508, -23.065459736221204 ], [ -46.416634475645246, -23.065463300070491 ], [ -46.41663453162036, -23.065468645844433 ], [ -46.41663456893712, -23.065472209693716 ], [ -46.416634606253886, -23.065475773543007 ], [ -46.416634643570653, -23.065479337392308 ], [ -46.416634680887434, -23.065482901241584 ], [ -46.416634718204214, -23.065486465090874 ], [ -46.416632829754285, -23.065490046204879 ], [ -46.416630941304263, -23.065493627318876 ], [ -46.416629052854141, -23.065497208432838 ], [ -46.416627164403927, -23.0655007895468 ], [ -46.416623331528413, -23.065502606000702 ], [ -46.416619479994587, -23.065502640529871 ], [ -46.416617591544046, -23.06550622164373 ], [ -46.416617628860422, -23.065509785493024 ], [ -46.416619591943871, -23.065513332077771 ], [ -46.416619629260317, -23.065516895927061 ], [ -46.416619666576764, -23.065520459776348 ], [ -46.416619703893225, -23.065524023625652 ], [ -46.416619741209686, -23.065527587474932 ], [ -46.416619778526162, -23.065531151324226 ], [ -46.416619815842644, -23.065534715173506 ], [ -46.416619853159126, -23.065538279022789 ], [ -46.416621816243087, -23.065541825607468 ], [ -46.416623797985466, -23.06554715411675 ], [ -46.416627686837259, -23.065550683436687 ], [ -46.416631557030854, -23.065552430831879 ], [ -46.41663352011534, -23.06555597741637 ], [ -46.41663548319994, -23.065559524000843 ], [ -46.416635520516877, -23.065563087850098 ], [ -46.416635557833828, -23.065566651699335 ], [ -46.416635595150787, -23.065570215548586 ], [ -46.416635651126242, -23.065575561322458 ], [ -46.416635688443222, -23.065579125171695 ], [ -46.416635725760202, -23.065582689020935 ], [ -46.416635763077203, -23.065586252870169 ], [ -46.416635800394197, -23.065589816719417 ], [ -46.416637782137926, -23.065595145228425 ], [ -46.416641652332935, -23.065596892623294 ], [ -46.416645578503967, -23.065603985791878 ], [ -46.416651355808959, -23.065603933996915 ], [ -46.416655207345606, -23.065603899466844 ], [ -46.416655244663154, -23.065607463316038 ], [ -46.416655281980709, -23.065611027165232 ], [ -46.416655319298265, -23.065614591014437 ], [ -46.416655375274615, -23.06561993678822 ], [ -46.416653486823591, -23.065623517902491 ], [ -46.41664967260381, -23.065627116281753 ], [ -46.416649709921252, -23.065630680130955 ], [ -46.416649747238694, -23.065634243980153 ], [ -46.416649784556149, -23.065637807829347 ], [ -46.416647914763452, -23.06564317086815 ], [ -46.416646026311938, -23.065646751982339 ], [ -46.416646063629322, -23.065650315831537 ], [ -46.416646100946707, -23.065653879680731 ], [ -46.416646138264092, -23.065657443529915 ], [ -46.416646175581498, -23.065661007379113 ], [ -46.416646212898911, -23.06566457122829 ], [ -46.416646250216324, -23.06566813507748 ], [ -46.416646287533744, -23.065671698926664 ], [ -46.416646324851186, -23.065675262775844 ], [ -46.41664636216862, -23.065678826625021 ], [ -46.416646418144794, -23.065684172398786 ], [ -46.416646455462249, -23.06568773624797 ], [ -46.416646492779712, -23.065691300097132 ], [ -46.416646530097182, -23.065694863946316 ], [ -46.416644641644986, -23.065698445060502 ], [ -46.41664467896242, -23.065702008909675 ], [ -46.416644734938586, -23.065707354683433 ], [ -46.416644772256042, -23.065710918532591 ], [ -46.416644809573512, -23.065714482381765 ], [ -46.41664869843089, -23.065718011700834 ], [ -46.416648735748467, -23.065721575549993 ], [ -46.416652605947313, -23.065723322944375 ], [ -46.416656476146258, -23.065725070338665 ], [ -46.416658439234155, -23.06572861692262 ], [ -46.416662290774347, -23.065728582392182 ], [ -46.416668105402721, -23.065732094445469 ], [ -46.416673901372256, -23.065733824573979 ], [ -46.416679697341934, -23.065735554702258 ], [ -46.416687419081946, -23.065737267564781 ], [ -46.416691289281701, -23.065739014958165 ], [ -46.416695178140969, -23.065742544275984 ], [ -46.416695234119238, -23.065747890049593 ], [ -46.416695271438094, -23.065751453898667 ], [ -46.416695308756964, -23.065755017747737 ], [ -46.416695346075834, -23.06575858159681 ], [ -46.416695383394718, -23.06576214544587 ], [ -46.416695420713609, -23.065765709294944 ], [ -46.4166954580325, -23.065769273144006 ], [ -46.416697421122095, -23.065772819727371 ], [ -46.416697477100534, -23.065778165500966 ], [ -46.416697514419511, -23.065781729350011 ], [ -46.416697551738494, -23.065785293199067 ], [ -46.41669758905747, -23.065788857048126 ], [ -46.416697626376468, -23.065792420897168 ], [ -46.416697663695473, -23.06579598474622 ], [ -46.416697701014478, -23.065799548595258 ], [ -46.416695812562374, -23.065803129710019 ], [ -46.416693942769626, -23.065808492749287 ], [ -46.416690109886638, -23.065810309205137 ], [ -46.416688221434185, -23.065813890319816 ], [ -46.416684407210305, -23.065817488700073 ], [ -46.416680592986218, -23.065821087080241 ], [ -46.416676741443425, -23.065821121611247 ], [ -46.416672908559825, -23.065822938066706 ], [ -46.416667131245532, -23.065822989862912 ], [ -46.416663279702668, -23.065823024393605 ], [ -46.41665942815979, -23.065823058924202 ], [ -46.416655557957938, -23.065821311530151 ], [ -46.416651706415095, -23.065821346060559 ], [ -46.416647854872245, -23.065821380590869 ], [ -46.416644003329395, -23.065821415121086 ], [ -46.416640151786531, -23.06582144965121 ], [ -46.41663630024366, -23.065821484181235 ], [ -46.416632448700781, -23.065821518711175 ], [ -46.416626671386453, -23.065821570505896 ], [ -46.416622819843553, -23.065821605035602 ], [ -46.416617042529204, -23.065821656829975 ], [ -46.416613190986283, -23.065821691359442 ], [ -46.416609339443362, -23.065821725888814 ], [ -46.416605469242121, -23.065819978493504 ], [ -46.416601580382725, -23.065816449173504 ], [ -46.416595784410354, -23.065814719042489 ], [ -46.416591932867597, -23.065814753571427 ], [ -46.416586155553453, -23.06581480536466 ], [ -46.416580378239303, -23.06581485715768 ], [ -46.416576526696517, -23.065814891686241 ], [ -46.416570749382323, -23.065814943478909 ], [ -46.41656689783953, -23.065814978007239 ], [ -46.416563046296723, -23.065815012535477 ], [ -46.416559194753908, -23.065815047063616 ], [ -46.416555361868724, -23.0658168635163 ], [ -46.416551528983447, -23.065818679968888 ], [ -46.416547714755609, -23.065822278346019 ], [ -46.41654386321256, -23.065822312873799 ], [ -46.416541974755987, -23.065825893986922 ], [ -46.416540086299321, -23.065829475100035 ], [ -46.416536272070871, -23.065833073476917 ], [ -46.416536328043115, -23.065838419250834 ], [ -46.416536365357949, -23.065841983100118 ], [ -46.416536402672797, -23.065845546949394 ], [ -46.41653256978644, -23.065847363401563 ], [ -46.416528755557302, -23.065850961778288 ], [ -46.416526885757271, -23.065856324815908 ], [ -46.416523052870481, -23.065858141267871 ], [ -46.416519238640788, -23.065861739644397 ], [ -46.416519275955217, -23.06586530349368 ], [ -46.416515461725233, -23.065868901870132 ], [ -46.416511666152168, -23.065874282171137 ], [ -46.416511703466419, -23.065877846020435 ], [ -46.416511740780678, -23.065881409869739 ], [ -46.416511778094936, -23.065884973719026 ], [ -46.416511815409216, -23.065888537568323 ], [ -46.416511852723502, -23.06589210141761 ], [ -46.416511890037789, -23.065895665266904 ], [ -46.416513853124727, -23.065899211852649 ], [ -46.416513890439084, -23.065902775701932 ], [ -46.416517760641703, -23.065904523099409 ], [ -46.416521649501696, -23.065908052421427 ], [ -46.416523612589089, -23.065911599007016 ], [ -46.416527464134717, -23.065911564479606 ], [ -46.416527501449444, -23.065915128328868 ], [ -46.416529483194502, -23.065920456839002 ], [ -46.416535279170773, -23.065922186972237 ], [ -46.41653916803174, -23.065925716293773 ], [ -46.416543038235318, -23.065927463690571 ], [ -46.416546908438995, -23.065929211087273 ], [ -46.416550778642772, -23.065930958483875 ], [ -46.416554630188905, -23.065930923955772 ], [ -46.416556593277498, -23.065934470540899 ], [ -46.416560463481538, -23.065936217937246 ], [ -46.416564315027806, -23.065936183408901 ], [ -46.416568222547838, -23.06594149465424 ], [ -46.416572092752219, -23.065943242050292 ], [ -46.416574055841458, -23.065946788635152 ], [ -46.416577907387996, -23.065946754106463 ], [ -46.41658179625076, -23.065950283426844 ], [ -46.416585647797383, -23.065950248897959 ], [ -46.416589499344006, -23.065950214368986 ], [ -46.416593350890622, -23.065950179839913 ], [ -46.416597202437224, -23.065950145310747 ], [ -46.416601053983818, -23.065950110781493 ], [ -46.416604905530406, -23.06595007625214 ], [ -46.416608757076986, -23.065950041722694 ], [ -46.416612608623566, -23.065950007193152 ], [ -46.416618404602012, -23.065951737323221 ], [ -46.416622274807274, -23.065953484717987 ], [ -46.416626145012629, -23.065955232112646 ], [ -46.416630015218075, -23.065956979507227 ], [ -46.416630052535588, -23.065960543356304 ], [ -46.416630089853122, -23.065964107205378 ], [ -46.416630127170649, -23.065967671054452 ], [ -46.41663016448819, -23.065971234903529 ], [ -46.416630201805738, -23.065974798752599 ], [ -46.416630239123293, -23.065978362601669 ], [ -46.416630276440856, -23.065981926450732 ], [ -46.416630313758425, -23.065985490299802 ], [ -46.416628425302179, -23.065989071413895 ], [ -46.416628462619705, -23.065992635262962 ], [ -46.416628499937254, -23.065996199112028 ], [ -46.416628537254802, -23.065999762961091 ], [ -46.416628574572357, -23.066003326810147 ], [ -46.416628611889919, -23.06600689065921 ], [ -46.416628667866277, -23.066012236432787 ], [ -46.416624853635433, -23.066015834811882 ], [ -46.416624890952932, -23.066019398660931 ], [ -46.416624928270423, -23.066022962510001 ], [ -46.416621114039195, -23.066026560889 ], [ -46.416621151356594, -23.066030124738056 ], [ -46.416619281558233, -23.066035487776606 ], [ -46.416615467326508, -23.066039086155481 ], [ -46.416613578869189, -23.066042667269432 ], [ -46.416613616186432, -23.066046231118488 ], [ -46.416613653503674, -23.066049794967562 ], [ -46.416613690820931, -23.066053358816628 ], [ -46.416613746796827, -23.066058704590208 ], [ -46.416613784114098, -23.066062268439271 ], [ -46.416613821431376, -23.066065832288324 ], [ -46.416613858748669, -23.066069396137376 ], [ -46.41661197029093, -23.066072977251313 ], [ -46.416608137399429, -23.066074793705546 ], [ -46.416604323166347, -23.066078392084211 ], [ -46.416600490274583, -23.066080208538274 ], [ -46.416596676041138, -23.066083806916765 ], [ -46.416592843149111, -23.066085623370654 ], [ -46.416589028915311, -23.066089221748982 ], [ -46.416585214681312, -23.066092820127238 ], [ -46.416585251997894, -23.066096383976316 ], [ -46.41658336353904, -23.066099965089961 ], [ -46.416583400855586, -23.066103528939045 ], [ -46.416583438172147, -23.066107092788126 ], [ -46.416581549713108, -23.066110673901751 ], [ -46.416577716820115, -23.066112490355312 ], [ -46.41657775413654, -23.066116054204389 ], [ -46.416575865677238, -23.066119635317961 ], [ -46.416575902993621, -23.066123199167045 ], [ -46.416574014534184, -23.066126780280594 ], [ -46.416572126074648, -23.066130361394119 ], [ -46.416568274522874, -23.066130395922922 ], [ -46.416564422971085, -23.06613043045164 ], [ -46.416560552761297, -23.066128683055709 ], [ -46.416560515445312, -23.066125119206603 ], [ -46.416560478129327, -23.066121555357487 ], [ -46.416554663486181, -23.066118043301092 ], [ -46.416552700394682, -23.06611449671616 ], [ -46.416548811527669, -23.066110967395339 ], [ -46.416544959976406, -23.066111001923549 ], [ -46.416541108425143, -23.066111036451662 ], [ -46.416537256873859, -23.066111070979691 ], [ -46.416533405322575, -23.066111105507623 ], [ -46.416527627995634, -23.066111157299343 ], [ -46.416521850668673, -23.066111209090849 ], [ -46.41651799911736, -23.066111243618405 ], [ -46.416512221790377, -23.066111295409563 ], [ -46.416506463120641, -23.066113129125117 ], [ -46.416502630226461, -23.066114945576896 ], [ -46.416498778675013, -23.06611498010399 ], [ -46.41649689021358, -23.066118561216708 ], [ -46.416489224424545, -23.06612219411976 ], [ -46.416485410186866, -23.066125792495757 ], [ -46.416483521724935, -23.066129373608348 ], [ -46.416481633262904, -23.066132954720914 ], [ -46.416479744800782, -23.066136535833454 ], [ -46.416475930562456, -23.06614013420926 ], [ -46.416475967876252, -23.066143698058486 ], [ -46.416476005190049, -23.066147261907723 ], [ -46.416476042503852, -23.066150825756946 ], [ -46.416476079817663, -23.066154389606186 ], [ -46.416476117131488, -23.066157953455413 ], [ -46.416476154445313, -23.066161517304632 ], [ -46.416476191759145, -23.066165081153862 ], [ -46.416476247729918, -23.066170426927687 ], [ -46.416476285043764, -23.06617399077691 ], [ -46.416476322357624, -23.066177554626133 ], [ -46.41647832276211, -23.06618466506125 ], [ -46.416478360076042, -23.066188228910462 ], [ -46.416480323166823, -23.066191775496328 ], [ -46.416484193377535, -23.066193522894178 ], [ -46.416484249348699, -23.066198868667971 ], [ -46.416484286662815, -23.066202432517166 ], [ -46.416484323976938, -23.06620599636636 ], [ -46.416488194188119, -23.066207743764085 ], [ -46.416488231502356, -23.066211307613269 ], [ -46.416488268816593, -23.066214871462449 ], [ -46.416490231908057, -23.066218418048152 ], [ -46.416490269222365, -23.066221981897328 ], [ -46.416492232313992, -23.066225528482995 ], [ -46.416492269628364, -23.066229092332168 ], [ -46.416492306942743, -23.066232656181334 ], [ -46.416492344257129, -23.066236220030511 ], [ -46.416494307349041, -23.066239766616125 ], [ -46.416494344663491, -23.066243330465287 ], [ -46.416494381977948, -23.066246894314439 ], [ -46.41649249351476, -23.066250475427157 ], [ -46.416492530829188, -23.066254039276306 ], [ -46.416490642365858, -23.066257620389006 ], [ -46.416490679680244, -23.066261184238169 ], [ -46.416488791216771, -23.066264765350834 ], [ -46.416488828531129, -23.0662683292 ], [ -46.416485014289549, -23.066271927576132 ], [ -46.416485051603814, -23.066275491425291 ], [ -46.416485088918087, -23.066279055274446 ], [ -46.416481311990303, -23.066286217499673 ], [ -46.416477460433931, -23.06628625202648 ], [ -46.416477497748033, -23.066289815875653 ], [ -46.416477535062135, -23.066293379724826 ], [ -46.416477572376245, -23.066296943573981 ], [ -46.416477609690354, -23.066300507423144 ], [ -46.416477647004484, -23.066304071272295 ], [ -46.416477684318615, -23.066307635121458 ], [ -46.416477721632752, -23.066311198970613 ], [ -46.416477758946897, -23.066314762819768 ], [ -46.416477796261049, -23.06631832666891 ], [ -46.416477833575208, -23.066321890518068 ], [ -46.416477870889381, -23.066325454367227 ], [ -46.416477908203554, -23.066329018216365 ], [ -46.416483760168603, -23.066336094124278 ], [ -46.416485741919089, -23.066341422634466 ], [ -46.416485779233504, -23.066344986483593 ], [ -46.416489668106045, -23.066348515805611 ], [ -46.416495482757902, -23.066352027863889 ], [ -46.416503223189196, -23.066355522658203 ], [ -46.416509019184161, -23.066357252791402 ], [ -46.416514815179248, -23.066358982924374 ], [ -46.416516778273703, -23.06636252950954 ], [ -46.416518741368257, -23.066366076094685 ], [ -46.416520723120605, -23.066371404604322 ], [ -46.416524574679322, -23.06637137007634 ], [ -46.416526537774217, -23.066374916661356 ], [ -46.416528500869212, -23.066378463246348 ], [ -46.416532352428121, -23.06637842871816 ], [ -46.416536259960736, -23.066383739963431 ], [ -46.416540148835693, -23.066387269284071 ], [ -46.416544019052836, -23.066389016680091 ], [ -46.416547870612014, -23.066388982151516 ], [ -46.416551722171185, -23.066388947622837 ], [ -46.416555573730356, -23.066388913094073 ], [ -46.416559425289506, -23.066388878565213 ], [ -46.416563276848656, -23.066388844036251 ], [ -46.416567128407799, -23.066388809507202 ], [ -46.416570961308565, -23.066386993053566 ], [ -46.41657864576824, -23.066385142070519 ], [ -46.416582460010218, -23.066381543692138 ], [ -46.416586274251991, -23.066377945313675 ], [ -46.416590125810778, -23.066377910784084 ], [ -46.416593977369573, -23.066377876254393 ], [ -46.416595865831582, -23.066374295140566 ], [ -46.416601624510832, -23.066372461421327 ], [ -46.416605476069442, -23.06637242689137 ], [ -46.416609327628052, -23.066372392361313 ], [ -46.416613179186641, -23.066372357831163 ], [ -46.41661701208627, -23.066370541376465 ], [ -46.416620863644802, -23.06637050684613 ], [ -46.416624715203326, -23.066370472315704 ], [ -46.416628548102729, -23.066368655860725 ], [ -46.416632381002024, -23.066366839405674 ], [ -46.416636213901214, -23.066365022950531 ], [ -46.416640065459561, -23.066364988419732 ], [ -46.416643917017893, -23.066364953888844 ], [ -46.416647768576219, -23.066364919357866 ], [ -46.416651620134537, -23.066364884826786 ], [ -46.416655471692849, -23.066364850295621 ], [ -46.416659341910666, -23.066366597688777 ], [ -46.416663212128576, -23.066368345081841 ], [ -46.416667063686965, -23.066368310550381 ], [ -46.416670933905017, -23.066370057943249 ], [ -46.416674804123161, -23.066371805336015 ], [ -46.416678693001181, -23.066375334653085 ], [ -46.41668065610007, -23.066378881235991 ], [ -46.416686452097942, -23.066380611362504 ], [ -46.416690340976508, -23.066384140679261 ], [ -46.416694211195292, -23.066385888071515 ], [ -46.416696174294749, -23.066389434654194 ], [ -46.41670004451376, -23.066391182046285 ], [ -46.416702007613438, -23.066394728628879 ], [ -46.416702044933643, -23.066398292477647 ], [ -46.416705933813141, -23.066401821793971 ], [ -46.416705971133453, -23.066405385642721 ], [ -46.416706008453787, -23.066408949491493 ], [ -46.41670604577412, -23.066412513340246 ], [ -46.416706083094461, -23.066416077189 ], [ -46.416706120414808, -23.066419641037754 ], [ -46.41670615773517, -23.066423204886505 ], [ -46.416706195055532, -23.066426768735258 ], [ -46.416706232375908, -23.066430332584005 ], [ -46.416704343916194, -23.066433913699019 ], [ -46.416702455456381, -23.066437494814004 ], [ -46.416698641216271, -23.066441093195184 ], [ -46.416694808315903, -23.066442909651894 ], [ -46.416694845636016, -23.066446473500658 ], [ -46.416689086955131, -23.066448307223364 ], [ -46.416685291374293, -23.066453687528625 ], [ -46.416681458473391, -23.06645550398504 ], [ -46.416677644232209, -23.066459102365751 ], [ -46.416673811331037, -23.066460918821988 ], [ -46.416671922870066, -23.066464499936654 ], [ -46.416668108628379, -23.066468098317156 ], [ -46.416664275726824, -23.06646991477318 ], [ -46.416660424165535, -23.066469949304715 ], [ -46.416656591263809, -23.066471765760557 ], [ -46.416652739702457, -23.066471800291907 ], [ -46.416648944119515, -23.06647718059638 ], [ -46.41664898143847, -23.066480744445194 ], [ -46.416643241414846, -23.066484360090751 ], [ -46.41663938985311, -23.066484394621792 ], [ -46.416637501390916, -23.066487975736099 ], [ -46.416633687147637, -23.066491574115844 ], [ -46.416631817344459, -23.066496937154508 ], [ -46.416627984441568, -23.066498753609714 ], [ -46.416624132879392, -23.066498788140397 ], [ -46.416620299976337, -23.066500604595419 ], [ -46.416616467073176, -23.066502421050348 ], [ -46.416616504391321, -23.066505984899202 ], [ -46.416616541709473, -23.066509548748051 ], [ -46.416616579027639, -23.066513112596905 ], [ -46.416614690564451, -23.066516693710977 ], [ -46.416610839001748, -23.066516728241364 ], [ -46.416606987439039, -23.066516762771666 ], [ -46.416603154535238, -23.066518579226308 ], [ -46.416599321631324, -23.066520395680854 ], [ -46.416593562945856, -23.066522229400285 ], [ -46.416589748700439, -23.066525827779056 ], [ -46.416585897137431, -23.06652586230885 ], [ -46.416582045574422, -23.066525896838549 ], [ -46.416578212669997, -23.066527713292611 ], [ -46.416574361106917, -23.066527747822128 ], [ -46.416570546860818, -23.06653134620046 ], [ -46.416566732614513, -23.066534944578713 ], [ -46.416564844149704, -23.06653852569227 ], [ -46.416564881466556, -23.06654208954118 ], [ -46.416549680453066, -23.066561828826622 ], [ -46.41654584754717, -23.066563645279956 ], [ -46.416540088859051, -23.066565478997557 ], [ -46.416536237294835, -23.0665655135262 ], [ -46.41653240438864, -23.066567329979225 ], [ -46.416528571482331, -23.066569146432162 ], [ -46.416526701674016, -23.066574509469799 ], [ -46.41652481320763, -23.066578090582933 ], [ -46.416522924741145, -23.06658167169606 ], [ -46.41651909183431, -23.066583488148783 ], [ -46.416515258927355, -23.066585304601421 ], [ -46.416511444678058, -23.06658890297847 ], [ -46.416507630428569, -23.06659250135543 ], [ -46.416503778863536, -23.066592535883316 ], [ -46.416503816178867, -23.066596099732301 ], [ -46.416499983271351, -23.066597916184598 ], [ -46.416496169021293, -23.066601514561302 ], [ -46.416492336113507, -23.066603331013422 ], [ -46.416488503205606, -23.066605147465459 ], [ -46.416484651640175, -23.066605181992891 ], [ -46.416480818732111, -23.066606998444751 ], [ -46.416476985823948, -23.066608814896519 ], [ -46.416473152915678, -23.06661063134819 ], [ -46.416467375567258, -23.066610683138766 ], [ -46.416465505755994, -23.066616046175803 ], [ -46.416461672847348, -23.066617862627211 ], [ -46.416459784378667, -23.066621443739681 ], [ -46.416457895909872, -23.066625024852108 ], [ -46.41645406300087, -23.066626841303361 ], [ -46.416450267405757, -23.066632221603573 ], [ -46.416446453153391, -23.066635819979172 ], [ -46.416440713117588, -23.066639435617898 ], [ -46.416436861551098, -23.066639470144224 ], [ -46.416433009984608, -23.066639504670448 ], [ -46.416429195731567, -23.06664310304566 ], [ -46.416425344164949, -23.066643137571706 ], [ -46.416421511254967, -23.066644954022212 ], [ -46.416417678344878, -23.066646770472623 ], [ -46.416413826778147, -23.066646804998392 ], [ -46.416409993867887, -23.066648621448625 ], [ -46.416404216517684, -23.066648673236969 ], [ -46.416400364950874, -23.066648707762418 ], [ -46.416396532040359, -23.066650524212328 ], [ -46.416392680473486, -23.066650558737589 ], [ -46.416388828906605, -23.066650593262757 ], [ -46.41638499599587, -23.066652409712411 ], [ -46.416379218645446, -23.066652461499849 ], [ -46.416373441295008, -23.066652513287078 ], [ -46.416369589728035, -23.066652547811785 ], [ -46.416365738161062, -23.066652582336388 ], [ -46.416361886594068, -23.066652616860903 ], [ -46.416358035027081, -23.066652651385326 ], [ -46.416354183460079, -23.066652685909649 ], [ -46.416350331893071, -23.066652720433883 ], [ -46.416346480326055, -23.066652754958021 ], [ -46.416344517231302, -23.066649208370851 ], [ -46.416340647008802, -23.066647460970238 ], [ -46.416336795441921, -23.066647495494134 ], [ -46.41633101809159, -23.066647547279803 ], [ -46.416327147869296, -23.066645799878849 ], [ -46.416323277647102, -23.066644052477784 ], [ -46.416319407425, -23.066642305076623 ], [ -46.416315537202998, -23.066640557675377 ], [ -46.416309741197743, -23.066638827535609 ], [ -46.416303963847717, -23.066638879320266 ], [ -46.416300112281014, -23.066638913843256 ], [ -46.416296260714311, -23.066638948366155 ], [ -46.416290483364236, -23.066639000150321 ], [ -46.416286631797519, -23.066639034672978 ], [ -46.416282798885582, -23.066640851120212 ], [ -46.416278947318794, -23.066640885642695 ], [ -46.416275095751999, -23.066640920165071 ], [ -46.416271244185189, -23.066640954687362 ], [ -46.416265466834965, -23.066641006470622 ], [ -46.416261615268141, -23.066641040992671 ], [ -46.416257763701317, -23.066641075514635 ], [ -46.416253912134479, -23.066641110036503 ], [ -46.416250041913258, -23.066639362633584 ], [ -46.416246190346456, -23.066639397155253 ], [ -46.416242338779654, -23.066639431676844 ], [ -46.416238487212837, -23.066639466198332 ], [ -46.416234635646013, -23.066639500719724 ], [ -46.416230784079175, -23.066639535241027 ], [ -46.416225006728915, -23.066639587022802 ], [ -46.416221155162063, -23.066639621543867 ], [ -46.416217303595211, -23.066639656064844 ], [ -46.416213452028337, -23.066639690585724 ], [ -46.416209600461471, -23.066639725106505 ], [ -46.41620574889459, -23.066639759627197 ], [ -46.416201897327703, -23.066639794147797 ], [ -46.416198045760808, -23.066639828668293 ], [ -46.416194194193899, -23.066639863188708 ], [ -46.416188416843532, -23.066639914969141 ], [ -46.416180713709686, -23.066639984009402 ], [ -46.416176862142748, -23.066640018529387 ], [ -46.416173010575811, -23.06664005304928 ], [ -46.41616723322538, -23.066640104828949 ], [ -46.416163400311646, -23.066641921273359 ], [ -46.416159548744623, -23.066641955792935 ], [ -46.416155697177601, -23.066641990312402 ], [ -46.416151845610564, -23.066642024831786 ], [ -46.416148012696553, -23.066643841275827 ], [ -46.416142253998856, -23.066645674979345 ], [ -46.416138439737502, -23.066649273347938 ], [ -46.416134606823093, -23.066651089791669 ], [ -46.416128848124885, -23.066652923494722 ], [ -46.416126959646711, -23.06665650460365 ], [ -46.416123108079212, -23.066656539122349 ], [ -46.416123145384645, -23.066660102971895 ], [ -46.416119331122374, -23.066663701340055 ], [ -46.416119368427715, -23.066667265189615 ], [ -46.416115554165152, -23.066670863557686 ], [ -46.416115591470408, -23.066674427407243 ], [ -46.416115628775678, -23.066677991256796 ], [ -46.416117591865053, -23.066681537847078 ], [ -46.416117629170387, -23.066685101696621 ], [ -46.416117666475721, -23.06668866554617 ], [ -46.416117703781062, -23.066692229395702 ], [ -46.416117741086417, -23.066695793245245 ], [ -46.416117778391772, -23.066699357094784 ], [ -46.416113964128307, -23.066702955462858 ], [ -46.41611207564911, -23.066706536571637 ], [ -46.416108224080169, -23.066706571090048 ], [ -46.416104372511214, -23.066706605608363 ], [ -46.416098632462649, -23.066710221235223 ], [ -46.416094799545967, -23.066712037678087 ], [ -46.416090985281521, -23.066715636045654 ], [ -46.416087152364575, -23.066717452488344 ], [ -46.416083338099774, -23.066721050855747 ], [ -46.416079486530364, -23.066721085373473 ], [ -46.416073746480485, -23.066724700999483 ], [ -46.416071857999924, -23.066728282107842 ], [ -46.416068025082346, -23.066730098550099 ], [ -46.416066136601565, -23.066733679658405 ], [ -46.416066173905634, -23.066737243507998 ], [ -46.41606232233574, -23.066737278025332 ], [ -46.41605847076584, -23.066737312542568 ], [ -46.416050767626004, -23.066737381576768 ], [ -46.416044990271111, -23.066737433352174 ], [ -46.416039194264528, -23.066735703202539 ], [ -46.416033416909677, -23.066735754977515 ], [ -46.41602956533977, -23.06673578949405 ], [ -46.41602758360024, -23.066730460977791 ], [ -46.416023732030474, -23.066730495494173 ], [ -46.416019880460702, -23.06673053001046 ], [ -46.416016028890922, -23.066730564526654 ], [ -46.416012158669815, -23.066728817117919 ], [ -46.416008307100064, -23.066728851633922 ], [ -46.416004436879099, -23.066727104224988 ], [ -46.416000566658234, -23.06672535681594 ], [ -46.415996677786346, -23.066721827481953 ], [ -46.415992807565715, -23.066720080072717 ], [ -46.415990825827869, -23.066714751555896 ], [ -46.415990788525832, -23.066711187706169 ], [ -46.415990751223795, -23.066707623856445 ], [ -46.415992639706303, -23.066704042748952 ], [ -46.415994528188712, -23.066700461641449 ], [ -46.415996416671028, -23.066696880533925 ], [ -46.41599637936887, -23.066693316684191 ], [ -46.416002156721994, -23.066693264910661 ], [ -46.416005970988337, -23.066689666545152 ], [ -46.416009785254474, -23.066686068179539 ], [ -46.41601165508493, -23.066680705147007 ], [ -46.416011617782395, -23.066677141297291 ], [ -46.416011580479875, -23.066673577447578 ], [ -46.416011543177362, -23.066670013597872 ], [ -46.416009580090865, -23.066666467006115 ], [ -46.416007617004482, -23.066662920414338 ], [ -46.416003709483171, -23.066657609155541 ], [ -46.415999839264344, -23.066655861746373 ], [ -46.415995987696654, -23.06665589626197 ], [ -46.415992136128963, -23.066655930777483 ], [ -46.415988284561251, -23.066655965292895 ], [ -46.415984432993547, -23.066655999808216 ], [ -46.415980600076658, -23.066657816248327 ], [ -46.415976748508882, -23.066657850763459 ], [ -46.415970971157201, -23.06665790253599 ], [ -46.41596715689073, -23.066661500900675 ], [ -46.415965268408058, -23.066665082007884 ], [ -46.415959491056043, -23.066665133780006 ], [ -46.415957602573123, -23.066668714887133 ], [ -46.415953751004992, -23.066668749401728 ], [ -46.415947992303209, -23.066670583098343 ], [ -46.415944140735007, -23.066670617612704 ], [ -46.415940289166812, -23.066670652126966 ], [ -46.41593832608212, -23.066667105534236 ], [ -46.415934455863777, -23.066665358123437 ], [ -46.415932492779319, -23.066661811530619 ], [ -46.415928603911041, -23.066658282194748 ], [ -46.415922826559218, -23.066658333965513 ], [ -46.415918974991335, -23.066658368479242 ], [ -46.415917011907389, -23.0666548218862 ], [ -46.415911234555686, -23.066654873656539 ], [ -46.415907382987875, -23.06665490816998 ], [ -46.415903531420057, -23.066654942683325 ], [ -46.415897754068318, -23.06665499445317 ], [ -46.415891939417229, -23.066651482372905 ], [ -46.415888087849481, -23.066651516885873 ], [ -46.415882310497857, -23.066651568655146 ], [ -46.415872681578428, -23.066651654936798 ], [ -46.415868830010652, -23.066651689449291 ], [ -46.415864978442862, -23.066651723961694 ], [ -46.415861126875065, -23.066651758474006 ], [ -46.41585727530726, -23.066651792986221 ], [ -46.415853423739442, -23.06665182749834 ], [ -46.415849572171631, -23.066651862010367 ], [ -46.415845720603798, -23.066651896522302 ], [ -46.415841869035965, -23.066651931034144 ], [ -46.415838017468118, -23.066651965545894 ], [ -46.415834165900272, -23.066652000057545 ], [ -46.415830314332418, -23.066652034569103 ], [ -46.415826462764549, -23.066652069080565 ], [ -46.415822611196688, -23.066652103591945 ], [ -46.415818722331409, -23.066648574253193 ], [ -46.415816759250177, -23.066645027658776 ], [ -46.415812907682486, -23.066645062169904 ], [ -46.415809056114796, -23.066645096680933 ], [ -46.415803278763242, -23.066645148447304 ], [ -46.415799427195523, -23.066645182958098 ], [ -46.415795575627804, -23.0666452174688 ], [ -46.415791724060078, -23.066645251979409 ], [ -46.415787872492345, -23.066645286489923 ], [ -46.415784020924598, -23.066645321000347 ], [ -46.41578016935685, -23.066645355510676 ], [ -46.415776317789096, -23.066645390020909 ], [ -46.415772466221327, -23.06664542453105 ], [ -46.415768614653558, -23.066645459041091 ], [ -46.415764744437794, -23.066643711625986 ], [ -46.415760855574199, -23.066640182285727 ], [ -46.415757004006558, -23.066640216795488 ], [ -46.415753133791078, -23.066638469380077 ], [ -46.415749263575698, -23.066636721964578 ], [ -46.415747300496427, -23.066633175369191 ], [ -46.415743430281275, -23.066631427953528 ], [ -46.415737634282529, -23.066629697792397 ], [ -46.41573374542002, -23.066626168451403 ], [ -46.415729893852735, -23.066626202960478 ], [ -46.41572602363798, -23.066624455544378 ], [ -46.41572217207073, -23.066624490053261 ], [ -46.415718245914064, -23.066617396861673 ], [ -46.415714357052416, -23.066613867520168 ], [ -46.415710468190966, -23.066610338178549 ], [ -46.415706597976907, -23.066608590761927 ], [ -46.415702727762934, -23.066606843345202 ], [ -46.415698857549067, -23.066605095928384 ], [ -46.415696894471587, -23.066601549332265 ], [ -46.415694931394214, -23.066598002736107 ], [ -46.415691061180695, -23.066596255319084 ], [ -46.415687172320354, -23.066592725976818 ], [ -46.415683283460218, -23.066589196634467 ], [ -46.415679413247084, -23.066587449217117 ], [ -46.415675561680807, -23.066587483724813 ], [ -46.415671672821119, -23.066583954382143 ], [ -46.415667802608276, -23.066582206964505 ], [ -46.415663932395532, -23.06658045954677 ], [ -46.41566006218288, -23.066578712128923 ], [ -46.415656191970328, -23.066576964710986 ], [ -46.415652321757868, -23.066575217292947 ], [ -46.415646544408901, -23.066575269053434 ], [ -46.415642674196604, -23.066573521635153 ], [ -46.4156388039844, -23.066571774216772 ], [ -46.415634952418507, -23.066571808723452 ], [ -46.415631063560291, -23.066568279379695 ], [ -46.415627211994476, -23.066568313886187 ], [ -46.415623360428654, -23.066568348392586 ], [ -46.415621397353696, -23.066564801795391 ], [ -46.41561750849602, -23.066561272451263 ], [ -46.415613656930383, -23.066561306957418 ], [ -46.415609805364745, -23.066561341463473 ], [ -46.415604009370469, -23.066559611297194 ], [ -46.41560015780486, -23.066559645803011 ], [ -46.415596287593559, -23.066557898383536 ], [ -46.415592398736713, -23.066554369038752 ], [ -46.415586621388485, -23.066554420797008 ], [ -46.415584658314685, -23.066550874199294 ], [ -46.415580806749297, -23.066550908704635 ], [ -46.415578843675696, -23.066547362106821 ], [ -46.415576880602202, -23.066543815508982 ], [ -46.415576843311371, -23.066540251658544 ], [ -46.415576806020553, -23.066536687808096 ], [ -46.415574842947279, -23.066533141210225 ], [ -46.415572861228767, -23.066527812687088 ], [ -46.415572823938071, -23.066524248836629 ], [ -46.415572786647381, -23.066520684986177 ], [ -46.415568897792241, -23.06651715564071 ], [ -46.415568860501672, -23.066513591790251 ], [ -46.415564990292076, -23.066511844369909 ], [ -46.41556113872776, -23.066511878874707 ], [ -46.415557287163438, -23.066511913379411 ], [ -46.415553398308944, -23.066508384033533 ], [ -46.415549546744714, -23.066508418538046 ], [ -46.415545695180462, -23.06650845304247 ], [ -46.415541843616218, -23.066508487546798 ], [ -46.415537992051959, -23.066508522051031 ], [ -46.415534140487686, -23.066508556555171 ], [ -46.415530288923414, -23.066508591059211 ], [ -46.415526437359134, -23.066508625563166 ], [ -46.415522585794847, -23.066508660067015 ], [ -46.415518734230545, -23.066508694570782 ], [ -46.415514882666244, -23.066508729074457 ], [ -46.415514919955392, -23.066512292925005 ], [ -46.415509142608769, -23.066512344680341 ], [ -46.41550529104434, -23.066512379183781 ], [ -46.415499513697689, -23.066512430938769 ], [ -46.415495662133246, -23.066512465441974 ], [ -46.415491829213067, -23.066514281870383 ], [ -46.415487996292789, -23.066516098298699 ], [ -46.415484144728218, -23.066516132801631 ], [ -46.41548029316364, -23.066516167304467 ], [ -46.415476441599061, -23.066516201807211 ], [ -46.415472590034476, -23.066516236309859 ], [ -46.415468738469883, -23.066516270812418 ], [ -46.415464886905276, -23.066516305314881 ], [ -46.41546103534067, -23.066516339817245 ], [ -46.415455257993742, -23.066516391570623 ], [ -46.415451406429113, -23.066516426072756 ], [ -46.415447554864478, -23.066516460574796 ], [ -46.415443703299829, -23.066516495076741 ], [ -46.415439851735179, -23.066516529578596 ], [ -46.415436000170516, -23.066516564080356 ], [ -46.415430260110448, -23.066520179683501 ], [ -46.415426408545663, -23.066520214185029 ], [ -46.415422575624241, -23.066522030611807 ], [ -46.415418761346039, -23.066525628963841 ], [ -46.415414928424354, -23.066527445390459 ], [ -46.415411076859343, -23.066527479891619 ], [ -46.415405299511818, -23.066527531643196 ], [ -46.415401447946785, -23.066527566144124 ], [ -46.415397596381752, -23.066527600644964 ], [ -46.415395707885267, -23.066531181746072 ], [ -46.415391874963085, -23.066532998172136 ], [ -46.415388023397881, -23.066533032672751 ], [ -46.415384171832663, -23.066533067173268 ], [ -46.415380338910268, -23.066534883599079 ], [ -46.415376487344979, -23.066534918099414 ], [ -46.415374598847833, -23.066538499200291 ], [ -46.415370784567841, -23.066542097551253 ], [ -46.415368896070447, -23.066545678652083 ], [ -46.415367007572968, -23.066549259752897 ], [ -46.415361248866979, -23.066551093428291 ], [ -46.415357415943738, -23.066552909853577 ], [ -46.415353564377902, -23.066552944353379 ], [ -46.415349712812066, -23.066552978853085 ], [ -46.415345861246223, -23.066553013352696 ], [ -46.415340083897441, -23.066553065101942 ], [ -46.415336232331576, -23.066553099601322 ], [ -46.415332380765697, -23.066553134100602 ], [ -46.415328529199819, -23.066553168599796 ], [ -46.415324658991828, -23.066551421173472 ], [ -46.415320788783937, -23.066549673747058 ], [ -46.415315011435226, -23.066549725495374 ], [ -46.415311159869418, -23.066549759994142 ], [ -46.415307289661726, -23.066548012567385 ], [ -46.415303438095947, -23.066548047065954 ], [ -46.415299567888397, -23.06654629963899 ], [ -46.415295679039225, -23.0665427702865 ], [ -46.415291808831917, -23.066541022859344 ], [ -46.415289845765848, -23.066537476257558 ], [ -46.415285956917188, -23.066533946904791 ], [ -46.415283993851375, -23.066530400302927 ], [ -46.415282030785676, -23.066526853701017 ], [ -46.415278141937527, -23.066523324348037 ], [ -46.415274271730993, -23.066521576920408 ], [ -46.415270382883193, -23.066518047567207 ], [ -46.415268419818041, -23.066514500965102 ], [ -46.415266456752988, -23.066510954362972 ], [ -46.415262567905707, -23.066507425009544 ], [ -46.415258679058624, -23.066503895656027 ], [ -46.415254808852886, -23.066502148227872 ], [ -46.415250957288329, -23.066502182725102 ], [ -46.415247124364804, -23.06650399914772 ], [ -46.415243291441165, -23.066505815570252 ], [ -46.41523943987648, -23.066505850067205 ], [ -46.415237551375974, -23.066509431166629 ], [ -46.415233699811182, -23.066509465663447 ], [ -46.415229848246376, -23.066509500160173 ], [ -46.415225996681563, -23.066509534656806 ], [ -46.41522216375747, -23.066511351078834 ], [ -46.415218330833262, -23.066513167500791 ], [ -46.415214497908948, -23.066514983922652 ], [ -46.415208720561459, -23.066515035667013 ], [ -46.415204868996454, -23.066515070163138 ], [ -46.415201036071892, -23.066516886584687 ], [ -46.415197203147223, -23.066518703006139 ], [ -46.41519337022244, -23.06652051942751 ], [ -46.415189518657257, -23.066520553923269 ], [ -46.415185667092068, -23.066520588418932 ], [ -46.415181815526871, -23.066520622914496 ], [ -46.415177963961661, -23.066520657409974 ], [ -46.415174093756356, -23.06651890997982 ], [ -46.415168297768581, -23.066517179797174 ], [ -46.415164446203448, -23.066517214292315 ], [ -46.415160594638316, -23.06651724878736 ], [ -46.415156743073169, -23.066517283282316 ], [ -46.415152891508015, -23.06651731777718 ], [ -46.415149039942861, -23.066517352271941 ], [ -46.415145188377693, -23.066517386766616 ], [ -46.415139411029926, -23.066517438508445 ], [ -46.415135559464737, -23.066517473002886 ], [ -46.415131707899548, -23.066517507497228 ], [ -46.415127856334351, -23.066517541991477 ], [ -46.41512400476914, -23.066517576485634 ], [ -46.415120134564546, -23.066515829054111 ], [ -46.415116282999371, -23.066515863548076 ], [ -46.415112412794919, -23.066514116116366 ], [ -46.415108542590559, -23.066512368684553 ], [ -46.415104672386292, -23.066510621252643 ], [ -46.415100802182124, -23.066508873820613 ], [ -46.415096950617119, -23.066508908314102 ], [ -46.415093080413094, -23.066507160881898 ], [ -46.41508921020916, -23.066505413449587 ], [ -46.415085340005319, -23.066503666017173 ], [ -46.415081451162727, -23.066500136659048 ], [ -46.415077562320334, -23.066496607300813 ], [ -46.415075599260433, -23.066493060696036 ], [ -46.415075524705372, -23.066485932993558 ], [ -46.415075487427849, -23.066482369142307 ], [ -46.415073524368239, -23.066478822537501 ], [ -46.415067747021943, -23.06647887427663 ], [ -46.415060043893511, -23.066478943261806 ], [ -46.415054229270233, -23.066475431149161 ], [ -46.415044600359884, -23.066475517379743 ], [ -46.415040748795732, -23.066475551871815 ], [ -46.415033008391028, -23.066472057004358 ], [ -46.415029156826954, -23.066472091496134 ], [ -46.415025305262873, -23.066472125987826 ], [ -46.415021453698785, -23.066472160479417 ], [ -46.415015657714676, -23.066470430290956 ], [ -46.415011787512718, -23.066468682856637 ], [ -46.415007917310852, -23.06646693542222 ], [ -46.415004065746885, -23.066466969913378 ], [ -46.415000195545154, -23.066465222478762 ], [ -46.414996325343523, -23.066463475044046 ], [ -46.414992455141984, -23.066461727609241 ], [ -46.414988584940545, -23.066459980174319 ], [ -46.414984733376741, -23.066460014665005 ], [ -46.41498088181293, -23.066460049155587 ], [ -46.414977030249119, -23.066460083646081 ], [ -46.414973178685287, -23.066460118136479 ], [ -46.414967401339538, -23.06646016987191 ], [ -46.414963549775699, -23.06646020436207 ], [ -46.414959698211852, -23.066460238852137 ], [ -46.414955846647992, -23.066460273342116 ], [ -46.414951995084124, -23.066460307832003 ], [ -46.414946217738319, -23.066460359566651 ], [ -46.414942366174429, -23.066460394056296 ], [ -46.41493851461054, -23.066460428545856 ], [ -46.414934663046644, -23.066460463035316 ], [ -46.414930811482733, -23.06646049752468 ], [ -46.414926978555606, -23.066462313939699 ], [ -46.414923145628372, -23.066464130354625 ], [ -46.414921257119786, -23.066467711450674 ], [ -46.414917424192318, -23.066469527865468 ], [ -46.41491357262813, -23.066469562354428 ], [ -46.414909721063921, -23.066469596843294 ], [ -46.414905869499712, -23.066469631332069 ], [ -46.41490199929904, -23.06646788389499 ], [ -46.414898147734867, -23.066467918383573 ], [ -46.414894296170687, -23.066467952872063 ], [ -46.414890444606506, -23.066467987360454 ], [ -46.414886593042311, -23.066468021848749 ], [ -46.41488274147811, -23.066468056336966 ], [ -46.414880852968381, -23.066471637432581 ], [ -46.414877001404058, -23.066471671920652 ], [ -46.414873187111915, -23.066475270260195 ], [ -46.414869335547486, -23.066475304748081 ], [ -46.41486548398305, -23.066475339235879 ], [ -46.414861632418607, -23.066475373723581 ], [ -46.414857780854149, -23.066475408211186 ], [ -46.414853929289691, -23.066475442698703 ], [ -46.414850096361008, -23.066477259111917 ], [ -46.414846244796486, -23.066477293599245 ], [ -46.414842411867646, -23.066479110012292 ], [ -46.414836671791974, -23.066482725594586 ], [ -46.414832857498411, -23.066486323933212 ], [ -46.414829024569116, -23.066488140345953 ], [ -46.41482521027519, -23.066491738684409 ], [ -46.414825247546133, -23.066495302536033 ], [ -46.414825284817091, -23.066498866387658 ], [ -46.414821489158207, -23.066504246651853 ], [ -46.41482152642908, -23.066507810503484 ], [ -46.414821563699959, -23.066511374355102 ], [ -46.414819693823446, -23.066516737375892 ], [ -46.414815879528497, -23.066520335714166 ], [ -46.414812046598016, -23.066522152126542 ], [ -46.414808232302697, -23.066525750464645 ], [ -46.414804399371953, -23.066527566876847 ], [ -46.414800547805925, -23.066527601363131 ], [ -46.414798659293211, -23.066531182457886 ], [ -46.414794826362183, -23.066532998869874 ], [ -46.414790974795977, -23.066533033355938 ], [ -46.414789086282937, -23.066536614450587 ], [ -46.414785271986602, -23.066540212788187 ], [ -46.414785309256587, -23.06654377663985 ], [ -46.414787272309887, -23.066547323248546 ], [ -46.41479116114666, -23.066550852614213 ], [ -46.414791198416815, -23.066554416465863 ], [ -46.414793161470435, -23.066557963074477 ], [ -46.414793198740668, -23.066561526926122 ], [ -46.414793236010894, -23.066565090777761 ], [ -46.414793273281127, -23.0665686546294 ], [ -46.414793310551381, -23.066572218481046 ], [ -46.414793347821636, -23.066575782332684 ], [ -46.41479338509189, -23.066579346184319 ], [ -46.414793422362159, -23.066582910035951 ], [ -46.414791533848572, -23.066586491130654 ], [ -46.414791571118805, -23.066590054982289 ], [ -46.414787756821106, -23.066593653319988 ], [ -46.414783942523208, -23.066597251657608 ], [ -46.414778202441035, -23.066600867238051 ], [ -46.414774388142675, -23.066604465575455 ], [ -46.414770592478973, -23.066609845838613 ], [ -46.414766759545351, -23.066611662250018 ], [ -46.414764871030684, -23.06661524334444 ], [ -46.414761038096827, -23.066617059755732 ], [ -46.414755279378511, -23.066618893409562 ], [ -46.414751465079028, -23.066622491746465 ], [ -46.414747632144774, -23.066624308157444 ], [ -46.414745743629432, -23.066627889251659 ], [ -46.414739984910419, -23.066629722904974 ], [ -46.414736170610219, -23.066633321241532 ], [ -46.414730430525189, -23.066636936820366 ], [ -46.414726616224534, -23.066640535156715 ], [ -46.414726653493155, -23.066644099008432 ], [ -46.414728616546569, -23.066647645617817 ], [ -46.414732468116142, -23.06664761113311 ], [ -46.414736338320147, -23.066649358574171 ], [ -46.414738301373895, -23.066652905183414 ], [ -46.414738357277322, -23.066658250960945 ], [ -46.414740320331262, -23.066661797570166 ], [ -46.414744209170337, -23.066665326936825 ], [ -46.41474617222454, -23.066668873545957 ], [ -46.414748135278849, -23.066672420155047 ], [ -46.414750098333265, -23.066675966764116 ], [ -46.414753949903606, -23.066675932278844 ], [ -46.41475782010869, -23.066677679719312 ], [ -46.414761727583482, -23.066682991011305 ], [ -46.414767523574149, -23.066684721208745 ], [ -46.414769486629261, -23.066688267817533 ], [ -46.414777208405582, -23.066689980771727 ], [ -46.414781059976278, -23.066689946285781 ], [ -46.414784911546967, -23.066689911799745 ], [ -46.414788763117642, -23.066689877313607 ], [ -46.414792614688317, -23.06668984282738 ], [ -46.414796466258984, -23.066689808341053 ], [ -46.414800317829638, -23.066689773854637 ], [ -46.414804169400291, -23.066689739368126 ], [ -46.414808002335505, -23.066687922955744 ], [ -46.414811853906087, -23.066687888469048 ], [ -46.414815705476663, -23.066687853982259 ], [ -46.414821464196919, -23.066686020326124 ], [ -46.414825297131777, -23.066684203913333 ], [ -46.414829148702225, -23.066684169426221 ], [ -46.41483298163692, -23.066682353013256 ], [ -46.414836814571501, -23.066680536600202 ], [ -46.41484064750599, -23.066678720187049 ], [ -46.414846387589556, -23.06667510460429 ], [ -46.414850239159705, -23.066675070116681 ], [ -46.414854053457816, -23.066671471777472 ], [ -46.414857905027858, -23.066671437289678 ], [ -46.414861756597887, -23.066671402801788 ], [ -46.414865608167915, -23.066671368313809 ], [ -46.414869459737929, -23.066671333825727 ], [ -46.414873311307943, -23.066671299337557 ], [ -46.414877162877943, -23.066671264849298 ], [ -46.414882940232935, -23.06667121311672 ], [ -46.414886791802914, -23.066671178628226 ], [ -46.414890643372892, -23.066671144139633 ], [ -46.414894494942857, -23.066671109650951 ], [ -46.414898346512821, -23.066671075162173 ], [ -46.414902160809483, -23.06666747682188 ], [ -46.414905975105945, -23.066663878481485 ], [ -46.414909789402202, -23.066660280141022 ], [ -46.414913603698253, -23.066656681800467 ], [ -46.414917455267769, -23.066656647311241 ], [ -46.414921269563507, -23.066653048970529 ], [ -46.414925121132917, -23.066653014481126 ], [ -46.414928972702313, -23.066652979991623 ], [ -46.414930861212987, -23.066649398895443 ], [ -46.414934712782269, -23.066649364405809 ], [ -46.414938564351544, -23.066649329916075 ], [ -46.414942415920812, -23.066649295426252 ], [ -46.414946267490073, -23.066649260936341 ], [ -46.414950119059327, -23.06664922644633 ], [ -46.414953970628574, -23.066649191956223 ], [ -46.414957822197806, -23.066649157466028 ], [ -46.414961673767046, -23.066649122975736 ], [ -46.414965525336264, -23.066649088485345 ], [ -46.414969376905482, -23.066649053994873 ], [ -46.414973209837129, -23.066647237578632 ], [ -46.414977061406276, -23.066647203087967 ], [ -46.414980912975423, -23.066647168597218 ], [ -46.414984764544556, -23.066647134106358 ], [ -46.414988616113689, -23.066647099615412 ], [ -46.414992486320621, -23.066648847050025 ], [ -46.414998300950153, -23.066652359164575 ], [ -46.415000264010629, -23.066655905770222 ], [ -46.415004134217959, -23.066657653204526 ], [ -46.415008004425381, -23.066659400638731 ], [ -46.41500996748622, -23.066662947244236 ], [ -46.415013819055758, -23.066662912752658 ], [ -46.415017689263451, -23.0666646601866 ], [ -46.415021559471235, -23.06666640762046 ], [ -46.415025411040844, -23.066666373128594 ], [ -46.415031225671946, -23.06666988524184 ], [ -46.415035077241647, -23.066669850749726 ], [ -46.415038928811335, -23.066669816257523 ], [ -46.415042817658019, -23.066673345616433 ], [ -46.415046687866351, -23.066675093049639 ], [ -46.415050558074775, -23.066676840482739 ], [ -46.415056372706935, -23.066680352595004 ], [ -46.415060242915629, -23.066682100027855 ], [ -46.415066076187081, -23.066687394065323 ], [ -46.415069946396088, -23.066689141497914 ], [ -46.415073835244122, -23.066692670855996 ], [ -46.415077705453378, -23.066694418288385 ], [ -46.415077761370327, -23.066699764065095 ], [ -46.415081631579831, -23.066701511497378 ], [ -46.415085520428526, -23.066705040855133 ], [ -46.415087483492073, -23.066708587459519 ], [ -46.415093298126529, -23.066712099570299 ], [ -46.41509716833658, -23.066713847002163 ], [ -46.415101038546723, -23.066715594433937 ], [ -46.415104927396321, -23.066719123791156 ], [ -46.415108797606713, -23.066720871222724 ], [ -46.415116519388263, -23.066722584160033 ], [ -46.415120370959315, -23.066722549665766 ], [ -46.415124241169984, -23.066724297096933 ], [ -46.415128092741078, -23.066724262602481 ], [ -46.415131925672441, -23.066722446182418 ], [ -46.415135777243471, -23.066722411687778 ], [ -46.415137740308573, -23.066725958291457 ], [ -46.415141610519541, -23.066727705722187 ], [ -46.415143573584878, -23.066731252325795 ], [ -46.415147443796066, -23.066732999756365 ], [ -46.415151314007353, -23.066734747186839 ], [ -46.415155184218733, -23.066736494617214 ], [ -46.4151590917104, -23.066741805898488 ], [ -46.415161054776412, -23.066745352501833 ], [ -46.415166850774057, -23.06674708268422 ], [ -46.415170702345719, -23.066747048188695 ], [ -46.415174553917382, -23.066747013693071 ], [ -46.415178405489037, -23.066746979197362 ], [ -46.415182257060685, -23.06674694470156 ], [ -46.415186108632327, -23.066746910205659 ], [ -46.415189960203961, -23.066746875709669 ], [ -46.415193830416136, -23.066748623139052 ], [ -46.415197681987806, -23.06674858864287 ], [ -46.415201533559468, -23.066748554146592 ], [ -46.415205403771836, -23.066750301575688 ], [ -46.415213125556029, -23.066752014508104 ], [ -46.41521697712777, -23.06675198001145 ], [ -46.415218940195416, -23.066755526613992 ], [ -46.415222791767242, -23.066755492117188 ], [ -46.415226643339054, -23.066755457620285 ], [ -46.415230494910858, -23.066755423123293 ], [ -46.415236272268558, -23.066755371377628 ], [ -46.415240123840348, -23.066755336880401 ], [ -46.415243975412132, -23.066755302383079 ], [ -46.415247826983908, -23.066755267885664 ], [ -46.415251678555677, -23.066755233388154 ], [ -46.415255530127432, -23.066755198890554 ], [ -46.415261307485054, -23.066755147143972 ], [ -46.415265177698302, -23.066756894571547 ], [ -46.415269047911643, -23.066758641999023 ], [ -46.415272899483476, -23.06675860750099 ], [ -46.415274862552657, -23.066762154102751 ], [ -46.415278732766261, -23.066763901529981 ], [ -46.415282621621714, -23.066767430882496 ], [ -46.415286491835559, -23.066769178309524 ], [ -46.415290362049504, -23.066770925736442 ], [ -46.41529421362165, -23.066770891237873 ], [ -46.415298065193781, -23.066770856739211 ], [ -46.415301916765912, -23.066770822240461 ], [ -46.41530576833803, -23.066770787741603 ], [ -46.415309619910147, -23.066770753242668 ], [ -46.41531347148225, -23.06677071874363 ], [ -46.415317323054346, -23.066770684244499 ], [ -46.415321174626435, -23.066770649745273 ], [ -46.415325026198516, -23.066770615245957 ], [ -46.415328877770591, -23.066770580746542 ], [ -46.415334655128696, -23.06677052899725 ], [ -46.415338506700749, -23.066770494497604 ], [ -46.415342358272795, -23.066770459997869 ], [ -46.415346209844834, -23.066770425498028 ], [ -46.415350061416873, -23.066770390998101 ], [ -46.415353912988898, -23.066770356498083 ], [ -46.415357745918186, -23.06676854007263 ], [ -46.415361597490147, -23.066768505572419 ], [ -46.415365449062101, -23.066768471072123 ], [ -46.415369300634048, -23.066768436571728 ], [ -46.415373152205987, -23.066768402071236 ], [ -46.415377022420913, -23.06677014949598 ], [ -46.415384781494133, -23.066775426270482 ], [ -46.415390577495472, -23.066777156444445 ], [ -46.41539446635408, -23.066780685794047 ], [ -46.415398355212893, -23.066784215143535 ], [ -46.415402225428572, -23.066785962567625 ], [ -46.41540226271524, -23.066789526418223 ], [ -46.415402300001929, -23.066793090268821 ], [ -46.415402337288619, -23.066796654119418 ], [ -46.415400448788915, -23.066800235220654 ], [ -46.415398560289127, -23.066803816321858 ], [ -46.415398597575731, -23.066807380172467 ], [ -46.4153967090758, -23.066810961273653 ], [ -46.415396746362376, -23.066814525124258 ], [ -46.41539485786231, -23.066818106225426 ], [ -46.415392969362138, -23.066821687326591 ], [ -46.415391080861873, -23.066825268427728 ], [ -46.415391136791555, -23.066830614203624 ], [ -46.415391174078025, -23.066834178054226 ], [ -46.415391211364494, -23.066837741904827 ], [ -46.415391248650977, -23.066841305755418 ], [ -46.415393211724499, -23.066844852355466 ], [ -46.415395174798135, -23.066848398955464 ], [ -46.415395212084739, -23.066851962806055 ], [ -46.415399119589082, -23.066857274080682 ], [ -46.415403008450326, -23.066860803429908 ], [ -46.415406897311776, -23.066864332779037 ], [ -46.415408860386066, -23.066867879378822 ], [ -46.415412730604324, -23.066869626802514 ], [ -46.415414712322431, -23.066874955327492 ], [ -46.415420508328431, -23.066876685500112 ], [ -46.415422471403268, -23.06688023209971 ], [ -46.415426341622045, -23.066881979523021 ], [ -46.415430230484702, -23.066885508871504 ], [ -46.415434119347573, -23.06688903821988 ], [ -46.415437970922831, -23.066889003717641 ], [ -46.415441822498089, -23.066888969215306 ], [ -46.415445674073339, -23.066888934712885 ], [ -46.415449562936686, -23.066892464060842 ], [ -46.415455358943817, -23.066894194232113 ], [ -46.415459229163382, -23.06689594165459 ], [ -46.415461192239519, -23.066899488253629 ], [ -46.415463155315763, -23.066903034852643 ], [ -46.415467081468577, -23.066910128050576 ], [ -46.415469044545134, -23.066913674649488 ], [ -46.415472933409816, -23.066917203996802 ], [ -46.415476803630249, -23.066918951418799 ], [ -46.415480692495279, -23.066922480765896 ], [ -46.41548456271596, -23.066924228187684 ], [ -46.415488414292142, -23.066924193684166 ], [ -46.415492265868316, -23.066924159180555 ], [ -46.415496117444484, -23.066924124676852 ], [ -46.415499969020637, -23.066924090173053 ], [ -46.415503820596797, -23.066924055669158 ], [ -46.415507672172936, -23.066924021165175 ], [ -46.415511523749075, -23.066923986661099 ], [ -46.415515375325207, -23.066923952156927 ], [ -46.415519226901324, -23.066923917652659 ], [ -46.415523078477442, -23.066923883148299 ], [ -46.415526930053545, -23.066923848643846 ], [ -46.415530781629649, -23.066923814139294 ], [ -46.415534633205745, -23.066923779634653 ], [ -46.415538484781827, -23.06692374512992 ], [ -46.4155423177126, -23.066921928699927 ], [ -46.415546169288618, -23.066921894195008 ], [ -46.415550020864629, -23.066921859689995 ], [ -46.415553872440633, -23.066921825184881 ], [ -46.415557724016637, -23.066921790679682 ], [ -46.415561575592619, -23.066921756174381 ], [ -46.415567352956593, -23.066921704416266 ], [ -46.415571204532569, -23.066921669910737 ], [ -46.415575074754265, -23.066923417330244 ], [ -46.415578926330269, -23.066923382824523 ], [ -46.415582796552108, -23.066925130243838 ], [ -46.41558666677404, -23.066926877663057 ], [ -46.415590536996071, -23.066928625082177 ], [ -46.415594407218201, -23.066930372501186 ], [ -46.415598277440424, -23.066932119920107 ], [ -46.415600259166766, -23.066937448442303 ], [ -46.41560605517747, -23.066939178607857 ], [ -46.415608018258041, -23.066942725204829 ], [ -46.415608055550422, -23.066946289055043 ], [ -46.415610018631163, -23.066949835651982 ], [ -46.415611981712011, -23.066953382248894 ], [ -46.415612019004513, -23.06695694609909 ], [ -46.415615907874027, -23.066960475442624 ], [ -46.415617870955188, -23.066964022039429 ], [ -46.415623666967242, -23.066965752204265 ], [ -46.415627518544369, -23.066965717697304 ], [ -46.415631370121496, -23.066965683190244 ], [ -46.415635221698615, -23.066965648683091 ], [ -46.415639110568961, -23.066969178025992 ], [ -46.415642999439505, -23.066972707368798 ], [ -46.41564685101681, -23.066972672861354 ], [ -46.415646888310263, -23.066976236711486 ], [ -46.415646925603731, -23.066979800561629 ], [ -46.415648888685993, -23.066983347158004 ], [ -46.415652777557213, -23.066986876500515 ], [ -46.415654740639752, -23.066990423096801 ], [ -46.415656703722391, -23.066993969693048 ], [ -46.415658666805136, -23.066997516289273 ], [ -46.415660648534924, -23.067002844810517 ], [ -46.415660685828797, -23.067006408660614 ], [ -46.415664574701005, -23.067009938002791 ], [ -46.415664611994998, -23.06701350185288 ], [ -46.415668482220468, -23.067015249269897 ], [ -46.415670445303853, -23.067018795865927 ], [ -46.415674334176678, -23.06702232520783 ], [ -46.415678204402518, -23.067024072624584 ], [ -46.415682074628457, -23.067025820041238 ], [ -46.415685944854488, -23.067027567457789 ], [ -46.415691722222668, -23.067027515694896 ], [ -46.415695573801443, -23.067027481186191 ], [ -46.415699425380211, -23.067027446677386 ], [ -46.415703276958972, -23.067027412168482 ], [ -46.415707128537726, -23.067027377659489 ], [ -46.415710998764091, -23.067029125075418 ], [ -46.415716776132278, -23.067029073311613 ], [ -46.415720627711053, -23.067029038802286 ], [ -46.415722590795987, -23.06703258539758 ], [ -46.415726461022686, -23.067034332813112 ], [ -46.415732257038961, -23.067036062973713 ], [ -46.415736145913833, -23.067039592313968 ], [ -46.415736183209759, -23.067043156163948 ], [ -46.4157362205057, -23.067046720013924 ], [ -46.415736257801647, -23.067050283863882 ], [ -46.415736295097595, -23.067053847713854 ], [ -46.41573633239355, -23.067057411563816 ], [ -46.415736369689519, -23.067060975413785 ], [ -46.415734481195614, -23.067064556518634 ], [ -46.41573451849154, -23.067068120368599 ], [ -46.415734555787481, -23.067071684218558 ], [ -46.415734593083421, -23.067075248068523 ], [ -46.415738481959536, -23.067078777408653 ], [ -46.415740445045728, -23.067082324003643 ], [ -46.415742408132033, -23.067085870598614 ], [ -46.41574629700866, -23.067089399938517 ], [ -46.415748278743393, -23.067094728458368 ], [ -46.415754056114281, -23.067094676693053 ], [ -46.415756019201126, -23.067098223287822 ], [ -46.415759889430134, -23.067099970702397 ], [ -46.415765685449628, -23.067101700861596 ], [ -46.415771518766228, -23.067106994870471 ], [ -46.415775388995669, -23.067108742284645 ], [ -46.41577927787381, -23.067112271623653 ], [ -46.4157831481035, -23.067114019037618 ], [ -46.41578892547512, -23.067113967270991 ], [ -46.415792777056204, -23.067113932759788 ], [ -46.415796628637267, -23.067113898248497 ], [ -46.415800461569454, -23.067112081812187 ], [ -46.415804294501527, -23.067110265375792 ], [ -46.415808108784525, -23.067106667014393 ], [ -46.415809997276952, -23.067103085908737 ], [ -46.415813811559602, -23.067099487547218 ], [ -46.415815700051787, -23.067095906441512 ], [ -46.415817588543874, -23.067092325335796 ], [ -46.415821384176894, -23.067086945049191 ], [ -46.415825235757147, -23.067086910537238 ], [ -46.415829105986617, -23.067088657950091 ], [ -46.415834920655662, -23.067092170031643 ], [ -46.415838772236043, -23.067092135519346 ], [ -46.415842642465819, -23.06709388293185 ], [ -46.415846531345167, -23.067097412269145 ], [ -46.415850420224722, -23.067100941606334 ], [ -46.415850457523767, -23.067104505456104 ], [ -46.415856253544426, -23.06710623561192 ], [ -46.41586012377482, -23.067107983023948 ], [ -46.415864012655021, -23.067111512360775 ], [ -46.415865975744943, -23.067115058954002 ], [ -46.415869845975713, -23.067116806365796 ], [ -46.415871809065862, -23.067120352958948 ], [ -46.41587762373733, -23.067123865038784 ], [ -46.415879586827799, -23.067127411631819 ], [ -46.415883438409111, -23.067127377118386 ], [ -46.415887345940504, -23.067132688379402 ], [ -46.415891216172042, -23.067134435790624 ], [ -46.415893179263016, -23.067137982383464 ], [ -46.415895142354103, -23.067141528976268 ], [ -46.415897105445296, -23.067145075569044 ], [ -46.415900994327536, -23.067148604904837 ], [ -46.415902957418993, -23.067152151497517 ], [ -46.415904920510556, -23.067155698090168 ], [ -46.415908790742961, -23.067157445500911 ], [ -46.415910772485134, -23.067162774018303 ], [ -46.415910828436267, -23.067168119792775 ], [ -46.41591662446033, -23.067169849946179 ], [ -46.415920494693296, -23.067171597356602 ], [ -46.41592630936821, -23.067175109434455 ], [ -46.415930179601432, -23.067176856844622 ], [ -46.415934049834753, -23.067178604254686 ], [ -46.415939864510307, -23.067182116332006 ], [ -46.415941827603291, -23.067185662924118 ], [ -46.415945716487862, -23.067189192258674 ], [ -46.415947679581109, -23.0671927388507 ], [ -46.415953494257614, -23.067196250927452 ], [ -46.415959290283368, -23.067197981079207 ], [ -46.415963141866548, -23.067197946563734 ], [ -46.415966993449722, -23.067197912048169 ], [ -46.415972770824467, -23.067197860274646 ], [ -46.415976622407626, -23.067197825758843 ], [ -46.415980473990771, -23.06719779124295 ], [ -46.415984325573909, -23.067197756726959 ], [ -46.415988177157047, -23.067197722210881 ], [ -46.41599202874017, -23.067197687694701 ], [ -46.415995880323294, -23.067197653178436 ], [ -46.415999731906403, -23.067197618662071 ], [ -46.416003583489506, -23.067197584145614 ], [ -46.416007435072601, -23.067197549629064 ], [ -46.416011286655689, -23.067197515112422 ], [ -46.416015156890545, -23.067199262520422 ], [ -46.416019008473675, -23.067199228003584 ], [ -46.416022860056792, -23.067199193486651 ], [ -46.416026711639901, -23.067199158969629 ], [ -46.416030563223003, -23.067199124452518 ], [ -46.416034433458137, -23.067200871860024 ], [ -46.416042155276543, -23.067202584750028 ], [ -46.416046044164098, -23.067206114081952 ], [ -46.416049895747364, -23.067206079564357 ], [ -46.416053747330622, -23.067206045046664 ], [ -46.416057598913881, -23.067206010528878 ], [ -46.416061450497125, -23.067205976011003 ], [ -46.416065302080362, -23.067205941493025 ], [ -46.416069153663592, -23.067205906974962 ], [ -46.416073005246822, -23.0672058724568 ], [ -46.416076856830038, -23.067205837938541 ], [ -46.416080764371202, -23.06721114919424 ], [ -46.41608848619066, -23.06721286208192 ], [ -46.416092337774046, -23.067212827563285 ], [ -46.416096226663157, -23.067216356893887 ], [ -46.416096282621758, -23.067221702667894 ], [ -46.416104004441976, -23.067223415554771 ], [ -46.416105967539806, -23.067226962144581 ], [ -46.41610793063775, -23.067230508734365 ], [ -46.416107986596849, -23.067235854508336 ], [ -46.41611187548704, -23.067239383838476 ], [ -46.416117671516368, -23.067241113984227 ], [ -46.416121560406957, -23.067244643314112 ], [ -46.416125411991189, -23.067244608794624 ], [ -46.416127375089907, -23.067248155384114 ], [ -46.416131263980951, -23.067251684713742 ], [ -46.416135115565368, -23.067251650194002 ], [ -46.416138967149791, -23.067251615674174 ], [ -46.416140930248964, -23.067255162263468 ], [ -46.416144800487011, -23.06725690966811 ], [ -46.416148652071556, -23.067256875148036 ], [ -46.4161525036561, -23.06725684062787 ], [ -46.416156355240638, -23.067256806107604 ], [ -46.416160206825161, -23.067256771587246 ], [ -46.416164058409684, -23.067256737066788 ], [ -46.416167909994194, -23.067256702546246 ], [ -46.416171798886488, -23.067260231874812 ], [ -46.416173761986641, -23.067263778463651 ], [ -46.416177650879298, -23.067267307792047 ], [ -46.416179613979715, -23.067270854380794 ], [ -46.416181577080238, -23.067274400969517 ], [ -46.416183558834938, -23.067279729482795 ], [ -46.416183596143085, -23.067283293331965 ], [ -46.416185559243907, -23.067286839920619 ], [ -46.41618941082924, -23.067286805399497 ], [ -46.416193281068772, -23.067288552802875 ], [ -46.41619713265414, -23.067288518281572 ], [ -46.416200984239502, -23.067288483760176 ], [ -46.416204854479219, -23.067290231163252 ], [ -46.416212594958935, -23.067293725969115 ], [ -46.416214558060666, -23.067297272557354 ], [ -46.416218428300795, -23.067299019960068 ], [ -46.416222279886412, -23.067298985438139 ], [ -46.416228057264838, -23.067298933655071 ], [ -46.416231908850442, -23.067298899132908 ], [ -46.416235760436045, -23.067298864610649 ], [ -46.416239630676465, -23.067300612012833 ], [ -46.416243482262097, -23.067300577490386 ], [ -46.416247333847728, -23.067300542967839 ], [ -46.416251185433346, -23.067300508445204 ], [ -46.416255055673986, -23.067302255847 ], [ -46.416258925914725, -23.067304003248697 ], [ -46.416260889017806, -23.067307549836286 ], [ -46.41626287077613, -23.067312878348368 ], [ -46.416268666810268, -23.067314608488292 ], [ -46.416272555706811, -23.067318137814137 ], [ -46.416272593017368, -23.06732170166315 ], [ -46.416276481914217, -23.067325230988882 ], [ -46.41628035215588, -23.067326978389996 ], [ -46.416284203742194, -23.067326943866522 ], [ -46.416288055328508, -23.067326909342952 ], [ -46.416291906914807, -23.067326874819283 ], [ -46.416295758501107, -23.067326840295525 ], [ -46.416299610087393, -23.067326805771668 ], [ -46.416303461673671, -23.067326771247721 ], [ -46.416307313259949, -23.067326736723679 ], [ -46.416313090639342, -23.067326684937441 ], [ -46.416316942225592, -23.067326650413165 ], [ -46.416320793811835, -23.067326615888792 ], [ -46.416324664054052, -23.067328363288809 ], [ -46.41632851564033, -23.067328328764251 ], [ -46.416330478745579, -23.067331875350845 ], [ -46.416334330331949, -23.067331840826142 ], [ -46.416336293437396, -23.067335387412669 ], [ -46.416342070817088, -23.067335335625355 ], [ -46.416345922403536, -23.067335301100357 ], [ -46.416349773989985, -23.06733526657527 ], [ -46.41635362557642, -23.067335232050084 ], [ -46.416357477162848, -23.067335197524812 ], [ -46.416361328749268, -23.067335162999445 ], [ -46.416365180335688, -23.067335128473978 ], [ -46.416367068815816, -23.067331547362343 ], [ -46.416370920402116, -23.067331512836745 ], [ -46.416374771988416, -23.067331478311051 ], [ -46.416378623574701, -23.067331443785264 ], [ -46.416382475160987, -23.067331409259388 ], [ -46.416386364060834, -23.067334938582253 ], [ -46.416390215647198, -23.067334904056178 ], [ -46.416394067233561, -23.067334869530008 ], [ -46.416397918819911, -23.067334835003749 ], [ -46.41640177040626, -23.067334800477393 ], [ -46.416405621992595, -23.067334765950942 ], [ -46.416409473578923, -23.067334731424403 ], [ -46.416413325165244, -23.06733469689777 ], [ -46.416417158094362, -23.067332880446639 ], [ -46.416422898159212, -23.067329264807597 ], [ -46.416426749745355, -23.067329230280638 ], [ -46.416430601331491, -23.06732919575359 ], [ -46.416436360053233, -23.067327362038466 ], [ -46.416440211639298, -23.067327327511183 ], [ -46.416444044567818, -23.067325511059426 ], [ -46.416445933045686, -23.067321929946964 ], [ -46.416453617559803, -23.06732007896748 ], [ -46.416457413172502, -23.067314698666696 ], [ -46.416459301649873, -23.067311117554087 ], [ -46.416463115919882, -23.067307519177536 ], [ -46.416466948847507, -23.067305702725271 ], [ -46.416470781775033, -23.067303886272917 ], [ -46.416474558728687, -23.067296724047399 ], [ -46.416478391655851, -23.067294907594889 ], [ -46.416482205924886, -23.067291309217914 ], [ -46.416486038851787, -23.067289492765212 ], [ -46.416489834462361, -23.067284112463728 ], [ -46.416489797146149, -23.067280548615031 ], [ -46.416491685622212, -23.067276967502085 ], [ -46.416491648305964, -23.067273403653385 ], [ -46.416493536781893, -23.067269822540428 ], [ -46.416493499465609, -23.067266258691721 ], [ -46.416495387941389, -23.06726267757875 ], [ -46.41649535062507, -23.067259113730049 ], [ -46.416497239100721, -23.067255532617043 ], [ -46.41649720178436, -23.067251968768346 ], [ -46.416497164468012, -23.067248404919638 ], [ -46.416500978735293, -23.067244806542298 ], [ -46.41650671879411, -23.067241190900464 ], [ -46.416510514402589, -23.06723581059855 ], [ -46.416514328669152, -23.067232212220922 ], [ -46.416518161593942, -23.067230395767531 ], [ -46.416521975860149, -23.067226797389718 ], [ -46.416527734576185, -23.067224963671517 ], [ -46.416531548841981, -23.067221365293488 ], [ -46.41653536310757, -23.06721776691538 ], [ -46.416535307131632, -23.067212421142386 ], [ -46.4165429729794, -23.067208788234584 ], [ -46.416542935661923, -23.067205224385937 ], [ -46.416546768585548, -23.067203407931903 ], [ -46.416550601509066, -23.067201591477794 ], [ -46.4165524899825, -23.067198010364219 ], [ -46.416554378455835, -23.06719442925063 ], [ -46.416558192720075, -23.067190830872018 ], [ -46.416562006984101, -23.067187232493335 ], [ -46.416565821247936, -23.067183634114564 ], [ -46.41656578392989, -23.067180070265945 ], [ -46.416569598193426, -23.067176471887088 ], [ -46.416573431115864, -23.067174655432463 ], [ -46.416573393797648, -23.067171091583841 ], [ -46.416575282270081, -23.067167510470043 ], [ -46.416575244951822, -23.067163946621417 ], [ -46.416579059214662, -23.067160348242371 ], [ -46.416579003237153, -23.067155002469445 ], [ -46.416580891709238, -23.067151421355579 ], [ -46.416580854390865, -23.067147857506967 ], [ -46.416584668653108, -23.067144259127801 ], [ -46.416586557124909, -23.067140678013885 ], [ -46.416588445596609, -23.067137096899945 ], [ -46.416590334068211, -23.06713351578599 ], [ -46.416596092779272, -23.067131682065504 ], [ -46.416597981250604, -23.067128100951479 ], [ -46.41660181417128, -23.067126284496233 ], [ -46.416603702642391, -23.067122703382143 ], [ -46.416605591113402, -23.067119122268018 ], [ -46.416607479584314, -23.067115541153889 ], [ -46.416609368055134, -23.067111960039735 ], [ -46.416611256525854, -23.06710837892556 ], [ -46.416611219206757, -23.06710481507697 ], [ -46.416611181887674, -23.067101251228383 ], [ -46.416611144568591, -23.067097687379782 ], [ -46.416611107249523, -23.067094123531184 ], [ -46.41661299571998, -23.067090542416999 ], [ -46.416614884190331, -23.067086961302795 ], [ -46.416618717109628, -23.067085144847209 ], [ -46.416620605579766, -23.067081563732941 ], [ -46.416624457158527, -23.067081529201523 ], [ -46.416628271417785, -23.067077930821423 ], [ -46.416632104336635, -23.067076114365538 ], [ -46.416633992806297, -23.067072533251125 ], [ -46.41663784438478, -23.067072498719387 ], [ -46.416641658643421, -23.067068900338999 ], [ -46.41664547290187, -23.067065301958518 ], [ -46.416647361371027, -23.067061720843967 ], [ -46.416649249840098, -23.067058139729415 ], [ -46.416649212520092, -23.067054575880849 ], [ -46.416649175200092, -23.067051012032298 ], [ -46.416651063668979, -23.067047430917711 ], [ -46.416652952137767, -23.067043849803113 ], [ -46.416652914817689, -23.067040285954555 ], [ -46.416652877497619, -23.067036722106007 ], [ -46.416652840177555, -23.067033158257441 ], [ -46.416652802857499, -23.06702959440889 ], [ -46.416652765537449, -23.067026030560321 ], [ -46.416652728217414, -23.067022466711755 ], [ -46.416652690897386, -23.067018902863193 ], [ -46.416652653577358, -23.067015339014628 ], [ -46.416652616257345, -23.067011775166065 ], [ -46.416652578937331, -23.067008211317493 ], [ -46.416652541617331, -23.067004647468924 ], [ -46.416652504297332, -23.067001083620351 ], [ -46.416652466977347, -23.066997519771778 ], [ -46.416652429657368, -23.066993955923198 ], [ -46.41665239233739, -23.066990392074615 ], [ -46.416652355017426, -23.066986828226039 ], [ -46.416654243485425, -23.066983247111438 ], [ -46.41665805774123, -23.066979648730761 ], [ -46.41665992754892, -23.066974285691817 ], [ -46.416659890228786, -23.066970721843241 ], [ -46.416659852908658, -23.066967157994664 ], [ -46.416659815588538, -23.066963594146078 ], [ -46.416659778268425, -23.066960030297501 ], [ -46.416659740948319, -23.066956466448918 ], [ -46.416659703628227, -23.066952902600342 ], [ -46.416659666308128, -23.066949338751751 ], [ -46.41665962898805, -23.066945774903157 ], [ -46.416661517455339, -23.066942193788496 ], [ -46.416661480135218, -23.066938629939905 ], [ -46.416663349942297, -23.066933266900936 ], [ -46.416663312622141, -23.066929703052349 ], [ -46.416665201089138, -23.066926121937637 ], [ -46.416665163768947, -23.066922558089054 ], [ -46.416668978022827, -23.066918959708183 ], [ -46.416672829596884, -23.066918925175806 ], [ -46.416678606957952, -23.06691887337707 ], [ -46.416682458531987, -23.066918838844458 ], [ -46.416686328766382, -23.066920586236044 ], [ -46.416688291874209, -23.066924132818201 ], [ -46.41669025498215, -23.06692767940034 ], [ -46.416694143877372, -23.066931208715978 ], [ -46.416696106985569, -23.066934755298025 ], [ -46.416699977220588, -23.066936502689227 ], [ -46.416701940329013, -23.066940049271189 ], [ -46.416701977650206, -23.066943613119715 ], [ -46.416703940758801, -23.066947159701645 ], [ -46.416707829654953, -23.066950689016885 ], [ -46.416711718551305, -23.066954218332025 ], [ -46.416713681660319, -23.066957764913798 ], [ -46.416713718981846, -23.066961328762304 ], [ -46.416715682091024, -23.066964875344052 ], [ -46.416717645200315, -23.06696842192575 ], [ -46.416719608309705, -23.066971968507442 ], [ -46.41672157141921, -23.066975515089084 ], [ -46.416723534528813, -23.066979061670708 ], [ -46.416727423426416, -23.066982590985383 ], [ -46.416731312324224, -23.066986120299958 ], [ -46.416735201222231, -23.06698964961442 ], [ -46.416739052798178, -23.066989615080331 ], [ -46.416742923035308, -23.066991362470375 ], [ -46.416746774611298, -23.066991327936094 ], [ -46.416750644848563, -23.066993075325932 ], [ -46.416752607959189, -23.066996621907133 ], [ -46.41675457106993, -23.067000168488306 ], [ -46.416758459968939, -23.067003697802139 ], [ -46.416762348868147, -23.067007227115859 ], [ -46.416764311979293, -23.067010773696886 ], [ -46.416768182217339, -23.067012521086252 ], [ -46.41677203379389, -23.067012486551331 ], [ -46.416775904032065, -23.067014233940501 ], [ -46.416779792932019, -23.067017763253759 ], [ -46.416783644508698, -23.067017728718547 ], [ -46.416787496085377, -23.067017694183239 ], [ -46.416791347662041, -23.067017659647835 ], [ -46.416795199238699, -23.067017625112342 ], [ -46.416800995265639, -23.067019355233082 ], [ -46.416804865504346, -23.067021102621506 ], [ -46.416810661531549, -23.067022832741898 ], [ -46.416812624644187, -23.067026379322243 ], [ -46.416812680630578, -23.067031725094711 ], [ -46.416812717954841, -23.067035288943028 ], [ -46.416810829490501, -23.067038870059317 ], [ -46.416810866814735, -23.067042433907631 ], [ -46.416810904138977, -23.06704599775594 ], [ -46.416810941463226, -23.067049561604254 ], [ -46.416812904576297, -23.067053108184556 ], [ -46.416816774816141, -23.067054855572632 ], [ -46.416818737929439, -23.067058402152849 ], [ -46.416822608169504, -23.067060149540765 ], [ -46.416826497072002, -23.067063678852737 ], [ -46.416828460185705, -23.067067225432815 ], [ -46.416834256215161, -23.067068955552202 ], [ -46.416836219329141, -23.067072502132163 ], [ -46.416840089569817, -23.067074249519628 ], [ -46.416843941148002, -23.06707421498286 ], [ -46.416847792726188, -23.067074180446006 ], [ -46.416851644304359, -23.067074145909061 ], [ -46.41685549588253, -23.067074111372008 ], [ -46.416859347460687, -23.067074076834874 ], [ -46.416865124827908, -23.067074025028987 ], [ -46.416868957743134, -23.067072208567506 ], [ -46.41687280932122, -23.067072174030042 ], [ -46.416876660899291, -23.067072139492488 ], [ -46.416880531140421, -23.067073886878934 ], [ -46.416884382718528, -23.067073852341185 ], [ -46.416886345833866, -23.067077398920443 ], [ -46.416890234738467, -23.067080928230723 ], [ -46.41689410498001, -23.067082675616817 ], [ -46.416897975221644, -23.067084423002793 ], [ -46.416901845463386, -23.067086170388684 ], [ -46.416905715705212, -23.067087917774472 ], [ -46.416909567283689, -23.067087883236091 ], [ -46.416913437525658, -23.067089630621673 ], [ -46.416917289104163, -23.067089596083104 ], [ -46.416921140682653, -23.067089561544442 ], [ -46.416923103799178, -23.067093108123188 ], [ -46.416925066915816, -23.067096654701899 ], [ -46.416927030032554, -23.067100201280592 ], [ -46.416928993149405, -23.067103747859239 ], [ -46.416929030476865, -23.067107311707339 ], [ -46.416930993593873, -23.067110858285965 ], [ -46.416932975374792, -23.067116186788585 ], [ -46.416933031366177, -23.067121532560716 ], [ -46.416934994483519, -23.067125079139267 ], [ -46.416940790516634, -23.067126809254546 ], [ -46.416944679424063, -23.06713033856332 ], [ -46.416948531003676, -23.06713030402393 ], [ -46.416952382583275, -23.067130269484448 ], [ -46.416956252826985, -23.067132016868882 ], [ -46.416960160399128, -23.067137328101268 ], [ -46.416962123517415, -23.067140874679421 ], [ -46.416964086635808, -23.067144421257552 ], [ -46.41696412396427, -23.067147985105567 ], [ -46.416966087082834, -23.067151531683663 ], [ -46.416966124411353, -23.067155095531682 ], [ -46.416966161739893, -23.0671586593797 ], [ -46.41696812485867, -23.067162205957754 ], [ -46.416972032432206, -23.067167517189752 ], [ -46.416972069760909, -23.067171081037756 ], [ -46.416972107089634, -23.067174644885764 ], [ -46.416972144418359, -23.067178208733758 ], [ -46.416972181747091, -23.067181772581765 ], [ -46.416972219075838, -23.067185336429752 ], [ -46.416972256404584, -23.067188900277756 ], [ -46.416972293733338, -23.067192464125743 ], [ -46.416972331062105, -23.067196027973743 ], [ -46.416972366742016, -23.067200063929086 ], [ -46.416973844143072, -23.067200187263676 ], [ -46.416973688736448, -23.067201679640256 ], [ -46.416974331510467, -23.067203138399648 ], [ -46.416974368839305, -23.067206702247628 ], [ -46.416978239085509, -23.067208449631398 ], [ -46.416978276414461, -23.06721201347937 ], [ -46.416982146660864, -23.067213760863034 ], [ -46.416986016907366, -23.067215508246594 ], [ -46.416987980027571, -23.067219054824299 ], [ -46.416989943147875, -23.06722260140198 ], [ -46.416989980477155, -23.067226165249934 ], [ -46.416990017806448, -23.067229729097885 ], [ -46.416990055135749, -23.067233292945836 ], [ -46.41698624088248, -23.067236891334332 ], [ -46.416986278211688, -23.067240455182286 ], [ -46.416984389749516, -23.067244036300476 ], [ -46.416980556831263, -23.067245852764888 ], [ -46.416980594160343, -23.067249416612842 ], [ -46.416976779906378, -23.067253015001143 ], [ -46.416974891443793, -23.06725659611924 ], [ -46.416974928772746, -23.067260159967205 ], [ -46.416974966101691, -23.067263723815159 ], [ -46.416975003430657, -23.067267287663114 ], [ -46.416975059424118, -23.067272633435046 ], [ -46.416978948336805, -23.067276162742662 ], [ -46.416982837249698, -23.067279692050167 ], [ -46.416986707498147, -23.0672814394336 ], [ -46.416990596411395, -23.067284968740896 ], [ -46.416994447995329, -23.067284934200163 ], [ -46.416998318244062, -23.067286681583305 ], [ -46.417000281365716, -23.067290228160765 ], [ -46.417004132949785, -23.067290193619794 ], [ -46.417004188944453, -23.067295539391633 ], [ -46.417004226274244, -23.067299103239534 ], [ -46.417004263604049, -23.067302667087421 ], [ -46.417004300933847, -23.067306230935319 ], [ -46.417004338263659, -23.06730979478321 ], [ -46.417004375593486, -23.067313358631104 ], [ -46.417000542673613, -23.067315175096056 ], [ -46.417000580003339, -23.067318738943953 ], [ -46.41700061733308, -23.067322302791851 ], [ -46.416998728870283, -23.067325883910215 ], [ -46.416998766199981, -23.067329447758109 ], [ -46.416996877737041, -23.067333028876462 ], [ -46.4169930634813, -23.06733662726522 ], [ -46.416989211895896, -23.067336661805985 ], [ -46.416985378975163, -23.067338478270592 ], [ -46.416981546054323, -23.067340294735128 ], [ -46.416975806005141, -23.06734391039376 ], [ -46.416971991748525, -23.067347508782039 ], [ -46.416968140162773, -23.067347543322306 ], [ -46.416966251698774, -23.067351124440343 ], [ -46.416962400112915, -23.067351158980475 ], [ -46.416958567191379, -23.067352975444486 ], [ -46.416957679871565, -23.067355413341687 ], [ -46.41695721958952, -23.067359833442886 ], [ -46.416953392044967, -23.067359776970925 ], [ -46.416950957340745, -23.067361954144175 ], [ -46.41694714308295, -23.067365552531907 ], [ -46.416943310160796, -23.06736736899558 ], [ -46.416939477238536, -23.067369185459157 ], [ -46.416935625652108, -23.067369219998668 ], [ -46.416931792729685, -23.06737103646207 ], [ -46.416926034013876, -23.067372870195008 ], [ -46.416922182427328, -23.067372904734196 ], [ -46.416918330840765, -23.067372939273287 ], [ -46.416914497917986, -23.067374755736282 ], [ -46.41691064633136, -23.067374790275192 ], [ -46.416906832072094, -23.067378388662021 ], [ -46.416902980485354, -23.067378423200743 ], [ -46.416899166225768, -23.067382021587392 ], [ -46.416897277759467, -23.067385602704704 ], [ -46.416893426172514, -23.067385637243206 ], [ -46.41688959324901, -23.067387453705628 ], [ -46.416885760325393, -23.067389270167975 ], [ -46.416881927401676, -23.067391086630217 ], [ -46.416878094477852, -23.067392903092383 ], [ -46.416874261553922, -23.067394719554454 ], [ -46.416870428629878, -23.067396536016435 ], [ -46.416866577042562, -23.067396570554301 ], [ -46.416864688575195, -23.067400151671261 ], [ -46.416864725901497, -23.06740371551933 ], [ -46.416864763227814, -23.067407279367391 ], [ -46.41686480055413, -23.067410843215459 ], [ -46.41686483788046, -23.067414407063506 ], [ -46.416864875206791, -23.067417970911571 ], [ -46.416866838327152, -23.067421517490718 ], [ -46.416868801447613, -23.06742506406982 ], [ -46.416872690362297, -23.067428593379908 ], [ -46.416874653483028, -23.067432139958925 ], [ -46.416874690809649, -23.067435703806964 ], [ -46.416874728136285, -23.06743926765499 ], [ -46.416874765462921, -23.06744283150303 ], [ -46.416874802789572, -23.067446395351055 ], [ -46.416874840116222, -23.067449959199088 ], [ -46.416874877442879, -23.067453523047117 ], [ -46.416874914769551, -23.067457086895139 ], [ -46.416874952096229, -23.067460650743165 ], [ -46.416873063628294, -23.067464231860235 ], [ -46.416873100954938, -23.067467795708261 ], [ -46.416871212486861, -23.067471376825306 ], [ -46.416869324018691, -23.067474957942341 ], [ -46.416869361345256, -23.067478521790363 ], [ -46.416869398671821, -23.067482085638392 ], [ -46.4168694359984, -23.067485649486411 ], [ -46.416869473324979, -23.067489213334426 ], [ -46.416869510651573, -23.067492777182448 ], [ -46.416867622183091, -23.067496358299465 ], [ -46.416867659509649, -23.067499922147491 ], [ -46.416867696836206, -23.067503485995491 ], [ -46.416867752826072, -23.067508831767519 ], [ -46.416867790152644, -23.067512395615534 ], [ -46.416867827479237, -23.067515959463542 ], [ -46.416865939010421, -23.067519540580548 ], [ -46.416864050541513, -23.067523121697537 ], [ -46.416860236276982, -23.067526720083439 ], [ -46.416854514879816, -23.067532117662143 ], [ -46.416850700614788, -23.067535716047836 ], [ -46.416846886349553, -23.067539314433446 ], [ -46.416846923675642, -23.067542878281476 ], [ -46.416850812593353, -23.067546407591905 ], [ -46.416850849919555, -23.067549971439934 ], [ -46.416850887245765, -23.067553535287946 ], [ -46.416850924571982, -23.067557099135971 ], [ -46.416850961898206, -23.067560662983979 ], [ -46.416850999224437, -23.067564226831998 ], [ -46.416851036550675, -23.067567790680005 ], [ -46.41685107387692, -23.06757135452802 ], [ -46.416851111203179, -23.067574918376025 ], [ -46.416849222733177, -23.067578499492871 ], [ -46.416845408466763, -23.067582097878493 ], [ -46.416845445792887, -23.0675856617265 ], [ -46.416847408915437, -23.067589208305719 ], [ -46.416849372038094, -23.067592754884895 ], [ -46.416849409364346, -23.0675963187329 ], [ -46.416849446690598, -23.0675998825809 ], [ -46.416851409813482, -23.067603429160044 ], [ -46.416855261406717, -23.067603394622257 ], [ -46.416859187652996, -23.067610487780339 ], [ -46.416861150776299, -23.067614034359337 ], [ -46.416863113899701, -23.067617580938297 ], [ -46.416863151226366, -23.067621144786273 ], [ -46.41686704014684, -23.06762467409613 ], [ -46.416867077473619, -23.067628237944096 ], [ -46.416869059260819, -23.06763356644694 ], [ -46.416872929518348, -23.067635313832653 ], [ -46.416874892642397, -23.067638860411428 ], [ -46.41687685576656, -23.067642406990174 ], [ -46.416878818890822, -23.067645953568888 ], [ -46.416882670485215, -23.06764591903038 ], [ -46.416886578070596, -23.06765123026365 ], [ -46.416890448328843, -23.067652977648901 ], [ -46.41689429992342, -23.067652943110087 ], [ -46.416898151517991, -23.067652908571187 ], [ -46.416902003112554, -23.067652874032191 ], [ -46.41690585470711, -23.067652839493103 ], [ -46.416909706301659, -23.067652804953926 ], [ -46.416913557896201, -23.067652770414647 ], [ -46.416917409490736, -23.067652735875278 ], [ -46.416921261085257, -23.067652701335813 ], [ -46.416925112679777, -23.067652666796253 ], [ -46.416928964274284, -23.0676526322566 ], [ -46.416930927400045, -23.067656178834586 ], [ -46.416936704791944, -23.067656127024851 ], [ -46.416938667917961, -23.067659673602737 ], [ -46.416942519512645, -23.067659639062743 ], [ -46.416942556841462, -23.067663202910566 ], [ -46.416940668372852, -23.067666784028411 ], [ -46.416938798568516, -23.067672147070148 ], [ -46.416936910099686, -23.067675728187943 ], [ -46.41693694742839, -23.067679292035777 ], [ -46.416936984757101, -23.0676828558836 ], [ -46.416937040750184, -23.06768820165534 ], [ -46.41693900387672, -23.067691748233184 ], [ -46.416944818599049, -23.067695260270881 ], [ -46.416946781725898, -23.067698806848611 ], [ -46.416948744852846, -23.067702353426295 ], [ -46.416950726644465, -23.06770768192785 ], [ -46.416954596905114, -23.067709429311392 ], [ -46.416958485830527, -23.067712958618728 ], [ -46.416962356091418, -23.067714706002057 ], [ -46.4169662263524, -23.067716453385305 ], [ -46.416970096613483, -23.067718200768436 ], [ -46.416973985539542, -23.067721730075341 ], [ -46.4169778744658, -23.067725259382154 ], [ -46.416983670525546, -23.067726989494425 ], [ -46.416985633653887, -23.067730536071579 ], [ -46.416989485250511, -23.067730501530342 ], [ -46.416993336847135, -23.067730466989012 ], [ -46.416997207108942, -23.067732214371443 ], [ -46.417001077370841, -23.067733961753767 ], [ -46.417004966298137, -23.067737491059852 ], [ -46.417008836560292, -23.06773923844198 ], [ -46.417008873891, -23.067742802289676 ], [ -46.417010837020243, -23.067746348866457 ], [ -46.417016633081253, -23.067748078977456 ], [ -46.417020503343842, -23.067749826359268 ], [ -46.417024354940963, -23.067749791817153 ], [ -46.417028206538077, -23.067749757274946 ], [ -46.417032020803838, -23.067746158884994 ], [ -46.417035853735115, -23.067744342418777 ], [ -46.417039705332051, -23.067744307876296 ], [ -46.41704351959735, -23.067740709486088 ], [ -46.417047371194172, -23.067740674943423 ], [ -46.417051204125066, -23.067738858476865 ], [ -46.417056962854211, -23.067737024738751 ], [ -46.417060814450899, -23.067736990195765 ], [ -46.417064666047587, -23.067736955652684 ], [ -46.417068517644267, -23.067736921109514 ], [ -46.417072387907119, -23.067738668490041 ], [ -46.417076295502575, -23.06774397971806 ], [ -46.417083998696285, -23.067743910631037 ], [ -46.417087887625925, -23.067747439934951 ], [ -46.417091739222862, -23.067747405391199 ], [ -46.417095628152801, -23.067750934694899 ], [ -46.417099517082953, -23.067754463998504 ], [ -46.417103424679915, -23.067759775225763 ], [ -46.417105387811844, -23.067763321801227 ], [ -46.417107350943873, -23.067766868376665 ], [ -46.417109314076008, -23.067770414952069 ], [ -46.417111295874996, -23.067775743451204 ], [ -46.417111333208474, -23.067779307298721 ], [ -46.41711137054196, -23.067782871146228 ], [ -46.417111407875446, -23.067786434993746 ], [ -46.417113371008007, -23.067789981569071 ], [ -46.417117259939772, -23.067793510872132 ], [ -46.417117297273435, -23.067797074719628 ], [ -46.417117334607106, -23.067800638567128 ], [ -46.41711737194079, -23.067804202414617 ], [ -46.417117409274482, -23.067807766262117 ], [ -46.417117446608174, -23.06781133010961 ], [ -46.41711748394188, -23.067814893957095 ], [ -46.417123261340087, -23.067814842140212 ], [ -46.417125243140369, -23.067820170639077 ], [ -46.417131020538783, -23.067820118821892 ], [ -46.417134909471891, -23.067823648124442 ], [ -46.417136872605639, -23.067827194699404 ], [ -46.417140761539116, -23.067830724001798 ], [ -46.417144631805556, -23.067832471380356 ], [ -46.417148483404823, -23.067832436835104 ], [ -46.417152335004076, -23.067832402289753 ], [ -46.417156205270707, -23.067834149668016 ], [ -46.417160075537431, -23.06783589704618 ], [ -46.417163927136762, -23.067835862500541 ], [ -46.417167778736093, -23.067835827954813 ], [ -46.41717163033541, -23.067835793408989 ], [ -46.417173593470295, -23.067839339983433 ], [ -46.417177482405037, -23.067842869284856 ], [ -46.417179445540185, -23.067846415859208 ], [ -46.417179482875582, -23.067849979706587 ], [ -46.417183353143045, -23.067851727084143 ], [ -46.417185334946261, -23.067857055582088 ], [ -46.417189205213994, -23.067858802959485 ], [ -46.417191168349689, -23.067862349533666 ], [ -46.417195057285575, -23.067865878834574 ], [ -46.41719892755367, -23.067867626211704 ], [ -46.417202779153847, -23.067867591665081 ], [ -46.417206630754009, -23.067867557118358 ], [ -46.417210482354172, -23.067867522571536 ], [ -46.41721433395432, -23.067867488024632 ], [ -46.417218185554461, -23.067867453477632 ], [ -46.41722199981804, -23.067863855083232 ], [ -46.417225851418074, -23.067863820536047 ], [ -46.417231591481297, -23.067860204867799 ], [ -46.417235405744314, -23.0678566064731 ], [ -46.417239257344114, -23.067856571925599 ], [ -46.417243071606812, -23.067852973530723 ], [ -46.417246923206491, -23.067852938983037 ], [ -46.417248811669097, -23.067849357861895 ], [ -46.41725266326867, -23.067849323314078 ], [ -46.417256477530799, -23.067845724918904 ], [ -46.417260310461494, -23.067843908447276 ], [ -46.417264162060889, -23.067843873899189 ], [ -46.417268013660269, -23.067843839350999 ], [ -46.41727186525965, -23.067843804802724 ], [ -46.417275716859024, -23.067843770254349 ], [ -46.417279605796423, -23.067847299553108 ], [ -46.417283476064952, -23.067849046928156 ], [ -46.41728734633358, -23.067850794303094 ], [ -46.417289309471656, -23.067854340875929 ], [ -46.417289346809959, -23.06785790472313 ], [ -46.417289384148276, -23.067861468570346 ], [ -46.417289421486601, -23.06786503241754 ], [ -46.417289458824932, -23.067868596264738 ], [ -46.417289496163271, -23.067872160111936 ], [ -46.417287607701489, -23.067875741233522 ], [ -46.417285719239608, -23.067879322355079 ], [ -46.41727997917716, -23.067882938025257 ], [ -46.41727614624569, -23.067884754497396 ], [ -46.417272313314101, -23.067886570969442 ], [ -46.417268480382418, -23.067888387441407 ], [ -46.417264666119479, -23.067891985836891 ], [ -46.417260833187534, -23.067893802308681 ], [ -46.417260889193976, -23.067899148079519 ], [ -46.41726288966985, -23.067906258499896 ], [ -46.417264852808195, -23.067909805073 ], [ -46.417264890145958, -23.067913368920223 ], [ -46.417272630686654, -23.067916863670725 ], [ -46.417276519626185, -23.06792039296943 ], [ -46.417280408565929, -23.067923922268019 ], [ -46.417280445904126, -23.067927486115209 ], [ -46.41728048324233, -23.06793104996239 ], [ -46.417280520580547, -23.067934613809577 ], [ -46.417276724985783, -23.067939994128977 ], [ -46.417274836522807, -23.067943575250439 ], [ -46.417272948059733, -23.067947156371886 ], [ -46.417271059596573, -23.067950737493316 ], [ -46.417271096934577, -23.067954301340503 ], [ -46.417271134272582, -23.067957865187694 ], [ -46.417271190279614, -23.067963210958464 ], [ -46.41727122761764, -23.067966774805654 ], [ -46.417273190757165, -23.067970321378574 ], [ -46.417277042360141, -23.06797028682999 ], [ -46.417280912632251, -23.067972034204907 ], [ -46.417280949970547, -23.067975598052062 ], [ -46.417284820242863, -23.067977345426865 ], [ -46.417288690515271, -23.067979092801565 ], [ -46.417288727853787, -23.067982656648706 ], [ -46.417290690994015, -23.067986203221373 ], [ -46.417292654134343, -23.067989749794016 ], [ -46.417296524407206, -23.067991497168499 ], [ -46.417296580415332, -23.067996842939195 ], [ -46.417300450688444, -23.067998590313561 ], [ -46.417304320961655, -23.068000337687828 ], [ -46.417308191234966, -23.068002085061998 ], [ -46.417312080177958, -23.06800561435962 ], [ -46.417315931781872, -23.068005579810045 ], [ -46.417319783385771, -23.068005545260366 ], [ -46.417323634989671, -23.068005510710599 ], [ -46.417327486593564, -23.068005476160735 ], [ -46.417331338197435, -23.068005441610779 ], [ -46.417335189801314, -23.068005407060728 ], [ -46.417339041405178, -23.068005372510587 ], [ -46.417342911679036, -23.068007119883873 ], [ -46.417346800623037, -23.068010649180582 ], [ -46.417350670897136, -23.068012396553669 ], [ -46.41735070823735, -23.068015960400707 ], [ -46.417350745577565, -23.068019524247742 ], [ -46.41735461585197, -23.068021271620719 ], [ -46.417354653192298, -23.068024835467742 ], [ -46.417358523466902, -23.068026582840609 ], [ -46.417360486609617, -23.068030129412264 ], [ -46.417364356884448, -23.068031876784971 ], [ -46.417366338697718, -23.068037205280049 ], [ -46.417370227643211, -23.068040734576101 ], [ -46.417372190786438, -23.068044281147579 ], [ -46.417376079732286, -23.06804781044346 ], [ -46.417378061546295, -23.068053138938343 ], [ -46.417381931822, -23.06805488631057 ], [ -46.41738196916311, -23.068058450157533 ], [ -46.417385839439014, -23.068060197529665 ], [ -46.417389709715017, -23.068061944901693 ], [ -46.41738974705634, -23.068065508748639 ], [ -46.417391710200476, -23.068069055319821 ], [ -46.417397487608845, -23.068069003492376 ], [ -46.417397543621171, -23.06807434926278 ], [ -46.417399525436444, -23.068079677757318 ], [ -46.417401488581056, -23.068083224328344 ], [ -46.417401525922735, -23.068086788175275 ], [ -46.41740156326442, -23.0680903520222 ], [ -46.41740354508012, -23.068095680516649 ], [ -46.417405508225087, -23.068099227087615 ], [ -46.417405545566901, -23.068102790934525 ], [ -46.417409434515342, -23.068106320229436 ], [ -46.417413323463983, -23.068109849524234 ], [ -46.417419119545144, -23.068111579619359 ], [ -46.417422971151886, -23.068111545067019 ], [ -46.417428785904448, -23.068115057085201 ], [ -46.417430749050361, -23.068118603655797 ], [ -46.417434600657295, -23.068118569103159 ], [ -46.417438452264221, -23.06811853455044 ], [ -46.417444229674587, -23.068118482721175 ], [ -46.417448081281492, -23.068118448168207 ], [ -46.41745193288839, -23.068118413615153 ], [ -46.417455784495274, -23.068118379062003 ], [ -46.417459636102159, -23.068118344508761 ], [ -46.417459598758896, -23.068114780661936 ], [ -46.417463450365666, -23.068114746108606 ], [ -46.41746730197243, -23.068114711555182 ], [ -46.417471153579193, -23.068114677001667 ], [ -46.417475005185935, -23.068114642448055 ], [ -46.417478856792684, -23.068114607894351 ], [ -46.417482671055552, -23.068111009493762 ], [ -46.41748652266218, -23.068110974939881 ], [ -46.417490374268802, -23.068110940385896 ], [ -46.417496133006601, -23.068109106631354 ], [ -46.417499965940998, -23.068107290153762 ], [ -46.417503780203084, -23.068103691752707 ], [ -46.417503742858685, -23.068100127905939 ], [ -46.417505631317376, -23.068096546781991 ], [ -46.417505593972948, -23.068092982935234 ], [ -46.417505556628512, -23.068089419088473 ], [ -46.417505519284092, -23.068085855241701 ], [ -46.417505463267474, -23.068080509471553 ], [ -46.417507351725881, -23.06807692834759 ], [ -46.417509240184188, -23.068073347223621 ], [ -46.417513073117412, -23.068071530745769 ], [ -46.417514961575492, -23.068067949621728 ], [ -46.417516850033486, -23.068064368497669 ], [ -46.417520682966341, -23.068062552019647 ], [ -46.417524515899089, -23.068060735541525 ], [ -46.417528367504218, -23.068060700986692 ], [ -46.417532219109333, -23.068060666431759 ], [ -46.417536945666747, -23.068060846785919 ] ] ] ] } },
{ "type": "Feature", "properties": { "Área (ha)": 0.324, "Área tota": 28.948 }, "geometry": { "type": "MultiPolygon", "coordinates": [ [ [ [ -46.413521284923306, -23.067073946480182 ], [ -46.413505826069219, -23.067046016803722 ], [ -46.413510159100035, -23.067045978041318 ], [ -46.413507950692726, -23.06704198808745 ], [ -46.41350361766203, -23.067042026849791 ], [ -46.413501409254984, -23.067038036895816 ], [ -46.413497076224402, -23.067038075657969 ], [ -46.413490534787151, -23.067034124465849 ], [ -46.413483993350269, -23.067030173273444 ], [ -46.413479618428873, -23.067026202699964 ], [ -46.4134774100228, -23.067022212745592 ], [ -46.413473056047273, -23.06702024683949 ], [ -46.413468702071867, -23.067018280933244 ], [ -46.413464348096582, -23.067016315026883 ], [ -46.413464306206038, -23.067012305691708 ], [ -46.413462097800647, -23.067008315737084 ], [ -46.413457722880608, -23.067004345162914 ], [ -46.413453347960825, -23.067000374588627 ], [ -46.413451139555974, -23.066996384633811 ], [ -46.413448910206228, -23.066990390011359 ], [ -46.413446701801675, -23.066986400056482 ], [ -46.413442326882816, -23.066982429481808 ], [ -46.413437972909051, -23.066980463574637 ], [ -46.413433639880196, -23.06698050233496 ], [ -46.413431431476269, -23.066976512379817 ], [ -46.41342922307247, -23.066972522424649 ], [ -46.413424890043856, -23.066972561184716 ], [ -46.413420557015229, -23.066972599944666 ], [ -46.413416223986594, -23.066972638704499 ], [ -46.413411890957946, -23.066972677464211 ], [ -46.413407557929297, -23.066972716223805 ], [ -46.413403224900634, -23.066972754983279 ], [ -46.413398891871964, -23.066972793742636 ], [ -46.413392434217272, -23.066976861216766 ], [ -46.413388122132559, -23.066978904643499 ], [ -46.413383810047705, -23.066980948070118 ], [ -46.413379477018736, -23.066980986828955 ], [ -46.413375164933676, -23.06698303025534 ], [ -46.413370831904622, -23.066983069013951 ], [ -46.413366498875561, -23.06698310777243 ], [ -46.413362165846486, -23.066983146530792 ], [ -46.413357832817404, -23.06698318528904 ], [ -46.413353499788315, -23.066983224047171 ], [ -46.413347000244656, -23.06698328218414 ], [ -46.413342667215545, -23.066983320941972 ], [ -46.413338334186413, -23.066983359699684 ], [ -46.413334043043911, -23.066987407792702 ], [ -46.413329710014644, -23.066987446550183 ], [ -46.413325376985362, -23.06698748530755 ], [ -46.413321043956067, -23.066987524064796 ], [ -46.413316752812904, -23.06699157215736 ], [ -46.413314649127287, -23.066997605539054 ], [ -46.413310337040627, -23.066999648963748 ], [ -46.413310378926596, -23.067003658299193 ], [ -46.413306066839674, -23.067005701723783 ], [ -46.413301775695487, -23.067009749815995 ], [ -46.413295318035949, -23.067013817286377 ], [ -46.413293193406332, -23.067017846000088 ], [ -46.413288881318685, -23.067019889424238 ], [ -46.413284590173532, -23.067023937516016 ], [ -46.413280319970674, -23.067029990275433 ], [ -46.413275986939944, -23.067030029031514 ], [ -46.413273862309516, -23.067034057745008 ], [ -46.413273904194462, -23.067038067080503 ], [ -46.413269613048293, -23.067042115171915 ], [ -46.413269654933131, -23.067046124507417 ], [ -46.413269717760407, -23.067052138510661 ], [ -46.413271926161066, -23.067056128468192 ], [ -46.413276301077708, -23.06706009904768 ], [ -46.413276342962781, -23.067064108383153 ], [ -46.413276384847862, -23.067068117718623 ], [ -46.413276426732956, -23.0670721270541 ], [ -46.413276468618065, -23.067076136389574 ], [ -46.413276510503167, -23.067080145725036 ], [ -46.413278739847122, -23.067086140350174 ], [ -46.413283093822315, -23.067088106261654 ], [ -46.413285302224004, -23.067092096218939 ], [ -46.413285344109411, -23.067096105554388 ], [ -46.4132940311179, -23.067098032709104 ], [ -46.41329838509369, -23.067099998620129 ], [ -46.413302760012556, -23.067103969198747 ], [ -46.413309280505203, -23.067105915731002 ], [ -46.413313655424581, -23.067109886309289 ], [ -46.41332021780412, -23.067115842176452 ], [ -46.413324571780834, -23.067117808086721 ], [ -46.413328925757661, -23.067119773996847 ], [ -46.4133289885878, -23.067125787999878 ], [ -46.413329030474571, -23.067129797335237 ], [ -46.413329072361343, -23.067133806670583 ], [ -46.413329114248135, -23.067137816005932 ], [ -46.413329156134928, -23.067141825341285 ], [ -46.413329198021735, -23.067145834676623 ], [ -46.413329239908549, -23.067149844011965 ], [ -46.413329281795377, -23.067153853347314 ], [ -46.413327157164844, -23.067157882061473 ], [ -46.413327199051622, -23.067161891396822 ], [ -46.413327240938408, -23.06716590073216 ], [ -46.413327282825207, -23.067169910067495 ], [ -46.413327324712021, -23.06717391940283 ], [ -46.413327387542253, -23.067179933405829 ], [ -46.413327429429081, -23.067183942741156 ], [ -46.413327471315924, -23.067187952076491 ], [ -46.413327513202773, -23.067191961411805 ], [ -46.41332755508963, -23.067195970747132 ], [ -46.413327596976494, -23.067199980082453 ], [ -46.413323326770538, -23.067206032843082 ], [ -46.413323368657302, -23.067210042178406 ], [ -46.413321244025795, -23.067214070892515 ], [ -46.413321285912517, -23.067218080227839 ], [ -46.413316994762432, -23.067222128320662 ], [ -46.41331703664904, -23.067226137655993 ], [ -46.413317078535663, -23.067230146991317 ], [ -46.413312766441834, -23.067232190416387 ], [ -46.413312808328342, -23.067236199751708 ], [ -46.413312850214851, -23.067240209087036 ], [ -46.413312892101374, -23.06724421842236 ], [ -46.413310767469078, -23.067248247136355 ], [ -46.413308684723077, -23.067256285185653 ], [ -46.413304393571451, -23.067260333278188 ], [ -46.413300102419569, -23.067264381370631 ], [ -46.413297977786598, -23.06726841008448 ], [ -46.413293665691263, -23.067270453509092 ], [ -46.4132893535958, -23.067272496933587 ], [ -46.413285062443073, -23.06727654502566 ], [ -46.413282937809477, -23.067280573739321 ], [ -46.413278646656309, -23.067284621831234 ], [ -46.413278688541908, -23.067288631166594 ], [ -46.413278730427514, -23.06729264050195 ], [ -46.413278772313141, -23.067296649837306 ], [ -46.413278814198769, -23.06730065917267 ], [ -46.41328102260416, -23.067304649129731 ], [ -46.4132832310097, -23.067308639086765 ], [ -46.413289730569161, -23.06730858095165 ], [ -46.413294063608788, -23.067308542194755 ], [ -46.413296188242448, -23.067304513480938 ], [ -46.413302687801675, -23.067304455345294 ], [ -46.413307020841145, -23.067304416588048 ], [ -46.413311332937312, -23.067302373163045 ], [ -46.413315665976697, -23.067302334405568 ], [ -46.413319999016082, -23.067302295647973 ], [ -46.413324332055453, -23.067302256890255 ], [ -46.413328665094816, -23.067302218132422 ], [ -46.413332998134166, -23.067302179374472 ], [ -46.413337331173508, -23.067302140616402 ], [ -46.413341685156595, -23.067304106525825 ], [ -46.413346039139803, -23.067306072435127 ], [ -46.413350372179245, -23.067306033676694 ], [ -46.41335470521868, -23.067305994918144 ], [ -46.413356913626359, -23.067309984874033 ], [ -46.41336126760995, -23.067311950782898 ], [ -46.413361309498057, -23.067315960118098 ], [ -46.413361351386165, -23.067319969453308 ], [ -46.413361393274286, -23.067323978788501 ], [ -46.413363601682477, -23.067327968744276 ], [ -46.413365831034945, -23.067333963367599 ], [ -46.413365872923222, -23.067337972702774 ], [ -46.413365914811514, -23.067341982037949 ], [ -46.41336595669982, -23.067345991373145 ], [ -46.413365998588127, -23.06735000070832 ], [ -46.413366040476447, -23.067354010043495 ], [ -46.413361749323698, -23.067358058137621 ], [ -46.413359624691303, -23.067362086852224 ], [ -46.413357500058787, -23.067366115566809 ], [ -46.413353187961413, -23.06736815899313 ], [ -46.413348854919981, -23.06736819775174 ], [ -46.413346730287053, -23.067372226466212 ], [ -46.413340230724693, -23.067372284603831 ], [ -46.413335918626842, -23.06737432802969 ], [ -46.413331585585183, -23.067374366787838 ], [ -46.413329460951637, -23.067378395502104 ], [ -46.413322982332481, -23.06738045830663 ], [ -46.413318670234091, -23.067382501732055 ], [ -46.413312170671162, -23.067382559868541 ], [ -46.413307879515855, -23.067386607961311 ], [ -46.413303567417024, -23.067388651386342 ], [ -46.413297088796931, -23.067390714189862 ], [ -46.413292797640906, -23.067394762282248 ], [ -46.413288485541571, -23.067396805706895 ], [ -46.413282006920824, -23.067398868509823 ], [ -46.413277694821183, -23.067400911934175 ], [ -46.413273424607084, -23.067406964693731 ], [ -46.413269091564267, -23.067407003450217 ], [ -46.413264800406871, -23.06741105154191 ], [ -46.413260467363898, -23.067411090298165 ], [ -46.413256155263518, -23.067413133721967 ], [ -46.413251843162996, -23.067415177145662 ], [ -46.413247510119874, -23.067415215901569 ], [ -46.413243198019146, -23.067417259325037 ], [ -46.413238864975938, -23.067417298080706 ], [ -46.413234531932723, -23.067417336836257 ], [ -46.413230198889501, -23.067417375591699 ], [ -46.413225865846258, -23.067417414347013 ], [ -46.413221532803014, -23.067417453102205 ], [ -46.413217241643814, -23.067421501192687 ], [ -46.413210742078718, -23.067421559325094 ], [ -46.413206429977187, -23.067423602747599 ], [ -46.413202138817319, -23.067427650837686 ], [ -46.413197826715447, -23.067429694259975 ], [ -46.41319351461344, -23.067431737682139 ], [ -46.413187035989381, -23.067433800481311 ], [ -46.413184911350584, -23.06743782919386 ], [ -46.413180599248108, -23.067439872615687 ], [ -46.413176266204054, -23.067439911369682 ], [ -46.413169808520657, -23.067443978835922 ], [ -46.413167683881191, -23.067448007548254 ], [ -46.413163350836861, -23.067448046301912 ], [ -46.41315903873371, -23.067450089723184 ], [ -46.413156914093825, -23.0674541184354 ], [ -46.413150456409149, -23.067458185900897 ], [ -46.413146144305458, -23.067460229321838 ], [ -46.413141832201646, -23.067462272742674 ], [ -46.41314187408355, -23.067466282078183 ], [ -46.41314408248801, -23.067470272037159 ], [ -46.413148457415204, -23.06747424261949 ], [ -46.413150665819998, -23.067478232578345 ], [ -46.413155019806489, -23.067480198492742 ], [ -46.413159373793093, -23.067482164406997 ], [ -46.413159415675558, -23.067486173742463 ], [ -46.413163769662418, -23.067488139656593 ], [ -46.413163811545026, -23.067492148992041 ], [ -46.41316818647352, -23.067496119573772 ], [ -46.413172540460813, -23.067498085487621 ], [ -46.413172582343712, -23.067502094823062 ], [ -46.413176936331269, -23.067504060736781 ], [ -46.413179144737413, -23.067508050695167 ], [ -46.413179186620518, -23.067512060030587 ], [ -46.413183519666873, -23.0675120212764 ], [ -46.413190040178094, -23.067513967812598 ], [ -46.413194415108059, -23.067517938393493 ], [ -46.413196623514949, -23.067521928351596 ], [ -46.413203164968749, -23.0675258795549 ], [ -46.4132032068526, -23.067529888890267 ], [ -46.413203248736465, -23.067533898225637 ], [ -46.413203290620331, -23.067537907560997 ], [ -46.413201165980574, -23.067541936273766 ], [ -46.413196853875142, -23.067543979696172 ], [ -46.413194729235109, -23.067548008408863 ], [ -46.413194771118746, -23.067552017744241 ], [ -46.413190438071133, -23.067552056498798 ], [ -46.413186125965218, -23.067554099920937 ], [ -46.413181834800795, -23.067558148010644 ], [ -46.413177522694539, -23.067560191432559 ], [ -46.413171065005642, -23.067564258899065 ], [ -46.413168940364528, -23.067568287611451 ], [ -46.413168982247456, -23.06757229694686 ], [ -46.413169024130383, -23.067576306282266 ], [ -46.413169066013332, -23.067580315617665 ], [ -46.41316910789628, -23.067584324953071 ], [ -46.413169149779243, -23.067588334288462 ], [ -46.413169212603698, -23.067594348291561 ], [ -46.413169254486682, -23.067598357626956 ], [ -46.413169296369674, -23.067602366962344 ], [ -46.413169338252679, -23.067606376297739 ], [ -46.413165026144718, -23.067608419719381 ], [ -46.413165088969052, -23.067614433722468 ], [ -46.413165130851951, -23.067618443057867 ], [ -46.413165172734864, -23.067622452393248 ], [ -46.413165214617791, -23.067626461728629 ], [ -46.413165256500719, -23.067630471064025 ], [ -46.413160965333347, -23.067634519153284 ], [ -46.413161028157582, -23.067640533156364 ], [ -46.413154549523135, -23.067642595954677 ], [ -46.413152424880423, -23.067646624666892 ], [ -46.413152466763016, -23.06765063400228 ], [ -46.413152508645616, -23.067654643337686 ], [ -46.413152550528231, -23.067658652673067 ], [ -46.413154758936464, -23.067662642631639 ], [ -46.413154800819157, -23.067666651967009 ], [ -46.413154842701857, -23.067670661302397 ], [ -46.413154884584571, -23.067674670637778 ], [ -46.413154926467293, -23.067678679973156 ], [ -46.413154968350028, -23.067682689308526 ], [ -46.413159343284761, -23.067686659890096 ], [ -46.413163676336744, -23.067686621136186 ], [ -46.413168009388713, -23.067686582382148 ], [ -46.413172342440681, -23.067686543627985 ], [ -46.413176654550945, -23.067684500206045 ], [ -46.413180966661066, -23.067682456783988 ], [ -46.413185299712872, -23.067682418029488 ], [ -46.41318963276467, -23.06768237927486 ], [ -46.413193965816461, -23.067682340520118 ], [ -46.413198256984224, -23.06767829242996 ], [ -46.413202590035866, -23.067678253674984 ], [ -46.413206923087493, -23.067678214919894 ], [ -46.413211256139121, -23.067678176164684 ], [ -46.413215547306216, -23.067674128074085 ], [ -46.413219880357687, -23.067674089318643 ], [ -46.413224213409151, -23.067674050563092 ], [ -46.413230712986334, -23.067673992429523 ], [ -46.413235046037776, -23.067673953673673 ], [ -46.413239379089212, -23.067673914917698 ], [ -46.413243712140634, -23.067673876161603 ], [ -46.413248045192049, -23.067673837405394 ], [ -46.413252378243456, -23.067673798649061 ], [ -46.413256690351986, -23.067671755225003 ], [ -46.413261023403308, -23.067671716468443 ], [ -46.413265356454623, -23.067671677711758 ], [ -46.413269647619813, -23.06766762961978 ], [ -46.41327395972786, -23.067665586195272 ], [ -46.413280438361291, -23.06766352339211 ], [ -46.413284750469039, -23.067661479967331 ], [ -46.41328902068998, -23.067655427207278 ], [ -46.413293353740727, -23.067655388449854 ], [ -46.413297665847999, -23.067653345024745 ], [ -46.413301977955143, -23.067651301599504 ], [ -46.413306290062138, -23.067649258174168 ], [ -46.413312789637907, -23.067649200037291 ], [ -46.413317122688397, -23.067649161279228 ], [ -46.413321434795087, -23.067647117853493 ], [ -46.4133257678455, -23.067647079095195 ], [ -46.413330100895898, -23.06764704033678 ], [ -46.413334433946289, -23.067647001578241 ], [ -46.413338766996681, -23.06764696281958 ], [ -46.413343100047051, -23.067646924060806 ], [ -46.413347433097414, -23.067646885301912 ], [ -46.41335176614777, -23.0676468465429 ], [ -46.413356099198118, -23.067646807783763 ], [ -46.413360432248453, -23.067646769024513 ], [ -46.413369098349101, -23.067646691505658 ], [ -46.413373389510269, -23.067642643411034 ], [ -46.41337772256044, -23.067642604651319 ], [ -46.413379847196211, -23.06763857593641 ], [ -46.41338418024624, -23.067638537176521 ], [ -46.413390637931641, -23.067634469701481 ], [ -46.413394950036647, -23.067632426273807 ], [ -46.413399283086449, -23.06763238751352 ], [ -46.413403616136243, -23.067632348753108 ], [ -46.413407949186023, -23.067632309992579 ], [ -46.413412282235804, -23.067632271231926 ], [ -46.41341661528557, -23.067632232471155 ], [ -46.413420948335329, -23.067632193710274 ], [ -46.413425281385074, -23.067632154949269 ], [ -46.413429635380197, -23.067634120855605 ], [ -46.413433968429992, -23.067634082094362 ], [ -46.413438301479772, -23.067634043332994 ], [ -46.413442634529552, -23.067634004571513 ], [ -46.413446967579311, -23.067633965809904 ], [ -46.413451300629063, -23.067633927048188 ], [ -46.413455633678815, -23.067633888286345 ], [ -46.413459966728546, -23.067633849524384 ], [ -46.413464299778276, -23.067633810762306 ], [ -46.413468632827993, -23.067633772000114 ], [ -46.413472965877702, -23.067633733237798 ], [ -46.413477298927397, -23.067633694475365 ], [ -46.413481631977092, -23.067633655712811 ], [ -46.413485965026773, -23.067633616950136 ], [ -46.413490298076439, -23.067633578187348 ], [ -46.413494631126106, -23.067633539424442 ], [ -46.413498964175758, -23.067633500661412 ], [ -46.413503297225404, -23.067633461898264 ], [ -46.413507609328491, -23.067631418467609 ], [ -46.413511921431443, -23.067629375036834 ], [ -46.413516212587602, -23.067625326938561 ], [ -46.413518337218896, -23.067621298222001 ], [ -46.413522670268108, -23.067621259458345 ], [ -46.413524753005596, -23.067613221406937 ], [ -46.413529065107696, -23.067611177975731 ], [ -46.413533356262768, -23.067607129877047 ], [ -46.413537668364548, -23.067605086445617 ], [ -46.413544126043426, -23.067601018964595 ], [ -46.413546250673527, -23.067596990247697 ], [ -46.413550541827625, -23.067592942148583 ], [ -46.413554832981468, -23.067588894049365 ], [ -46.413561311606344, -23.067586831235047 ], [ -46.413563436235719, -23.067582802517961 ], [ -46.413567748336234, -23.067580759085772 ], [ -46.413569852017922, -23.067574725701249 ], [ -46.413571976646864, -23.067570696984049 ], [ -46.413574101275685, -23.067566668266839 ], [ -46.413576225904393, -23.067562639549607 ], [ -46.413580517056516, -23.06755859144975 ], [ -46.413580475161432, -23.067554582115051 ], [ -46.413584766313186, -23.067550534015108 ], [ -46.413589078412343, -23.067548490582389 ], [ -46.413593390511373, -23.067546447149557 ], [ -46.413597723558048, -23.067546408383969 ], [ -46.413602035656865, -23.067544364950912 ], [ -46.41360634775554, -23.067542321517756 ], [ -46.413610659854086, -23.067540278084479 ], [ -46.413617159423751, -23.067540219935342 ], [ -46.413621492470192, -23.067540181169104 ], [ -46.413625825516618, -23.067540142402748 ], [ -46.413630158563024, -23.067540103636269 ], [ -46.413634512557771, -23.067542069536987 ], [ -46.413636741926098, -23.067548064155556 ], [ -46.413636783822838, -23.067552073490159 ], [ -46.413636825719593, -23.067556082824762 ], [ -46.413636867616354, -23.067560092159361 ], [ -46.4136433671869, -23.067560034009102 ], [ -46.413647679285376, -23.067557990574816 ], [ -46.413651991383723, -23.067555947140434 ], [ -46.41365632443059, -23.067555908373215 ], [ -46.413662803052112, -23.06755384555488 ], [ -46.413667136098901, -23.06755380678737 ], [ -46.413671469145676, -23.067553768019739 ], [ -46.413675781243491, -23.067551724584717 ], [ -46.413680072392161, -23.067547676482324 ], [ -46.413684363540568, -23.067543628379809 ], [ -46.413690821211858, -23.067539560893128 ], [ -46.413695112359683, -23.067535512790361 ], [ -46.413697236984248, -23.067531484071676 ], [ -46.413699361608693, -23.06752745535298 ], [ -46.413703631806555, -23.067521402582749 ], [ -46.413705756430666, -23.067517373863978 ], [ -46.41370571453195, -23.067513364529468 ], [ -46.413705672633242, -23.067509355194964 ], [ -46.413707797257118, -23.067505326476162 ], [ -46.413712088403386, -23.067501278372994 ], [ -46.413712046504514, -23.067497269038501 ], [ -46.413714171128028, -23.067493240319621 ], [ -46.413716295751421, -23.06748921160073 ], [ -46.413718420374693, -23.067485182881811 ], [ -46.413722711520016, -23.067481134778387 ], [ -46.413724815193376, -23.067475101392155 ], [ -46.413729106338202, -23.067471053288582 ], [ -46.413731230960828, -23.06746702456951 ], [ -46.413733355583332, -23.06746299585042 ], [ -46.413737646727519, -23.067458947746641 ], [ -46.413737604827979, -23.067454938412162 ], [ -46.413739708500323, -23.06744890502576 ], [ -46.413744020593747, -23.067446861589072 ], [ -46.413748311737116, -23.067442813485037 ], [ -46.413752644780182, -23.067442774715353 ], [ -46.4137569568732, -23.067440731278328 ], [ -46.413765581058826, -23.067436644403937 ], [ -46.413769893151439, -23.067434600966575 ], [ -46.413774205243911, -23.067432557529106 ], [ -46.413778538286607, -23.067432518758736 ], [ -46.413782871329282, -23.067432479988238 ], [ -46.413787204371964, -23.06743244121763 ], [ -46.413791537414617, -23.067432402446901 ], [ -46.413795870457278, -23.067432363676051 ], [ -46.413800203499925, -23.067432324905081 ], [ -46.413804536542557, -23.06743228613399 ], [ -46.413808869585182, -23.067432247362788 ], [ -46.413815369149106, -23.067432189205757 ], [ -46.413819702191702, -23.067432150434254 ], [ -46.413824035234299, -23.067432111662633 ], [ -46.413826138902429, -23.067426078275268 ], [ -46.413830471944813, -23.067426039503484 ], [ -46.413834784036013, -23.067423996064413 ], [ -46.413836908654751, -23.06741996734409 ], [ -46.413843366315405, -23.067415899851621 ], [ -46.41384984492705, -23.067413837026059 ], [ -46.413851969545185, -23.067409808305559 ], [ -46.413856302587007, -23.067409769533086 ], [ -46.413860551822644, -23.067401712091915 ], [ -46.413864884864182, -23.067401673319221 ], [ -46.41386921790572, -23.067401634546407 ], [ -46.413873550947244, -23.067401595773479 ], [ -46.413877883988761, -23.067401557000426 ], [ -46.413882217030256, -23.06740151822726 ], [ -46.413886550071751, -23.06740147945397 ], [ -46.41389088311324, -23.067401440680573 ], [ -46.413895216154714, -23.067401401907045 ], [ -46.413899549196181, -23.067401363133399 ], [ -46.413903882237641, -23.06740132435964 ], [ -46.413906006853949, -23.0673972956385 ], [ -46.413910297990725, -23.067393247530365 ], [ -46.413912422606728, -23.067389218809137 ], [ -46.41391454722261, -23.067385190087904 ], [ -46.413918880263516, -23.067385151313761 ], [ -46.413923213304422, -23.06738511253949 ], [ -46.413927546345313, -23.067385073765102 ], [ -46.413931879386197, -23.0673850349906 ], [ -46.413936212427068, -23.067384996215981 ], [ -46.413940545467938, -23.067384957441238 ], [ -46.413944878508794, -23.067384918666381 ], [ -46.413949211549635, -23.067384879891399 ], [ -46.413951419975788, -23.067388869838009 ], [ -46.413953628402083, -23.067392859784587 ], [ -46.413958003349116, -23.067396830343476 ], [ -46.413964544817063, -23.067400781514507 ], [ -46.413966753243947, -23.067404771460861 ], [ -46.413968961670967, -23.067408761407172 ], [ -46.413971170098115, -23.067412751353448 ], [ -46.413973378525405, -23.067416741299684 ], [ -46.413977732520507, -23.06741870719091 ], [ -46.413977774427089, -23.067422716524991 ], [ -46.413977816333691, -23.067426725859065 ], [ -46.413977858240294, -23.067430735193145 ], [ -46.41397356710452, -23.06743478330306 ], [ -46.413969255015303, -23.06743682674583 ], [ -46.413964984832198, -23.067442879522581 ], [ -46.41396069369565, -23.067446927632179 ], [ -46.413956381605843, -23.067448971074622 ], [ -46.413954277943333, -23.067455004463429 ], [ -46.413947799331595, -23.067457067293287 ], [ -46.41394567471572, -23.067461096014938 ], [ -46.41394138357802, -23.067465144124064 ], [ -46.413937092440072, -23.067469192233087 ], [ -46.413932801301854, -23.067473240341997 ], [ -46.413930676685304, -23.067477269063485 ], [ -46.413930718590613, -23.067481278397612 ], [ -46.413930760495937, -23.067485287731735 ], [ -46.413930802401261, -23.067489297065872 ], [ -46.413930844306599, -23.067493306399992 ], [ -46.41393305273418, -23.067497296346744 ], [ -46.413935261161903, -23.06750128629346 ], [ -46.413939636112119, -23.067505256852666 ], [ -46.413948323154472, -23.067507183969539 ], [ -46.413952656199221, -23.067507145194273 ], [ -46.413956968290897, -23.067505101751848 ], [ -46.413965613427031, -23.067503019533696 ], [ -46.413969946471624, -23.067502980757965 ], [ -46.413974237609558, -23.067498932648068 ], [ -46.413978570654002, -23.067498893872099 ], [ -46.413982882744989, -23.067496850429006 ], [ -46.413987215789348, -23.067496811652799 ], [ -46.4139915488337, -23.067496772876488 ], [ -46.413995881878037, -23.067496734100054 ], [ -46.414000173014969, -23.067492685989503 ], [ -46.414004506059165, -23.067492647212834 ], [ -46.414011005625433, -23.067492589047614 ], [ -46.4140153386696, -23.067492550270654 ], [ -46.414019650759776, -23.067490506826584 ], [ -46.414023983803865, -23.067490468049385 ], [ -46.414028316847947, -23.06749042927207 ], [ -46.414032649892007, -23.067490390494633 ], [ -46.414037003890314, -23.067492356384058 ], [ -46.414041336934424, -23.067492317606384 ], [ -46.414045669978528, -23.067492278828588 ], [ -46.414050003022624, -23.067492240050679 ], [ -46.414054336066712, -23.067492201272653 ], [ -46.414058669110787, -23.067492162494496 ], [ -46.414063002154855, -23.067492123716228 ], [ -46.414067335198915, -23.067492084937843 ], [ -46.414071668242961, -23.067492046159337 ], [ -46.414076001287, -23.067492007380711 ], [ -46.414080334331032, -23.067491968601971 ], [ -46.4140846464201, -23.067489925156178 ], [ -46.414091125030978, -23.067487862320739 ], [ -46.414095437119741, -23.067485818874669 ], [ -46.414099749208368, -23.067483775428478 ], [ -46.414101852864654, -23.067477742038054 ], [ -46.414103977475982, -23.067473713314527 ], [ -46.414103935565549, -23.067469703980692 ], [ -46.414108226698261, -23.067465655867387 ], [ -46.414108184787722, -23.067461646533559 ], [ -46.414110309398637, -23.06745761780995 ], [ -46.414112434009418, -23.06745358908632 ], [ -46.414114558620085, -23.067449560362675 ], [ -46.414116683230624, -23.067445531638995 ], [ -46.414118807841049, -23.067441502915294 ], [ -46.41411876593024, -23.067437493581462 ], [ -46.414118703064055, -23.067431479580719 ], [ -46.414118661153275, -23.067427470246898 ], [ -46.414118619242508, -23.067423460913066 ], [ -46.414118577331749, -23.06741945157923 ], [ -46.41411853542099, -23.067415442245395 ], [ -46.414114160468877, -23.067411471691216 ], [ -46.414114118558267, -23.067407462357362 ], [ -46.414114076647678, -23.067403453023516 ], [ -46.414111868216587, -23.067399463079433 ], [ -46.414109659785638, -23.067395473135317 ], [ -46.414107451354823, -23.067391483191169 ], [ -46.414103097358947, -23.067389517303553 ], [ -46.414103034493593, -23.067383503302732 ], [ -46.414098659542994, -23.067379532748038 ], [ -46.41409428459265, -23.067375562193206 ], [ -46.414089909642563, -23.067371591638242 ], [ -46.41408555564756, -23.067369625750096 ], [ -46.414079035132666, -23.067367679251124 ], [ -46.414074681137947, -23.067365713362673 ], [ -46.414068139668792, -23.067361762196246 ], [ -46.414059452634582, -23.067359835085551 ], [ -46.414055119594735, -23.067359873863513 ], [ -46.414048599080687, -23.067357927363243 ], [ -46.414042057612626, -23.06735397619569 ], [ -46.41403772457295, -23.067354014973166 ], [ -46.414033349625157, -23.0673500444165 ], [ -46.414028974677628, -23.067346073859706 ], [ -46.414024620684266, -23.067344107969792 ], [ -46.414020287644867, -23.06734414674677 ], [ -46.414015912697899, -23.067340176189582 ], [ -46.414013704270772, -23.067336186243899 ], [ -46.414009371231607, -23.067336225020568 ], [ -46.414005017238821, -23.067334259130089 ], [ -46.413998496726627, -23.067332312627634 ], [ -46.413994121780661, -23.067328342069793 ], [ -46.413989788741716, -23.067328380845911 ], [ -46.413985455702758, -23.067328419621919 ], [ -46.413981122663785, -23.0673284583978 ], [ -46.413976789624805, -23.067328497173566 ], [ -46.413972456585817, -23.067328535949208 ], [ -46.413968123546816, -23.067328574724733 ], [ -46.413963790507815, -23.067328613500148 ], [ -46.413959457468799, -23.067328652275432 ], [ -46.413955124429769, -23.067328691050598 ], [ -46.41394862487121, -23.067328749213132 ], [ -46.413944291832159, -23.067328787988014 ], [ -46.413939958793101, -23.067328826762765 ], [ -46.413935625754036, -23.067328865537398 ], [ -46.413931292714956, -23.067328904311918 ], [ -46.413926959675869, -23.06732894308632 ], [ -46.413920460117225, -23.067329001247689 ], [ -46.41391612707811, -23.067329040021793 ], [ -46.413911794038995, -23.067329078795776 ], [ -46.413907460999859, -23.067329117569642 ], [ -46.413903127960729, -23.067329156343387 ], [ -46.413898815873608, -23.067331199784139 ], [ -46.413894482834387, -23.067331238557653 ], [ -46.413890149795158, -23.067331277331039 ], [ -46.413885816755915, -23.067331316104319 ], [ -46.413881483716665, -23.067331354877471 ], [ -46.413877171629117, -23.067333398317661 ], [ -46.413875047012823, -23.067337427038435 ], [ -46.413870713973353, -23.067337465811306 ], [ -46.413864235365672, -23.067339528637554 ], [ -46.413859923277585, -23.067341572077293 ], [ -46.413855611189362, -23.067343615516911 ], [ -46.413849111629808, -23.067343673675392 ], [ -46.413844799541337, -23.067345717114737 ], [ -46.413840466501547, -23.067345755886787 ], [ -46.41383613346175, -23.067345794658724 ], [ -46.413831800421946, -23.067345833430544 ], [ -46.413827467382127, -23.067345872202242 ], [ -46.413820967822389, -23.067345930359561 ], [ -46.413816634782556, -23.067345969130965 ], [ -46.413812301742702, -23.067346007902248 ], [ -46.413807968702848, -23.067346046673407 ], [ -46.413803635662973, -23.067346085444452 ], [ -46.413799302623104, -23.067346124215376 ], [ -46.413794990533724, -23.067348167653403 ], [ -46.413790678444215, -23.06735021109132 ], [ -46.413786345404183, -23.067350249861896 ], [ -46.413782054264786, -23.067354297966801 ], [ -46.413777721224605, -23.067354336737154 ], [ -46.413773430084817, -23.067358384841842 ], [ -46.413766930524325, -23.067358442996976 ], [ -46.413762639384068, -23.067362491101399 ], [ -46.413758306343588, -23.067362529871229 ], [ -46.413753994253021, -23.067364573308179 ], [ -46.413749682162319, -23.067366616745037 ], [ -46.413743203551128, -23.067368679566467 ], [ -46.413738891460113, -23.067370723003023 ], [ -46.413734558419321, -23.067370761772214 ], [ -46.413730225378529, -23.067370800541287 ], [ -46.413725871388216, -23.06736883464297 ], [ -46.413721517398017, -23.067366868744521 ], [ -46.413717184357324, -23.067366907513232 ], [ -46.413712851316618, -23.067366946281822 ], [ -46.413708518275904, -23.067366985050292 ], [ -46.413704143336815, -23.067363014484059 ], [ -46.413699810296208, -23.067363053252279 ], [ -46.413695456306542, -23.067361087353088 ], [ -46.413688893898851, -23.067355131503103 ], [ -46.413686664531923, -23.067349136885085 ], [ -46.413684456114076, -23.067345146934329 ], [ -46.413684414216348, -23.067341137599705 ], [ -46.413680039278802, -23.067337167032719 ], [ -46.413677830861367, -23.067333177081846 ], [ -46.413677788963852, -23.067329167747207 ], [ -46.413677747066345, -23.067325158412558 ], [ -46.41367337212953, -23.067321187845337 ], [ -46.413671163712579, -23.067317197894347 ], [ -46.413668955295755, -23.067313207943315 ], [ -46.413666725930497, -23.067307213324902 ], [ -46.413666684033366, -23.067303203990235 ], [ -46.413666642136235, -23.067299194655551 ], [ -46.413666600239118, -23.067295185320866 ], [ -46.413666558342015, -23.067291175986188 ], [ -46.41366651644492, -23.0672871666515 ], [ -46.413668641066884, -23.067283137933234 ], [ -46.413668599169739, -23.067279128598546 ], [ -46.413672911259084, -23.067277085163969 ], [ -46.413677202399604, -23.067273037061948 ], [ -46.41368153543737, -23.067272998294484 ], [ -46.41368366005868, -23.067268969576038 ], [ -46.413687993096303, -23.067268930808403 ], [ -46.413692305185002, -23.067266887373336 ], [ -46.413696638222547, -23.067266848605467 ], [ -46.413703095880706, -23.067262781118803 ], [ -46.413707407968971, -23.067260737683331 ], [ -46.413711720057094, -23.067258694247752 ], [ -46.413713844677289, -23.067254665528953 ], [ -46.41371596929735, -23.067250636810126 ], [ -46.413715927398869, -23.067246627475509 ], [ -46.413715864551165, -23.067240613473576 ], [ -46.413715822652719, -23.067236604138948 ], [ -46.413715780754266, -23.067232594804313 ], [ -46.413715738855835, -23.067228585469685 ], [ -46.413715696957397, -23.067224576135054 ], [ -46.413711322022962, -23.067220605568735 ], [ -46.41371128012468, -23.06721659623409 ], [ -46.413711238226405, -23.067212586899437 ], [ -46.413709029810327, -23.067208596948895 ], [ -46.413706821394378, -23.067204606998299 ], [ -46.41370244646086, -23.067200636431686 ], [ -46.413702404562891, -23.067196627097019 ], [ -46.413698029629764, -23.067192656530253 ], [ -46.4136936546969, -23.067188685963348 ], [ -46.413689300713074, -23.06718672006366 ], [ -46.413684946729369, -23.067184754163854 ], [ -46.413680571797144, -23.067180783596545 ], [ -46.413676196865168, -23.067176813029114 ], [ -46.413669676364641, -23.067174866512438 ], [ -46.413665322381576, -23.067172900612039 ], [ -46.413660947450296, -23.067168930044154 ], [ -46.41365873903645, -23.067164940092777 ], [ -46.413654385053853, -23.067162974192051 ], [ -46.413650031071384, -23.067161008291205 ], [ -46.413645656140929, -23.067157037722836 ], [ -46.413641302158773, -23.067155071821727 ], [ -46.413636948176737, -23.067153105920507 ], [ -46.413630406729972, -23.067149154734715 ], [ -46.413626073696079, -23.06714919350058 ], [ -46.413621719714428, -23.067147227598898 ], [ -46.413617386680585, -23.067147266364529 ], [ -46.413613053646721, -23.067147305130032 ], [ -46.413608699665311, -23.067145339227999 ], [ -46.413604345684007, -23.06714337332582 ], [ -46.413600012650257, -23.067143412090957 ], [ -46.413595679616485, -23.06714345085598 ], [ -46.413591325635416, -23.067141484953435 ], [ -46.413586971654475, -23.067139519050773 ], [ -46.413582617673661, -23.06713755314798 ], [ -46.413578284640046, -23.067137591912513 ], [ -46.413573951606423, -23.067137630676932 ], [ -46.413569597625838, -23.067135664773758 ], [ -46.413565243645358, -23.067133698870464 ], [ -46.413563035234887, -23.067129708917555 ], [ -46.413558639361128, -23.067123733679111 ], [ -46.413554306327917, -23.067123772442965 ], [ -46.413547764884839, -23.067119821253552 ], [ -46.413545556475121, -23.067115831300367 ], [ -46.413543348065531, -23.067111841347128 ], [ -46.413538973139715, -23.067107870775548 ], [ -46.413536764730466, -23.067103880822202 ], [ -46.413536701891154, -23.067097866819694 ], [ -46.413532326965999, -23.067093896247894 ], [ -46.41353011855719, -23.067089906294431 ], [ -46.413527910148517, -23.067085916340922 ], [ -46.413523535224009, -23.067081945768834 ], [ -46.413523493331574, -23.067077936433797 ], [ -46.413521284923306, -23.067073946480182 ] ] ] ] } },
{ "type": "Feature", "properties": { "Área (ha)": 0.181, "Área tota": 28.948 }, "geometry": { "type": "MultiPolygon", "coordinates": [ [ [ [ -46.413244449135014, -23.068272453263347 ], [ -46.413239121658265, -23.068245551463622 ], [ -46.413241246306704, -23.068241522750203 ], [ -46.413245558433026, -23.068239479325694 ], [ -46.413245495603213, -23.068233465323292 ], [ -46.413245453716677, -23.068229455988341 ], [ -46.413245411830161, -23.068225446653404 ], [ -46.413243203409174, -23.068221456696975 ], [ -46.413236640976365, -23.068215500829911 ], [ -46.413236599090133, -23.068211491494946 ], [ -46.413232224135385, -23.068207520916733 ], [ -46.413227870123876, -23.068205555005857 ], [ -46.413223495169568, -23.068201584427371 ], [ -46.413219162101207, -23.068201623183743 ], [ -46.413212641555901, -23.068199676650575 ], [ -46.413208308487576, -23.068199715406649 ], [ -46.413173497345554, -23.068185992778172 ], [ -46.413169143335509, -23.068184026865598 ], [ -46.413166934917463, -23.068180036907943 ], [ -46.413164726499538, -23.068176046950246 ], [ -46.413160351547994, -23.068172076369851 ], [ -46.413155976596705, -23.068168105789322 ], [ -46.413149414170249, -23.068162149918276 ], [ -46.413145081103011, -23.068162188672559 ], [ -46.413140748035765, -23.068162227426718 ], [ -46.413136414968513, -23.06816226618076 ], [ -46.413132081901246, -23.068162304934688 ], [ -46.41312987348465, -23.068158314976422 ], [ -46.413125540417496, -23.068158353730166 ], [ -46.413123332001163, -23.068154363771797 ], [ -46.413118977992816, -23.068152397857748 ], [ -46.413114603043347, -23.068148427275979 ], [ -46.413110249035306, -23.068146461361671 ], [ -46.413105895027385, -23.068144495447246 ], [ -46.413101499137504, -23.068138520197454 ], [ -46.413097145129967, -23.068136554282763 ], [ -46.413094936714828, -23.068132564323928 ], [ -46.413090582707568, -23.068130598409041 ], [ -46.413088374292734, -23.06812660845009 ], [ -46.413081853752679, -23.068124661911238 ], [ -46.413077499745846, -23.068122695995964 ], [ -46.413073166679744, -23.068122734748211 ], [ -46.41307095826555, -23.068118744788997 ], [ -46.413066625199555, -23.06811878354106 ], [ -46.413062250252679, -23.068114812957681 ], [ -46.413060041838946, -23.068110822998282 ], [ -46.413055687832852, -23.068108857082368 ], [ -46.413051333826886, -23.068106891166327 ], [ -46.413049125413607, -23.068102901206743 ], [ -46.413044750467755, -23.068098930622831 ], [ -46.41304035458208, -23.0680929553711 ], [ -46.413036000576831, -23.068090989454586 ], [ -46.413033792164285, -23.06808699949476 ], [ -46.413027271626824, -23.068085052953503 ], [ -46.413022917622008, -23.068083087036605 ], [ -46.413018563617314, -23.068081121119594 ], [ -46.413014188673053, -23.068077150534734 ], [ -46.413009855608287, -23.068077189285173 ], [ -46.413005501603955, -23.068075223367781 ], [ -46.41299900200687, -23.068075281493034 ], [ -46.412994668942133, -23.068075320243054 ], [ -46.412990314938057, -23.068073354325222 ], [ -46.412988106527138, -23.068069364364661 ], [ -46.41298373158412, -23.068065393778895 ], [ -46.412975044516131, -23.068063466610191 ], [ -46.412975002637957, -23.0680594572747 ], [ -46.412970627695643, -23.068055486688539 ], [ -46.412964086221571, -23.068051535476783 ], [ -46.41295758662551, -23.068051593600273 ], [ -46.412953232622705, -23.068049627681358 ], [ -46.412951024213264, -23.068045637720182 ], [ -46.412950982335843, -23.068041628384645 ], [ -46.412948773926622, -23.068037638423434 ], [ -46.41294873204928, -23.068033629087875 ], [ -46.412948690171945, -23.06802961975232 ], [ -46.412948648294631, -23.068025610416761 ], [ -46.412948606417316, -23.068021601081202 ], [ -46.412948564540009, -23.06801759174564 ], [ -46.412948522662717, -23.068013582410078 ], [ -46.412948480785431, -23.068009573074512 ], [ -46.412948438908153, -23.06800556373895 ], [ -46.412944063968418, -23.068001593151891 ], [ -46.412944022091295, -23.067997583816307 ], [ -46.412939647151944, -23.067993613229106 ], [ -46.412930939150748, -23.067989681389907 ], [ -46.41292873074304, -23.067985691428326 ], [ -46.41292435580452, -23.067981720840645 ], [ -46.412920001804459, -23.067979754920664 ], [ -46.412915668742627, -23.067979793668364 ], [ -46.412911314742736, -23.06797782774812 ], [ -46.412906981680955, -23.067977866495582 ], [ -46.412902648619159, -23.067977905242923 ], [ -46.412898294619495, -23.067975939322302 ], [ -46.412896086212974, -23.067971949360196 ], [ -46.412887399152027, -23.067970022186298 ], [ -46.412885190745918, -23.067966032224017 ], [ -46.412880815809281, -23.067962061635029 ], [ -46.412876461810427, -23.067960095713776 ], [ -46.412874232467324, -23.067954101083448 ], [ -46.412872024061883, -23.067950111120922 ], [ -46.412869815656578, -23.067946121158382 ], [ -46.412869773781765, -23.067942111822649 ], [ -46.412867565376665, -23.067938121860049 ], [ -46.4128653569717, -23.067934131897417 ], [ -46.41286096109944, -23.067928156639912 ], [ -46.412856628039158, -23.067928195385914 ], [ -46.412852253104603, -23.067924224796016 ], [ -46.412847920044427, -23.067924263541773 ], [ -46.412843586984245, -23.067924302287409 ], [ -46.412839253924048, -23.067924341032924 ], [ -46.412834920863844, -23.067924379778326 ], [ -46.41283058780364, -23.067924418523607 ], [ -46.412826254743415, -23.067924457268777 ], [ -46.412821921683182, -23.067924496013816 ], [ -46.412817588622943, -23.067924534758742 ], [ -46.412813255562696, -23.067924573503543 ], [ -46.412808922502435, -23.067924612248234 ], [ -46.412800277318247, -23.067926694405191 ], [ -46.412795944257894, -23.06792673314952 ], [ -46.412791611197534, -23.067926771893738 ], [ -46.412787278137166, -23.067926810637836 ], [ -46.412782945076785, -23.06792684938182 ], [ -46.412778612016396, -23.067926888125676 ], [ -46.412774278955993, -23.067926926869415 ], [ -46.41276994589559, -23.06792696561304 ], [ -46.412765612835173, -23.067927004356545 ], [ -46.412761279774749, -23.067927043099928 ], [ -46.41275694671431, -23.067927081843195 ], [ -46.412752613653865, -23.067927120586344 ], [ -46.412748280593405, -23.067927159329376 ], [ -46.412743947532945, -23.06792719807228 ], [ -46.412739614472478, -23.067927236815073 ], [ -46.412735323282796, -23.067931284893721 ], [ -46.412730990222173, -23.06793132363628 ], [ -46.41272449063122, -23.067931381749901 ], [ -46.412720178505765, -23.06793342516017 ], [ -46.412715845445042, -23.067933463902317 ], [ -46.412711575189483, -23.067939516648373 ], [ -46.412707263063552, -23.067941560058305 ], [ -46.412702930002546, -23.067941598800115 ], [ -46.412698596941539, -23.067941637541804 ], [ -46.41269426388051, -23.067941676283375 ], [ -46.412689930819482, -23.067941715024826 ], [ -46.412687722419555, -23.067937725059462 ], [ -46.412683389358641, -23.067937763800721 ], [ -46.412679014428569, -23.067933793205793 ], [ -46.412674681367761, -23.067933831946814 ], [ -46.412670306438066, -23.067929861351633 ], [ -46.412665973377372, -23.067929900092413 ], [ -46.412661640316671, -23.067929938833068 ], [ -46.412657286321704, -23.067927972905547 ], [ -46.412652953261045, -23.067928011645964 ], [ -46.412648620200379, -23.067928050386261 ], [ -46.412644287139699, -23.06792808912644 ], [ -46.412639954079005, -23.067928127866502 ], [ -46.412635621018318, -23.067928166606446 ], [ -46.412629121427244, -23.067928224716137 ], [ -46.412624788366529, -23.067928263455777 ], [ -46.412618288775427, -23.067928321565024 ], [ -46.412613955714683, -23.067928360304364 ], [ -46.412609622653925, -23.067928399043602 ], [ -46.412605289593166, -23.067928437782708 ], [ -46.4126009774658, -23.067930481189808 ], [ -46.412596665338306, -23.067932524596788 ], [ -46.412592332277384, -23.06793256333555 ], [ -46.412588020149677, -23.067934606742309 ], [ -46.412581562424428, -23.067938674186301 ], [ -46.412577250296351, -23.067940717592776 ], [ -46.412572938168147, -23.067942760999145 ], [ -46.412566438576199, -23.067942819106296 ], [ -46.412564313911311, -23.067946847811548 ], [ -46.412560001782694, -23.067948891217583 ], [ -46.412553523123151, -23.067950953992352 ], [ -46.412549210994221, -23.067952997398098 ], [ -46.412547107261311, -23.067959030771295 ], [ -46.412542774199444, -23.067959069508742 ], [ -46.412540649533611, -23.06796309821372 ], [ -46.412536337404099, -23.067965141619144 ], [ -46.412529858743369, -23.067967204393 ], [ -46.412525567545877, -23.067971252466311 ], [ -46.41252127634813, -23.067975300539505 ], [ -46.412519151681408, -23.067979329244221 ], [ -46.412514860483213, -23.067983377317276 ], [ -46.412508381821262, -23.067985440090293 ], [ -46.412504090622541, -23.067989488163079 ], [ -46.4124997784916, -23.067991531567561 ], [ -46.412497653823998, -23.067995560272031 ], [ -46.412493362624637, -23.06799960834454 ], [ -46.412486904893328, -23.068003675784926 ], [ -46.412482592761656, -23.068005719188974 ], [ -46.412478301561521, -23.068009767261117 ], [ -46.41247401036113, -23.068013815333138 ], [ -46.412471885692419, -23.0680178440373 ], [ -46.412469761023594, -23.068021872741451 ], [ -46.412465469822571, -23.06802592081327 ], [ -46.412461157689854, -23.068027964216782 ], [ -46.412456824625622, -23.06802800295198 ], [ -46.412452533424009, -23.068032051023469 ], [ -46.41244822129088, -23.068034094426661 ], [ -46.412443888226427, -23.068034133161515 ], [ -46.412439555161974, -23.06803417189624 ], [ -46.412437430491927, -23.0680382006 ], [ -46.412433097427325, -23.068038239334559 ], [ -46.412428785293685, -23.068040282737236 ], [ -46.412424452228997, -23.068040321471567 ], [ -46.412420140095151, -23.06804236487401 ], [ -46.412413682359499, -23.068046432311583 ], [ -46.412409370225276, -23.068048475713756 ], [ -46.412405037160291, -23.068048514447561 ], [ -46.412402912488993, -23.068052543150909 ], [ -46.412398621284936, -23.068056591221044 ], [ -46.412394309150152, -23.068058634622826 ], [ -46.412392184478385, -23.068062663326053 ], [ -46.412387872343302, -23.068064706727672 ], [ -46.412385789531982, -23.068072744767338 ], [ -46.412381498326781, -23.068076792837051 ], [ -46.412377207121331, -23.068080840906667 ], [ -46.412377248981834, -23.068084850243189 ], [ -46.412375124309179, -23.068088878946217 ], [ -46.412370854033327, -23.068094931683937 ], [ -46.412366562826996, -23.068098979753302 ], [ -46.412364438153816, -23.068103008456202 ], [ -46.412360146947037, -23.068107056525413 ], [ -46.412358022273551, -23.068111085228242 ], [ -46.412351543602817, -23.068113147995231 ], [ -46.412347273325175, -23.068119200732387 ], [ -46.412342961187584, -23.068121244132882 ], [ -46.412340857443127, -23.068127277503788 ], [ -46.412336545305187, -23.068129320904131 ], [ -46.412332254096739, -23.068133368972642 ], [ -46.412330129422024, -23.068137397675159 ], [ -46.412330171281248, -23.068141407011723 ], [ -46.412334567138387, -23.068147382284661 ], [ -46.412336775531962, -23.068151372255226 ], [ -46.412336817391413, -23.068155381591779 ], [ -46.412336859250871, -23.068159390928326 ], [ -46.41234121324932, -23.068161356864479 ], [ -46.41234125510892, -23.068165366201029 ], [ -46.4123456300375, -23.068169336805315 ], [ -46.412349984036403, -23.068171302741206 ], [ -46.412354338035421, -23.068173268676968 ], [ -46.41236085856913, -23.068175215246246 ], [ -46.412365191638258, -23.068175176513446 ], [ -46.412369545637603, -23.068177142448775 ], [ -46.412373878706774, -23.068177103715733 ], [ -46.41237821177593, -23.068177064982581 ], [ -46.412382586705938, -23.068181035585759 ], [ -46.412386919775209, -23.068180996852352 ], [ -46.412391252844472, -23.068180958118834 ], [ -46.412395627774963, -23.068184928721625 ], [ -46.412395690566854, -23.068190942726279 ], [ -46.412391378427849, -23.068192986128164 ], [ -46.412391420288998, -23.068196995464593 ], [ -46.412389295615206, -23.068201024167834 ], [ -46.412387170941294, -23.068205052871036 ], [ -46.412387212802336, -23.068209062207483 ], [ -46.412382879732178, -23.068209100940944 ], [ -46.412378567592398, -23.068211144342492 ], [ -46.412374255452484, -23.06821318774395 ], [ -46.412369922382155, -23.068213226477056 ], [ -46.41236342277665, -23.068213284576498 ], [ -46.412359131566532, -23.068217332645794 ], [ -46.4123526319608, -23.068217390744799 ], [ -46.412348298890301, -23.068217429477322 ], [ -46.412343965819794, -23.068217468209724 ], [ -46.412339632749273, -23.068217506942005 ], [ -46.412335299678752, -23.06821754567417 ], [ -46.412330966608209, -23.06821758440622 ], [ -46.41232448793199, -23.068219647172338 ], [ -46.41232017579091, -23.068221690572368 ], [ -46.412315884579186, -23.068225738640553 ], [ -46.412307260296224, -23.068229825440056 ], [ -46.41230080254828, -23.06823389287354 ], [ -46.412296490406362, -23.068235936272949 ], [ -46.412290032657793, -23.06824000370602 ], [ -46.412285720515499, -23.068242047105169 ], [ -46.412281408373083, -23.068244090504194 ], [ -46.41227928369527, -23.068248119206121 ], [ -46.412272805016698, -23.068250181970217 ], [ -46.412268492873807, -23.068252225368919 ], [ -46.412266368195489, -23.068256254070686 ], [ -46.412262035123582, -23.068256292800911 ], [ -46.412257722980328, -23.068258336199325 ], [ -46.412255598301591, -23.068262364900974 ], [ -46.412251265229465, -23.068262403630907 ], [ -46.412249140550472, -23.068266432332486 ], [ -46.412242682798961, -23.068270499763742 ], [ -46.412240558119592, -23.068274528465217 ], [ -46.412236245975407, -23.068276571863084 ], [ -46.412231954759385, -23.068280619929183 ], [ -46.412231996615986, -23.068284629265847 ], [ -46.412232038472595, -23.06828863860251 ], [ -46.412232080329218, -23.068292647939188 ], [ -46.41223214311416, -23.06829866194418 ], [ -46.412232184970811, -23.068302671280843 ], [ -46.412234393364251, -23.06830666125278 ], [ -46.41223872643782, -23.068306622523238 ], [ -46.412243059511383, -23.068306583793586 ], [ -46.412247392584938, -23.068306545063805 ], [ -46.412251725658479, -23.068306506333908 ], [ -46.412258204340063, -23.06830444357054 ], [ -46.412262537413518, -23.068304404840344 ], [ -46.41226687048696, -23.068304366110045 ], [ -46.412271203560394, -23.068304327379614 ], [ -46.412275536633828, -23.06830428864907 ], [ -46.412279869707241, -23.068304249918405 ], [ -46.412284202780654, -23.06830421118762 ], [ -46.412288535854053, -23.068304172456724 ], [ -46.412292868927445, -23.0683041337257 ], [ -46.412297202000822, -23.068304094994563 ], [ -46.412301535074192, -23.068304056263308 ], [ -46.412308013754782, -23.068301993497926 ], [ -46.412312304969049, -23.068297945429855 ], [ -46.412316638042199, -23.068297906698195 ], [ -46.412320971115335, -23.068297867966411 ], [ -46.412325304188464, -23.068297829234513 ], [ -46.412329637261578, -23.068297790502495 ], [ -46.412336136871232, -23.06829773240425 ], [ -46.412340469944333, -23.068297693671934 ], [ -46.41234478208743, -23.068295650271267 ], [ -46.412349115160438, -23.068295611538712 ], [ -46.412353448233446, -23.068295572806047 ], [ -46.412357781306433, -23.068295534073261 ], [ -46.412364280915909, -23.068295475973862 ], [ -46.412368613988875, -23.068295437240778 ], [ -46.41237294706184, -23.068295398507576 ], [ -46.412377280134791, -23.068295359774254 ], [ -46.412381613207728, -23.068295321040814 ], [ -46.412385904419473, -23.06829127297086 ], [ -46.412390237492268, -23.068291234237194 ], [ -46.412396737101446, -23.068291176136466 ], [ -46.412401070174219, -23.0682911374025 ], [ -46.412405382316095, -23.068289094000228 ], [ -46.412409715388783, -23.068289055266028 ], [ -46.412414048461464, -23.068289016531704 ], [ -46.412418360603063, -23.068286973129094 ], [ -46.412422672744533, -23.068284929726378 ], [ -46.412424797418481, -23.068280901022721 ], [ -46.412426922092308, -23.068276872319046 ], [ -46.412431213302071, -23.068272824247941 ], [ -46.412435504511578, -23.06826877617673 ], [ -46.412435462648979, -23.068264766840411 ], [ -46.412439774789469, -23.068262723437257 ], [ -46.412444065998407, -23.068258675365847 ], [ -46.412448378138571, -23.06825663196248 ], [ -46.41244833627561, -23.068252622626172 ], [ -46.412448273481196, -23.06824660862171 ], [ -46.412448231618264, -23.068242599285387 ], [ -46.412448189755338, -23.068238589949065 ], [ -46.412448147892427, -23.068234580612746 ], [ -46.412448106029522, -23.068230571276427 ], [ -46.412445897631322, -23.068226581307698 ], [ -46.412441543629356, -23.068224615374618 ], [ -46.412439335231447, -23.068220625405782 ], [ -46.412439272437531, -23.068214611401267 ], [ -46.41243920964363, -23.068208597396744 ], [ -46.412439167781045, -23.068204588060386 ], [ -46.412441292453359, -23.068200559356566 ], [ -46.412441250590732, -23.068196550020208 ], [ -46.412447708332394, -23.068192482581274 ], [ -46.412452041401906, -23.068192443846062 ], [ -46.412454166073665, -23.068188415142082 ], [ -46.412458478211477, -23.068186371738538 ], [ -46.412464956883767, -23.068184308967094 ], [ -46.412469289952988, -23.068184270231427 ], [ -46.412473623022201, -23.068184231495632 ], [ -46.412477956091401, -23.068184192759734 ], [ -46.412482289160593, -23.068184154023708 ], [ -46.412486622229778, -23.068184115287568 ], [ -46.412490955298949, -23.068184076551308 ], [ -46.412495288368113, -23.068184037814927 ], [ -46.412499621437263, -23.068183999078428 ], [ -46.412503954506413, -23.068183960341809 ], [ -46.412508308507846, -23.068185926273198 ], [ -46.412512683441761, -23.068189896872568 ], [ -46.412519203978192, -23.068191843435162 ], [ -46.412523537047548, -23.068191804697996 ], [ -46.412527870116904, -23.068191765960705 ], [ -46.412532203186238, -23.068191727223308 ], [ -46.412536536255573, -23.068191688485779 ], [ -46.412540869324893, -23.06819164974814 ], [ -46.412545181461354, -23.068189606342287 ], [ -46.412549430798975, -23.068181548932078 ], [ -46.412551555467601, -23.068177520226925 ], [ -46.412555867603452, -23.068175476820823 ], [ -46.412560200672218, -23.068175438082676 ], [ -46.412564512807855, -23.068173394676332 ], [ -46.412566637475905, -23.068169365971016 ], [ -46.412570949611251, -23.068167322564509 ], [ -46.412573074279024, -23.068163293859104 ], [ -46.412577365480779, -23.068159245784368 ], [ -46.412581677615627, -23.068157202377598 ], [ -46.41258596881692, -23.068153154302653 ], [ -46.412585926950101, -23.068149144966537 ], [ -46.412590197217561, -23.068143092223426 ], [ -46.412594509351692, -23.068141048816333 ], [ -46.412596613084823, -23.068135015442611 ], [ -46.41260309175226, -23.06813295266571 ], [ -46.412605216418569, -23.068128923959936 ], [ -46.412609507618278, -23.068124875884415 ], [ -46.412613777883941, -23.068118823140743 ], [ -46.412615881615899, -23.068112789766801 ], [ -46.412620193748673, -23.068110746359075 ], [ -46.412620151880915, -23.06810673702298 ], [ -46.412620110013179, -23.068102727686892 ], [ -46.412620068145443, -23.068098718350797 ], [ -46.412624359343774, -23.068094670274931 ], [ -46.41262646307495, -23.068088636900875 ], [ -46.412628587739917, -23.068084608194837 ], [ -46.412630712404763, -23.068080579488765 ], [ -46.412635003602226, -23.068076531412647 ], [ -46.412637128266766, -23.068072502706507 ], [ -46.412643606930551, -23.068070439928114 ], [ -46.412645731594743, -23.068066411221864 ], [ -46.412650022791304, -23.06806236314538 ], [ -46.412654355856269, -23.068062324404831 ], [ -46.412658667986832, -23.068060280996143 ], [ -46.412663001051719, -23.068060242255356 ], [ -46.412669479714467, -23.068058179475955 ], [ -46.412673812779275, -23.068058140734877 ], [ -46.412678145844062, -23.068058101993682 ], [ -46.412682478908835, -23.068058063252369 ], [ -46.412686811973607, -23.068058024510936 ], [ -46.41268902037568, -23.068062014476165 ], [ -46.412689062245384, -23.06806602381215 ], [ -46.412691270647663, -23.068070013777341 ], [ -46.412695624647753, -23.068071979703635 ], [ -46.412700020518024, -23.068077954965766 ], [ -46.412704374518491, -23.068079920891794 ], [ -46.412706582921466, -23.068083910856739 ], [ -46.41271093692221, -23.068085876782565 ], [ -46.412715290923082, -23.068087842708284 ], [ -46.412719623988743, -23.068087803965902 ], [ -46.412723998925188, -23.068091774559317 ], [ -46.412728331990962, -23.068091735816694 ], [ -46.412732665056723, -23.06809169707395 ], [ -46.412736998122469, -23.068091658331085 ], [ -46.412741331188222, -23.068091619588113 ], [ -46.412745664253947, -23.068091580845014 ], [ -46.412749997319672, -23.06809154210179 ], [ -46.41275433038539, -23.068091503358456 ], [ -46.412758663451093, -23.068091464615001 ], [ -46.412762933708876, -23.068085411867656 ], [ -46.412767245838346, -23.068083368456055 ], [ -46.412767203966297, -23.068079359120208 ], [ -46.412767162094248, -23.068075349784362 ], [ -46.412771453287249, -23.068071301704745 ], [ -46.412771411415093, -23.068067292368898 ], [ -46.412773536075335, -23.068063263661127 ], [ -46.412775660735456, -23.068059234953331 ], [ -46.412779972863895, -23.068057191541431 ], [ -46.412784305928454, -23.068057152797323 ], [ -46.412788638993007, -23.068057114053104 ], [ -46.412795138589814, -23.068057055936549 ], [ -46.412799471654338, -23.068057017192032 ], [ -46.412803804718855, -23.068056978447387 ], [ -46.412808158719976, -23.06805894437052 ], [ -46.412812533657892, -23.068062914961423 ], [ -46.412816887659318, -23.068064880884293 ], [ -46.412823408193262, -23.068066827434436 ], [ -46.412827741258049, -23.06806678868913 ], [ -46.412832095259795, -23.068068754611573 ], [ -46.412836428324631, -23.068068715866023 ], [ -46.412836512072808, -23.068076734537478 ], [ -46.412840845137886, -23.068076695791792 ], [ -46.412845220077315, -23.068080666381704 ], [ -46.412845261951681, -23.068084675717412 ], [ -46.412845303826067, -23.068088685053119 ], [ -46.412845345700454, -23.06809269438882 ], [ -46.412845387574848, -23.068096703724521 ], [ -46.412845450386456, -23.068102717728081 ], [ -46.412847658793893, -23.068106707690802 ], [ -46.412852012797224, -23.068108673612603 ], [ -46.412856387738046, -23.06811264420212 ], [ -46.412858596145973, -23.068116634164657 ], [ -46.412862929212288, -23.068116595418307 ], [ -46.412867283216137, -23.068118561339659 ], [ -46.412873845628624, -23.068124517223179 ], [ -46.412878178695159, -23.068124478476395 ], [ -46.412882511761694, -23.068124439729495 ], [ -46.412889011361472, -23.068124381608918 ], [ -46.412893344427978, -23.068124342861719 ], [ -46.412897656556467, -23.068122299446593 ], [ -46.412901989622895, -23.068122260699166 ], [ -46.412906322689302, -23.068122221951612 ], [ -46.412910655755709, -23.068122183203943 ], [ -46.412914988822109, -23.068122144456151 ], [ -46.412919321888495, -23.068122105708241 ], [ -46.412923654954874, -23.068122066960214 ], [ -46.412925863364897, -23.068126056921709 ], [ -46.41292590524175, -23.06813006625725 ], [ -46.412925947118602, -23.068134075592802 ], [ -46.412925988995468, -23.068138084928346 ], [ -46.412926030872356, -23.068142094263877 ], [ -46.412930426754883, -23.068148069518934 ], [ -46.412930468631913, -23.06815207885446 ], [ -46.412932677042676, -23.068156068815806 ], [ -46.41293701011012, -23.068156030067357 ], [ -46.41294355158869, -23.068159981279962 ], [ -46.412947926533811, -23.068163951866705 ], [ -46.412950134945284, -23.068167941827763 ], [ -46.412950176822939, -23.068171951163247 ], [ -46.412950218700601, -23.068175960498728 ], [ -46.412948094044182, -23.068179989208645 ], [ -46.412946011265213, -23.068188027254024 ], [ -46.412941720074208, -23.068192075338249 ], [ -46.412941761951664, -23.06819608467374 ], [ -46.412933116752825, -23.068198166838652 ], [ -46.412930992095575, -23.068202195548373 ], [ -46.41292451343066, -23.068204258338618 ], [ -46.412922388773062, -23.068208287048233 ], [ -46.412918055703926, -23.068208325796359 ], [ -46.41291376451143, -23.068212373879895 ], [ -46.412907306783971, -23.068216441337235 ], [ -46.412905182125677, -23.068220470046647 ], [ -46.412905224002102, -23.068224479382177 ], [ -46.412905265878543, -23.068228488717715 ], [ -46.412905328693213, -23.068234502721012 ], [ -46.41290968270151, -23.068236468640954 ], [ -46.41291401577157, -23.068236429893012 ], [ -46.412916224183377, -23.068240419854497 ], [ -46.412920578192015, -23.068242385774116 ], [ -46.412924932200767, -23.068244351693604 ], [ -46.412929265271053, -23.068244312945222 ], [ -46.412933598341326, -23.068244274196736 ], [ -46.412937952350305, -23.068246240115862 ], [ -46.412942306359419, -23.068248206034848 ], [ -46.41294666036864, -23.068250171953718 ], [ -46.412951035316915, -23.068254142540184 ], [ -46.412955389326449, -23.068256108458787 ], [ -46.412959764275172, -23.06826007904499 ], [ -46.412964097345892, -23.068260040295637 ], [ -46.412968451355795, -23.068262006213857 ], [ -46.412972805365811, -23.068263972131959 ], [ -46.412975034719103, -23.068269966760202 ], [ -46.412977264072602, -23.068275961388391 ], [ -46.412981639022611, -23.068279931973912 ], [ -46.412985993033388, -23.068281897891605 ], [ -46.4129903470443, -23.068283863809182 ], [ -46.412994680115723, -23.068283825058945 ], [ -46.412999013187139, -23.068283786308598 ], [ -46.413003346258549, -23.068283747558127 ], [ -46.413009845865631, -23.068283689432203 ], [ -46.413014178937019, -23.068283650681444 ], [ -46.413018512008392, -23.068283611930553 ], [ -46.413022845079752, -23.068283573179549 ], [ -46.413027178151104, -23.068283534428428 ], [ -46.413031532162599, -23.068285500344835 ], [ -46.413035865233994, -23.068285461593472 ], [ -46.413040198305389, -23.068285422841988 ], [ -46.41304455231711, -23.068287388758016 ], [ -46.413046760733593, -23.068291378717433 ], [ -46.413046823554751, -23.068297392720307 ], [ -46.413054632857296, -23.06832121907901 ], [ -46.41321472, -23.06827833 ], [ -46.413244449135014, -23.068272453263347 ] ] ] ] } },
{ "type": "Feature", "properties": { "Área (ha)": 0.686, "Área tota": 28.948 }, "geometry": { "type": "MultiPolygon", "coordinates": [ [ [ [ -46.413557677028386, -23.065307876117835 ], [ -46.413554806023335, -23.065305270428045 ], [ -46.413550473048339, -23.065305309188918 ], [ -46.413543973585831, -23.065305367330005 ], [ -46.413539640610814, -23.065305406090577 ], [ -46.41353530763579, -23.065305444851035 ], [ -46.413530974660759, -23.065305483611368 ], [ -46.413526641685714, -23.065305522371588 ], [ -46.413522308710661, -23.065305561131691 ], [ -46.413517975735601, -23.065305599891669 ], [ -46.413513663704798, -23.065307643319514 ], [ -46.413509330729653, -23.065307682079261 ], [ -46.413504997754494, -23.065307720838884 ], [ -46.41350068572342, -23.065309764266381 ], [ -46.413496373692197, -23.065311807693764 ], [ -46.413492061660854, -23.065313851121047 ], [ -46.413487749629361, -23.065315894548203 ], [ -46.413483416653911, -23.065315933307254 ], [ -46.413481292053788, -23.065319962022745 ], [ -46.413476980021933, -23.065322005449627 ], [ -46.413474855421534, -23.065326034165043 ], [ -46.413470522445721, -23.065326072923757 ], [ -46.413466189469908, -23.065326111682349 ], [ -46.413461877437612, -23.065328155108833 ], [ -46.413457586348649, -23.065332203203244 ], [ -46.41345546174751, -23.065336231918426 ], [ -46.413451170658099, -23.065340280012673 ], [ -46.413446858625115, -23.065342323438784 ], [ -46.413444734023507, -23.065346352153849 ], [ -46.413440442933457, -23.065350400247819 ], [ -46.413436130899974, -23.065352443673667 ], [ -46.413431797923252, -23.065352482431365 ], [ -46.413431839809476, -23.065356491767432 ], [ -46.413429715207215, -23.065360520482312 ], [ -46.413427590604826, -23.06536454919717 ], [ -46.413425466002323, -23.065368577912 ], [ -46.413421174910994, -23.065372626005512 ], [ -46.413421216796948, -23.065376635341593 ], [ -46.413416883819416, -23.065376674098921 ], [ -46.413414759216415, -23.065380702813627 ], [ -46.413412634613287, -23.065384731528312 ], [ -46.413412676499014, -23.0653887408644 ], [ -46.413412718384734, -23.065392750200488 ], [ -46.413408427292289, -23.065396798293698 ], [ -46.413408469177909, -23.065400807629789 ], [ -46.413408511063537, -23.065404816965891 ], [ -46.413408552949171, -23.065408826301972 ], [ -46.41340859483482, -23.06541283563806 ], [ -46.413408636720483, -23.065416844974145 ], [ -46.413406512116666, -23.065420873688765 ], [ -46.413406554002272, -23.065424883024839 ], [ -46.413402221023176, -23.06542492178184 ], [ -46.413397908986745, -23.065426965206768 ], [ -46.413395784382459, -23.065430993921261 ], [ -46.413391472345737, -23.065433037346025 ], [ -46.413387160308872, -23.065435080770683 ], [ -46.413382869214352, -23.065439128863272 ], [ -46.41337857811957, -23.065443176955771 ], [ -46.413372099592273, -23.06544523975818 ], [ -46.413367808496972, -23.065449287850402 ], [ -46.41336570483368, -23.065455321232619 ], [ -46.413361413737881, -23.065459369324682 ], [ -46.413357122641813, -23.065463417416641 ], [ -46.413352810603435, -23.065465460840418 ], [ -46.413348498564922, -23.065467504264095 ], [ -46.413344186526281, -23.065469547687655 ], [ -46.413342061919757, -23.065473576401516 ], [ -46.413337728938977, -23.065473615156812 ], [ -46.413333395958183, -23.065473653912004 ], [ -46.413329062977382, -23.065473692667073 ], [ -46.413324729996575, -23.065473731422028 ], [ -46.41332039701576, -23.065473770176855 ], [ -46.41331606403493, -23.065473808931561 ], [ -46.413311731054094, -23.065473847686153 ], [ -46.41330739807325, -23.065473886440628 ], [ -46.413303065092393, -23.06547392519499 ], [ -46.413298732111528, -23.06547396394922 ], [ -46.413294399130656, -23.06547400270334 ], [ -46.413287899659323, -23.065474060834294 ], [ -46.413285775051023, -23.065478089547486 ], [ -46.413285816933168, -23.065482098883756 ], [ -46.413285858815328, -23.065486108220018 ], [ -46.413285900697495, -23.065490117556269 ], [ -46.41328594257967, -23.065494126892531 ], [ -46.413285984461865, -23.065498136228783 ], [ -46.413286026344053, -23.065502145565045 ], [ -46.413286068226263, -23.065506154901289 ], [ -46.413286151990704, -23.065514173573796 ], [ -46.413290526855242, -23.065518144156069 ], [ -46.413294880778786, -23.065520110070111 ], [ -46.413299255643764, -23.065524080652111 ], [ -46.413303630509006, -23.065528051233994 ], [ -46.413305859824575, -23.065534045861099 ], [ -46.413310234690336, -23.065538016442755 ], [ -46.413312443064846, -23.065542006401628 ], [ -46.413318984422631, -23.065545957605682 ], [ -46.413321213739209, -23.065551952232493 ], [ -46.413323422114281, -23.065555942191182 ], [ -46.413323463997706, -23.065559951527344 ], [ -46.413323505881138, -23.065563960863503 ], [ -46.413325714256487, -23.065567950822135 ], [ -46.413325756140004, -23.065571960158287 ], [ -46.413330151949445, -23.065577935407365 ], [ -46.413330193833112, -23.065581944743496 ], [ -46.413330235716785, -23.06558595407963 ], [ -46.413332444092738, -23.065589944038141 ], [ -46.413334652468819, -23.065593933996603 ], [ -46.413334694352656, -23.065597943332715 ], [ -46.413334736236493, -23.065601952668846 ], [ -46.413334778120344, -23.065605962004955 ], [ -46.413334820004209, -23.065609971341075 ], [ -46.413334861888082, -23.065613980677185 ], [ -46.413334903771954, -23.065617990013294 ], [ -46.413334945655841, -23.065621999349407 ], [ -46.413334987539749, -23.065626008685506 ], [ -46.413335029423649, -23.065630018021604 ], [ -46.413335071307564, -23.065634027357714 ], [ -46.4133329676404, -23.065640060739568 ], [ -46.41333300952428, -23.065644070075667 ], [ -46.413333051408166, -23.065648079411769 ], [ -46.413333093292053, -23.065652088747864 ], [ -46.413333135175968, -23.065656098083949 ], [ -46.413333177059876, -23.065660107420047 ], [ -46.413333239885766, -23.065666121424183 ], [ -46.413333281769702, -23.065670130760267 ], [ -46.413333323653653, -23.065674140096355 ], [ -46.413333365537603, -23.065678149432433 ], [ -46.413333407421575, -23.06568215876851 ], [ -46.413337782293141, -23.065686129349071 ], [ -46.413342136222845, -23.065688095261457 ], [ -46.413346490152676, -23.065690061173711 ], [ -46.41335082314037, -23.065690022417826 ], [ -46.413355135185739, -23.0656879789938 ], [ -46.413359426288601, -23.065683930901645 ], [ -46.413363738333636, -23.0656818874774 ], [ -46.413368050378537, -23.065679844053051 ], [ -46.41337236242331, -23.065677800628574 ], [ -46.413374487031767, -23.065673771914298 ], [ -46.413378820018885, -23.065673733157659 ], [ -46.413383132063281, -23.065671689732913 ], [ -46.413385235728583, -23.065665656350504 ], [ -46.413389547772624, -23.065663612925594 ], [ -46.413393838873681, -23.065659564832583 ], [ -46.413398171860308, -23.065659526075446 ], [ -46.413402483903937, -23.065657482650199 ], [ -46.413406816890486, -23.065657443892828 ], [ -46.413411107990804, -23.065653395799384 ], [ -46.413417544640808, -23.065647323659014 ], [ -46.413419669247446, -23.065643294944188 ], [ -46.413423981290222, -23.065641251518407 ], [ -46.413428293332856, -23.065639208092499 ], [ -46.413432626318773, -23.06563916933445 ], [ -46.413436959304683, -23.06563913057628 ], [ -46.413441292290571, -23.065639091817989 ], [ -46.413445625276459, -23.065639053059584 ], [ -46.413449958262333, -23.065639014301059 ], [ -46.41345158313203, -23.065638999766584 ], [ -46.413451656434965, -23.065646016104399 ], [ -46.413451740209787, -23.06565403477618 ], [ -46.413451823984651, -23.065662053447955 ], [ -46.413443741521952, -23.065666135456141 ], [ -46.413444408807003, -23.065678158619011 ], [ -46.413446638131553, -23.065684153243577 ], [ -46.413458716161493, -23.065699582833517 ], [ -46.413452284747031, -23.065706156142546 ], [ -46.41345236852213, -23.065714174814268 ], [ -46.413452494184853, -23.065726202821828 ], [ -46.413452577960044, -23.065734221493528 ], [ -46.413452661735278, -23.065742240165207 ], [ -46.413461453377288, -23.065754190654793 ], [ -46.413470161244518, -23.065758122472204 ], [ -46.413478911000681, -23.065766063624881 ], [ -46.413487618869141, -23.065769995441254 ], [ -46.413492035636843, -23.065777975352891 ], [ -46.413500743506432, -23.065781907168468 ], [ -46.413509409487119, -23.065781829647822 ], [ -46.413518117357413, -23.065785761462411 ], [ -46.413526825228196, -23.065789693276493 ], [ -46.413535491209274, -23.065789615754401 ], [ -46.413539907980429, -23.065797595664499 ], [ -46.413539991761098, -23.065805614335815 ], [ -46.413553032624897, -23.06580950738697 ], [ -46.413557449397771, -23.065817487296474 ], [ -46.413566157271667, -23.065821419108214 ], [ -46.413574907037464, -23.065829360255041 ], [ -46.413583698695994, -23.065841310736882 ], [ -46.413592448464122, -23.065849251882582 ], [ -46.413601156341016, -23.065853183692234 ], [ -46.413609864218401, -23.065857115501366 ], [ -46.413618530203493, -23.065857037974499 ], [ -46.413627279974619, -23.065864979118121 ], [ -46.413631696753761, -23.065872959025196 ], [ -46.41364473762637, -23.065876852068282 ], [ -46.413653445506448, -23.065880783874871 ], [ -46.413662153387001, -23.065884715680948 ], [ -46.413670819373664, -23.065884638151129 ], [ -46.413679527254935, -23.065888569956208 ], [ -46.413692568130216, -23.065892462995194 ], [ -46.413701317907872, -23.06590040413435 ], [ -46.413709983895387, -23.065900326602332 ], [ -46.413723066668524, -23.065908228974003 ], [ -46.413731774552701, -23.065912160776037 ], [ -46.413744815431556, -23.065916053810518 ], [ -46.413753481419917, -23.06591597627607 ], [ -46.413762189305388, -23.065919908076356 ], [ -46.413770897191348, -23.065923839876135 ], [ -46.413788271066771, -23.065927694139017 ], [ -46.413797020852137, -23.065935635272446 ], [ -46.413805728740037, -23.065939567070199 ], [ -46.413818769623354, -23.065943460098321 ], [ -46.413827435613193, -23.065943382559727 ], [ -46.413836101602989, -23.06594330502066 ], [ -46.41384480949241, -23.065947236816172 ], [ -46.413853475482391, -23.065947159276142 ], [ -46.413862183372515, -23.065951091070659 ], [ -46.413870891263123, -23.065955022864664 ], [ -46.413879599154207, -23.065958954658178 ], [ -46.413888307045788, -23.065962886451171 ], [ -46.413901347933376, -23.065966779472244 ], [ -46.41391013962933, -23.065978729933839 ], [ -46.413923222421055, -23.065986632287888 ], [ -46.413931972217924, -23.065994573413203 ], [ -46.413944971206938, -23.065994457095581 ], [ -46.413953721005548, -23.066002398219585 ], [ -46.413962386998655, -23.066002320673409 ], [ -46.41397105299172, -23.06600224312675 ], [ -46.413979718984749, -23.066002165579619 ], [ -46.413988384977749, -23.066002088032018 ], [ -46.413997092874986, -23.066006019818701 ], [ -46.414014466766105, -23.066009874055826 ], [ -46.414023132759468, -23.066009796506286 ], [ -46.414027549566548, -23.066017776400749 ], [ -46.414036257465838, -23.066021708185165 ], [ -46.414049298362748, -23.066025601193495 ], [ -46.414058048169267, -23.066033542311295 ], [ -46.41406246497921, -23.066041522204628 ], [ -46.414066965602601, -23.066057520767028 ], [ -46.414071382413923, -23.066065500660024 ], [ -46.41407579922577, -23.066073480552852 ], [ -46.414080216038172, -23.066081460445524 ], [ -46.41408029985201, -23.066089479114684 ], [ -46.414080383665876, -23.066097497783836 ], [ -46.414080467479785, -23.066105516452975 ], [ -46.414089175386245, -23.066109448234069 ], [ -46.414097967108198, -23.06612139868372 ], [ -46.414098050923243, -23.066129417352776 ], [ -46.414106800739532, -23.066137358467302 ], [ -46.414115508648784, -23.06614129024679 ], [ -46.414119925465904, -23.066149270138059 ], [ -46.414128675284765, -23.066157211251223 ], [ -46.414141758106084, -23.066165113585512 ], [ -46.414150466018064, -23.066169045362926 ], [ -46.414159215839966, -23.066176986474211 ], [ -46.414167881843483, -23.066176908916216 ], [ -46.414167965662898, -23.066184927584981 ], [ -46.414172382484601, -23.06619290747452 ], [ -46.414189798314311, -23.066200771025166 ], [ -46.414198548140561, -23.066208712134024 ], [ -46.414202964964886, -23.066216692022561 ], [ -46.414207381789744, -23.066224671910941 ], [ -46.414216089707359, -23.066228603684415 ], [ -46.414220506533411, -23.066236583572358 ], [ -46.414220590356187, -23.066244602240872 ], [ -46.414229298275458, -23.066248534013521 ], [ -46.41423809001909, -23.066260484454109 ], [ -46.414238173843003, -23.06626850312254 ], [ -46.414246923676551, -23.066276444228308 ], [ -46.414255631598607, -23.066280375999362 ], [ -46.414260048428794, -23.066288355885945 ], [ -46.414268798264899, -23.066296296990352 ], [ -46.414277506188846, -23.066300228760095 ], [ -46.414286214113261, -23.06630416052932 ], [ -46.414290630946056, -23.066312140414897 ], [ -46.414303629963563, -23.066312024066264 ], [ -46.414312379803711, -23.066319965168042 ], [ -46.414321087730336, -23.066323896935227 ], [ -46.414334128663725, -23.066327789918056 ], [ -46.414338587415195, -23.066339779136097 ], [ -46.414343004252288, -23.066347759019948 ], [ -46.414343088082767, -23.066355777687932 ], [ -46.414343171913295, -23.066363796355898 ], [ -46.414343255743852, -23.06637181502386 ], [ -46.414347672582366, -23.06637979490749 ], [ -46.414360713521873, -23.066383687887793 ], [ -46.414369421453962, -23.066387619652012 ], [ -46.414378129386542, -23.066391551415727 ], [ -46.414386795402969, -23.066391473845041 ], [ -46.414395461419375, -23.066391396273882 ], [ -46.414404127435731, -23.066391318702252 ], [ -46.414412793452058, -23.066391241130141 ], [ -46.414421459468343, -23.066391163557558 ], [ -46.414430125484593, -23.066391085984495 ], [ -46.4144387915008, -23.066391008410957 ], [ -46.41445179052505, -23.066390892049771 ], [ -46.414460540378791, -23.066398833142561 ], [ -46.414469248314461, -23.066402764901085 ], [ -46.414482289259141, -23.066406657871049 ], [ -46.414495414044282, -23.066418569507277 ], [ -46.414499830893206, -23.066426549386097 ], [ -46.414499956653366, -23.066438577387125 ], [ -46.414504373503277, -23.066446557265749 ], [ -46.414513123363726, -23.066454498355252 ], [ -46.414517582135609, -23.066466487567059 ], [ -46.414517665976916, -23.0664745062343 ], [ -46.414522082829144, -23.066482486112285 ], [ -46.414535081861708, -23.066482369743809 ], [ -46.414543789804831, -23.066486301497804 ], [ -46.414552497748431, -23.066490233251287 ], [ -46.414561163770543, -23.066490155670728 ], [ -46.414569829792605, -23.066490078089693 ], [ -46.414578495814631, -23.066490000508182 ], [ -46.414591494847599, -23.066489884135027 ], [ -46.414600160869533, -23.066489806552333 ], [ -46.414608826891431, -23.066489728969163 ], [ -46.414617492913287, -23.066489651385513 ], [ -46.414626158935107, -23.066489573801395 ], [ -46.414634824956892, -23.066489496216796 ], [ -46.414639074119194, -23.066481438757513 ], [ -46.41463899027066, -23.066473420090691 ], [ -46.414647614366849, -23.066469333172051 ], [ -46.414656196537756, -23.066461236919558 ], [ -46.414660445697955, -23.066453179459785 ], [ -46.414669027867085, -23.066445083206684 ], [ -46.414673277026054, -23.066437025746602 ], [ -46.414673193175673, -23.066429007079851 ], [ -46.414677442333947, -23.066420949619683 ], [ -46.414677316558119, -23.066408921619548 ], [ -46.414677232707611, -23.066400902952793 ], [ -46.414677148857137, -23.066392884286028 ], [ -46.414677065006707, -23.066384865619241 ], [ -46.414676981156312, -23.066376846952462 ], [ -46.414676897305952, -23.066368828285665 ], [ -46.414676771530495, -23.066356800285462 ], [ -46.414676687680227, -23.066348781618647 ], [ -46.414676603830003, -23.066340762951821 ], [ -46.414676519979814, -23.066332744284981 ], [ -46.414672103124133, -23.066324764411391 ], [ -46.414672019274278, -23.066316745744519 ], [ -46.414671893499559, -23.066304717744213 ], [ -46.41466747664515, -23.066296737870392 ], [ -46.414658768711355, -23.066292806122696 ], [ -46.414654351858132, -23.066284826248445 ], [ -46.41464993500545, -23.066276846374024 ], [ -46.414641185149506, -23.066268905291757 ], [ -46.414641101301712, -23.06626088662474 ], [ -46.414636684450656, -23.066252906749849 ], [ -46.414636600603188, -23.066244888082789 ], [ -46.414636516755763, -23.066236869415714 ], [ -46.41463209990583, -23.066228889540632 ], [ -46.414623433900729, -23.066228967124253 ], [ -46.414619017051834, -23.066220987248737 ], [ -46.414610267201411, -23.066213046164432 ], [ -46.414601559274629, -23.066209114413198 ], [ -46.414592893270672, -23.066209191995082 ], [ -46.414584185344587, -23.066205260242839 ], [ -46.414575477418992, -23.066201328490102 ], [ -46.414566769493881, -23.066197396736865 ], [ -46.414558103490542, -23.066197474316798 ], [ -46.414549395566141, -23.066193542562548 ], [ -46.414544978722773, -23.066185562684662 ], [ -46.414536270799488, -23.066181630929627 ], [ -46.414527604797051, -23.066181708507841 ], [ -46.414510230872217, -23.066177854329062 ], [ -46.414501481030776, -23.066169913238234 ], [ -46.414497064191011, -23.066161933358803 ], [ -46.414488356270525, -23.066158001600975 ], [ -46.414479648350536, -23.066154069842646 ], [ -46.414470898512398, -23.066146128749928 ], [ -46.414470814675191, -23.066138110082186 ], [ -46.414475063837699, -23.066130052627017 ], [ -46.414480333371316, -23.066115971474066 ], [ -46.41448669663334, -23.066102882957498 ], [ -46.414485174895475, -23.066086857743173 ], [ -46.414485257072805, -23.066068813316495 ], [ -46.414488141691059, -23.066059765648735 ], [ -46.414493713472595, -23.066048689071589 ], [ -46.414498993481359, -23.066035610251593 ], [ -46.414495597017016, -23.066021606673939 ], [ -46.414478013520984, -23.065997705820863 ], [ -46.414477929683954, -23.065989687152996 ], [ -46.414473512852048, -23.065981707272361 ], [ -46.414473429015352, -23.065973688604469 ], [ -46.414469012184277, -23.065965708723652 ], [ -46.414460262359562, -23.065957767629538 ], [ -46.414460178523754, -23.065949748961568 ], [ -46.414451428700616, -23.06594180786686 ], [ -46.414447011871957, -23.06593382798529 ], [ -46.41444259504383, -23.065925848103561 ], [ -46.414438136299076, -23.06591385888763 ], [ -46.414433719472186, -23.065905879005573 ], [ -46.414424969653503, -23.065897937909149 ], [ -46.414424885820026, -23.065889919240991 ], [ -46.41441613600292, -23.065881978143985 ], [ -46.414407344270671, -23.065870027712307 ], [ -46.414402927447128, -23.065862047829185 ], [ -46.414389886557778, -23.0658581548497 ], [ -46.41438113674478, -23.065850213750512 ], [ -46.414372428847898, -23.065846281984978 ], [ -46.414368012027211, -23.065838302100719 ], [ -46.414359304131459, -23.065834370334407 ], [ -46.414350554321778, -23.065826429233336 ], [ -46.414341846427249, -23.065822497465994 ], [ -46.414337429609184, -23.065814517580723 ], [ -46.414328763629513, -23.065814595146872 ], [ -46.414315680833262, -23.06580669282658 ], [ -46.41430701485401, -23.065806770391514 ], [ -46.414302598038503, -23.065798790505131 ], [ -46.414293932059707, -23.065798868069319 ], [ -46.414285266080874, -23.065798945633038 ], [ -46.414276600102006, -23.065799023196274 ], [ -46.414267934123096, -23.065799100759037 ], [ -46.414254935154666, -23.065799217102295 ], [ -46.414246227264421, -23.065795285329436 ], [ -46.414241810452815, -23.065787305441148 ], [ -46.414233060652862, -23.065779364333036 ], [ -46.414228601931924, -23.065767375109811 ], [ -46.41421985213406, -23.065759434000849 ], [ -46.414211102337227, -23.065751492891341 ], [ -46.414198019553602, -23.065743590560604 ], [ -46.414197935734201, -23.065735571891501 ], [ -46.414189185940202, -23.065727630780621 ], [ -46.414184769134316, -23.065719650890394 ], [ -46.414176061251133, -23.06571571911326 ], [ -46.414167311459714, -23.065707778001027 ], [ -46.414158603577768, -23.065703846222871 ], [ -46.414149895696312, -23.065699914444217 ], [ -46.41414547889368, -23.065691934552692 ], [ -46.414141062091588, -23.065683954661022 ], [ -46.414136645290036, -23.065675974769203 ], [ -46.414127937410981, -23.065672042989188 ], [ -46.414127853596021, -23.065664024319783 ], [ -46.414123436795947, -23.065656044427492 ], [ -46.414118978089242, -23.065644055200316 ], [ -46.41411027021276, -23.065640123419183 ], [ -46.414101520430137, -23.065632182302796 ], [ -46.41409277064853, -23.065624241185851 ], [ -46.414084104680128, -23.065624318737985 ], [ -46.414075438711684, -23.065624396289643 ], [ -46.414066730837632, -23.065620464505976 ], [ -46.414057981058754, -23.065612523386967 ], [ -46.414049273185938, -23.065608591602274 ], [ -46.414040607218375, -23.065608669151974 ], [ -46.414031941250776, -23.065608746701194 ], [ -46.41402314957039, -23.065596796245174 ], [ -46.41401873277875, -23.065588816349475 ], [ -46.414018607066538, -23.06557678834465 ], [ -46.414009857293308, -23.065568847222654 ], [ -46.414001107521102, -23.065560906100103 ], [ -46.413992315846706, -23.065548955642011 ], [ -46.41398360797978, -23.065545023853371 ], [ -46.413974858210665, -23.065537082729197 ], [ -46.413970441423942, -23.065529102831849 ], [ -46.413966024637766, -23.065521122934349 ], [ -46.413965940833016, -23.065513104264213 ], [ -46.413961524047679, -23.065505124366538 ], [ -46.413957107262874, -23.065497144468694 ], [ -46.41395702345875, -23.065489125798507 ], [ -46.413952606674783, -23.065481145900485 ], [ -46.413952522870986, -23.065473127230277 ], [ -46.413952439067224, -23.065465108560055 ], [ -46.413948022284394, -23.065457128661819 ], [ -46.41393927252323, -23.065449187535197 ], [ -46.413934855741729, -23.065441207636535 ], [ -46.413930438960769, -23.065433227737699 ], [ -46.413921731103095, -23.065429295945144 ], [ -46.413917314323314, -23.065421316045882 ], [ -46.413908606466769, -23.065417384252523 ], [ -46.413899940510923, -23.065417461793903 ], [ -46.413891232655082, -23.06541352999956 ], [ -46.413878149922446, -23.065405627639464 ], [ -46.41386948396724, -23.065405705179131 ], [ -46.413860818011997, -23.065405782718329 ], [ -46.413852152056712, -23.065405860257048 ], [ -46.413843444202868, -23.065401928459959 ], [ -46.413834778247768, -23.065402005997719 ], [ -46.413826112292625, -23.065402083534998 ], [ -46.413817446337454, -23.065402161071805 ], [ -46.41380878038224, -23.065402238608133 ], [ -46.413800030632544, -23.065394297473166 ], [ -46.413791364677763, -23.065394375008516 ], [ -46.413782656826257, -23.065390443207953 ], [ -46.413773948975233, -23.065386511406867 ], [ -46.4137652411247, -23.065382579605288 ], [ -46.413760824355585, -23.065374599701062 ], [ -46.413747825425077, -23.065374716000594 ], [ -46.413739075680638, -23.065366774861964 ], [ -46.41373032593723, -23.065358833722783 ], [ -46.413721618089646, -23.065354901918617 ], [ -46.413712868348014, -23.065346960778381 ], [ -46.413704118607413, -23.065339019637584 ], [ -46.413695452655809, -23.065339097167499 ], [ -46.413686744810441, -23.065335165361304 ], [ -46.41367803696555, -23.065331233554595 ], [ -46.413669329121142, -23.065327301747384 ], [ -46.413660621277224, -23.065323369939666 ], [ -46.413651955326472, -23.065323447467144 ], [ -46.413643163698445, -23.065311496986975 ], [ -46.413634455856247, -23.065307565177719 ], [ -46.413625789906405, -23.065307642703715 ], [ -46.41361708206491, -23.065303710893463 ], [ -46.413604041249187, -23.065299817845034 ], [ -46.413595375299728, -23.065299895369336 ], [ -46.413586667459533, -23.065295963557336 ], [ -46.413578001510253, -23.065296041080678 ], [ -46.413569419341314, -23.06530413727527 ], [ -46.413557677028386, -23.065307876117835 ] ] ] ] } },
{ "type": "Feature", "properties": { "Área (ha)": 21.566, "Área tota": 28.948 }, "geometry": { "type": "MultiPolygon", "coordinates": [ [ [ [ -46.413371073819249, -23.062268720378096 ], [ -46.413368685320187, -23.062268741739611 ], [ -46.413366296821124, -23.062268763101098 ], [ -46.413363896779444, -23.062267679388817 ], [ -46.413361496737807, -23.062266595676512 ], [ -46.413359085153637, -23.062264406890435 ], [ -46.413356696654631, -23.062264428251769 ], [ -46.413353113906133, -23.062264460293701 ], [ -46.413350725407128, -23.062264481654942 ], [ -46.413348336908122, -23.062264503016149 ], [ -46.413345948409116, -23.062264524377319 ], [ -46.413343559910111, -23.062264545738458 ], [ -46.413341171411091, -23.062264567099554 ], [ -46.413337588662564, -23.062264599141134 ], [ -46.413335200163544, -23.062264620502141 ], [ -46.413332811664517, -23.062264641863113 ], [ -46.41333042316549, -23.062264663224049 ], [ -46.413328034666463, -23.062264684584946 ], [ -46.413325634625131, -23.062263600872079 ], [ -46.413323246126119, -23.062263622232901 ], [ -46.413320857627099, -23.062263643593688 ], [ -46.413318457585838, -23.062262559880697 ], [ -46.413316069086832, -23.062262581241413 ], [ -46.41331248633832, -23.062262613282424 ], [ -46.413310097839307, -23.062262634643051 ], [ -46.413307709340295, -23.062262656003643 ], [ -46.413305320841275, -23.062262677364195 ], [ -46.413302932342248, -23.062262698724712 ], [ -46.413300543843228, -23.062262720085197 ], [ -46.413298155344201, -23.06226274144564 ], [ -46.413295766845174, -23.062262762806053 ], [ -46.41329337834614, -23.062262784166428 ], [ -46.413291001389119, -23.062263910600524 ], [ -46.413288624432056, -23.062265037034585 ], [ -46.413286235932979, -23.06226505839485 ], [ -46.413283847433888, -23.062265079755079 ], [ -46.413281482018682, -23.062267311262801 ], [ -46.41327910506147, -23.062268437696719 ], [ -46.413276728104222, -23.062269564130602 ], [ -46.413275568480316, -23.062272890031945 ], [ -46.413273191522954, -23.062274016465786 ], [ -46.4132708030237, -23.062274037825826 ], [ -46.413268437608117, -23.062276269333356 ], [ -46.413266072192457, -23.062278500840858 ], [ -46.41326368369311, -23.062278522200799 ], [ -46.413261306735549, -23.062279648634465 ], [ -46.413258918236181, -23.062279669994332 ], [ -46.4132565528203, -23.062281901501709 ], [ -46.41325416432089, -23.062281922861505 ], [ -46.41325178736318, -23.062283049295047 ], [ -46.413249410405427, -23.062284175728543 ], [ -46.413247044989305, -23.062286407235778 ], [ -46.413243462240054, -23.062286439275251 ], [ -46.413241073740551, -23.062286460634855 ], [ -46.413238696782642, -23.062287587068202 ], [ -46.413236308283111, -23.062287608427734 ], [ -46.413233919783586, -23.062287629787232 ], [ -46.41323153128404, -23.062287651146693 ], [ -46.413227960076249, -23.062288788259597 ], [ -46.413224388868393, -23.062289925372429 ], [ -46.413222011910271, -23.062291051805534 ], [ -46.413218440702295, -23.062292188918235 ], [ -46.413216052202664, -23.062292210277455 ], [ -46.413213686785824, -23.062294441784235 ], [ -46.413211321368912, -23.062296673290966 ], [ -46.413208932869196, -23.062296694650097 ], [ -46.413206555910818, -23.062297821082975 ], [ -46.413204178952398, -23.062298947515835 ], [ -46.41320300778515, -23.062301168342927 ], [ -46.413199436576726, -23.062302305455216 ], [ -46.413197071159438, -23.062304536961758 ], [ -46.413194694200811, -23.062305663394469 ], [ -46.413193534574596, -23.062308989295307 ], [ -46.413191157615863, -23.062310115727975 ], [ -46.413189986448309, -23.062312336554982 ], [ -46.413187621030687, -23.062314568061399 ], [ -46.413185244071812, -23.062315694493979 ], [ -46.413184072904109, -23.062317915320961 ], [ -46.413181695945134, -23.062319041753497 ], [ -46.413180536318499, -23.062322367654243 ], [ -46.413178159359418, -23.06232349408673 ], [ -46.413175782400302, -23.062324620519178 ], [ -46.413173428523315, -23.062327957099207 ], [ -46.413171051564085, -23.062329083531591 ], [ -46.41316988039604, -23.062331304358473 ], [ -46.413167503436711, -23.062332430790804 ], [ -46.413166332268588, -23.062334651617675 ], [ -46.413163966850185, -23.062336883123766 ], [ -46.413161578349701, -23.062336904482216 ], [ -46.413161601431703, -23.062339114629822 ], [ -46.413160441804415, -23.06234244053045 ], [ -46.413159270636093, -23.062344661357276 ], [ -46.413156905217406, -23.062346892863268 ], [ -46.413156928299344, -23.062349103010884 ], [ -46.413154551339588, -23.062350229443037 ], [ -46.41315218592073, -23.062352460948979 ], [ -46.413152209002583, -23.062354671096593 ], [ -46.413151037834027, -23.062356891923358 ], [ -46.413151060915879, -23.062359102070968 ], [ -46.413149889747267, -23.062361322897736 ], [ -46.413148718578626, -23.062363543724484 ], [ -46.413146353159433, -23.062365775230344 ], [ -46.413146376241215, -23.062367985377961 ], [ -46.413146399323004, -23.062370195525585 ], [ -46.413144033903663, -23.062372427031413 ], [ -46.413142862734837, -23.062374647858125 ], [ -46.413142885816569, -23.062376858005742 ], [ -46.413140520397064, -23.062379089511531 ], [ -46.413139349228118, -23.062381310338225 ], [ -46.413138189599977, -23.062384636238718 ], [ -46.413137018430952, -23.062386857065398 ], [ -46.413135847261891, -23.06238907789206 ], [ -46.413133493382865, -23.062392414471564 ], [ -46.413131127962934, -23.062394645977225 ], [ -46.413129956793718, -23.062396866803866 ], [ -46.413127591373652, -23.062399098309474 ], [ -46.413125225953515, -23.062401329815053 ], [ -46.41312287207402, -23.062404666394425 ], [ -46.413120495113006, -23.062405792826127 ], [ -46.413119323943519, -23.062408013652686 ], [ -46.413116946982413, -23.062409140084338 ], [ -46.413114570021271, -23.062410266515961 ], [ -46.413113398851657, -23.062412487342478 ], [ -46.413109850720716, -23.062415834600557 ], [ -46.413108679550973, -23.062418055427049 ], [ -46.413107519921795, -23.062421381327351 ], [ -46.413105142960354, -23.062422507758846 ], [ -46.413105166041525, -23.062424717906492 ], [ -46.413103994871641, -23.062426938732958 ], [ -46.413101617910073, -23.062428065164394 ], [ -46.413100446740096, -23.062430285990832 ], [ -46.413099275570083, -23.062432506817274 ], [ -46.413099298651176, -23.062434716964919 ], [ -46.41309692168943, -23.062435843396297 ], [ -46.413096956311009, -23.06243915861776 ], [ -46.413096990932587, -23.062442473839237 ], [ -46.413097002473116, -23.06244357891303 ], [ -46.413094625511206, -23.062444705344383 ], [ -46.413089871587246, -23.062446958206984 ], [ -46.413085117663123, -23.062449211069445 ], [ -46.413080340658041, -23.062449253784113 ], [ -46.413075563652946, -23.062449296498645 ], [ -46.413070786647836, -23.062449339213028 ], [ -46.413066009642719, -23.062449381927266 ], [ -46.41306357497912, -23.062444982988985 ], [ -46.413058797974138, -23.062445025702996 ], [ -46.413056363310851, -23.06244062676458 ], [ -46.413051586306011, -23.062440669478374 ], [ -46.413046809301164, -23.062440712192014 ], [ -46.413042032296296, -23.062440754905513 ], [ -46.413037278371505, -23.062443007766579 ], [ -46.413032501366537, -23.062443050479793 ], [ -46.413027724361569, -23.062443093192861 ], [ -46.413025382018866, -23.062447534844761 ], [ -46.413020628093527, -23.06244978770534 ], [ -46.413015851088296, -23.062449830418061 ], [ -46.413011120242381, -23.062454293426097 ], [ -46.413008777898945, -23.062458735077779 ], [ -46.413004000893366, -23.062458777790166 ], [ -46.412999246967253, -23.062461030650137 ], [ -46.412996904623313, -23.062465472301671 ], [ -46.412992150696851, -23.062467725161444 ], [ -46.412987373690918, -23.06246776787334 ], [ -46.412982642843424, -23.062472230880591 ], [ -46.412980300498745, -23.062476672531904 ], [ -46.412975523492477, -23.062476715243456 ], [ -46.412970769565234, -23.062478968102624 ], [ -46.412966038716789, -23.062483431109406 ], [ -46.412961284789141, -23.062485683968298 ], [ -46.412956507782518, -23.062485726679288 ], [ -46.412951776933355, -23.062490189685686 ], [ -46.412947023005216, -23.062492442544173 ], [ -46.412942269076908, -23.062494695402524 ], [ -46.412937515148435, -23.062496948260748 ], [ -46.412935172801859, -23.062501389911471 ], [ -46.412930418873032, -23.062503642769489 ], [ -46.412925688022376, -23.062508105775173 ], [ -46.412923345675225, -23.062512547425762 ], [ -46.4129185917458, -23.062514800283445 ], [ -46.412913860894356, -23.062519263288788 ], [ -46.412906741538563, -23.062523747648772 ], [ -46.412904399190545, -23.062528189299112 ], [ -46.41290205684237, -23.062532630949413 ], [ -46.412902102998324, -23.062537051245023 ], [ -46.412897372145579, -23.062541514249936 ], [ -46.412895052874845, -23.062548166047968 ], [ -46.412895099030607, -23.062552586343582 ], [ -46.412895145186383, -23.062557006639196 ], [ -46.412892825915314, -23.062563658437195 ], [ -46.412890483566201, -23.062568100087358 ], [ -46.412890529721864, -23.062572520382965 ], [ -46.412885775789782, -23.062574773239788 ], [ -46.412883433440264, -23.062579214889862 ], [ -46.412878656430173, -23.062579257598664 ], [ -46.412876314080343, -23.062583699248648 ], [ -46.412871537070082, -23.062583741957248 ], [ -46.412864394632081, -23.062586016167693 ], [ -46.41285961762172, -23.062586058875929 ], [ -46.412857275271143, -23.062590500525662 ], [ -46.412852521337832, -23.062592753381537 ], [ -46.412845355821887, -23.062592817443321 ], [ -46.412838213382905, -23.062595091652632 ], [ -46.412833459449097, -23.062597344507946 ], [ -46.412828705515111, -23.062599597363128 ], [ -46.412823928504196, -23.06259964007031 ], [ -46.412819174569954, -23.062601892925226 ], [ -46.41281439755894, -23.062601935632127 ], [ -46.412809620547897, -23.062601978338886 ], [ -46.412804843536854, -23.062602021045493 ], [ -46.412800066525797, -23.06260206375196 ], [ -46.41279290100919, -23.062602127811395 ], [ -46.412788100921915, -23.062599960369599 ], [ -46.412788054769543, -23.062595540073811 ], [ -46.412785597035686, -23.0625889309831 ], [ -46.412785550883413, -23.062584510687302 ], [ -46.412785504731154, -23.062580090391485 ], [ -46.412785458578909, -23.062575670095679 ], [ -46.412787800931675, -23.062571228446895 ], [ -46.412790120208108, -23.062564576650182 ], [ -46.412792462560546, -23.062560135001348 ], [ -46.412797193417553, -23.062555671999377 ], [ -46.412797147264982, -23.062551251703585 ], [ -46.412799466540655, -23.062544599906751 ], [ -46.412799420388033, -23.062540179610952 ], [ -46.412804151244138, -23.06253571660881 ], [ -46.412804105091389, -23.062531296313018 ], [ -46.41280644744284, -23.062526854664 ], [ -46.412808789794141, -23.06252241301496 ], [ -46.412808743641264, -23.062517992719162 ], [ -46.412813474496311, -23.062513529716792 ], [ -46.412813428343298, -23.062509109420994 ], [ -46.412813382190301, -23.062504689125195 ], [ -46.41281333603731, -23.062500268829403 ], [ -46.412813289884333, -23.062495848533594 ], [ -46.412813243731371, -23.062491428237792 ], [ -46.412813197578416, -23.062487007941982 ], [ -46.412813151425468, -23.06248258764618 ], [ -46.412813105272534, -23.06247816735036 ], [ -46.412813059119614, -23.062473747054558 ], [ -46.412813012966708, -23.062469326758734 ], [ -46.41281296681381, -23.062464906462921 ], [ -46.412812920660919, -23.062460486167094 ], [ -46.412812874508049, -23.06245606587127 ], [ -46.412812828355179, -23.062451645575436 ], [ -46.41281278220233, -23.062447225279616 ], [ -46.412812736049496, -23.062442804983782 ], [ -46.412812689896661, -23.062438384687947 ], [ -46.412812643743841, -23.06243396439211 ], [ -46.412810186012202, -23.062427355301566 ], [ -46.412810139859488, -23.062422935005717 ], [ -46.412807705204507, -23.062418536063049 ], [ -46.412807659051893, -23.062414115767183 ], [ -46.412807612899293, -23.062409695471327 ], [ -46.412807566746707, -23.062405275175458 ], [ -46.412807520594129, -23.062400854879602 ], [ -46.412805085939667, -23.062396455936838 ], [ -46.412800262783541, -23.062392078347074 ], [ -46.412797828129484, -23.062387679404182 ], [ -46.412795393475598, -23.062383280461241 ], [ -46.412792958821868, -23.062378881518249 ], [ -46.41279288959381, -23.06237225107439 ], [ -46.412790454940378, -23.062367852131345 ], [ -46.41278802028711, -23.062363453188247 ], [ -46.41278795105935, -23.062356822744363 ], [ -46.412792704985783, -23.062354569890722 ], [ -46.412795047334896, -23.062350128241921 ], [ -46.412799778184869, -23.06234566524013 ], [ -46.412804532110705, -23.06234341238617 ], [ -46.412809262960124, -23.06233894938412 ], [ -46.412814016885555, -23.062336696529886 ], [ -46.412818770810816, -23.062334443675518 ], [ -46.41282352473592, -23.062332190821024 ], [ -46.412828255584309, -23.062327727818445 ], [ -46.412833009509008, -23.062325474963671 ], [ -46.412837786510231, -23.062325432256689 ], [ -46.412842563511447, -23.062325389549564 ], [ -46.412847294358954, -23.062320926546459 ], [ -46.412852071359985, -23.062320883839053 ], [ -46.41285684836101, -23.062320841131505 ], [ -46.412861625362027, -23.062320798423809 ], [ -46.412866402363029, -23.06232075571598 ], [ -46.412871179364018, -23.062320713007992 ], [ -46.412875956364999, -23.062320670299872 ], [ -46.412880733365967, -23.0623206275916 ], [ -46.412887898867396, -23.062320563528921 ], [ -46.412892675868335, -23.06232052082029 ], [ -46.412899887525136, -23.062324877052809 ], [ -46.412904687603991, -23.062327044491671 ], [ -46.41291185310569, -23.062326980427891 ], [ -46.412916630106807, -23.062326937718527 ], [ -46.412921407107909, -23.062326895009015 ], [ -46.412926184109004, -23.062326852299361 ], [ -46.412930961110078, -23.062326809589564 ], [ -46.412935738111152, -23.062326766879615 ], [ -46.412942903612738, -23.062326702814431 ], [ -46.412947680613776, -23.06232666010413 ], [ -46.412952434536244, -23.06232440724586 ], [ -46.4129571653799, -23.062319944239647 ], [ -46.412961942380676, -23.06231990152892 ], [ -46.412969084802981, -23.062317627314769 ], [ -46.41297386180365, -23.06231758460369 ], [ -46.41297859264634, -23.06231312159688 ], [ -46.412983369646831, -23.06231307888552 ], [ -46.412988123568169, -23.06231082602622 ], [ -46.412995265989501, -23.062308551810929 ], [ -46.413000042989786, -23.062308509099072 ], [ -46.41300479691067, -23.062306256239307 ], [ -46.413009504672438, -23.06229958308386 ], [ -46.413014281672382, -23.062299540371594 ], [ -46.413019058672319, -23.062299497659179 ], [ -46.413023812592542, -23.062297244798867 ], [ -46.413028566512594, -23.062294991938423 ], [ -46.41303332043249, -23.062292739077826 ], [ -46.41303809743215, -23.062292696364853 ], [ -46.41304285135179, -23.062290443503997 ], [ -46.413047628351343, -23.062290400790733 ], [ -46.413052359190573, -23.062285937781873 ], [ -46.413057136189948, -23.062285895068324 ], [ -46.41306425552829, -23.062281410702301 ], [ -46.413069032527488, -23.062281367988408 ], [ -46.413073786446169, -23.06227911512666 ], [ -46.41308092886419, -23.062276840907639 ], [ -46.413085705863189, -23.062276798193249 ], [ -46.413090482862174, -23.06227675547872 ], [ -46.413095236780308, -23.062274502616344 ], [ -46.413099990698271, -23.062272249753835 ], [ -46.413102333035759, -23.062267808100998 ], [ -46.413107063872339, -23.062263345090606 ], [ -46.413111840870805, -23.062263302375452 ], [ -46.413114160126625, -23.062256650574785 ], [ -46.413118914043636, -23.062254397711754 ], [ -46.413121256380215, -23.062249956058675 ], [ -46.413121210217739, -23.062245535763321 ], [ -46.413123552554097, -23.062241094110213 ], [ -46.413125894890314, -23.062236652457074 ], [ -46.413128237226381, -23.062232210803906 ], [ -46.41312819106372, -23.062227790508555 ], [ -46.413128144901066, -23.062223370213211 ], [ -46.413128098738426, -23.062218949917856 ], [ -46.413130417992804, -23.062212298116982 ], [ -46.413130371830107, -23.062207877821631 ], [ -46.413130325667431, -23.062203457526273 ], [ -46.413130279504763, -23.062199037230915 ], [ -46.413130233342102, -23.062194616935543 ], [ -46.413134987256697, -23.062192364072132 ], [ -46.413137329591777, -23.062187922418861 ], [ -46.413137283428917, -23.062183502123506 ], [ -46.413137237266064, -23.062179081828148 ], [ -46.413137191103225, -23.062174661532783 ], [ -46.413139510356508, -23.062168009731803 ], [ -46.41313946419362, -23.062163589436448 ], [ -46.413139418030745, -23.062159169141079 ], [ -46.413139371867878, -23.062154748845707 ], [ -46.413139325705025, -23.062150328550338 ], [ -46.413139279542179, -23.062145908254962 ], [ -46.413139233379347, -23.062141487959583 ], [ -46.41313918721653, -23.062137067664214 ], [ -46.413139141053719, -23.062132647368831 ], [ -46.413139094890923, -23.062128227073444 ], [ -46.413139048728134, -23.062123806778057 ], [ -46.413129471659921, -23.062121682061676 ], [ -46.413119871510901, -23.062117347196985 ], [ -46.413119825348758, -23.062112926901559 ], [ -46.413112613697159, -23.062108570678756 ], [ -46.413103013549573, -23.062104235812964 ], [ -46.413098190395303, -23.062099858232088 ], [ -46.413095755737636, -23.062095459293857 ], [ -46.413090955664487, -23.062093291860489 ], [ -46.413088521007175, -23.062088892922112 ], [ -46.413083720934367, -23.062086725488502 ], [ -46.413078920861714, -23.06208455805475 ], [ -46.413074097708915, -23.06208018047305 ], [ -46.413069297636639, -23.062078013038978 ], [ -46.413064497564498, -23.062075845604742 ], [ -46.413059697492507, -23.062073678170357 ], [ -46.413052532004684, -23.06207374224017 ], [ -46.413047755012791, -23.062073784953203 ], [ -46.413042978020876, -23.062073827666083 ], [ -46.413038201028954, -23.062073870378828 ], [ -46.413033424037025, -23.062073913091428 ], [ -46.413028647045074, -23.062073955803882 ], [ -46.413023893132582, -23.062076208664021 ], [ -46.413016750723848, -23.06207848288004 ], [ -46.413011973731706, -23.062078525592003 ], [ -46.413007219818745, -23.062080778451644 ], [ -46.413002465905613, -23.062083031311154 ], [ -46.412997711992325, -23.062085284170532 ], [ -46.412992958078867, -23.062087537029765 ], [ -46.412988181086362, -23.062087579741021 ], [ -46.412983427172648, -23.062089832599984 ], [ -46.41297630784112, -23.062094316962114 ], [ -46.412971553926965, -23.062096569820735 ], [ -46.41296680001264, -23.062098822679221 ], [ -46.412962069176629, -23.062103285685449 ], [ -46.412957315261899, -23.062105538543669 ], [ -46.412950149772072, -23.062105602608931 ], [ -46.412947807431955, -23.062110044259704 ], [ -46.412943030438562, -23.062110086969636 ], [ -46.412938253445148, -23.062110129679418 ], [ -46.412935911104562, -23.062114571330039 ], [ -46.412928768692133, -23.062116845542249 ], [ -46.412924037854204, -23.062121308547425 ], [ -46.412919283938159, -23.062123561404558 ], [ -46.412914530021958, -23.062125814261552 ], [ -46.412909799183232, -23.062130277266334 ], [ -46.412905045266619, -23.062132530123058 ], [ -46.412900268272345, -23.062132572831736 ], [ -46.41289314893568, -23.062137057190331 ], [ -46.412888395018527, -23.062139310046593 ], [ -46.412881252603896, -23.06214158425675 ], [ -46.412876475609252, -23.062141626964728 ], [ -46.412871698614595, -23.062141669672556 ], [ -46.412864579276444, -23.062146154029932 ], [ -46.412859802281602, -23.062146196737409 ], [ -46.412855048363518, -23.062148449592694 ], [ -46.412850294445278, -23.062150702447855 ], [ -46.412845517450251, -23.062150745154909 ], [ -46.412838351957674, -23.062150809215222 ], [ -46.412833621115489, -23.062155272217876 ], [ -46.412828844120256, -23.062155314924432 ], [ -46.412824067125015, -23.062155357630843 ], [ -46.412819290129768, -23.062155400337115 ], [ -46.412814513134506, -23.062155443043242 ], [ -46.412809736139231, -23.062155485749219 ], [ -46.412804959143948, -23.062155528455055 ], [ -46.412800182148644, -23.062155571160751 ], [ -46.412795359001713, -23.062151193570266 ], [ -46.412790558930823, -23.062149026127639 ], [ -46.412785781935725, -23.062149068832884 ], [ -46.412781004940619, -23.062149111537984 ], [ -46.4127762279455, -23.062149154242942 ], [ -46.412771427874958, -23.062146986799721 ], [ -46.412766627804558, -23.06214481935633 ], [ -46.412761850809559, -23.062144862060851 ], [ -46.41275468531704, -23.062144926117348 ], [ -46.412749908322013, -23.062144968821503 ], [ -46.412745154401961, -23.062147221673587 ], [ -46.41274281205429, -23.062151663321671 ], [ -46.412738035059, -23.062151706025475 ], [ -46.412733304213297, -23.06215616902529 ], [ -46.41272852721783, -23.062156211728819 ], [ -46.412723750222355, -23.062156254432203 ], [ -46.412721407873825, -23.062160696079996 ], [ -46.412716653952707, -23.062162948931263 ], [ -46.412714311603835, -23.062167390578978 ], [ -46.412711969254822, -23.062171832226653 ], [ -46.41271201540377, -23.062176252522839 ], [ -46.412709673054536, -23.06218069417049 ], [ -46.412707330705153, -23.062185135818122 ], [ -46.412704988355628, -23.062189577465713 ], [ -46.412702646005961, -23.062194019113285 ], [ -46.412700303656138, -23.062198460760818 ], [ -46.412695549733343, -23.062200713611521 ], [ -46.412690772736227, -23.062200756313985 ], [ -46.412685995739096, -23.062200799016303 ], [ -46.412681218741959, -23.062200841718486 ], [ -46.412676441744807, -23.062200884420513 ], [ -46.412669253175252, -23.062198738325165 ], [ -46.412664476178151, -23.062198781026833 ], [ -46.412659699181035, -23.062198823728355 ], [ -46.412654876036775, -23.062194446133464 ], [ -46.412650052892836, -23.062190068538403 ], [ -46.412650006745885, -23.062185648242117 ], [ -46.412642795104148, -23.062181291997348 ], [ -46.412637948887806, -23.062174704253717 ], [ -46.412635514243206, -23.062170305307749 ], [ -46.41263307959877, -23.062165906361738 ], [ -46.412628256456557, -23.062161528765905 ], [ -46.412628210310388, -23.06215710846957 ], [ -46.412628164164218, -23.062152688173221 ], [ -46.41262811801807, -23.062148267876868 ], [ -46.412628071871922, -23.062143847580518 ], [ -46.412628002652731, -23.062137217135984 ], [ -46.412620814087262, -23.06213507103821 ], [ -46.412615990946584, -23.062130693441926 ], [ -46.412611190878998, -23.062128525993661 ], [ -46.412601613816882, -23.062126401244889 ], [ -46.412599179174393, -23.062122002298242 ], [ -46.412594379107361, -23.062119834849433 ], [ -46.412589579040471, -23.062117667400479 ], [ -46.412584778973738, -23.062115499951371 ], [ -46.4125800019794, -23.062115542650343 ], [ -46.412575224985055, -23.062115585349169 ], [ -46.412570447990689, -23.062115628047849 ], [ -46.412565670996315, -23.06211567074638 ], [ -46.412560894001928, -23.062115713444772 ], [ -46.41255609393567, -23.062113545994773 ], [ -46.412551293869562, -23.0621113785446 ], [ -46.412546516875302, -23.062111421242552 ], [ -46.412541739881028, -23.062111463940358 ], [ -46.412534551318089, -23.062109317838519 ], [ -46.412529774323872, -23.06210936053596 ], [ -46.412524997329626, -23.062109403233254 ], [ -46.412520220335388, -23.06210944593041 ], [ -46.412515443341128, -23.062109488627414 ], [ -46.412510643275745, -23.062107321175976 ], [ -46.412505843210511, -23.062105153724378 ], [ -46.412501066216372, -23.062105196420944 ], [ -46.412496243080483, -23.062100818820742 ], [ -46.412491466086486, -23.062100861517006 ], [ -46.412486689092468, -23.062100904213128 ], [ -46.412481912098436, -23.062100946909109 ], [ -46.412477135104403, -23.062100989604943 ], [ -46.412472358110357, -23.062101032300628 ], [ -46.412467581116296, -23.062101074996178 ], [ -46.412462804122221, -23.062101117691583 ], [ -46.412458027128132, -23.062101160386835 ], [ -46.412453250134043, -23.062101203081948 ], [ -46.412448473139939, -23.062101245776919 ], [ -46.412443696145822, -23.062101288471737 ], [ -46.41243891915169, -23.062101331166421 ], [ -46.412434142157551, -23.062101373860951 ], [ -46.412429365163398, -23.062101416555343 ], [ -46.41242458816923, -23.062101459249593 ], [ -46.412419811175063, -23.062101501943697 ], [ -46.412415034180874, -23.062101544637652 ], [ -46.412410257186679, -23.062101587331469 ], [ -46.412405480192469, -23.06210163002514 ], [ -46.412400703198252, -23.062101672718661 ], [ -46.412395926204013, -23.062101715412048 ], [ -46.412391103071478, -23.062097337808446 ], [ -46.412386326077382, -23.062097380501527 ], [ -46.412381549083271, -23.062097423194466 ], [ -46.412376772089146, -23.062097465887263 ], [ -46.412371972026186, -23.06209529843148 ], [ -46.412367171963368, -23.062093130975544 ], [ -46.412362394969371, -23.06209317366789 ], [ -46.412355206409792, -23.062091027557702 ], [ -46.412350406347365, -23.06208886010123 ], [ -46.412345606285093, -23.062086692644609 ], [ -46.412340806222964, -23.062084525187831 ], [ -46.412340760086344, -23.062080104890892 ], [ -46.412338325453028, -23.062075705939741 ], [ -46.412331136894714, -23.062073559828384 ], [ -46.412331090758435, -23.062069139531417 ], [ -46.412331044622171, -23.062064719234456 ], [ -46.41233099848592, -23.062060298937485 ], [ -46.412333340846054, -23.062055857294865 ], [ -46.412333294709747, -23.062051436997894 ], [ -46.412338048634105, -23.06204918415802 ], [ -46.412340367925573, -23.062042532366828 ], [ -46.412342710285117, -23.062038090724091 ], [ -46.412347441140483, -23.062033627735477 ], [ -46.41234978349965, -23.062029186092659 ], [ -46.412352102790244, -23.06202253430132 ], [ -46.412356856713266, -23.062020281460931 ], [ -46.412356810576263, -23.062015861163985 ], [ -46.412356764439281, -23.062011440867042 ], [ -46.412356718302306, -23.062007020570093 ], [ -46.412354283669934, -23.062002621619104 ], [ -46.412349460542387, -23.061998244013939 ], [ -46.412349414405682, -23.061993823716975 ], [ -46.412349368268977, -23.06198940342 ], [ -46.4123493221323, -23.061984983123029 ], [ -46.412349275995624, -23.061980562826051 ], [ -46.412354029917267, -23.061978309985811 ], [ -46.41235876077026, -23.061973846996942 ], [ -46.412365903186355, -23.061971572810364 ], [ -46.412368245543945, -23.061967131167314 ], [ -46.412372976396071, -23.061962668178065 ], [ -46.412377707247892, -23.061958205188684 ], [ -46.412380049604884, -23.061953763545475 ], [ -46.412382391961714, -23.061949321902251 ], [ -46.412382345824042, -23.061944901605308 ], [ -46.412382299686385, -23.061940481308376 ], [ -46.412382253548735, -23.061936061011433 ], [ -46.412382207411099, -23.061931640714494 ], [ -46.41238216127347, -23.061927220417552 ], [ -46.412382115135856, -23.061922800120602 ], [ -46.412377268941732, -23.061916212367677 ], [ -46.412372445816722, -23.061911834763052 ], [ -46.412367668829134, -23.061911877455252 ], [ -46.412362891841532, -23.061911920147303 ], [ -46.412358114853916, -23.061911962839211 ], [ -46.412353337866293, -23.061912005530971 ], [ -46.412348560878662, -23.061912048222592 ], [ -46.412343783891018, -23.061912090914067 ], [ -46.412339006903359, -23.061912133605396 ], [ -46.412334229915686, -23.061912176296577 ], [ -46.412329452928006, -23.061912218987626 ], [ -46.412324675940319, -23.061912261678522 ], [ -46.412319898952617, -23.061912304369269 ], [ -46.412315121964902, -23.061912347059877 ], [ -46.412310344977179, -23.061912389750344 ], [ -46.412305567989442, -23.061912432440671 ], [ -46.412300791001691, -23.061912475130839 ], [ -46.412293648587394, -23.061914749314393 ], [ -46.412288871599543, -23.061914792004213 ], [ -46.412284094611671, -23.061914834693884 ], [ -46.412279317623799, -23.061914877383419 ], [ -46.412274540635913, -23.061914920072805 ], [ -46.412269763648005, -23.061914962762046 ], [ -46.412262598166137, -23.061915026795642 ], [ -46.412257798111447, -23.06191285933593 ], [ -46.412253021123583, -23.061912902024666 ], [ -46.412243444081298, -23.061910777253086 ], [ -46.412243397948252, -23.061906356955866 ], [ -46.412243351815206, -23.061901936658643 ], [ -46.41223855176127, -23.061899769198309 ], [ -46.412236117134761, -23.061895370245143 ], [ -46.41223365944208, -23.061888761143315 ], [ -46.412226424762814, -23.061882194729311 ], [ -46.412223990137043, -23.061877795775917 ], [ -46.412223944004701, -23.061873375478644 ], [ -46.412221509379187, -23.061868976525197 ], [ -46.412221463246951, -23.061864556227913 ], [ -46.412221417114722, -23.061860135930619 ], [ -46.412221370982508, -23.061855715633339 ], [ -46.4122213248503, -23.061851295336037 ], [ -46.412221278718107, -23.06184687503875 ], [ -46.412226055703705, -23.06184683235109 ], [ -46.41223080962304, -23.061844579514641 ], [ -46.412233151983223, -23.061840137873414 ], [ -46.412237905902202, -23.061837885036784 ], [ -46.412242682887445, -23.061837842348634 ], [ -46.412247459872688, -23.061837799660339 ], [ -46.412252236857903, -23.061837756971908 ], [ -46.412256990776449, -23.061835504134709 ], [ -46.412261767761571, -23.061835461445995 ], [ -46.412266544746686, -23.061835418757127 ], [ -46.412273687157395, -23.061833144574962 ], [ -46.412278441075387, -23.061830891737149 ], [ -46.412283194993215, -23.061828638899197 ], [ -46.412287971978046, -23.061828596209704 ], [ -46.412290314336047, -23.06182415456772 ], [ -46.412297433678411, -23.061819670235941 ], [ -46.412299776035958, -23.061815228593836 ], [ -46.412304506885448, -23.061810765606712 ], [ -46.412309260802111, -23.061808512768021 ], [ -46.412311580091576, -23.061801860977205 ], [ -46.412313922448377, -23.061797419334916 ], [ -46.412313876313284, -23.061792999037767 ], [ -46.412318630229159, -23.061790746198824 ], [ -46.412318584093924, -23.061786325901693 ], [ -46.412320880314965, -23.061777463962173 ], [ -46.412323222671077, -23.061773022319777 ], [ -46.412325541959341, -23.061766370528783 ], [ -46.412327884315125, -23.06176192888632 ], [ -46.412332638229685, -23.061759676047021 ], [ -46.412337392144082, -23.061757423207592 ], [ -46.412342122990353, -23.061752960219458 ], [ -46.412346899972384, -23.061752917528313 ], [ -46.412351676954408, -23.061752874837026 ], [ -46.412356453936411, -23.06175283214559 ], [ -46.412361230918414, -23.061752789454008 ], [ -46.412366007900403, -23.061752746762281 ], [ -46.412370784882377, -23.061752704070418 ], [ -46.412375561864344, -23.061752661378407 ], [ -46.41238031577771, -23.061750408537726 ], [ -46.412385069690913, -23.061748155696911 ], [ -46.412387412044417, -23.061743714053673 ], [ -46.412392165957257, -23.061741461212662 ], [ -46.41239933142954, -23.061741397173652 ], [ -46.412404085342082, -23.061739144332286 ], [ -46.412408839254468, -23.061736891490799 ], [ -46.412413616235796, -23.061736848797658 ], [ -46.412418393217109, -23.061736806104378 ], [ -46.412423124059892, -23.061732343113984 ], [ -46.412427877971687, -23.061730090271936 ], [ -46.41243263188332, -23.061727837429761 ], [ -46.412437362725306, -23.061723374438976 ], [ -46.412442116636541, -23.061721121596531 ], [ -46.412451624458498, -23.06171661591123 ], [ -46.412451578319093, -23.061712195614295 ], [ -46.412453920669797, -23.061707753970197 ], [ -46.412458651510377, -23.061703290978826 ], [ -46.412460993860705, -23.06169884933464 ], [ -46.412463336210884, -23.061694407690414 ], [ -46.412470455540472, -23.061689923351395 ], [ -46.412472797890196, -23.061685481707041 ], [ -46.412477574869577, -23.061685439012066 ], [ -46.412482328778772, -23.061683186168501 ], [ -46.412487082687804, -23.061680933324801 ], [ -46.412496613575769, -23.061678637785427 ], [ -46.412501390554866, -23.061678595089738 ], [ -46.412506167533941, -23.061678552393911 ], [ -46.412510921442376, -23.061676299549507 ], [ -46.412515698421352, -23.061676256853392 ], [ -46.412520475400321, -23.061676214157139 ], [ -46.412525252379275, -23.061676171460736 ], [ -46.412530029358216, -23.061676128764187 ], [ -46.412534806337149, -23.061676086067493 ], [ -46.412539583316075, -23.06167604337066 ], [ -46.412544360294987, -23.061676000673682 ], [ -46.412551525763327, -23.061675936627935 ], [ -46.41255630274221, -23.061675893930602 ], [ -46.412558737374475, -23.061680292878627 ], [ -46.412563560496494, -23.061684670477788 ], [ -46.412568337475662, -23.061684627780071 ], [ -46.412573137526472, -23.061686795230571 ], [ -46.412577960649173, -23.061691172829256 ], [ -46.412582760700367, -23.061693340279437 ], [ -46.412585195333826, -23.061697739226986 ], [ -46.412587629967433, -23.061702138174478 ], [ -46.41259243001916, -23.061704305624346 ], [ -46.412594864653137, -23.061708704571711 ], [ -46.412599664705212, -23.061710872021319 ], [ -46.412602122411712, -23.061717481116876 ], [ -46.412604557046251, -23.061721880064066 ], [ -46.412604603190687, -23.061726300360693 ], [ -46.412609403243536, -23.061728467809967 ], [ -46.412611837878529, -23.061732866757019 ], [ -46.412614272513679, -23.061737265704 ], [ -46.412616730221437, -23.061743874799259 ], [ -46.41262155334762, -23.06174825239642 ], [ -46.412623987983388, -23.061752651343216 ], [ -46.412626422619326, -23.06175705028998 ], [ -46.412631268818991, -23.061763638035085 ], [ -46.41263370345537, -23.0617680369817 ], [ -46.41263848043733, -23.061767994281713 ], [ -46.41264325741929, -23.061767951581587 ], [ -46.412648034401222, -23.061767908881311 ], [ -46.412652811383154, -23.061767866180897 ], [ -46.412657588365072, -23.061767823480334 ], [ -46.412662365346975, -23.061767780779622 ], [ -46.412667142328864, -23.061767738078778 ], [ -46.412671919310753, -23.061767695377778 ], [ -46.412676696292628, -23.06176765267664 ], [ -46.412681473274489, -23.061767609975359 ], [ -46.412686227182739, -23.061765357125704 ], [ -46.412690981090826, -23.061763104275922 ], [ -46.412695758072495, -23.061763061574215 ], [ -46.412700535054149, -23.061763018872362 ], [ -46.412702854323399, -23.061756367076736 ], [ -46.412707631304805, -23.061756324374684 ], [ -46.412712385212188, -23.061754071524291 ], [ -46.412717162193495, -23.061754028821948 ], [ -46.412719504535893, -23.061749587174322 ], [ -46.412724235368636, -23.061745124175388 ], [ -46.412728966201072, -23.061740661176319 ], [ -46.412733697033183, -23.061736198177126 ], [ -46.412733650884519, -23.061731777880748 ], [ -46.412738381716174, -23.061727314881427 ], [ -46.412743135622001, -23.06172506203017 ], [ -46.412743089473047, -23.061720641733803 ], [ -46.412747843378561, -23.061718388882408 ], [ -46.412750185719382, -23.061713947234399 ], [ -46.412750139570221, -23.061709526938035 ], [ -46.412754870400576, -23.06170506393828 ], [ -46.412761989720273, -23.061700579586571 ], [ -46.412766743624758, -23.06169832673466 ], [ -46.412771474454168, -23.061693863734458 ], [ -46.41277622835824, -23.061691610882264 ], [ -46.412780982262156, -23.061689358029955 ], [ -46.412783324601406, -23.06168491638152 ], [ -46.412785666940515, -23.061680474733041 ], [ -46.412788009279474, -23.061676033084542 ], [ -46.412790351618284, -23.061671591436006 ], [ -46.412795082445989, -23.061667128435165 ], [ -46.412799836348718, -23.06166487558232 ], [ -46.412799790198044, -23.061660455286027 ], [ -46.412802132536221, -23.06165601363735 ], [ -46.412804474874243, -23.061651571988644 ], [ -46.412806817212122, -23.061647130339896 ], [ -46.412809159549859, -23.061642688691126 ], [ -46.41281150188744, -23.061638247042321 ], [ -46.412811455736446, -23.061633826746039 ], [ -46.41281379807382, -23.061629385097206 ], [ -46.412818528899315, -23.061624922095749 ], [ -46.412823259724497, -23.061620459094161 ], [ -46.412828013625109, -23.061618206240571 ], [ -46.412832744449744, -23.06161374323872 ], [ -46.412832698298104, -23.061609322942452 ], [ -46.412837429122277, -23.061604859940491 ], [ -46.412842159946145, -23.061600396938378 ], [ -46.412844502281963, -23.061595955289164 ], [ -46.412849279257415, -23.061595912583108 ], [ -46.412856398568209, -23.061591428227526 ], [ -46.412861152467222, -23.061589175373008 ], [ -46.41286588328974, -23.061584712370252 ], [ -46.412870660264751, -23.061584669663571 ], [ -46.412875414163267, -23.061582416808648 ], [ -46.412880191138186, -23.061582374101683 ], [ -46.412884898883185, -23.061575700950307 ], [ -46.412889675857848, -23.061575658243068 ], [ -46.412894429755703, -23.061573405387602 ], [ -46.412899206730259, -23.061573362680072 ], [ -46.412903937550929, -23.061568899676267 ], [ -46.412908714525308, -23.061568856968464 ], [ -46.412913445345502, -23.061564393964382 ], [ -46.412918176165391, -23.061559930960176 ], [ -46.41292290698496, -23.061555467955838 ], [ -46.412922860830513, -23.061551047659712 ], [ -46.412927614726925, -23.061548794803318 ], [ -46.412927545495045, -23.061542164359135 ], [ -46.412932299391066, -23.061539911502617 ], [ -46.412936984054625, -23.061531028201795 ], [ -46.412939326386187, -23.061526586551356 ], [ -46.412941668717593, -23.061522144900866 ], [ -46.41294642261267, -23.061519892043961 ], [ -46.412946376457533, -23.06151547174786 ], [ -46.412948695710938, -23.061508819949246 ], [ -46.412951038041761, -23.061504378298647 ], [ -46.412955768858353, -23.061499915293449 ], [ -46.4129581111888, -23.061495473642754 ], [ -46.412962842004852, -23.061491010637365 ], [ -46.412965184334922, -23.061486568986581 ], [ -46.41296993822835, -23.061484316129043 ], [ -46.412974669043628, -23.061479853123327 ], [ -46.412979399858592, -23.061475390117486 ], [ -46.412984107595108, -23.061468716963496 ], [ -46.412986449924119, -23.061464275312442 ], [ -46.412988792252975, -23.061459833661353 ], [ -46.412993523066788, -23.061455370655143 ], [ -46.412995865395274, -23.061450929003964 ], [ -46.412995819238681, -23.061446508707931 ], [ -46.413000550051805, -23.061442045701529 ], [ -46.413002892379851, -23.061437604050269 ], [ -46.413002846223058, -23.061433183754232 ], [ -46.413002800066266, -23.061428763458203 ], [ -46.413002753909495, -23.061424343162159 ], [ -46.413002707752732, -23.061419922866126 ], [ -46.413002661595982, -23.061415502570071 ], [ -46.413005003923551, -23.061411060918793 ], [ -46.413007346250964, -23.061406619267483 ], [ -46.413007277015659, -23.061399988823414 ], [ -46.41300723085881, -23.06139556852737 ], [ -46.413007184701961, -23.061391148231316 ], [ -46.413007138545133, -23.061386727935275 ], [ -46.413007092388312, -23.061382307639217 ], [ -46.413009434715214, -23.061377865987897 ], [ -46.413011777041966, -23.061373424336523 ], [ -46.413011730885025, -23.061369004040483 ], [ -46.413014050133071, -23.061362352241062 ], [ -46.413018757864215, -23.061355679086219 ], [ -46.413023511752179, -23.061353426227303 ], [ -46.413030654123204, -23.061351152012676 ], [ -46.413030607965688, -23.061346731716647 ], [ -46.413032950291253, -23.061342290065024 ], [ -46.413032904133686, -23.061337869768987 ], [ -46.413032857976141, -23.061333449472961 ], [ -46.413032811818596, -23.061329029176921 ], [ -46.413032765661065, -23.061324608880895 ], [ -46.413032696424793, -23.061317978436829 ], [ -46.413027850223514, -23.061311390703867 ], [ -46.413025415583739, -23.061306991763303 ], [ -46.413022957865557, -23.061300382674649 ], [ -46.413020523226166, -23.061295983733984 ], [ -46.413020477069111, -23.061291563437916 ], [ -46.413025207876252, -23.061287100430999 ], [ -46.413027550201079, -23.061282658779458 ], [ -46.413032257928982, -23.061275985624324 ], [ -46.413036988735207, -23.061271522617098 ], [ -46.41304171954112, -23.061267059609733 ], [ -46.413046473425638, -23.061264806750273 ], [ -46.413048815749399, -23.061260365098459 ], [ -46.413048769591498, -23.061255944802415 ], [ -46.413050041790157, -23.061254744619323 ], [ -46.41296444, -23.06113417 ], [ -46.41241167, -23.06040222 ], [ -46.41217167, -23.06012028 ], [ -46.41203889, -23.059985 ], [ -46.41187778, -23.05985361 ], [ -46.41164667, -23.05973306 ], [ -46.41154583, -23.05966556 ], [ -46.41124417, -23.05942222 ], [ -46.41106528, -23.05925222 ], [ -46.41085111, -23.05899444 ], [ -46.41071861, -23.05889444 ], [ -46.41035778, -23.05869861 ], [ -46.41018861, -23.05862556 ], [ -46.41008556, -23.05860083 ], [ -46.40977194, -23.05851139 ], [ -46.40963028, -23.05848361 ], [ -46.40905806, -23.05839361 ], [ -46.40889556, -23.05835694 ], [ -46.40878583, -23.05830722 ], [ -46.40851167, -23.058126109999989 ], [ -46.40827944, -23.05797389 ], [ -46.40816278, -23.05809361 ], [ -46.40804944, -23.05812056 ], [ -46.40787333, -23.05833611 ], [ -46.40770778, -23.05847639 ], [ -46.40751389, -23.05864222 ], [ -46.40746694, -23.058715 ], [ -46.40741861, -23.05881528 ], [ -46.40741083, -23.05886806 ], [ -46.40741722, -23.05901306 ], [ -46.40743083, -23.059135 ], [ -46.40749778, -23.05951194 ], [ -46.40758444, -23.05973833 ], [ -46.40767611, -23.05995639 ], [ -46.40774333, -23.06013556 ], [ -46.407814798188483, -23.060345756640739 ], [ -46.407817574684429, -23.060344440971104 ], [ -46.407827082582394, -23.060339935560517 ], [ -46.407836636465326, -23.060339850455893 ], [ -46.407846144362274, -23.060335345044201 ], [ -46.407855652258569, -23.060330839631963 ], [ -46.407865160154202, -23.060326334219191 ], [ -46.407874714036019, -23.060326249112315 ], [ -46.40787939900293, -23.060317365945792 ], [ -46.407888860909495, -23.060308440225246 ], [ -46.407893545874906, -23.060299557058357 ], [ -46.407903053767008, -23.060295051643454 ], [ -46.407912607646459, -23.060294966534389 ], [ -46.407917292609859, -23.060286083366897 ], [ -46.407917200633584, -23.060277242754118 ], [ -46.407921885596117, -23.060268359586516 ], [ -46.407926570558068, -23.060259476418771 ], [ -46.407926478581309, -23.060250635806018 ], [ -46.407926386604593, -23.060241795193242 ], [ -46.407935848502902, -23.060232869470209 ], [ -46.40794531039996, -23.060223943746657 ], [ -46.407954818284992, -23.06021943832895 ], [ -46.407969149095827, -23.060219310660848 ], [ -46.407978794949699, -23.060228066160658 ], [ -46.407983663867299, -23.060236864216598 ], [ -46.407983755847731, -23.06024570482916 ], [ -46.40798862476634, -23.060254502884884 ], [ -46.407998270624041, -23.06026325838328 ], [ -46.407998408596313, -23.060276519301983 ], [ -46.408008054456261, -23.060285274799664 ], [ -46.408012923377981, -23.06029407285444 ], [ -46.408022523248519, -23.060298408044918 ], [ -46.408027392171675, -23.060307206099168 ], [ -46.408027484155276, -23.060316046711488 ], [ -46.408037038035708, -23.060315961594839 ], [ -46.408046637908519, -23.060320296783729 ], [ -46.408046729893435, -23.060329137395946 ], [ -46.408056329767497, -23.06033347258418 ], [ -46.40806597563526, -23.060342228077864 ], [ -46.408075621504274, -23.060350983570888 ], [ -46.408085221380745, -23.060355318757235 ], [ -46.408090090310132, -23.060364116809183 ], [ -46.40809964419369, -23.060364031688579 ], [ -46.408109290066399, -23.060372787179347 ], [ -46.408123758877807, -23.060385920414248 ], [ -46.408133312762764, -23.06038583529153 ], [ -46.408142866647673, -23.060385750168244 ], [ -46.408152512524659, -23.060394505656127 ], [ -46.408162112406494, -23.06039884083749 ], [ -46.408176489231906, -23.060403133455488 ], [ -46.408176581225675, -23.060411974067133 ], [ -46.40818622710669, -23.060420729552728 ], [ -46.408191142042483, -23.060433947906834 ], [ -46.408191234037339, -23.06044278851839 ], [ -46.408196102976916, -23.060451586566479 ], [ -46.408205702864144, -23.060455921744911 ], [ -46.40821534875024, -23.060464677228431 ], [ -46.408220217692211, -23.06047347527565 ], [ -46.40822981758172, -23.060477810452486 ], [ -46.408239417471833, -23.060482145628693 ], [ -46.408249017362529, -23.060486480804297 ], [ -46.408258617253807, -23.060490815979286 ], [ -46.408268171145615, -23.060490730848056 ], [ -46.40827777103776, -23.060495066021833 ], [ -46.408287416931202, -23.060503821500532 ], [ -46.408297016824839, -23.060508156673055 ], [ -46.408306616719074, -23.060512491844968 ], [ -46.408316216613891, -23.060516827016251 ], [ -46.408321085564317, -23.060525625059888 ], [ -46.40833063945832, -23.060525539924754 ], [ -46.408345062304562, -23.06053425283185 ], [ -46.408354662202065, -23.060538588000647 ], [ -46.408364308103479, -23.06054734347423 ], [ -46.40837386199884, -23.060547258336417 ], [ -46.40838341589415, -23.060547173198024 ], [ -46.408392969789425, -23.060547088059057 ], [ -46.40840252368465, -23.060547002919506 ], [ -46.408412077579833, -23.060546917779387 ], [ -46.408421631474965, -23.060546832638689 ], [ -46.408431231375566, -23.060551167802657 ], [ -46.408440831276764, -23.060555502966018 ], [ -46.408455162120177, -23.060555375252104 ], [ -46.408464716015736, -23.06055529010877 ], [ -46.408474269911245, -23.06055520496486 ], [ -46.408483823806712, -23.060555119820371 ], [ -46.408493377702122, -23.060555034675307 ], [ -46.408502931597504, -23.060554949529667 ], [ -46.408512485492828, -23.060554864383441 ], [ -46.40852203938811, -23.06055477923665 ], [ -46.408526908353053, -23.060563577273179 ], [ -46.408541331215098, -23.060572290161478 ], [ -46.408550931120971, -23.060576625317893 ], [ -46.408565307975906, -23.060580917898871 ], [ -46.408574861872808, -23.060580832748794 ], [ -46.408584415769667, -23.060580747598138 ], [ -46.408584507790863, -23.060589588208014 ], [ -46.408598884648093, -23.060593880785813 ], [ -46.408613261506154, -23.060598173362258 ], [ -46.40862281540408, -23.060598088209218 ], [ -46.408627684377123, -23.060606886242176 ], [ -46.40863255335082, -23.060615684274957 ], [ -46.408632645375327, -23.060624524884609 ], [ -46.408642291300204, -23.060633280339943 ], [ -46.408647160275876, -23.06064207837213 ], [ -46.408656760189849, -23.060646413521667 ], [ -46.408666360104419, -23.060650748670593 ], [ -46.408675960019572, -23.06065508381889 ], [ -46.408685605949387, -23.060663839271285 ], [ -46.408695159851654, -23.060663754113651 ], [ -46.408700028831881, -23.060672552143963 ], [ -46.408704897812768, -23.060681350174097 ], [ -46.408704989842285, -23.060690190783404 ], [ -46.408705081871851, -23.060699031392712 ], [ -46.40870517390146, -23.060707872002002 ], [ -46.408705265931111, -23.060716712611288 ], [ -46.40870058100753, -23.060725595799873 ], [ -46.408700719051701, -23.060738856713794 ], [ -46.408700811081204, -23.060747697323055 ], [ -46.408691303187489, -23.060752202785974 ], [ -46.408700995140343, -23.060765378541557 ], [ -46.408701087169973, -23.060774219150797 ], [ -46.408705956154968, -23.060783017180587 ], [ -46.408710825140624, -23.060791815210209 ], [ -46.408715694126933, -23.060800613239621 ], [ -46.408720563113903, -23.060809411268856 ], [ -46.408720655145011, -23.060818251877958 ], [ -46.40873025507392, -23.060822587022198 ], [ -46.408739901019622, -23.060831342470337 ], [ -46.408744770009349, -23.060840140498655 ], [ -46.408754415957262, -23.060848895945774 ], [ -46.408764107923503, -23.060862071696693 ], [ -46.408768976915979, -23.060870869724081 ], [ -46.408769068950527, -23.060879710332951 ], [ -46.40878353787955, -23.060892843500763 ], [ -46.408783629915142, -23.060901684109542 ], [ -46.40878372195079, -23.060910524718313 ], [ -46.408783813986474, -23.060919365327074 ], [ -46.408783906022215, -23.06092820593582 ], [ -46.408783998057984, -23.060937046544559 ], [ -46.408779359150685, -23.060950350039729 ], [ -46.40877945118627, -23.06095919064845 ], [ -46.408769943280994, -23.060963696116591 ], [ -46.408770035316017, -23.060972536725348 ], [ -46.408765350388904, -23.060981419915798 ], [ -46.408760711478479, -23.060994723410502 ], [ -46.408760803513033, -23.061003564019266 ], [ -46.408751341621034, -23.06101248979083 ], [ -46.408746656691442, -23.061021372980814 ], [ -46.408741971761245, -23.061030256170671 ], [ -46.408732417833306, -23.061030341332412 ], [ -46.408722863905318, -23.061030426493581 ], [ -46.408713309977294, -23.061030511654167 ], [ -46.408703756049221, -23.061030596814181 ], [ -46.408694248136278, -23.061035102278101 ], [ -46.408684740222689, -23.061039607741485 ], [ -46.408675278323031, -23.061048533508817 ], [ -46.408675370352242, -23.061057374117848 ], [ -46.40867546238151, -23.061066214726846 ], [ -46.408670823459659, -23.061079518219369 ], [ -46.408661315542162, -23.061084023681488 ], [ -46.408651853637942, -23.06109294944762 ], [ -46.408637614765766, -23.06110191779128 ], [ -46.408632929825743, -23.061110800978323 ], [ -46.408623421904721, -23.061115306438335 ], [ -46.408618736963334, -23.061124189624991 ], [ -46.408618828989191, -23.061133030234149 ], [ -46.40862374399638, -23.061146248570278 ], [ -46.408623836022663, -23.06115508917938 ], [ -46.408633481986811, -23.061163844632823 ], [ -46.408643081938386, -23.061168179781109 ], [ -46.408652681890558, -23.061172514928767 ], [ -46.408662281843313, -23.061176850075807 ], [ -46.408676658766076, -23.061181142643004 ], [ -46.408686258720152, -23.061185477788531 ], [ -46.408691127720552, -23.061194275817648 ], [ -46.408691219751454, -23.061203116426459 ], [ -46.408696088752876, -23.061211914455356 ], [ -46.408705734725707, -23.0612206699039 ], [ -46.408705826757682, -23.061229510512604 ], [ -46.408701141818327, -23.06123839370153 ], [ -46.408696456878367, -23.061247276890313 ], [ -46.408696548909859, -23.061256117499042 ], [ -46.408691863969054, -23.061265000687715 ], [ -46.408682356039648, -23.061269506151632 ], [ -46.408677671097479, -23.061278389339947 ], [ -46.408672986154713, -23.061287272528151 ], [ -46.408663478223097, -23.06129177799103 ], [ -46.408653970290814, -23.061296283453345 ], [ -46.408644508372042, -23.061305209219555 ], [ -46.408635046452027, -23.061314134985246 ], [ -46.408635138479802, -23.06132297559412 ], [ -46.40863523050762, -23.061331816202987 ], [ -46.408635322535488, -23.06134065681184 ], [ -46.408640191538836, -23.061349454842258 ], [ -46.408649745489683, -23.061349369684979 ], [ -46.408659299440473, -23.061349284527122 ], [ -46.408668899406294, -23.061353619673039 ], [ -46.408678499372698, -23.061357954818344 ], [ -46.408692830299607, -23.061357827078695 ], [ -46.408697699307282, -23.061366625107105 ], [ -46.408707345291823, -23.061375380554832 ], [ -46.408712214301111, -23.061384178582703 ], [ -46.408721768254104, -23.061384093420948 ], [ -46.408731368224238, -23.061388428562822 ], [ -46.408740922177458, -23.061388343399898 ], [ -46.408750522148445, -23.061392678540575 ], [ -46.408755391161151, -23.061401476566928 ], [ -46.408769722092195, -23.061401348820077 ], [ -46.408779276046168, -23.061401263654787 ], [ -46.408788830000098, -23.061401178488921 ], [ -46.408798291915197, -23.06139225271431 ], [ -46.408807845868409, -23.061392167547329 ], [ -46.408817399821572, -23.061392082379765 ], [ -46.4088269537747, -23.061391997211633 ], [ -46.408836461707153, -23.061387491738891 ], [ -46.408845969638953, -23.061382986265624 ], [ -46.408855523591313, -23.061382901095794 ], [ -46.408865077543631, -23.061382815925381 ], [ -46.408874631495905, -23.061382730754392 ], [ -46.408884139425965, -23.061378225278901 ], [ -46.408893601332935, -23.061369299498942 ], [ -46.408903155284129, -23.06136921432628 ], [ -46.408912617189173, -23.061360288545277 ], [ -46.408922125116312, -23.061355783067626 ], [ -46.408931679066434, -23.06135569789328 ], [ -46.408941233016527, -23.061355612718359 ], [ -46.408950879015144, -23.061364368150493 ], [ -46.408960432965756, -23.061364282974377 ], [ -46.408960571039657, -23.061377543885744 ], [ -46.408960663088969, -23.061386384493293 ], [ -46.408960755138331, -23.06139522510086 ], [ -46.408951247209927, -23.061399730580877 ], [ -46.408941693256772, -23.061399815756555 ], [ -46.408932139303566, -23.061399900931658 ], [ -46.408922677397257, -23.061408826713869 ], [ -46.408917992466975, -23.061417709908621 ], [ -46.408908438512412, -23.061417795082349 ], [ -46.408898930580541, -23.061422300559379 ], [ -46.408889422648002, -23.061426806035872 ], [ -46.408879868692679, -23.061426891207905 ], [ -46.408870360759124, -23.061431396683293 ], [ -46.408860852824915, -23.061435902158138 ], [ -46.408851344890053, -23.061440407632425 ], [ -46.408846659953987, -23.06144929082533 ], [ -46.408841975017339, -23.061458174018092 ], [ -46.408842067059268, -23.061467014626022 ], [ -46.408837428142611, -23.061480318122644 ], [ -46.408837520184342, -23.061489158730559 ], [ -46.408837612226122, -23.06149799933846 ], [ -46.408837704267945, -23.061506839946361 ], [ -46.408847396292842, -23.06152001568837 ], [ -46.408852265316739, -23.06152881371105 ], [ -46.408857134341289, -23.061537611733559 ], [ -46.408871557330329, -23.061546324584487 ], [ -46.408881111294122, -23.061546239412536 ], [ -46.408890757303368, -23.061554994847661 ], [ -46.408900403313858, -23.061563750282101 ], [ -46.408905272342842, -23.06157254830287 ], [ -46.40891482630834, -23.06157246312879 ], [ -46.408924380273795, -23.061572377954136 ], [ -46.408933934239208, -23.061572292778905 ], [ -46.408943488204564, -23.061572207603096 ], [ -46.408957819152526, -23.061572079838299 ], [ -46.408967373117775, -23.061571994661044 ], [ -46.408976927082982, -23.061571909483217 ], [ -46.408986481048139, -23.06157182430481 ], [ -46.408996035013253, -23.061571739125824 ], [ -46.409005635004874, -23.061576074249849 ], [ -46.409005727058023, -23.061584914857015 ], [ -46.409005819111215, -23.061593755464173 ], [ -46.409005911164449, -23.061602596071321 ], [ -46.40900600321774, -23.061611436678461 ], [ -46.40900609527106, -23.061620277285588 ], [ -46.409015695266511, -23.061624612408792 ], [ -46.409020564305209, -23.061633410425447 ], [ -46.409025433344567, -23.061642208441931 ], [ -46.409035033342157, -23.061646543563832 ], [ -46.40904467936835, -23.06165529898859 ], [ -46.409059010324484, -23.061655171214195 ], [ -46.409068564295183, -23.061655086030537 ], [ -46.409078118265832, -23.061655000846301 ], [ -46.409087626207032, -23.061650495358098 ], [ -46.409097134147572, -23.061645989869355 ], [ -46.409116196056985, -23.061641399193579 ], [ -46.409120880980815, -23.061632515993445 ], [ -46.409130342888147, -23.061623590199495 ], [ -46.409130204795979, -23.061610329289515 ], [ -46.409130112734587, -23.061601488682847 ], [ -46.409130020673238, -23.061592648076175 ], [ -46.409129928611947, -23.061583807469489 ], [ -46.40912983655069, -23.061574966862789 ], [ -46.409124921476966, -23.061561748546314 ], [ -46.409120052434517, -23.061552950532999 ], [ -46.409115183392721, -23.061544152519495 ], [ -46.409115091332609, -23.061535311912699 ], [ -46.409114999272546, -23.061526471305886 ], [ -46.409110130232122, -23.061517673292141 ], [ -46.409105215162697, -23.061504454974759 ], [ -46.409100346123772, -23.061495656960599 ], [ -46.409095477085501, -23.061486858946267 ], [ -46.40909538502693, -23.061478018339329 ], [ -46.409090515989675, -23.061469220324764 ], [ -46.409090423931509, -23.06146037971779 ], [ -46.409090331873387, -23.061451539110816 ], [ -46.40908077791714, -23.061451624295074 ], [ -46.40907590888186, -23.06144282627994 ], [ -46.409071039847241, -23.061434028264614 ], [ -46.409061393836033, -23.061425272840534 ], [ -46.409051747826084, -23.061416517415786 ], [ -46.409042055790003, -23.061403341686763 ], [ -46.409032409782881, -23.061394586260683 ], [ -46.409022809803709, -23.061390251137588 ], [ -46.409017940774532, -23.061381453120308 ], [ -46.409013071746017, -23.061372655102833 ], [ -46.409008202718155, -23.061363857085176 ], [ -46.408998510690239, -23.061350681352991 ], [ -46.408993641664175, -23.06134188333478 ], [ -46.40898399566462, -23.061333127905293 ], [ -46.40897439569131, -23.061328792778937 ], [ -46.408964749693915, -23.061320037348153 ], [ -46.408955103697778, -23.061311281916716 ], [ -46.408945457702885, -23.061302526484621 ], [ -46.408940588682086, -23.061293728464456 ], [ -46.408921434767429, -23.061289478509305 ], [ -46.408911834799078, -23.061285143378864 ], [ -46.408902280853845, -23.06128522855176 ], [ -46.408892634864138, -23.061276473116148 ], [ -46.408883080919445, -23.061276558287858 ], [ -46.408873434931557, -23.061267802850971 ], [ -46.408868565916706, -23.061259004828255 ], [ -46.4088636969025, -23.061250206805347 ], [ -46.408863604860116, -23.061241366197265 ], [ -46.408854004896924, -23.061237031063037 ], [ -46.408853912855236, -23.061228190454891 ], [ -46.40885382081359, -23.061219349846752 ], [ -46.408853728771994, -23.061210509238585 ], [ -46.408858413700223, -23.061201626045673 ], [ -46.4088583216584, -23.061192785437505 ], [ -46.408863006585761, -23.061183902244473 ], [ -46.408862868522725, -23.061170641332222 ], [ -46.408867553449099, -23.061161758139082 ], [ -46.408881792310893, -23.061152789775196 ], [ -46.408881700267763, -23.061143949167072 ], [ -46.408891162159399, -23.061135023387816 ], [ -46.408900624049792, -23.061126097608039 ], [ -46.408910085938935, -23.061117171827753 ], [ -46.408919639872273, -23.061117086654971 ], [ -46.408933924748993, -23.061112538590731 ], [ -46.408943432658411, -23.06110803311255 ], [ -46.40895289454339, -23.061099107329884 ], [ -46.408962448475272, -23.061099022154572 ], [ -46.408972002407111, -23.061098936978688 ], [ -46.408981510314199, -23.061094431498329 ], [ -46.408991064245626, -23.061094346321308 ], [ -46.409000572151704, -23.061089840839841 ], [ -46.409014810996695, -23.061080872464697 ], [ -46.409024364927035, -23.061080787285711 ], [ -46.409033872830953, -23.061076281802336 ], [ -46.409043426760888, -23.061076196622217 ], [ -46.409052934663798, -23.061071691137737 ], [ -46.409062396538758, -23.061062765348947 ], [ -46.409071950467627, -23.061062680167147 ], [ -46.409081458368561, -23.061058174681044 ], [ -46.409090920240651, -23.061049248890669 ], [ -46.409095605147925, -23.061040365691582 ], [ -46.409109843981099, -23.061031397308387 ], [ -46.409124174870769, -23.06103126953133 ], [ -46.409133728797158, -23.061031184345907 ], [ -46.409143282723498, -23.061031099159909 ], [ -46.409152836649803, -23.061031013973327 ], [ -46.409162390576057, -23.061030928786167 ], [ -46.409171944502255, -23.061030843598434 ], [ -46.409181544459521, -23.061035178713688 ], [ -46.409191190448801, -23.061043934131849 ], [ -46.409200744375802, -23.06104384894233 ], [ -46.409205613403124, -23.061052646954348 ], [ -46.409210482431099, -23.061061444966185 ], [ -46.409220082391684, -23.061065780078895 ], [ -46.409224951421102, -23.06107457809021 ], [ -46.409239374380803, -23.061083290909323 ], [ -46.409244243412132, -23.061092088919931 ], [ -46.409244335478711, -23.06110092952672 ], [ -46.409253981476766, -23.061109684940547 ], [ -46.409254073544055, -23.061118525547286 ], [ -46.409254165611394, -23.061127366154025 ], [ -46.409263811612036, -23.061136121567092 ], [ -46.409263903680085, -23.061144962173771 ], [ -46.409263995748184, -23.061153802780431 ], [ -46.409264133850414, -23.061167063690409 ], [ -46.409264225918619, -23.061175904297045 ], [ -46.409264317986874, -23.061184744903674 ], [ -46.409264410055179, -23.061193585510299 ], [ -46.40926450212352, -23.061202426116903 ], [ -46.409264594191917, -23.0612112667235 ], [ -46.40926468626035, -23.06122010733009 ], [ -46.409264778328833, -23.061228947936666 ], [ -46.409264870397358, -23.061237788543238 ], [ -46.409260185495405, -23.061246671746922 ], [ -46.409260277563718, -23.061255512353487 ], [ -46.409255592660905, -23.06126439555706 ], [ -46.409250907757517, -23.06127327876051 ], [ -46.409246222853533, -23.061282161963849 ], [ -46.409246314921084, -23.061291002570432 ], [ -46.409246406988686, -23.061299843176997 ], [ -46.409241722083578, -23.061308726380236 ], [ -46.409246591124017, -23.061317524390105 ], [ -46.409246729225636, -23.061330785299905 ], [ -46.409256375241085, -23.061339540712524 ], [ -46.409266021257785, -23.061348296124468 ], [ -46.409266113326922, -23.061357136730905 ], [ -46.409280490285177, -23.061361429241163 ], [ -46.409290136304989, -23.061370184651462 ], [ -46.409299782326059, -23.061378940061108 ], [ -46.409309336276259, -23.061378854863857 ], [ -46.409318982299148, -23.061387610272227 ], [ -46.409328536249895, -23.061387525073783 ], [ -46.409338090200585, -23.061387439874764 ], [ -46.409342959250246, -23.06139623788113 ], [ -46.409352513201497, -23.061396152681212 ], [ -46.409362067152699, -23.061396067480718 ], [ -46.409371621103858, -23.061395982279645 ], [ -46.409376490155985, -23.061404780284853 ], [ -46.409386044107698, -23.061404695082874 ], [ -46.409395598059369, -23.061404609880316 ], [ -46.40940519805023, -23.061408944980116 ], [ -46.409414798041674, -23.061413280079286 ], [ -46.409424351993835, -23.061413194874962 ], [ -46.409433905945946, -23.061413109670067 ], [ -46.409443505938512, -23.061417444767422 ], [ -46.409448374996039, -23.061426242770125 ], [ -46.409457974989976, -23.061430577866545 ], [ -46.409467528943175, -23.061430492659547 ], [ -46.409477082896331, -23.061430407451979 ], [ -46.409486636849437, -23.06143032224384 ], [ -46.409496098718002, -23.06142139642964 ], [ -46.409505652670404, -23.061421311220386 ], [ -46.40951520662275, -23.061421226010538 ], [ -46.40952476057506, -23.061421140800128 ], [ -46.409534268483839, -23.061416635286459 ], [ -46.409548599411671, -23.061416507468913 ], [ -46.409558153363498, -23.061416422256496 ], [ -46.40956770731529, -23.0614163370435 ], [ -46.409577261267032, -23.061416251829929 ], [ -46.409586815218724, -23.061416166615775 ], [ -46.40959636917038, -23.061416081401045 ], [ -46.409610700097772, -23.061415953577875 ], [ -46.409625123117948, -23.061424666358398 ], [ -46.40963476916361, -23.061433421746255 ], [ -46.40963963823387, -23.061442219742403 ], [ -46.409649238234422, -23.061446554826819 ], [ -46.409658884283196, -23.061455310213034 ], [ -46.409668530333214, -23.061464065598592 ], [ -46.409678084287911, -23.061463980378758 ], [ -46.40968768429115, -23.061468315460694 ], [ -46.40969733034391, -23.061477070844344 ], [ -46.409711753375959, -23.061485783616273 ], [ -46.409716668502774, -23.061499001911926 ], [ -46.409731045488286, -23.061503294379651 ], [ -46.409740691546325, -23.06151204976036 ], [ -46.40975029155485, -23.061516384838193 ], [ -46.409759891563972, -23.061520719915407 ], [ -46.409769445522286, -23.06152063468986 ], [ -46.409779045532261, -23.061524969765873 ], [ -46.409783914615289, -23.061533767756835 ], [ -46.409793514626628, -23.061538102831896 ], [ -46.409803160691098, -23.061546858208427 ], [ -46.409812760703943, -23.061551193282231 ], [ -46.409822360717378, -23.061555528355406 ], [ -46.409827229804364, -23.061564326344822 ], [ -46.409836875872863, -23.061573081719047 ], [ -46.40983696798029, -23.061581922323061 ], [ -46.409846614050707, -23.061590677696579 ], [ -46.409856260122375, -23.061599433069457 ], [ -46.409861129213247, -23.061608231057573 ], [ -46.409861221322416, -23.061617071661452 ], [ -46.409861313431627, -23.061625912265303 ], [ -46.40987095950684, -23.061634667637076 ], [ -46.409875828600036, -23.061643465624595 ], [ -46.409880697693893, -23.061652263611933 ], [ -46.409885566788411, -23.061661061599064 ], [ -46.409885658899412, -23.061669902202787 ], [ -46.409895258923569, -23.06167423727095 ], [ -46.409900174075901, -23.061687455559358 ], [ -46.409905043173048, -23.061696253545723 ], [ -46.409909912270848, -23.06170505153192 ], [ -46.409914781369309, -23.061713849517915 ], [ -46.409914873482457, -23.061722690121471 ], [ -46.409919742581934, -23.061731488107235 ], [ -46.409919834695479, -23.061740328710751 ], [ -46.409929434725747, -23.061744663776494 ], [ -46.409934303827015, -23.061753461761715 ], [ -46.409939172928944, -23.061762259746747 ], [ -46.409939265043896, -23.061771100350143 ], [ -46.409939357158898, -23.061779940953532 ], [ -46.409944226262198, -23.061788738938311 ], [ -46.409949095366159, -23.061797536922903 ], [ -46.409958787517823, -23.061810712589878 ], [ -46.409958879634281, -23.061819553193139 ], [ -46.409958971750775, -23.061828393796414 ], [ -46.409959063867319, -23.06183723439965 ], [ -46.409959155983906, -23.061846075002897 ], [ -46.409959248100542, -23.061854915606116 ], [ -46.409959386275574, -23.061868176510952 ], [ -46.409959478392324, -23.061877017114149 ], [ -46.409959570509109, -23.061885857717343 ], [ -46.409959662625944, -23.061894698320526 ], [ -46.409959754742829, -23.061903538923698 ], [ -46.409959846859763, -23.061912379526859 ], [ -46.409959985035236, -23.061925640431582 ], [ -46.409960077152284, -23.061934481034722 ], [ -46.409960169269368, -23.061943321637845 ], [ -46.409960261386502, -23.061952162240967 ], [ -46.409960353503678, -23.061961002844068 ], [ -46.409960445620904, -23.061969843447169 ], [ -46.409960537738172, -23.061978684050249 ], [ -46.409951075865003, -23.061987609892068 ], [ -46.40994156793252, -23.061992115431789 ], [ -46.409941660048652, -23.062000956034925 ], [ -46.409932198172697, -23.062009881875717 ], [ -46.409927513291905, -23.062018765097502 ], [ -46.409922828410515, -23.06202764831917 ], [ -46.409922920525588, -23.062036488922338 ], [ -46.409923012640697, -23.062045329525489 ], [ -46.409923104755855, -23.062054170128636 ], [ -46.409923196871063, -23.062063010731766 ], [ -46.409923288986313, -23.062071851334888 ], [ -46.409923381101613, -23.062080691938004 ], [ -46.409923473216956, -23.062089532541105 ], [ -46.409923565332342, -23.062098373144199 ], [ -46.40992365744777, -23.062107213747286 ], [ -46.409923749563248, -23.062116054350362 ], [ -46.409923841678776, -23.062124894953417 ], [ -46.409919156793869, -23.062133778175056 ], [ -46.409914471908372, -23.062142661396575 ], [ -46.409914564023417, -23.062151501999644 ], [ -46.40991465613849, -23.062160342602699 ], [ -46.409914794311206, -23.062173603507262 ], [ -46.409914886426392, -23.062182444110306 ], [ -46.409905424536575, -23.062191369950003 ], [ -46.409905516651243, -23.062200210553062 ], [ -46.409905608765946, -23.062209051156088 ], [ -46.409905700880699, -23.062217891759126 ], [ -46.409905792995502, -23.062226732362138 ], [ -46.409905885110341, -23.062235572965147 ], [ -46.409905977225236, -23.062244413568134 ], [ -46.409906069340167, -23.062253254171129 ], [ -46.409906161455154, -23.062262094774098 ], [ -46.4099062996277, -23.062275355678548 ], [ -46.409906391742801, -23.062284196281503 ], [ -46.409906483857938, -23.062293036884444 ], [ -46.409906575973125, -23.062301877487371 ], [ -46.409906668088354, -23.062310718090291 ], [ -46.409906760203626, -23.062319558693201 ], [ -46.409906898376626, -23.062332819597547 ], [ -46.409906990492011, -23.062341660200435 ], [ -46.409907082607447, -23.062350500803305 ], [ -46.409907174722925, -23.062359341406175 ], [ -46.409907266838452, -23.062368182009024 ], [ -46.409907358954023, -23.062377022611866 ], [ -46.409907451069635, -23.062385863214697 ], [ -46.409907543185305, -23.062394703817528 ], [ -46.40990763530101, -23.062403544420334 ], [ -46.409907727416766, -23.062412385023137 ], [ -46.409907819532563, -23.062421225625926 ], [ -46.409907911648403, -23.062430066228718 ], [ -46.409908003764286, -23.062438906831485 ], [ -46.409908095880226, -23.062447747434245 ], [ -46.409903410984306, -23.062456630655667 ], [ -46.409903503100018, -23.062465471258434 ], [ -46.409903595215773, -23.062474311861173 ], [ -46.409903687331571, -23.062483152463923 ], [ -46.409908602518676, -23.062496370749251 ], [ -46.409908694634908, -23.062505211351951 ], [ -46.409913563765095, -23.0625140093357 ], [ -46.409913655881731, -23.062522849938354 ], [ -46.409913747998402, -23.062531690541 ], [ -46.409923440203492, -23.062544866206526 ], [ -46.409928355395074, -23.062558084490938 ], [ -46.409928447512868, -23.062566925093488 ], [ -46.409933316646764, -23.062575723076396 ], [ -46.409943008857084, -23.062588898740398 ], [ -46.409947877992778, -23.062597696722733 ], [ -46.409952747129125, -23.062606494704895 ], [ -46.409962393283521, -23.062615250066266 ], [ -46.409962485403796, -23.062624090668624 ], [ -46.409972131560103, -23.062632846029285 ], [ -46.409977000699392, -23.062641644010519 ], [ -46.40998660079692, -23.062645979069057 ], [ -46.409986692918906, -23.062654819671291 ], [ -46.409991562059979, -23.06266361765195 ], [ -46.409991654182377, -23.062672458254141 ], [ -46.409991746304811, -23.062681298856333 ], [ -46.40999181539668, -23.062687929307945 ], [ -46.409996592416555, -23.062687886686199 ], [ -46.410001369436429, -23.062687844064314 ], [ -46.410006169487154, -23.062690011592807 ], [ -46.410013381078997, -23.062694367960511 ], [ -46.410018227192268, -23.062700955789648 ], [ -46.410023027243696, -23.062703123317586 ], [ -46.410027827295288, -23.062705290845383 ], [ -46.410032627347022, -23.062707458373012 ], [ -46.410039815909187, -23.062709604588925 ], [ -46.410044638992758, -23.062713982266658 ], [ -46.410049439045046, -23.062716149793754 ], [ -46.410054216065809, -23.062716107170221 ], [ -46.410063816170961, -23.062720442223636 ], [ -46.410068616223761, -23.062722609750125 ], [ -46.41007341627671, -23.062724777276451 ], [ -46.410075850851293, -23.062729176265229 ], [ -46.410080627872468, -23.062729133640868 ], [ -46.410085427925814, -23.06273130116681 ], [ -46.410090204947039, -23.062731258542161 ], [ -46.410095005000606, -23.062733426067794 ], [ -46.41010221659748, -23.062737782431171 ], [ -46.410107016651452, -23.062739949956427 ], [ -46.410111793672939, -23.062739907331107 ], [ -46.410116570694406, -23.062739864705645 ], [ -46.410121370748669, -23.062742032230439 ], [ -46.410126170803075, -23.062744199755077 ], [ -46.410130947824669, -23.062744157129178 ], [ -46.410138113357036, -23.062744093190048 ], [ -46.410142936444913, -23.062748470864538 ], [ -46.410147713466621, -23.062748428238116 ], [ -46.410152490488322, -23.062748385611556 ], [ -46.410157267510009, -23.06274834298485 ], [ -46.410162044531681, -23.062748300357995 ], [ -46.410169210064176, -23.062748236417445 ], [ -46.410174010119491, -23.062750403940598 ], [ -46.410178787141206, -23.062750361313238 ], [ -46.410183587196734, -23.062752528836068 ], [ -46.410188387252411, -23.062754696358752 ], [ -46.410193164274247, -23.062754653730948 ], [ -46.410197941296062, -23.062754611102999 ], [ -46.410202718317876, -23.062754568474912 ], [ -46.410207472305459, -23.062752315696351 ], [ -46.410212203258588, -23.062747852767345 ], [ -46.410216957245773, -23.062745599988528 ], [ -46.410221688198341, -23.062741137059263 ], [ -46.410224007605571, -23.062734485293969 ], [ -46.410223961536644, -23.062730064993346 ], [ -46.410223915467725, -23.06272564469273 ], [ -46.41022386939882, -23.062721224392117 ], [ -46.410219069343853, -23.062719056870467 ], [ -46.410216634764936, -23.062714657884111 ], [ -46.410216588696294, -23.062710237583467 ], [ -46.410216542627658, -23.062705817282826 ], [ -46.410216496559038, -23.062701396982174 ], [ -46.410216450490431, -23.062696976681529 ], [ -46.410216404421824, -23.06269255638087 ], [ -46.410216358353239, -23.062688136080226 ], [ -46.41021631228466, -23.06268371577956 ], [ -46.410218654725661, -23.062679274164669 ], [ -46.410223431744768, -23.06267923153608 ], [ -46.410228185729395, -23.062676978757022 ], [ -46.410232916679306, -23.062672515827526 ], [ -46.410235259119574, -23.062668074212414 ], [ -46.410240036138255, -23.06266803158335 ], [ -46.410242378578211, -23.062663589968132 ], [ -46.410247132561949, -23.062661337188555 ], [ -46.410251886545531, -23.062659084408832 ], [ -46.410254228984947, -23.062654642793476 ], [ -46.410256571424213, -23.062650201178091 ], [ -46.410261348442219, -23.062650158548404 ], [ -46.410266102425155, -23.062647905768284 ], [ -46.410268444863924, -23.062643464152742 ], [ -46.410270787302537, -23.062639022537162 ], [ -46.410270741232289, -23.062634602236585 ], [ -46.41027549521452, -23.062632349456226 ], [ -46.410280226161319, -23.062627886525423 ], [ -46.410284980143146, -23.062625633744794 ], [ -46.41028973412481, -23.062623380964013 ], [ -46.410294488106302, -23.062621128183103 ], [ -46.410299242087639, -23.062618875402062 ], [ -46.410304019104451, -23.062618832771147 ], [ -46.410308773085532, -23.062616579989825 ], [ -46.410313527066442, -23.062614327208369 ], [ -46.41031825801133, -23.062609864276521 ], [ -46.41032303502778, -23.062609821645047 ], [ -46.410330223588502, -23.062611967847801 ], [ -46.410337412149445, -23.062614114050223 ], [ -46.410339846730189, -23.062618513034664 ], [ -46.410349446836385, -23.062622848070671 ], [ -46.410356635398166, -23.062624994272173 ], [ -46.410359069979727, -23.062629393256277 ], [ -46.410366281578661, -23.06263374960751 ], [ -46.410368716160704, -23.062638148591432 ], [ -46.410373539251665, -23.06264252625877 ], [ -46.410375973834107, -23.062646925242561 ], [ -46.41038077388869, -23.062649092759461 ], [ -46.410387985489351, -23.062653449109597 ], [ -46.410390420072474, -23.062657848093131 ], [ -46.410395220127654, -23.062660015609559 ], [ -46.410397654711133, -23.062664414592952 ], [ -46.410402477803963, -23.062668792259299 ], [ -46.410407300897099, -23.062673169925468 ], [ -46.410407346971894, -23.062677590225775 ], [ -46.410407393046697, -23.062682010526068 ], [ -46.410407439121514, -23.062686430826364 ], [ -46.41040748519633, -23.06269085112665 ], [ -46.410407554308598, -23.062697481577082 ], [ -46.410409988893214, -23.062701880560223 ], [ -46.410417177460062, -23.062704026758684 ], [ -46.410417223535241, -23.062708447058938 ], [ -46.410419658120382, -23.062712846041904 ], [ -46.410424481215706, -23.062717223707416 ], [ -46.410429304311336, -23.062721601372779 ], [ -46.410436515917439, -23.062725957720399 ], [ -46.410441315975753, -23.06272812523525 ], [ -46.410446116034223, -23.062730292749951 ], [ -46.410448550620707, -23.06273469173237 ], [ -46.410453350679518, -23.06273685924684 ], [ -46.410455785266365, -23.062741258229135 ], [ -46.41046299687433, -23.062745614575437 ], [ -46.410467796933737, -23.062747782089428 ], [ -46.410475008542427, -23.062752138435147 ], [ -46.410479808602247, -23.062754305948747 ], [ -46.410484631700967, -23.062758683612241 ], [ -46.410491843310751, -23.062763039957119 ], [ -46.410494277899332, -23.062767438938735 ], [ -46.41049910099899, -23.062771816601742 ], [ -46.410503901059862, -23.062773984114539 ], [ -46.410511112671067, -23.062778340458468 ], [ -46.410515935771635, -23.062782718120911 ], [ -46.410520758872522, -23.062787095783175 ], [ -46.410525581973729, -23.062791473445284 ], [ -46.410530382035702, -23.062793640957217 ], [ -46.410532816626116, -23.062798039938126 ], [ -46.410542393711154, -23.062800164811392 ], [ -46.410549605324931, -23.062804521153421 ], [ -46.410554405387721, -23.06280668866459 ], [ -46.410561570922091, -23.062806624706102 ], [ -46.410566347944993, -23.062806582066926 ], [ -46.410568782536792, -23.062810981047203 ], [ -46.410573559559836, -23.062810938407804 ], [ -46.410578382663545, -23.062815316068153 ], [ -46.410587936709874, -23.062815230788615 ], [ -46.410592736773602, -23.062817398298574 ], [ -46.410597513796816, -23.062817355658442 ], [ -46.410602290820016, -23.062817313018162 ], [ -46.410607113924847, -23.062821690677577 ], [ -46.410611913989086, -23.062823858186917 ], [ -46.410616691012486, -23.062823815546196 ], [ -46.410621491076938, -23.062825983055227 ], [ -46.41062872573567, -23.062832549543327 ], [ -46.410633571883153, -23.062839137351748 ], [ -46.410638371948401, -23.062841304860232 ], [ -46.410643195055229, -23.062845682518432 ], [ -46.410647995120854, -23.062847850026593 ], [ -46.410652772145035, -23.062847807384731 ], [ -46.410657572210873, -23.062849974892593 ], [ -46.410662372276853, -23.06285214240031 ], [ -46.410667195384832, -23.062856520057704 ], [ -46.410671972409276, -23.062856477415252 ], [ -46.410676772475703, -23.062858644922507 ], [ -46.410681549500197, -23.062858602279764 ], [ -46.410686326524683, -23.062858559636872 ], [ -46.410691103549155, -23.062858516993842 ], [ -46.410695880573627, -23.062858474350662 ], [ -46.410700657598071, -23.062858431707337 ], [ -46.410705434622514, -23.062858389063873 ], [ -46.410710211646943, -23.06285834642026 ], [ -46.410714988671366, -23.062858303776508 ], [ -46.410719765695767, -23.062858261132611 ], [ -46.410724542720168, -23.062858218488564 ], [ -46.410729319744547, -23.062858175844379 ], [ -46.41073409676892, -23.062858133200049 ], [ -46.410738873793278, -23.062858090555572 ], [ -46.410743650817629, -23.062858047910947 ], [ -46.410748427841966, -23.062858005266182 ], [ -46.410753204866289, -23.062857962621276 ], [ -46.410757981890612, -23.062857919976221 ], [ -46.410762758914913, -23.062857877331027 ], [ -46.410769878364313, -23.062853393063442 ], [ -46.41077463234484, -23.062851140268151 ], [ -46.410779409368871, -23.062851097622463 ], [ -46.410784186392888, -23.06285105497663 ], [ -46.410788963416898, -23.06285101233065 ], [ -46.410796128952889, -23.062850948361419 ], [ -46.410800952064903, -23.062855326014517 ], [ -46.410803386665101, -23.062859724990737 ], [ -46.410808186733533, -23.062861892493878 ], [ -46.410813009846329, -23.062866270146568 ], [ -46.410820175383051, -23.062866206176203 ], [ -46.410824998496381, -23.062870583828509 ], [ -46.410829798565508, -23.062872751330953 ], [ -46.410834598634786, -23.062874918833245 ], [ -46.410839421748882, -23.062879296485065 ], [ -46.410839467838244, -23.062883716784416 ], [ -46.410844267908054, -23.062885884286391 ], [ -46.410849067978013, -23.062888051788207 ], [ -46.410853868048115, -23.062890219289866 ], [ -46.410858668118372, -23.062892386791376 ], [ -46.410861102721128, -23.062896785766547 ], [ -46.410865925836859, -23.062901163417457 ], [ -46.410870771998127, -23.062907751217853 ], [ -46.410877960582212, -23.062909897394405 ], [ -46.410880395185927, -23.062914296369218 ], [ -46.410885195257428, -23.062916463869851 ], [ -46.410889995329086, -23.062918631370323 ], [ -46.410894795400885, -23.062920798870653 ], [ -46.410897230005354, -23.062925197845168 ], [ -46.410902053123259, -23.062929575494866 ], [ -46.410906853195627, -23.062931742994792 ], [ -46.410911676314072, -23.062936120644146 ], [ -46.410916476386824, -23.062938288143766 ], [ -46.410921299505802, -23.0629426657928 ], [ -46.410926145671269, -23.06294925359126 ], [ -46.410926191763622, -23.062953673890409 ], [ -46.410926237855989, -23.062958094189561 ], [ -46.410926283948363, -23.062962514488714 ], [ -46.410926330040745, -23.062966934787859 ], [ -46.410926376133148, -23.062971355086997 ], [ -46.410926445271762, -23.062977985535703 ], [ -46.410928879878369, -23.06298238450961 ], [ -46.410928925970886, -23.062986804808737 ], [ -46.41092897206341, -23.062991225107872 ], [ -46.410931429716669, -23.062997834231272 ], [ -46.41093625283834, -23.063002211879692 ], [ -46.410941075960331, -23.063006589527948 ], [ -46.410943510567961, -23.063010988501564 ], [ -46.410945945175762, -23.063015387475129 ], [ -46.410950745251888, -23.063017554973509 ], [ -46.410955591421626, -23.063024142770789 ], [ -46.410955637515109, -23.063028563069849 ], [ -46.410960460638677, -23.063032940717427 ], [ -46.410965260715649, -23.06303510821532 ], [ -46.410970083839757, -23.063039485862571 ], [ -46.410974883917106, -23.063041653360148 ], [ -46.410979707041747, -23.063046031007076 ], [ -46.410984530166708, -23.06305040865384 ], [ -46.410989353291988, -23.063054786300437 ], [ -46.410996541885588, -23.063056932471056 ], [ -46.411001341963939, -23.063059099967774 ], [ -46.411003776574525, -23.063063498940288 ], [ -46.411008599700878, -23.063067876586242 ], [ -46.411013399779812, -23.063070044082565 ], [ -46.411018199858887, -23.063072211578731 ], [ -46.411023022986008, -23.063076589224192 ], [ -46.411027846113441, -23.063080966869496 ], [ -46.41103266924118, -23.063085344514633 ], [ -46.411037469321094, -23.063087512010167 ], [ -46.41104226940115, -23.063089679505548 ], [ -46.411044704013634, -23.063094078477317 ], [ -46.411051915658483, -23.063098434794686 ], [ -46.411054350271456, -23.06310283376628 ], [ -46.41105917340083, -23.063107211410511 ], [ -46.411063973481916, -23.063109378905175 ], [ -46.411068773563144, -23.063111546399693 ], [ -46.411073596693285, -23.063115924043441 ], [ -46.411078419823738, -23.063120301687029 ], [ -46.411083242954511, -23.063124679330439 ], [ -46.411088043036571, -23.063126846824318 ], [ -46.41109284311878, -23.06312901431804 ], [ -46.411097643201146, -23.063131181811624 ], [ -46.411100077816208, -23.06313558078239 ], [ -46.411104854849604, -23.063135538126364 ], [ -46.411109608833613, -23.063133285320848 ], [ -46.411114408916369, -23.063135452813892 ], [ -46.411119208999267, -23.063137620306787 ], [ -46.411123986032692, -23.063137577650185 ], [ -46.411124032131937, -23.063141997948847 ], [ -46.411128832215205, -23.063144165441418 ], [ -46.41113360924885, -23.063144122784518 ], [ -46.411138386282481, -23.063144080127469 ], [ -46.411143163316098, -23.063144037470277 ], [ -46.411147940349707, -23.06314399481294 ], [ -46.41115271738331, -23.063143952155457 ], [ -46.411157494416891, -23.063143909497832 ], [ -46.411162271450465, -23.063143866840061 ], [ -46.411167048484032, -23.063143824182145 ], [ -46.411171825517577, -23.063143781524083 ], [ -46.411181402635208, -23.063145906356816 ], [ -46.411188568185594, -23.063145842369007 ], [ -46.411193345219175, -23.063145799710302 ], [ -46.411198122252742, -23.063145757051444 ], [ -46.411202899286295, -23.063145714392441 ], [ -46.41120767631984, -23.063145671733295 ], [ -46.411212453353372, -23.063145629074004 ], [ -46.41121718428461, -23.063141166116083 ], [ -46.411221961317963, -23.063141123456507 ], [ -46.41122908076531, -23.063136639168423 ], [ -46.411233811695666, -23.063132176210029 ], [ -46.411238588728672, -23.063132133549978 ], [ -46.411243365761663, -23.06313209088977 ], [ -46.411248142794648, -23.06313204822942 ], [ -46.411252919827611, -23.063132005568939 ], [ -46.411260085377045, -23.063131941577936 ], [ -46.411264862409986, -23.063131898917081 ], [ -46.411269639442914, -23.063131856256085 ], [ -46.411274416475834, -23.063131813594946 ], [ -46.411279193508733, -23.063131770933666 ], [ -46.411286359058074, -23.063131706941469 ], [ -46.411291136090952, -23.06313166427983 ], [ -46.411295913123816, -23.063131621618037 ], [ -46.411300690156672, -23.063131578956106 ], [ -46.411305467189514, -23.06313153629403 ], [ -46.411310244222349, -23.063131493631808 ], [ -46.41131502125517, -23.063131450969447 ], [ -46.411319798287977, -23.063131408306937 ], [ -46.411324575320776, -23.063131365644278 ], [ -46.411329352353562, -23.06313132298148 ], [ -46.41133412938634, -23.063131280318537 ], [ -46.411338929472223, -23.063133447804585 ], [ -46.41134370650505, -23.063133405141347 ], [ -46.411348483537871, -23.06313336247797 ], [ -46.411353283624031, -23.063135529963571 ], [ -46.411358060656909, -23.063135487299895 ], [ -46.411362837689772, -23.063135444636078 ], [ -46.411367614722622, -23.063135401972119 ], [ -46.41137004934631, -23.063139800938277 ], [ -46.411377237949544, -23.063141947091029 ], [ -46.411382014982593, -23.063141904426629 ], [ -46.411386792015641, -23.063141861762073 ], [ -46.411391569048668, -23.063141819097375 ], [ -46.411396299973553, -23.063137356134391 ], [ -46.411401053952261, -23.063135103320342 ], [ -46.411401007843999, -23.063130683022191 ], [ -46.411400961735744, -23.06312626272404 ], [ -46.411400915627496, -23.063121842425897 ], [ -46.411400869519262, -23.063117422127746 ], [ -46.411400823411043, -23.063113001829588 ], [ -46.411400777302838, -23.06310858153142 ], [ -46.411405485172132, -23.063101908419142 ], [ -46.411410193040972, -23.063095235306726 ], [ -46.411412535448086, -23.063090793675933 ], [ -46.411417289424911, -23.063088540861482 ], [ -46.411419631831677, -23.063084099230604 ], [ -46.411424408862601, -23.063084056565014 ], [ -46.411429162838978, -23.063081803750222 ], [ -46.411433939869795, -23.063081761084355 ], [ -46.411438670791227, -23.063077298120231 ], [ -46.411443401712347, -23.063072835155971 ], [ -46.411448155687985, -23.06307058234065 ], [ -46.411452909663467, -23.063068329525176 ], [ -46.411457663638778, -23.063066076709582 ], [ -46.411462417613919, -23.063063823893831 ], [ -46.411467171588903, -23.063061571077959 ], [ -46.411474314078696, -23.063059296928401 ], [ -46.411474267968202, -23.06305487663035 ], [ -46.411476610372539, -23.063050434998736 ], [ -46.411481364346798, -23.063048182182463 ], [ -46.411486141376329, -23.063048139515072 ], [ -46.411490918405839, -23.063048096847531 ], [ -46.411495695435342, -23.063048054179855 ], [ -46.411500472464837, -23.063048011512024 ], [ -46.411505249494326, -23.063047968844057 ], [ -46.411507684120622, -23.063052367808005 ], [ -46.411512461150238, -23.063052325139807 ], [ -46.411517261235794, -23.063054492620452 ], [ -46.411522038265474, -23.063054449951963 ], [ -46.411526861407339, -23.063058827581287 ], [ -46.411531638437147, -23.063058784912492 ], [ -46.411536415466948, -23.06305874224357 ], [ -46.411541215553072, -23.063060909723458 ], [ -46.411546015639345, -23.063063077203189 ], [ -46.411550792669267, -23.063063034533815 ], [ -46.411555569699175, -23.0630629918643 ], [ -46.411560346729068, -23.063062949194638 ], [ -46.411565123758955, -23.063062906524838 ], [ -46.411569900788834, -23.063062863854885 ], [ -46.411574677818692, -23.063062821184793 ], [ -46.411579454848543, -23.063062778514553 ], [ -46.411586620393294, -23.063062714508931 ], [ -46.411591397423116, -23.063062671838331 ], [ -46.411596151395692, -23.063060419018683 ], [ -46.411600928425408, -23.063060376347799 ], [ -46.411605705455123, -23.063060333676773 ], [ -46.411610482484818, -23.063060291005598 ], [ -46.411615213399415, -23.063055828036507 ], [ -46.411619990428932, -23.063055785365055 ], [ -46.411624767458441, -23.063055742693464 ], [ -46.411629544487937, -23.063055700021721 ], [ -46.411639144662779, -23.063060034975546 ], [ -46.411643967808445, -23.06306441260109 ], [ -46.411648790954409, -23.063068790226456 ], [ -46.4116536141007, -23.063073167851673 ], [ -46.411658437247297, -23.063077545476709 ], [ -46.411663237335851, -23.06307971295276 ], [ -46.411668037424548, -23.063081880428644 ], [ -46.411672860571919, -23.063086258053204 ], [ -46.411680049176269, -23.063088404192097 ], [ -46.411684895382976, -23.063094991965073 ], [ -46.411692083987951, -23.063097138103394 ], [ -46.411692130105649, -23.063101558400998 ], [ -46.411696953254499, -23.063105936024733 ], [ -46.411704164919279, -23.063110292311251 ], [ -46.411706599553114, -23.063114691271725 ], [ -46.411711399643707, -23.063116858746191 ], [ -46.411716222793714, -23.063121236369273 ], [ -46.411721022884684, -23.063123403843424 ], [ -46.411725799916368, -23.063123361168657 ], [ -46.411730623067058, -23.063127738791273 ], [ -46.41173544621806, -23.063132116413726 ], [ -46.411740246309705, -23.063134283887255 ], [ -46.41174502334173, -23.063134241211888 ], [ -46.411752211949626, -23.063136387347303 ], [ -46.4117546465855, -23.063140786306917 ], [ -46.411759446677728, -23.063142953779831 ], [ -46.411764246770105, -23.063145121252596 ], [ -46.411769069922791, -23.063149498873923 ], [ -46.411773846955299, -23.063149456197664 ], [ -46.411778647048116, -23.063151623669956 ], [ -46.411783424080681, -23.063151580993399 ], [ -46.411788224173712, -23.063153748465393 ], [ -46.411788270294679, -23.063158168762783 ], [ -46.411793070388022, -23.06316033623462 ], [ -46.411793116509152, -23.063164756531997 ], [ -46.411795551146881, -23.063169155490883 ], [ -46.411800374301428, -23.063173533111144 ], [ -46.411802855061062, -23.063182352367239 ], [ -46.411807655155492, -23.063184519838568 ], [ -46.411810089794074, -23.063188918797177 ], [ -46.411812524432818, -23.063193317755729 ], [ -46.411817324527782, -23.063195485226739 ], [ -46.41181978222793, -23.063202094333821 ], [ -46.411826970840487, -23.063204240465581 ], [ -46.411831793997308, -23.063208618084744 ], [ -46.41183422863714, -23.063213017042919 ], [ -46.411836663277128, -23.063217416001024 ], [ -46.411841440311889, -23.063217373322598 ], [ -46.411846240408146, -23.063219540792659 ], [ -46.411848675048645, -23.063223939750557 ], [ -46.411851109689309, -23.063228338708406 ], [ -46.411853544330135, -23.063232737666205 ], [ -46.411858321365408, -23.063232694987239 ], [ -46.411860756006547, -23.063237093944924 ], [ -46.411865556103798, -23.063239261414338 ], [ -46.411870333139277, -23.063239218734999 ], [ -46.411875179360742, -23.063245806501278 ], [ -46.411879979458512, -23.063247973970228 ], [ -46.411884779556431, -23.063250141439021 ], [ -46.411889602716741, -23.063254519056237 ], [ -46.411894425877371, -23.063258896673275 ], [ -46.411899249038306, -23.063263274290147 ], [ -46.411904049137057, -23.063265441758315 ], [ -46.411908872298532, -23.063269819374863 ], [ -46.41191130694201, -23.063274218331628 ], [ -46.41191615316675, -23.063280806096458 ], [ -46.411920953266382, -23.063282973564064 ], [ -46.411925753366162, -23.063285141031503 ], [ -46.411928211073395, -23.063291750136482 ], [ -46.411933034236604, -23.063296127752196 ], [ -46.411937834337031, -23.063298295219237 ], [ -46.411942657500774, -23.063302672834627 ], [ -46.411947480664828, -23.063307050449865 ], [ -46.411949915310274, -23.063311449405912 ], [ -46.411954738474876, -23.063315827020883 ], [ -46.411959538576333, -23.063317994487207 ], [ -46.411964361741482, -23.063322372101858 ], [ -46.411969184906944, -23.063326749716346 ], [ -46.411974008072704, -23.063331127330663 ], [ -46.411978808175, -23.063333294796351 ], [ -46.411983631341315, -23.063337672410352 ], [ -46.411987752304668, -23.063340161708787 ], [ -46.411986054456534, -23.063340966291474 ], [ -46.411983665937122, -23.063340987632994 ], [ -46.411981300481543, -23.063343219122938 ], [ -46.41197892349399, -23.063344345538621 ], [ -46.411976546506395, -23.063345471954275 ], [ -46.411974169518757, -23.063346598369886 ], [ -46.411972998322703, -23.063348819189041 ], [ -46.41197062133498, -23.063349945604607 ], [ -46.41196823281539, -23.063349966945903 ], [ -46.411964661567794, -23.063351104032019 ], [ -46.411963490371548, -23.0633533248511 ], [ -46.411962319175267, -23.06335554567017 ], [ -46.41196114797895, -23.063357766489251 ], [ -46.411958794054456, -23.063361103053126 ], [ -46.411955234338201, -23.063363345213276 ], [ -46.411952868881762, -23.063365576702839 ], [ -46.411950491893563, -23.063366703118128 ], [ -46.411948103373661, -23.063366724459136 ], [ -46.411945714853758, -23.06336674580011 ], [ -46.411943326333841, -23.063366767141048 ], [ -46.411940937813924, -23.063366788481947 ], [ -46.411938549294014, -23.063366809822814 ], [ -46.41193616077409, -23.063366831163645 ], [ -46.411933772254173, -23.063366852504434 ], [ -46.411931383734242, -23.063366873845187 ], [ -46.411928995214318, -23.063366895185911 ], [ -46.411926606694387, -23.063366916526594 ], [ -46.411924218174455, -23.063366937867247 ], [ -46.411921829654517, -23.063366959207848 ], [ -46.411919441134579, -23.06336698054843 ], [ -46.411917052614633, -23.063367001888967 ], [ -46.411914664094688, -23.063367023229475 ], [ -46.411912275574743, -23.063367044569944 ], [ -46.41190988705479, -23.06336706591037 ], [ -46.411907498534838, -23.063367087250764 ], [ -46.411905110014885, -23.063367108591127 ], [ -46.411902733026217, -23.063368235005711 ], [ -46.411900344506243, -23.063368256345999 ], [ -46.411897955986255, -23.063368277686251 ], [ -46.411895567466267, -23.063368299026465 ], [ -46.411893178946272, -23.063368320366646 ], [ -46.411890790426284, -23.063368341706791 ], [ -46.411888413437467, -23.063369468121174 ], [ -46.411886036448607, -23.063370594535517 ], [ -46.411883647928569, -23.063370615875559 ], [ -46.411881259408524, -23.063370637215556 ], [ -46.411878870888479, -23.063370658555517 ], [ -46.411876482368434, -23.063370679895456 ], [ -46.411874093848382, -23.063370701235346 ], [ -46.411870511068301, -23.063370733245119 ], [ -46.411868122548235, -23.06337075458492 ], [ -46.411865734028176, -23.063370775924692 ], [ -46.41186334550811, -23.063370797264426 ], [ -46.411860945457086, -23.063369713529841 ], [ -46.411858556937041, -23.063369734869497 ], [ -46.411854974156959, -23.06336976687891 ], [ -46.4118525856369, -23.063369788218477 ], [ -46.411850197116841, -23.063369809558015 ], [ -46.411847808596775, -23.063369830897503 ], [ -46.411845420076709, -23.063369852236967 ], [ -46.411843043087451, -23.063370978650681 ], [ -46.411840654567357, -23.063370999990074 ], [ -46.411837083317977, -23.063372137073376 ], [ -46.411834706328605, -23.063373263486969 ], [ -46.411833535129993, -23.063375484305215 ], [ -46.411831146609813, -23.063375505644462 ], [ -46.411827575360221, -23.063376642727562 ], [ -46.411825198370686, -23.063377769141017 ], [ -46.411822809850456, -23.063377790480143 ], [ -46.41182043286085, -23.063378916893537 ], [ -46.411818044340599, -23.063378938232589 ], [ -46.411815655820341, -23.063378959571608 ], [ -46.411813267300076, -23.063378980910588 ], [ -46.411810878779811, -23.063379002249537 ], [ -46.411808490259546, -23.063379023588446 ], [ -46.411806101739273, -23.06337904492732 ], [ -46.411802518958872, -23.063379076935558 ], [ -46.411800130438593, -23.063379098274343 ], [ -46.411797741918313, -23.063379119613085 ], [ -46.411795364928459, -23.06338024602611 ], [ -46.411792987938561, -23.063381372439107 ], [ -46.411790610948621, -23.063382498852061 ], [ -46.411788222428271, -23.063382520190672 ], [ -46.411785856968621, -23.06338475167788 ], [ -46.411783491508885, -23.063386983165053 ], [ -46.411781126049071, -23.06338921465219 ], [ -46.41177995484945, -23.063391435470063 ], [ -46.411777566328929, -23.063391456808517 ], [ -46.411776395129223, -23.063393677626379 ], [ -46.411775223929482, -23.06339589844422 ], [ -46.411771652678816, -23.063397035526108 ], [ -46.411769287218632, -23.063399267013086 ], [ -46.411765715967825, -23.063400404094846 ], [ -46.411762144716953, -23.063401541176532 ], [ -46.411759779256528, -23.063403772663378 ], [ -46.411757402265906, -23.063404899075866 ], [ -46.411755013745122, -23.063404920413987 ], [ -46.411755036805346, -23.063407130562648 ], [ -46.41175505986557, -23.063409340711299 ], [ -46.411752705934994, -23.063412677272385 ], [ -46.411750328944144, -23.063413803684778 ], [ -46.411749180803945, -23.063418234651117 ], [ -46.411746792282919, -23.063418255989124 ], [ -46.411746815343022, -23.063420466137792 ], [ -46.411746838403126, -23.063422676286457 ], [ -46.411746861463229, -23.063424886435111 ], [ -46.411746884523332, -23.063427096583776 ], [ -46.411746907583449, -23.063429306732438 ], [ -46.411746930643567, -23.063431516881092 ], [ -46.411746953703684, -23.06343372702975 ], [ -46.411746976763794, -23.063435937178401 ], [ -46.411746999823926, -23.063438147327069 ], [ -46.41174702288405, -23.063440357475727 ], [ -46.411745863213504, -23.063443683367705 ], [ -46.411743486222065, -23.063444809780023 ], [ -46.411742315021378, -23.063447030597665 ], [ -46.411741143820649, -23.063449251415292 ], [ -46.411738766829075, -23.063450377827539 ], [ -46.411736412897419, -23.063453714388416 ], [ -46.411734058965656, -23.063457050949264 ], [ -46.411731681973883, -23.063458177361419 ], [ -46.411729339571856, -23.063462618996525 ], [ -46.411726962579948, -23.063463745408622 ], [ -46.411726985639767, -23.063465955557284 ], [ -46.411725814438633, -23.063468176374815 ], [ -46.411723460506366, -23.063471512935521 ], [ -46.411721095044122, -23.06347374442187 ], [ -46.411721118103863, -23.063475954570539 ], [ -46.411719946902558, -23.063478175388031 ], [ -46.41171877570121, -23.06348039620552 ], [ -46.411718798760923, -23.063482606354199 ], [ -46.411718821820635, -23.063484816502864 ], [ -46.411718844880355, -23.063487026651533 ], [ -46.411718867940074, -23.063489236800201 ], [ -46.411716502477447, -23.06349146828649 ], [ -46.411716525537138, -23.063493678435162 ], [ -46.411716548596829, -23.06349588858383 ], [ -46.41171657165652, -23.063498098732502 ], [ -46.411716594716211, -23.063500308881178 ], [ -46.411716617775916, -23.063502519029843 ], [ -46.411716640835614, -23.063504729178501 ], [ -46.411716663895319, -23.063506939327169 ], [ -46.411716698484881, -23.063510254550177 ], [ -46.411716721544593, -23.063512464698839 ], [ -46.411716744604306, -23.0635146748475 ], [ -46.411716767664018, -23.063516884996169 ], [ -46.411716790723744, -23.063519095144837 ], [ -46.411716813783464, -23.063521305293495 ], [ -46.411716848373054, -23.063524620516482 ], [ -46.411716871432787, -23.06352683066515 ], [ -46.411716894492514, -23.063529040813808 ], [ -46.411716917552255, -23.063531250962466 ], [ -46.411716940611988, -23.063533461111135 ], [ -46.411716963671729, -23.063535671259793 ], [ -46.41171698673147, -23.06353788140845 ], [ -46.411717009791218, -23.063540091557105 ], [ -46.411717032850973, -23.063542301705763 ], [ -46.411717055910728, -23.063544511854417 ], [ -46.411717078970476, -23.063546722003068 ], [ -46.411717102030238, -23.063548932151726 ], [ -46.41171712509, -23.06355114230038 ], [ -46.411717148149762, -23.063553352449038 ], [ -46.411717171209531, -23.063555562597685 ], [ -46.411717194269293, -23.063557772746339 ], [ -46.41171721732907, -23.063559982894997 ], [ -46.411718446180537, -23.063563287449128 ], [ -46.411720846234068, -23.063564371185741 ], [ -46.411723257817577, -23.063566559996634 ], [ -46.411724475139309, -23.063568759476397 ], [ -46.411726875192983, -23.063569843212907 ], [ -46.411728092514807, -23.063572042692627 ], [ -46.41173168683045, -23.063573115760139 ], [ -46.41173290415238, -23.063575315239813 ], [ -46.411734121474353, -23.06357751471948 ], [ -46.411736521528255, -23.063578598455837 ], [ -46.411738921582192, -23.063579682192156 ], [ -46.411741321636164, -23.063580765928425 ], [ -46.411743721690179, -23.063581849664669 ], [ -46.411746110214089, -23.063581828326559 ], [ -46.411749704530123, -23.063582901393637 ], [ -46.411752104584231, -23.063583985129743 ], [ -46.411754516168585, -23.06358617394012 ], [ -46.41175690469256, -23.063586152601847 ], [ -46.411759293216534, -23.063586131263534 ], [ -46.411761693270769, -23.063587214999487 ], [ -46.411766493379361, -23.063589382471278 ], [ -46.411768893433702, -23.063590466207113 ], [ -46.411771281957741, -23.06359044486862 ], [ -46.411773682012146, -23.06359152860438 ], [ -46.41177609359697, -23.063593717414395 ], [ -46.411778482121058, -23.063593696075792 ], [ -46.411780870645146, -23.063593674737145 ], [ -46.411783270699672, -23.063594758472764 ], [ -46.411785670754234, -23.063595842208329 ], [ -46.411788070808839, -23.063596925943866 ], [ -46.41179045933297, -23.06359690460507 ], [ -46.411790482393982, -23.063599114753643 ], [ -46.411794065180239, -23.06359908274538 ], [ -46.411797671027614, -23.063601260885605 ], [ -46.411800059551815, -23.063601239546664 ], [ -46.411802471137229, -23.063603428356256 ], [ -46.411804859661459, -23.063603407017236 ], [ -46.411807248185688, -23.063603385678185 ], [ -46.411809636709918, -23.063603364339105 ], [ -46.411812036764751, -23.063604448074219 ], [ -46.41181683687477, -23.063606615544479 ], [ -46.411819271522035, -23.063611014502328 ], [ -46.411824117755465, -23.063617602269346 ], [ -46.411828917866053, -23.063619769739134 ], [ -46.411833741038528, -23.063624147357281 ], [ -46.411838541149478, -23.06362631482676 ], [ -46.411843341260585, -23.063628482296075 ], [ -46.411848164433827, -23.063632859913735 ], [ -46.411852964545311, -23.063635027382734 ], [ -46.411857764656936, -23.063637194851598 ], [ -46.411862587830953, -23.063641572468775 ], [ -46.411865045542648, -23.063648181574283 ], [ -46.411874645767348, -23.063652516511024 ], [ -46.411877080417355, -23.063656915467821 ], [ -46.411877126542343, -23.063661335764763 ], [ -46.411879561192606, -23.063665734721496 ], [ -46.411884384368356, -23.063670112337917 ], [ -46.411884430493615, -23.063674532634838 ], [ -46.411889253669841, -23.063678910251085 ], [ -46.411894053783584, -23.063681077718716 ], [ -46.41189887696035, -23.063685455334632 ], [ -46.411903677074477, -23.06368762280194 ], [ -46.411903723200403, -23.063692043098825 ], [ -46.411908523314828, -23.063694210565973 ], [ -46.411913346492533, -23.063698588181399 ], [ -46.411918146607341, -23.063700755648238 ], [ -46.411922969785586, -23.063705133263333 ], [ -46.411927792964143, -23.063709510878269 ], [ -46.411932593079555, -23.063711678344628 ], [ -46.41193739319511, -23.063713845810849 ], [ -46.411942170247194, -23.063713803128515 ], [ -46.41194699342666, -23.063718180742804 ], [ -46.411951816606447, -23.063722558356936 ], [ -46.41195427432411, -23.063729167460693 ], [ -46.411959097504536, -23.063733545074573 ], [ -46.41196392068526, -23.063737922688279 ], [ -46.411966355339786, -23.063742321643439 ], [ -46.411971178521071, -23.063746699256882 ], [ -46.411976001702662, -23.063751076870179 ], [ -46.411976047831089, -23.063755497166873 ], [ -46.411980847948868, -23.063757664631645 ], [ -46.411985648066782, -23.063759832096263 ], [ -46.411988105786854, -23.063766441199352 ], [ -46.411990540442716, -23.063770840154049 ], [ -46.411995363625806, -23.063775217766661 ], [ -46.411995409754923, -23.063779638063309 ], [ -46.412000232938496, -23.063784015675751 ], [ -46.41200027906779, -23.063788435972384 ], [ -46.412000325197099, -23.063792856269007 ], [ -46.412000371326421, -23.063797276565641 ], [ -46.412000417455758, -23.063801696862274 ], [ -46.412000463585095, -23.063806117158897 ], [ -46.412000509714446, -23.063810537455513 ], [ -46.412000578908504, -23.063817167900453 ], [ -46.411995824917504, -23.063819420733051 ], [ -46.411995871046734, -23.06382384102967 ], [ -46.411993528647976, -23.063828282668389 ], [ -46.411991186249068, -23.063832724307076 ], [ -46.411991232378178, -23.06383714460371 ], [ -46.411988889979057, -23.063841586242365 ], [ -46.411986547579787, -23.063846027880995 ], [ -46.411984228244833, -23.063852679667914 ], [ -46.411981885845229, -23.063857121306491 ], [ -46.411981931974097, -23.063861541603117 ], [ -46.411979612638682, -23.063868193389983 ], [ -46.411977270238694, -23.063872635028499 ], [ -46.411977339431814, -23.063879265473439 ], [ -46.411974997031571, -23.063883707111938 ], [ -46.411975043160268, -23.063888127408564 ], [ -46.41197508928898, -23.063892547705191 ], [ -46.411975135417691, -23.06389696800181 ], [ -46.411975181546424, -23.063901388298433 ], [ -46.411977639268969, -23.063907997401465 ], [ -46.411982462456812, -23.063912375014173 ], [ -46.411984897115389, -23.063916773968764 ], [ -46.411989674174542, -23.063916731284635 ], [ -46.411994497363075, -23.063921108896942 ], [ -46.41199693202222, -23.063925507851323 ], [ -46.412001709081643, -23.063925465166818 ], [ -46.412006532270887, -23.063929842778712 ], [ -46.412008966930571, -23.063934241732859 ], [ -46.412011401590426, -23.063938640686963 ], [ -46.412016224780459, -23.063943018298527 ], [ -46.412018659440712, -23.063947417252493 ], [ -46.412023482631291, -23.06395179486379 ], [ -46.412025917291956, -23.063956193817631 ], [ -46.412025963422472, -23.063960614114126 ], [ -46.412028398083386, -23.0639650130679 ], [ -46.412035609805386, -23.063969369336018 ], [ -46.412038044466776, -23.063973768289628 ], [ -46.41204286765894, -23.063978145900251 ], [ -46.412047690851409, -23.063982523510703 ], [ -46.412052514044198, -23.06398690112098 ], [ -46.412057337237293, -23.063991278731109 ], [ -46.412064548961588, -23.063995634997784 ], [ -46.412069372155379, -23.064000012607504 ], [ -46.412074172283383, -23.064002180068858 ], [ -46.412078995477721, -23.064006557678258 ], [ -46.412083772539845, -23.064006514991132 ], [ -46.41208859573463, -23.064010892600198 ], [ -46.412093395863309, -23.064013060060947 ], [ -46.412093441996156, -23.064017480357272 ], [ -46.412093488129024, -23.064021900653593 ], [ -46.412098288258171, -23.064024068114165 ], [ -46.412098334391203, -23.064028488410482 ], [ -46.412098380524249, -23.064032908706793 ], [ -46.412098426657309, -23.064037329003103 ], [ -46.412098472790376, -23.064041749299413 ], [ -46.412100930521788, -23.064048358399987 ], [ -46.412103365186816, -23.064052757352364 ], [ -46.412103411320082, -23.064057177648646 ], [ -46.412103457453362, -23.064061597944939 ], [ -46.412103503586643, -23.064066018241224 ], [ -46.412103572786606, -23.064072648685638 ], [ -46.412103618919922, -23.064077068981916 ], [ -46.412103665053252, -23.064081489278188 ], [ -46.412103711186589, -23.064085909574466 ], [ -46.41210375731994, -23.064090329870726 ], [ -46.412103803453299, -23.064094750166998 ], [ -46.412103872653361, -23.064101380611397 ], [ -46.412103918786755, -23.064105800907654 ], [ -46.412103964920156, -23.064110221203908 ], [ -46.412104011053572, -23.064114641500165 ], [ -46.412104057186994, -23.064119061796418 ], [ -46.412104103320431, -23.064123482092668 ], [ -46.412104149453874, -23.064127902388911 ], [ -46.412104195587339, -23.064132322685158 ], [ -46.412104241720805, -23.064136742981407 ], [ -46.412104287854291, -23.064141163277643 ], [ -46.412104333987784, -23.064145583573875 ], [ -46.412104380121292, -23.064150003870115 ], [ -46.412104449321568, -23.064156634314465 ], [ -46.412102106921338, -23.064161075954715 ], [ -46.412102153054796, -23.064165496250951 ], [ -46.412102199188276, -23.064169916547172 ], [ -46.412099902921184, -23.064178778483633 ], [ -46.412097560520458, -23.064183220123837 ], [ -46.412097606653823, -23.064187640420059 ], [ -46.412097652787203, -23.064192060716287 ], [ -46.412095310386192, -23.064196502356459 ], [ -46.412095379586184, -23.064203132800806 ], [ -46.412095425719521, -23.064207553097024 ], [ -46.412090694783529, -23.064212016081068 ], [ -46.412088352381971, -23.064216457721162 ], [ -46.412088398515117, -23.064220878017395 ], [ -46.412086056113345, -23.06422531965746 ], [ -46.412083736777944, -23.064231971445604 ], [ -46.412078982774297, -23.064234224281236 ], [ -46.412076640372014, -23.064238665921188 ], [ -46.412074297969575, -23.064243107561104 ], [ -46.412069567031672, -23.064247570544598 ], [ -46.412067224628856, -23.064252012184419 ], [ -46.412064882225899, -23.064256453824218 ], [ -46.412060151287221, -23.064260916807466 ], [ -46.412057808883887, -23.06426535844717 ], [ -46.412057855016144, -23.064269778743419 ], [ -46.412057901148408, -23.064274199039687 ], [ -46.41205794728068, -23.064278619335933 ], [ -46.412053193274964, -23.06428087217088 ], [ -46.412053239407093, -23.064285292467137 ], [ -46.412053285539244, -23.064289712763394 ], [ -46.412053331671409, -23.06429413305964 ], [ -46.412048577665068, -23.064296385894487 ], [ -46.412048623797091, -23.06430080619074 ], [ -46.412048669929121, -23.06430522648699 ], [ -46.412048716061165, -23.064309646783244 ], [ -46.412048762193223, -23.064314067079493 ], [ -46.412055973935075, -23.064318423345551 ], [ -46.412058408604047, -23.064322822298298 ], [ -46.412063208743653, -23.064324989759353 ], [ -46.412068031949772, -23.064329367368352 ], [ -46.412072832089748, -23.064331534829098 ], [ -46.412077632229881, -23.06433370228968 ], [ -46.412082432370156, -23.064335869750106 ], [ -46.412087232510579, -23.064338037210387 ], [ -46.412092032651152, -23.064340204670508 ], [ -46.412096809725028, -23.064340161982404 ], [ -46.412101586798883, -23.064340119294158 ], [ -46.412106386939733, -23.064342286753838 ], [ -46.412111187080733, -23.064344454213355 ], [ -46.412115964154722, -23.064344411524669 ], [ -46.412120787363172, -23.064348789131927 ], [ -46.412125564437289, -23.064348746442942 ], [ -46.412130341511393, -23.064348703753812 ], [ -46.412135118585489, -23.064348661064535 ], [ -46.412142307264205, -23.064350807178375 ], [ -46.412147084338343, -23.064350764488736 ], [ -46.412151861412482, -23.064350721798952 ], [ -46.4121566384866, -23.064350679109022 ], [ -46.412161415560711, -23.064350636418954 ], [ -46.412163850233668, -23.064355035369864 ], [ -46.412168627307913, -23.064354992679565 ], [ -46.412173404382152, -23.064354949989127 ], [ -46.412178181456376, -23.06435490729854 ], [ -46.412182958530593, -23.064354864607807 ], [ -46.412187758673134, -23.064357032064912 ], [ -46.412192535747415, -23.064356989373884 ], [ -46.412197312821668, -23.064356946682715 ], [ -46.412202136033081, -23.06436132428734 ], [ -46.41220693617614, -23.064363491743826 ], [ -46.412211713250599, -23.064363449052209 ], [ -46.412216513393872, -23.064365616508411 ], [ -46.412221313537295, -23.064367783964439 ], [ -46.412226136749851, -23.064372161568262 ], [ -46.412230936893643, -23.06437432902398 ], [ -46.412233371569272, -23.064378727973683 ], [ -46.412238194782603, -23.06438310557709 ], [ -46.41224062945863, -23.064387504526653 ], [ -46.412240675597126, -23.064391924822488 ], [ -46.412243110273408, -23.064396323772002 ], [ -46.41225032202555, -23.064400680028616 ], [ -46.412255145240231, -23.064405057631419 ], [ -46.412259968455217, -23.064409435234062 ], [ -46.412264814740197, -23.064416022984442 ], [ -46.412269614886135, -23.064418190438879 ], [ -46.41227204956386, -23.064422589387846 ], [ -46.412274484241742, -23.064426988336773 ], [ -46.412279307458149, -23.064431365938756 ], [ -46.412279353598009, -23.064435786234498 ], [ -46.412284176814893, -23.064440163836291 ], [ -46.412289000032089, -23.064444541437918 ], [ -46.41228904617229, -23.064448961733635 ], [ -46.412289092312506, -23.064453382029356 ], [ -46.412289138452735, -23.064457802325059 ], [ -46.412289184592971, -23.064462222620765 ], [ -46.412289230733215, -23.064466642916475 ], [ -46.41228927687348, -23.064471063212178 ], [ -46.412289323013759, -23.064475483507866 ], [ -46.412289369154038, -23.064479903803562 ], [ -46.412287026755052, -23.064484345446367 ], [ -46.412287072895275, -23.064488765742066 ], [ -46.412287119035518, -23.064493186037758 ], [ -46.412287165175769, -23.06449760633344 ], [ -46.412287211316034, -23.064502026629132 ], [ -46.412289645995976, -23.064506425577697 ], [ -46.412289692136341, -23.064510845873375 ], [ -46.412289738276712, -23.064515266169042 ], [ -46.412292172956995, -23.064519665117547 ], [ -46.412292219097473, -23.064524085413222 ], [ -46.412297019247745, -23.064526252866571 ], [ -46.412301819398166, -23.064528420319768 ], [ -46.412297042318066, -23.064528463014387 ], [ -46.412292265237959, -23.064528505708875 ], [ -46.412287488157844, -23.064528548403214 ], [ -46.412282711077715, -23.064528591097407 ], [ -46.412275545457497, -23.064528655138425 ], [ -46.41227076837734, -23.064528697832255 ], [ -46.412265991297168, -23.064528740525947 ], [ -46.412261237286728, -23.064530993367349 ], [ -46.412258894886008, -23.064535435009791 ], [ -46.41225655248514, -23.064539876652201 ], [ -46.412256598624495, -23.064544296947929 ], [ -46.412254256223413, -23.064548738590318 ], [ -46.412254302362712, -23.064553158886039 ], [ -46.41224954835122, -23.064555411727131 ], [ -46.41224959449039, -23.064559832022862 ], [ -46.412249640629561, -23.064564252318593 ], [ -46.412249686768746, -23.06456867261431 ], [ -46.412247344367053, -23.064573114256611 ], [ -46.41224261342424, -23.064577577245409 ], [ -46.412240271022171, -23.064582018887613 ], [ -46.412235517009442, -23.06458427172835 ], [ -46.412230739927239, -23.064584314421065 ], [ -46.412225962845021, -23.064584357113645 ], [ -46.412221185762796, -23.064584399806073 ], [ -46.412216477887782, -23.064591072942019 ], [ -46.412211700805294, -23.064591115634173 ], [ -46.412211746943299, -23.064595535929961 ], [ -46.412211793081319, -23.064599956225742 ], [ -46.412211839219346, -23.064604376521515 ], [ -46.412211885357387, -23.064608796817279 ], [ -46.412211931495442, -23.064613217113052 ], [ -46.412211977633504, -23.064617637408826 ], [ -46.412212023771573, -23.064622057704582 ], [ -46.412212069909664, -23.064626478000342 ], [ -46.412212116047755, -23.064630898296109 ], [ -46.412212162185867, -23.064635318591868 ], [ -46.412212208323986, -23.064639738887621 ], [ -46.412212254462119, -23.06464415918337 ], [ -46.41221230060026, -23.06464857947913 ], [ -46.412212346738414, -23.064652999774875 ], [ -46.412212392876576, -23.064657420070617 ], [ -46.412212439014759, -23.064661840366352 ], [ -46.412212485152935, -23.064666260662094 ], [ -46.412212531291139, -23.064670680957835 ], [ -46.412212577429351, -23.06467510125357 ], [ -46.412212623567576, -23.064679521549294 ], [ -46.412212669705809, -23.064683941845026 ], [ -46.412212715844049, -23.064688362140757 ], [ -46.412212761982303, -23.064692782436477 ], [ -46.412212808120579, -23.064697202732194 ], [ -46.412212854258854, -23.064701623027918 ], [ -46.412212900397144, -23.064706043323643 ], [ -46.412212946535448, -23.064710463619345 ], [ -46.412212992673759, -23.064714883915059 ], [ -46.412213038812084, -23.064719304210769 ], [ -46.412213084950416, -23.064723724506479 ], [ -46.41221313108877, -23.064728144802178 ], [ -46.412217954314592, -23.064732522405425 ], [ -46.412220388996936, -23.064736921354839 ], [ -46.412222823679429, -23.064741320304204 ], [ -46.412230035450015, -23.064745676560673 ], [ -46.412230081588959, -23.064750096856333 ], [ -46.412230127727923, -23.064754517151993 ], [ -46.412234950955266, -23.064758894754636 ], [ -46.412234997094401, -23.064763315050275 ], [ -46.412235043233558, -23.06476773534591 ], [ -46.412235112442303, -23.064774365789365 ], [ -46.412235158581481, -23.064778786085004 ], [ -46.412235204720673, -23.064783206380636 ], [ -46.412240004879564, -23.064785373835235 ], [ -46.412244781968845, -23.064785331141888 ], [ -46.412249559058118, -23.064785288448391 ], [ -46.412254336147377, -23.064785245754752 ], [ -46.41225911323663, -23.064785203060971 ], [ -46.412263890325868, -23.064785160367045 ], [ -46.412268667415084, -23.064785117672972 ], [ -46.412273444504301, -23.064785074978754 ], [ -46.41227822159351, -23.064785032284391 ], [ -46.412282998682699, -23.064784989589889 ], [ -46.41228777577188, -23.064784946895237 ], [ -46.412292552861039, -23.064784904200444 ], [ -46.412297329950199, -23.064784861505505 ], [ -46.412302107039345, -23.064784818810423 ], [ -46.412306884128483, -23.0647847761152 ], [ -46.412311661217601, -23.064784733419824 ], [ -46.412316461377642, -23.064786900872051 ], [ -46.412321261537834, -23.064789068324117 ], [ -46.412326061698167, -23.064791235776024 ], [ -46.412330861858642, -23.064793403227792 ], [ -46.412335638948029, -23.064793360531681 ], [ -46.412340416037388, -23.064793317835431 ], [ -46.412345193126747, -23.064793275139028 ], [ -46.412352358760764, -23.064793211094159 ], [ -46.412357112778487, -23.064790958249699 ], [ -46.412361843724376, -23.064786495257415 ], [ -46.412366620813444, -23.06478645256038 ], [ -46.412371374830677, -23.064784199715511 ], [ -46.412376151919652, -23.064784157018195 ], [ -46.41238088286466, -23.064779694025386 ], [ -46.412385659953451, -23.064779651327783 ], [ -46.412392825586608, -23.064779587281116 ], [ -46.41240242590878, -23.064783922180357 ], [ -46.41240720299767, -23.0647838794821 ], [ -46.412411980086553, -23.064783836783697 ], [ -46.412416757175428, -23.064783794085155 ], [ -46.412421511191646, -23.06478154123883 ], [ -46.412426265207706, -23.064779288392369 ], [ -46.41243104229639, -23.064779245693405 ], [ -46.41243099615081, -23.064774825398143 ], [ -46.412433338549427, -23.064770383753348 ], [ -46.412438069491991, -23.064765920758926 ], [ -46.412442846580177, -23.064765878059621 ], [ -46.412447646741398, -23.064768045507797 ], [ -46.412450081431707, -23.06477244445324 ], [ -46.412454904666447, -23.064776822048778 ], [ -46.412459750974769, -23.064783409791747 ], [ -46.412459797121315, -23.064787830086949 ], [ -46.412459843267861, -23.064792250382148 ], [ -46.412459912487698, -23.064798880824934 ], [ -46.41245995863428, -23.064803301120129 ], [ -46.412460004780868, -23.064807721415313 ], [ -46.412460050927471, -23.064812141710497 ], [ -46.412460097074081, -23.064816562005674 ], [ -46.412460143220706, -23.064820982300859 ], [ -46.412462600985819, -23.064827591393605 ], [ -46.412469789694761, -23.064829737490896 ], [ -46.412472224386995, -23.064834136435877 ], [ -46.41247702455113, -23.064836303882988 ], [ -46.412479459243727, -23.064840702827833 ], [ -46.412484282481934, -23.06484508042228 ], [ -46.41248908264663, -23.06484724786899 ], [ -46.412491517339824, -23.064851646813612 ], [ -46.412496294430923, -23.064851604112544 ], [ -46.412501071522016, -23.064851561411334 ], [ -46.412505894761289, -23.064855939005053 ], [ -46.412510694926695, -23.064858106451076 ], [ -46.412517906712225, -23.064862462693583 ], [ -46.412520341406633, -23.064866861637686 ], [ -46.412527530118467, -23.064869007732195 ], [ -46.412532330284655, -23.064871175177515 ], [ -46.412537130450993, -23.064873342622683 ], [ -46.412539565146226, -23.064877741566455 ], [ -46.412544365312904, -23.064879909011388 ], [ -46.412549142404892, -23.064879866308672 ], [ -46.41255394257179, -23.064882033753289 ], [ -46.412558719663828, -23.064881991050282 ], [ -46.412563496755865, -23.064881948347132 ], [ -46.412568273847889, -23.064881905643837 ], [ -46.412573050939898, -23.064881862940393 ], [ -46.412577828031907, -23.064881820236806 ], [ -46.412582605123895, -23.064881777533074 ], [ -46.412587382215868, -23.064881734829203 ], [ -46.412592159307835, -23.064881692125187 ], [ -46.412596936399787, -23.064881649421022 ], [ -46.412601713491732, -23.064881606716721 ], [ -46.412608879129628, -23.064881542659986 ], [ -46.412613656221545, -23.064881499955316 ], [ -46.412618410237478, -23.064879247103086 ], [ -46.412620752631391, -23.064874805455787 ], [ -46.412623095025147, -23.064870363808453 ], [ -46.412625437418768, -23.064865922161101 ], [ -46.412630168357815, -23.06486145916114 ], [ -46.412630122205542, -23.0648570388663 ], [ -46.41263007605329, -23.064852618571461 ], [ -46.412632395370238, -23.064845966776602 ], [ -46.412634737763156, -23.064841525129129 ], [ -46.412634691610791, -23.064837104834304 ], [ -46.412634645458432, -23.064832684539461 ], [ -46.412634599306081, -23.064828264244625 ], [ -46.412629799139992, -23.064826096802413 ], [ -46.412627364442933, -23.064821697860101 ], [ -46.412624929746045, -23.064817298917738 ], [ -46.412622495049312, -23.064812899975337 ], [ -46.412622448897402, -23.064808479680469 ], [ -46.412620014200925, -23.064804080738007 ], [ -46.412619968049121, -23.064799660443107 ], [ -46.41261277933981, -23.064797514352691 ], [ -46.412610344643859, -23.064793115410048 ], [ -46.412607886872379, -23.064786506319905 ], [ -46.412603063632588, -23.064782128729302 ], [ -46.412603017481388, -23.064777708434377 ], [ -46.412598194242079, -23.064773330843604 ], [ -46.412595759547067, -23.06476893190068 ], [ -46.412593324852217, -23.064764532957696 ], [ -46.412588547764393, -23.064764575661552 ], [ -46.412583724526016, -23.064760198070282 ], [ -46.412581289831728, -23.064755799127106 ], [ -46.412576466593897, -23.064751421535579 ], [ -46.412574031900014, -23.064747022592243 ], [ -46.412573985749837, -23.064742602297244 ], [ -46.412569162512732, -23.064738224705469 ], [ -46.412564362350864, -23.064736057261015 ], [ -46.412564316201028, -23.064731636965995 ], [ -46.412559516039465, -23.064729469521382 ], [ -46.412557058271751, -23.064722860430216 ], [ -46.412554623579055, -23.064718461486517 ], [ -46.412549777268786, -23.064711873746525 ], [ -46.41254968497018, -23.064703033156384 ], [ -46.412554438981196, -23.064700780306282 ], [ -46.412559192992049, -23.064698527456049 ], [ -46.412563970077606, -23.064698484753201 ], [ -46.412568747163149, -23.064698442050211 ], [ -46.412573524248685, -23.06469839934708 ], [ -46.412578301334207, -23.064698356643799 ], [ -46.412583078419715, -23.064698313940369 ], [ -46.412590244047969, -23.064698249884966 ], [ -46.412595021133448, -23.064698207181181 ], [ -46.41259979821892, -23.06469816447725 ], [ -46.412604575304378, -23.064698121773183 ], [ -46.412609352389829, -23.064698079068961 ], [ -46.412614129475266, -23.0646980363646 ], [ -46.412621295103406, -23.064697972307787 ], [ -46.412626072188814, -23.064697929603064 ], [ -46.412630849274208, -23.064697886898191 ], [ -46.412635626359595, -23.064697844193187 ], [ -46.412640403444975, -23.064697801488027 ], [ -46.412645180530333, -23.064697758782732 ], [ -46.412649957615692, -23.064697716077291 ], [ -46.412654734701029, -23.0646976733717 ], [ -46.41265953486279, -23.064699840813397 ], [ -46.412664335024701, -23.064702008254947 ], [ -46.412669181339965, -23.064708595991174 ], [ -46.412676393121934, -23.064712952226675 ], [ -46.412681216361364, -23.064717329815071 ], [ -46.412683651058053, -23.064721728756609 ], [ -46.412686085754906, -23.064726127698105 ], [ -46.412693320615361, -23.064732694080131 ], [ -46.41269575531274, -23.064737093021449 ], [ -46.412700624707988, -23.064745890903932 ], [ -46.412705424872165, -23.064748058344101 ], [ -46.412707859570226, -23.064752457285188 ], [ -46.412712659734744, -23.064754624725129 ], [ -46.412717482976852, -23.064759002312258 ], [ -46.41272230621928, -23.06476337989923 ], [ -46.412727083306784, -23.064763337191341 ], [ -46.412731906549666, -23.064767714778 ], [ -46.412736706715073, -23.064769882217149 ], [ -46.412741483802783, -23.064769839508813 ], [ -46.412746260890486, -23.064769796800334 ], [ -46.412753449600061, -23.064771942884668 ], [ -46.412758226687806, -23.064771900175828 ], [ -46.412763003775545, -23.064771857466837 ], [ -46.412767803941556, -23.064774024905006 ], [ -46.412772604107715, -23.064776192343029 ], [ -46.412775038808462, -23.064780591282926 ], [ -46.412779838974956, -23.064782758720707 ], [ -46.412784662220176, -23.064787136305618 ], [ -46.412787096921527, -23.064791535245309 ], [ -46.412791920167301, -23.064795912829965 ], [ -46.412796743413388, -23.064800290414464 ], [ -46.412801589738663, -23.064806878146069 ], [ -46.412804024440938, -23.064811277085425 ], [ -46.412804070598781, -23.064815697379952 ], [ -46.412806505301312, -23.064820096319263 ], [ -46.412811328548749, -23.06482447390324 ], [ -46.412811374706862, -23.064828894197735 ], [ -46.41281380940989, -23.064833293136896 ], [ -46.412813855568103, -23.064837713431395 ], [ -46.412816290271373, -23.064842112370517 ], [ -46.41282106736147, -23.064842069659647 ], [ -46.412823502065066, -23.064846468598624 ], [ -46.41282832531401, -23.064850846181987 ], [ -46.412833125483829, -23.06485301361797 ], [ -46.412833171642717, -23.064857433912408 ], [ -46.412837971812841, -23.064859601348235 ], [ -46.41284279506273, -23.064863978931097 ], [ -46.412847572153545, -23.064863936219389 ], [ -46.412852349244346, -23.064863893507539 ], [ -46.412854783949356, -23.064868292445954 ], [ -46.4128595610403, -23.06486824973387 ], [ -46.412864338131229, -23.064868207021654 ], [ -46.412869115222144, -23.064868164309281 ], [ -46.412873892313051, -23.064868121596778 ], [ -46.412878669403938, -23.064868078884125 ], [ -46.412883446494824, -23.064868036171326 ], [ -46.412888223585696, -23.064867993458382 ], [ -46.412893000676554, -23.064867950745292 ], [ -46.412897777767405, -23.064867908032063 ], [ -46.412902554858242, -23.064867865318689 ], [ -46.412907331949064, -23.064867822605169 ], [ -46.41291210903988, -23.0648677798915 ], [ -46.412916886130681, -23.064867737177693 ], [ -46.412921663221475, -23.064867694463743 ], [ -46.412926463393234, -23.064869861896781 ], [ -46.412931240484077, -23.064869819182533 ], [ -46.412936063737206, -23.064874196762378 ], [ -46.412943252454937, -23.064876342837628 ], [ -46.412948052627321, -23.06487851026997 ], [ -46.412950510417048, -23.064885119353836 ], [ -46.412955310589858, -23.06488728678594 ], [ -46.412960110762818, -23.064889454217884 ], [ -46.412964887854287, -23.064889411502584 ], [ -46.412967322563368, -23.064893810439052 ], [ -46.412969757272613, -23.064898209375471 ], [ -46.412974557446177, -23.064900376806939 ], [ -46.412976992155777, -23.064904775743226 ], [ -46.41297703831949, -23.064909196037362 ], [ -46.412979473029345, -23.0649135949736 ], [ -46.412984296285586, -23.064917972551797 ], [ -46.412986730995847, -23.064922371487892 ], [ -46.412986777159915, -23.064926791782003 ], [ -46.412991600416873, -23.064931169359941 ], [ -46.412996446756345, -23.064937757084749 ], [ -46.412996492920762, -23.064942177378835 ], [ -46.412996539085178, -23.064946597672925 ], [ -46.412996585249623, -23.064951017967001 ], [ -46.412996631414067, -23.064955438261077 ], [ -46.412996677578519, -23.064959858555159 ], [ -46.412996723742992, -23.064964278849235 ], [ -46.412996769907473, -23.0649686991433 ], [ -46.413001570083985, -23.064970866573784 ], [ -46.413001616248643, -23.064975286867853 ], [ -46.413001662413308, -23.064979707161903 ], [ -46.413001708577987, -23.064984127455961 ], [ -46.413006531837553, -23.064988505033273 ], [ -46.41300657800241, -23.064992925327317 ], [ -46.413006624167274, -23.06499734562135 ], [ -46.413006670332159, -23.065001765915383 ], [ -46.413006716497051, -23.065006186209409 ], [ -46.413006762661951, -23.065010606503453 ], [ -46.413006808826857, -23.065015026797468 ], [ -46.413006854991785, -23.065019447091494 ], [ -46.41300690115672, -23.065023867385516 ], [ -46.413006947321669, -23.065028287679535 ], [ -46.413006993486626, -23.065032707973547 ], [ -46.4130046511033, -23.065037149626001 ], [ -46.413002308719825, -23.065041591278408 ], [ -46.413002354884661, -23.065046011572434 ], [ -46.413002401049511, -23.065050431866446 ], [ -46.413000081748152, -23.065057083665842 ], [ -46.412997739364215, -23.0650615253182 ], [ -46.412997785528944, -23.065065945612218 ], [ -46.412997831693687, -23.065070365906237 ], [ -46.412993077678195, -23.065072618769857 ], [ -46.412990735293782, -23.065077060422126 ], [ -46.412988392909227, -23.065081502074371 ], [ -46.412983661975346, -23.065085965084741 ], [ -46.412978907959058, -23.065088217947974 ], [ -46.412974177024623, -23.065092680958085 ], [ -46.412969446089875, -23.065097143968064 ], [ -46.412964668991073, -23.065097186683857 ], [ -46.412959891892271, -23.06509722939952 ], [ -46.412955114793455, -23.065097272115025 ], [ -46.41295038385789, -23.065101735124479 ], [ -46.412943241290918, -23.065104009344314 ], [ -46.412938464191832, -23.065104052059333 ], [ -46.412933687092732, -23.065104094774206 ], [ -46.412928933074909, -23.065106347636004 ], [ -46.412924155975702, -23.065106390350593 ], [ -46.412917013407977, -23.065108664569276 ], [ -46.412912259389692, -23.065110917430584 ], [ -46.412907505371244, -23.065113170291752 ], [ -46.412902751352625, -23.06511542315279 ], [ -46.412897974253049, -23.065115465866608 ], [ -46.412893197153458, -23.06511550858027 ], [ -46.412892600016015, -23.065115513919469 ], [ -46.412890797063326, -23.065114424863506 ], [ -46.412888396973223, -23.065113341146702 ], [ -46.412885985342868, -23.065111152356298 ], [ -46.412883585252864, -23.06511006863942 ], [ -46.412881196703154, -23.06511008999605 ], [ -46.412878808153437, -23.065110111352645 ], [ -46.41287641960372, -23.065110132709204 ], [ -46.412874031053995, -23.065110154065724 ], [ -46.412871642504278, -23.065110175422209 ], [ -46.412869253954554, -23.065110196778662 ], [ -46.412865671129957, -23.065110228813268 ], [ -46.412862088305353, -23.065110260847799 ], [ -46.412859699755622, -23.065110282204103 ], [ -46.412857322745943, -23.065111408633928 ], [ -46.412854945736221, -23.065112535063744 ], [ -46.41285255718644, -23.06511255641994 ], [ -46.412848997441749, -23.065114798601307 ], [ -46.412846608891918, -23.065114819957419 ], [ -46.41284422034208, -23.065114841313495 ], [ -46.412841831792242, -23.065114862669532 ], [ -46.412839443242405, -23.06511488402554 ], [ -46.412837066232463, -23.065116010455078 ], [ -46.41283470076236, -23.065118241958157 ], [ -46.412832323752319, -23.065119368387631 ], [ -46.412829935202389, -23.06511938974349 ], [ -46.412827569732109, -23.065121621246483 ], [ -46.412824009986736, -23.065123863427317 ], [ -46.412821632976495, -23.065124989856635 ], [ -46.41281925596622, -23.065126116285924 ], [ -46.412816878955901, -23.065127242715175 ], [ -46.412813307670483, -23.065128379822198 ], [ -46.412810919120382, -23.065128401177788 ], [ -46.412808542109936, -23.065129527606917 ], [ -46.412806165099468, -23.065130654036022 ], [ -46.41280377654931, -23.065130675391501 ], [ -46.412801399538765, -23.065131801820534 ], [ -46.412799022528183, -23.065132928249529 ], [ -46.412796657057143, -23.065135159752078 ], [ -46.412794291586017, -23.065137391254602 ], [ -46.41279191457528, -23.065138517683494 ], [ -46.412789537564493, -23.06513964411236 ], [ -46.41278597781799, -23.065141886292388 ], [ -46.412783589267619, -23.065141907647572 ], [ -46.412781223796159, -23.065144139149911 ], [ -46.41277884678518, -23.065145265578614 ], [ -46.412776469774158, -23.065146392007289 ], [ -46.412774081223695, -23.065146413362335 ], [ -46.412770509937374, -23.065147550468431 ], [ -46.412768132926239, -23.065148676897003 ], [ -46.412765755915061, -23.065149803325522 ], [ -46.412763367364519, -23.065149824680404 ], [ -46.412760978813985, -23.065149846035251 ], [ -46.412758590263451, -23.065149867390069 ], [ -46.412755007437632, -23.065149899422217 ], [ -46.412752618887083, -23.065149920776943 ], [ -46.412750218797321, -23.065148837058015 ], [ -46.412749001443657, -23.065146637588111 ], [ -46.412746612893159, -23.065146658942744 ], [ -46.412743018528268, -23.065145585901007 ], [ -46.412740618438647, -23.065144502181937 ], [ -46.412739401085183, -23.065142302711955 ], [ -46.412737012534755, -23.065142324066436 ], [ -46.412734589367091, -23.065139030200015 ], [ -46.412732189277655, -23.065137946480803 ], [ -46.412729800727298, -23.06513796783517 ], [ -46.412727412176935, -23.065137989189502 ], [ -46.412725023626564, -23.065138010543798 ], [ -46.4127226350762, -23.065138031898055 ], [ -46.412720246525829, -23.06513805325228 ], [ -46.412717857975451, -23.065138074606462 ], [ -46.412715469425073, -23.065138095960616 ], [ -46.412711875060616, -23.065137022918144 ], [ -46.412707074882185, -23.065134855478963 ], [ -46.412705857529346, -23.065132656008689 ], [ -46.412703445901414, -23.065130467215379 ], [ -46.412699851537241, -23.065129394172619 ], [ -46.412697439909465, -23.06512720537922 ], [ -46.412695039820505, -23.065126121659411 ], [ -46.412692651270319, -23.065126143013202 ], [ -46.412690262720126, -23.065126164366962 ], [ -46.412686668356152, -23.065125091323893 ], [ -46.412684279805973, -23.065125112677563 ], [ -46.412681891255794, -23.065125134031192 ], [ -46.412679502705608, -23.065125155384784 ], [ -46.412677114155422, -23.065125176738345 ], [ -46.412674725605228, -23.065125198091867 ], [ -46.412672325516468, -23.065124114371713 ], [ -46.412669925427757, -23.06512303065151 ], [ -46.412667525339074, -23.065121946931257 ], [ -46.41266393097537, -23.065120873887654 ], [ -46.412660325073254, -23.065118695770312 ], [ -46.412659107721318, -23.06511649629963 ], [ -46.412656707632827, -23.065115412579217 ], [ -46.412654307544386, -23.065114328858769 ], [ -46.412651907455974, -23.065113245138264 ], [ -46.412649518905965, -23.065113266491394 ], [ -46.41264713035595, -23.065113287844493 ], [ -46.412644741805941, -23.065113309197553 ], [ -46.412642353255926, -23.065113330550574 ], [ -46.41263996470591, -23.065113351903566 ], [ -46.412637576155888, -23.065113373256516 ], [ -46.412635187605865, -23.06511339460943 ], [ -46.41263160478082, -23.065113426638735 ], [ -46.412629216230791, -23.065113447991564 ], [ -46.412626827680754, -23.06511346934435 ], [ -46.412623244855702, -23.065113501373464 ], [ -46.412622073656962, -23.065115722197181 ], [ -46.412618490831839, -23.065115754226195 ], [ -46.412613713731673, -23.065115796931419 ], [ -46.412608959707555, -23.065118049783855 ], [ -46.412604182607282, -23.065118092488792 ], [ -46.412599405506995, -23.06511813519359 ], [ -46.412594628406694, -23.065118177898242 ], [ -46.412587462756228, -23.065118241954941 ], [ -46.412582731807206, -23.065122704954014 ], [ -46.41258516650884, -23.065127103896661 ], [ -46.412587601210632, -23.06513150283924 ], [ -46.412587647362123, -23.065135923133997 ], [ -46.412592493690553, -23.065142510871656 ], [ -46.41259253984223, -23.065146931166403 ], [ -46.412592585993913, -23.065151351461139 ], [ -46.412597432323174, -23.065157939198588 ], [ -46.41259747847505, -23.065162359493314 ], [ -46.412599913177935, -23.065166758435645 ], [ -46.412602347880984, -23.065171157377925 ], [ -46.412607171135356, -23.065175534967654 ], [ -46.412607194211468, -23.065177745115001 ], [ -46.412604805660273, -23.06517776646751 ], [ -46.412603634460737, -23.065179987291106 ], [ -46.412603657536792, -23.065182197438464 ], [ -46.412603680612861, -23.065184407585814 ], [ -46.41260370368893, -23.065186617733161 ], [ -46.412606115316379, -23.065188806527999 ], [ -46.412606138392491, -23.065191016675353 ], [ -46.412606161468609, -23.065193226822696 ], [ -46.412606184544721, -23.06519543697004 ], [ -46.412608596172383, -23.065197625764831 ], [ -46.412608619248537, -23.065199835912178 ], [ -46.412609836600517, -23.065202035383233 ], [ -46.412609859676699, -23.065204245530566 ], [ -46.412609882752889, -23.065206455677902 ], [ -46.412609905829079, -23.065208665825249 ], [ -46.412612317457047, -23.065210854619963 ], [ -46.412612340533279, -23.065213064767288 ], [ -46.412613569423577, -23.065216369311976 ], [ -46.412613592499838, -23.065218579459305 ], [ -46.412613615576099, -23.065220789606631 ], [ -46.412614832928362, -23.065222989077622 ], [ -46.412616050280661, -23.065225188548609 ], [ -46.412616073356979, -23.065227398695935 ], [ -46.412616107971452, -23.065230713916918 ], [ -46.412617325323851, -23.065232913387881 ], [ -46.412618542676285, -23.065235112858844 ], [ -46.412618565752652, -23.065237323006158 ], [ -46.412618588829019, -23.065239533153477 ], [ -46.412618611905394, -23.065241743300799 ], [ -46.412619829257935, -23.065243942771733 ], [ -46.412619852334331, -23.065246152919052 ], [ -46.412619875410734, -23.06524836306637 ], [ -46.412619898487129, -23.065250573213685 ], [ -46.41261992156354, -23.065252783361004 ], [ -46.412619944639943, -23.065254993508326 ], [ -46.41261996771636, -23.06525720365563 ], [ -46.41261999079277, -23.065259413802945 ], [ -46.41262001386918, -23.065261623950263 ], [ -46.412620036945604, -23.065263834097575 ], [ -46.412620060022029, -23.065266044244886 ], [ -46.412620083098446, -23.065268254392187 ], [ -46.412622494727685, -23.065270443186691 ], [ -46.412623712080581, -23.065272642657568 ], [ -46.412623735157069, -23.065274852804873 ], [ -46.412623758233565, -23.065277062952173 ], [ -46.412624975586546, -23.065279262423044 ], [ -46.412626204477839, -23.06528256696755 ], [ -46.412627421830912, -23.065284766438388 ], [ -46.412628639184028, -23.065286965909223 ], [ -46.412628662260609, -23.065289176056513 ], [ -46.412628685337197, -23.06529138620381 ], [ -46.41262991422871, -23.065294690748264 ], [ -46.412631131581961, -23.06529689021907 ], [ -46.412632348935254, -23.065299089689855 ], [ -46.412633566288591, -23.065301289160637 ], [ -46.412635977918654, -23.065303477954874 ], [ -46.412638389548796, -23.065305666749062 ], [ -46.412638424163951, -23.065308981969984 ], [ -46.41263964151748, -23.065311181440702 ], [ -46.41264205314782, -23.065313370234829 ], [ -46.412643270501455, -23.065315569705508 ], [ -46.412643293578313, -23.06531777985278 ], [ -46.412644534008891, -23.065322189470727 ], [ -46.412648139916378, -23.065324367588126 ], [ -46.412648162993335, -23.065326577735391 ], [ -46.41264938034719, -23.065328777206009 ], [ -46.412650597701088, -23.065330976676631 ], [ -46.412652997793451, -23.065332060396923 ], [ -46.412653032409011, -23.065335375617806 ], [ -46.412655432501474, -23.065336459338059 ], [ -46.412657867209653, -23.065340858279153 ], [ -46.412660278840839, -23.06534304707295 ], [ -46.412662678933494, -23.065344130793079 ], [ -46.412665079026176, -23.065345214513169 ], [ -46.412668684934609, -23.065347392630052 ], [ -46.412671085027405, -23.065348476350039 ], [ -46.412673496658932, -23.065350665143619 ], [ -46.412675896751821, -23.065351748863527 ], [ -46.412678296844739, -23.065352832583407 ], [ -46.412680696937706, -23.065353916303241 ], [ -46.412683085491928, -23.065353894949432 ], [ -46.412685497123739, -23.065356083742806 ], [ -46.412687897216813, -23.065357167462537 ], [ -46.412690297309922, -23.065358251182218 ], [ -46.412693891680213, -23.065359324224865 ], [ -46.412696280234528, -23.065359302870849 ], [ -46.412697509128364, -23.065362607414642 ], [ -46.412699897682721, -23.065362586060566 ], [ -46.412702286237078, -23.065362564706458 ], [ -46.412705892146541, -23.065364742822435 ], [ -46.412707109501689, -23.065366942292535 ], [ -46.41270832685688, -23.06536914176262 ], [ -46.412710738489366, -23.065371330555575 ], [ -46.412710761567389, -23.065373540702772 ], [ -46.412711978922701, -23.065375740172826 ], [ -46.412713196278055, -23.065377939642865 ], [ -46.412715607910776, -23.065380128435724 ], [ -46.412715630988892, -23.065382338582925 ], [ -46.412715654067007, -23.065384548730105 ], [ -46.412718054160813, -23.065385632449335 ], [ -46.412720477332847, -23.065388926315698 ], [ -46.412724083243312, -23.0653911044312 ], [ -46.412725300599014, -23.065393303901125 ], [ -46.412727689153883, -23.065393282546605 ], [ -46.41273008924793, -23.065394366265636 ], [ -46.412732500881219, -23.065396555058207 ], [ -46.412734912514587, -23.065398743850739 ], [ -46.412734935593036, -23.065400953997905 ], [ -46.412737335687275, -23.065402037716812 ], [ -46.412739747320821, -23.065404226509255 ], [ -46.412740976216178, -23.065407531052625 ], [ -46.412744582127459, -23.065409709167607 ], [ -46.41274818803884, -23.065411887282501 ], [ -46.412750588133378, -23.065412971001187 ], [ -46.412752976688566, -23.065412949646266 ], [ -46.412755411401356, -23.065417348585587 ], [ -46.412762577067141, -23.065417284520485 ], [ -46.412762646303918, -23.06542391496189 ], [ -46.412767423414657, -23.065423872251625 ], [ -46.412772246683566, -23.065428249835463 ], [ -46.412777069952782, -23.065432627419135 ], [ -46.412781847063805, -23.065432584708422 ], [ -46.412786647254151, -23.065434752144665 ], [ -46.412791424365224, -23.06543470943366 ], [ -46.412798636190878, -23.065439065661074 ], [ -46.412803413302079, -23.065439022949697 ], [ -46.412808213492966, -23.065441190385258 ], [ -46.412813013683994, -23.065443357820673 ], [ -46.412817790795323, -23.065443315108855 ], [ -46.412824956462295, -23.065443251040858 ], [ -46.412829733573588, -23.065443208328674 ], [ -46.412834510684874, -23.065443165616355 ], [ -46.412839287796153, -23.06544312290389 ], [ -46.4128440879877, -23.065445290338321 ], [ -46.412848934340118, -23.065451878066682 ], [ -46.412853711451675, -23.065451835353766 ], [ -46.412858488563216, -23.065451792640701 ], [ -46.412863311835956, -23.065456170221552 ], [ -46.412865746553088, -23.065460569158944 ], [ -46.412870523664921, -23.065460526445499 ], [ -46.412875346938357, -23.065464904025934 ], [ -46.412880170212105, -23.065469281606202 ], [ -46.41288497040518, -23.065471449039322 ], [ -46.412889770598412, -23.065473616472268 ], [ -46.412894593872927, -23.06547799405206 ], [ -46.412899394066535, -23.065480161484704 ], [ -46.412904194260285, -23.065482328917192 ], [ -46.412911383010474, -23.065484474992143 ], [ -46.412916160123046, -23.06548443227728 ], [ -46.412920960317194, -23.065486599709235 ], [ -46.412925737429823, -23.065486556994077 ], [ -46.412930514542445, -23.065486514278778 ], [ -46.412935291655046, -23.065486471563332 ], [ -46.412942457323936, -23.065486407489892 ], [ -46.412947234436515, -23.065486364774085 ], [ -46.412952011549088, -23.065486322058135 ], [ -46.412956788661639, -23.065486279342039 ], [ -46.412961565774182, -23.065486236625802 ], [ -46.412966342886719, -23.065486193909425 ], [ -46.412971119999234, -23.065486151192896 ], [ -46.412975874029271, -23.065483898329308 ], [ -46.412980628059138, -23.065481645465599 ], [ -46.412982970450123, -23.06547720381333 ], [ -46.412987747562298, -23.065477161096322 ], [ -46.412992501591717, -23.065474908232257 ], [ -46.412999621094109, -23.065470423862475 ], [ -46.413004375123073, -23.065468170998077 ], [ -46.413011494624705, -23.065463686627794 ], [ -46.413013837014375, -23.065459244975131 ], [ -46.413018567959554, -23.065454781963457 ], [ -46.413018521793276, -23.065450361669697 ], [ -46.413020864182513, -23.065445920016941 ], [ -46.413020818016172, -23.065441499723185 ], [ -46.413023160405189, -23.065437058070398 ], [ -46.413027891349316, -23.065432595058478 ], [ -46.413030233737956, -23.065428153405609 ], [ -46.413034987764917, -23.065425900540387 ], [ -46.413039741791721, -23.065423647675022 ], [ -46.413042084179814, -23.065419206021989 ], [ -46.413046815122698, -23.065414743009558 ], [ -46.413051546065255, -23.065410279997014 ], [ -46.413058688646011, -23.065408005771655 ], [ -46.413065831226497, -23.065405731545976 ], [ -46.413070562168109, -23.065401268532902 ], [ -46.413077681663971, -23.065396784159869 ], [ -46.413082435688992, -23.065394531293304 ], [ -46.413087189713842, -23.0653922784266 ], [ -46.413091943738529, -23.065390025559758 ], [ -46.413096720847392, -23.065389982839601 ], [ -46.413103886510669, -23.065389918759099 ], [ -46.413108663619511, -23.065389876038584 ], [ -46.413113440728338, -23.065389833317923 ], [ -46.413118217837152, -23.065389790597116 ], [ -46.413122994945958, -23.065389747876168 ], [ -46.41312777205475, -23.06538970515507 ], [ -46.413134937717921, -23.065389641073157 ], [ -46.413139714826684, -23.065389598351707 ], [ -46.413144491935441, -23.065389555630112 ], [ -46.413149269044183, -23.065389512908368 ], [ -46.413154046152911, -23.065389470186478 ], [ -46.413158823261632, -23.065389427464446 ], [ -46.413163600370339, -23.065389384742272 ], [ -46.413168377479032, -23.065389342019948 ], [ -46.413173154587724, -23.065389299297482 ], [ -46.413177931696396, -23.065389256574875 ], [ -46.41318270880506, -23.065389213852118 ], [ -46.41318748591371, -23.065389171129226 ], [ -46.413192263022346, -23.065389128406174 ], [ -46.413197040130974, -23.065389085682995 ], [ -46.413201817239596, -23.065389042959659 ], [ -46.413206594348196, -23.065389000236188 ], [ -46.413211371456789, -23.065388957512564 ], [ -46.413216148565375, -23.065388914788805 ], [ -46.413220925673947, -23.065388872064901 ], [ -46.413225702782505, -23.065388829340847 ], [ -46.413230479891055, -23.065388786616651 ], [ -46.413237599380572, -23.065384302236705 ], [ -46.413239941761397, -23.065379860581075 ], [ -46.413244695782844, -23.065377607709785 ], [ -46.413249472890961, -23.065377564985024 ], [ -46.413254226912166, -23.065375312113453 ], [ -46.413258957846217, -23.065370849095082 ], [ -46.413268488974765, -23.06536855349794 ], [ -46.413273242995302, -23.065366300625818 ], [ -46.413278020102965, -23.065366257900223 ], [ -46.413282123656749, -23.065366221198662 ], [ -46.41333725576802, -23.065319949527549 ], [ -46.413337237550856, -23.065318205666127 ], [ -46.413341991568409, -23.065315952792066 ], [ -46.413341945391878, -23.065311532498853 ], [ -46.413341899215347, -23.06530711220563 ], [ -46.413341853038844, -23.065302691912414 ], [ -46.413341806862341, -23.065298271619184 ], [ -46.413341760685853, -23.065293851325961 ], [ -46.413341714509379, -23.065289431032731 ], [ -46.413341668332912, -23.065285010739501 ], [ -46.413336845051958, -23.065280633173632 ], [ -46.413332021771318, -23.0652762556076 ], [ -46.413331975595199, -23.065271835314338 ], [ -46.413327175403012, -23.065269667894764 ], [ -46.413327129227063, -23.065265247601499 ], [ -46.413324694499209, -23.065260848671684 ], [ -46.413319871219691, -23.065256471105222 ], [ -46.413315047940472, -23.065252093538586 ], [ -46.413312590125557, -23.06524548446189 ], [ -46.413310155398563, -23.065241085531817 ], [ -46.413310109223232, -23.065236665238491 ], [ -46.413312451599339, -23.065232223581951 ], [ -46.413317182526647, -23.065227760562092 ], [ -46.413321936541479, -23.065225507688758 ], [ -46.4133218903658, -23.065221087395461 ], [ -46.413321844190136, -23.065216667102149 ], [ -46.413326575116599, -23.065212204082048 ], [ -46.41333130604275, -23.065207741061812 ], [ -46.413333648417698, -23.065203299405006 ], [ -46.413335990792497, -23.065198857748165 ], [ -46.41334072171788, -23.06519439472768 ], [ -46.413340675541662, -23.065189974434389 ], [ -46.413345429554766, -23.065187721560427 ], [ -46.413350160479453, -23.06518325853969 ], [ -46.413352479765102, -23.065176606736003 ], [ -46.413354822138857, -23.065172165078913 ], [ -46.413359576151095, -23.065169912204571 ], [ -46.413359529974315, -23.065165491911294 ], [ -46.413359483797542, -23.065161071618039 ], [ -46.413359437620784, -23.065156651324759 ], [ -46.413359391444033, -23.065152231031487 ], [ -46.413359345267303, -23.06514781073821 ], [ -46.413359299090573, -23.065143390444941 ], [ -46.413359252913864, -23.065138970151654 ], [ -46.413359206737162, -23.065134549858374 ], [ -46.413359160560468, -23.065130129565087 ], [ -46.413359114383788, -23.065125709271801 ], [ -46.413359045118789, -23.065119078831863 ], [ -46.413358998942144, -23.065114658538569 ], [ -46.413358952765499, -23.065110238245275 ], [ -46.413358906588869, -23.06510581795197 ], [ -46.413358860412252, -23.065101397658673 ], [ -46.413361202784635, -23.065096956001529 ], [ -46.413361156607962, -23.065092535708235 ], [ -46.413361110431303, -23.06508811541492 ], [ -46.413361064254659, -23.065083695121615 ], [ -46.413361018078014, -23.0650792748283 ], [ -46.41336097190139, -23.065074854534995 ], [ -46.413360925724774, -23.065070434241672 ], [ -46.413360879548172, -23.065066013948357 ], [ -46.413360833371577, -23.065061593655034 ], [ -46.413360787194996, -23.065057173361723 ], [ -46.413358352470226, -23.065052774432178 ], [ -46.413358306293745, -23.065048354138849 ], [ -46.413358260117271, -23.065043933845516 ], [ -46.413358213940818, -23.065039513552183 ], [ -46.413358167764372, -23.065035093258835 ], [ -46.413358121587933, -23.065030672965495 ], [ -46.413358075411509, -23.065026252672148 ], [ -46.413358029235098, -23.065021832378804 ], [ -46.413357983058695, -23.065017412085446 ], [ -46.413357936882306, -23.065012991792099 ], [ -46.413357890705932, -23.065008571498741 ], [ -46.413357844529564, -23.06500415120539 ], [ -46.413357798353211, -23.064999730912024 ], [ -46.413357752176871, -23.064995310618659 ], [ -46.413355294365296, -23.064988701542301 ], [ -46.41335047109505, -23.064984323976187 ], [ -46.413350424918974, -23.064979903682797 ], [ -46.413350378742919, -23.064975483389418 ], [ -46.413350332566864, -23.064971063096024 ], [ -46.413347897844133, -23.064966664166196 ], [ -46.413347851668192, -23.064962243872788 ], [ -46.413347782404294, -23.064955613432677 ], [ -46.413347736228374, -23.064951193139276 ], [ -46.413347690052468, -23.064946772845861 ], [ -46.41334764387657, -23.064942352552453 ], [ -46.413342843696157, -23.064940185132695 ], [ -46.413341614791278, -23.064936880594338 ], [ -46.41334160324736, -23.064935775520986 ], [ -46.413341580159518, -23.064933565374275 ], [ -46.413341557071689, -23.064931355227557 ], [ -46.413341533983854, -23.064929145080843 ], [ -46.413341510896025, -23.064926934934121 ], [ -46.413341476264293, -23.06492361971404 ], [ -46.413341453176464, -23.064921409567326 ], [ -46.41334143008865, -23.064919199420608 ], [ -46.413341407000829, -23.06491698927389 ], [ -46.413341383913021, -23.064914779127164 ], [ -46.413342555098083, -23.064912558298747 ], [ -46.413343726283109, -23.064910337470319 ], [ -46.413344897468107, -23.064908116641881 ], [ -46.413344874380243, -23.064905906495156 ], [ -46.413344851292386, -23.064903696348434 ], [ -46.413344828204529, -23.064901486201723 ], [ -46.413344805116679, -23.064899276055005 ], [ -46.413348364847039, -23.064897033863083 ], [ -46.413348341759132, -23.064894823716369 ], [ -46.413348318671233, -23.064892613569643 ], [ -46.41334829558334, -23.064890403422933 ], [ -46.413349455224143, -23.064887077521103 ], [ -46.413349432136229, -23.064884867374381 ], [ -46.413349409048315, -23.064882657227667 ], [ -46.413349385960409, -23.064880447080942 ], [ -46.413349362872509, -23.064878236934209 ], [ -46.41334933978461, -23.064876026787495 ], [ -46.413349316696717, -23.06487381664077 ], [ -46.413349282064878, -23.064870501420682 ], [ -46.4133480647045, -23.064868301955691 ], [ -46.413348041616636, -23.064866091808963 ], [ -46.413348018528765, -23.064863881662234 ], [ -46.413346789624569, -23.064860577123859 ], [ -46.413346766536733, -23.064858366977131 ], [ -46.413346743448891, -23.064856156830402 ], [ -46.413346720361062, -23.064853946683662 ], [ -46.413346685729323, -23.064850631463564 ], [ -46.413346662641494, -23.064848421316835 ], [ -46.413349028098239, -23.064846189806669 ], [ -46.413349005010382, -23.06484397965993 ], [ -46.413351382010966, -23.064842853223094 ], [ -46.413352541651356, -23.064839527321254 ], [ -46.413353712835651, -23.064837306492777 ], [ -46.413354884019917, -23.064835085664281 ], [ -46.413357249476299, -23.064832854154005 ], [ -46.413358420660465, -23.064830633325496 ], [ -46.413360797660737, -23.064829506888533 ], [ -46.413360774572702, -23.064827296741797 ], [ -46.413360751484674, -23.064825086595079 ], [ -46.413363128484825, -23.064823960158083 ], [ -46.413364288124782, -23.064820634256176 ], [ -46.413365459308736, -23.064818413427609 ], [ -46.413367824764663, -23.064816181917195 ], [ -46.413367801676536, -23.064813971770469 ], [ -46.413368972860376, -23.064811750941892 ], [ -46.413370120956017, -23.064807319966576 ], [ -46.413372509499879, -23.064807298602819 ], [ -46.413372486411681, -23.064805088456104 ], [ -46.413372463323491, -23.064802878309379 ], [ -46.413373622963064, -23.064799552407408 ], [ -46.413373599874852, -23.064797342260686 ], [ -46.413373576786647, -23.064795132113968 ], [ -46.413373553698442, -23.064792921967239 ], [ -46.413374724882026, -23.064790701138623 ], [ -46.413375896065581, -23.06478848031 ], [ -46.41337587297734, -23.064786270163282 ], [ -46.413375849889114, -23.064784060016557 ], [ -46.41337582680088, -23.064781849869828 ], [ -46.413375803712661, -23.06477963972311 ], [ -46.413375780624442, -23.064777429576381 ], [ -46.413375745992113, -23.064774114356286 ], [ -46.413375722903901, -23.064771904209568 ], [ -46.413375699815688, -23.064769694062836 ], [ -46.413375676727476, -23.064767483916114 ], [ -46.413375653639271, -23.064765273769378 ], [ -46.413375630551073, -23.064763063622642 ], [ -46.413375595918772, -23.064759748402562 ], [ -46.413374378559084, -23.064757548937703 ], [ -46.413374355470914, -23.064755338790974 ], [ -46.413374332382737, -23.064753128644238 ], [ -46.413373103479067, -23.064749824106013 ], [ -46.413371886119521, -23.064747624641129 ], [ -46.413371863031401, -23.064745414494389 ], [ -46.413371839943281, -23.064743204347657 ], [ -46.413371816855161, -23.064740994200918 ], [ -46.413369405224401, -23.064738805417861 ], [ -46.413369382136324, -23.064736595271118 ], [ -46.413369359048254, -23.064734385124371 ], [ -46.41336814168892, -23.064732185659452 ], [ -46.413366924329623, -23.064729986194518 ], [ -46.413366901241609, -23.064727776047771 ], [ -46.413365683882375, -23.064725576582831 ], [ -46.413364466523184, -23.064723377117868 ], [ -46.413362066436825, -23.064722293408046 ], [ -46.41336204334889, -23.0647200832613 ], [ -46.41335963171867, -23.064717894478061 ], [ -46.413359608630778, -23.064715684331304 ], [ -46.413357208544596, -23.064714600621404 ], [ -46.413354773826747, -23.064710201691316 ], [ -46.413352362196818, -23.064708012907957 ], [ -46.413352339109061, -23.064705802761182 ], [ -46.413351121750281, -23.064703603296103 ], [ -46.413349904391538, -23.064701403831005 ], [ -46.413347492761851, -23.064699215047558 ], [ -46.413347469674179, -23.064697004900776 ], [ -46.413347446586513, -23.064694794754004 ], [ -46.413345046500801, -23.064693711043891 ], [ -46.413343829142256, -23.064691511578737 ], [ -46.413342611783747, -23.064689312113572 ], [ -46.413342588696175, -23.064687101966783 ], [ -46.413340177066864, -23.064684913183196 ], [ -46.413337776981379, -23.064683829472965 ], [ -46.413336559623048, -23.06468163000774 ], [ -46.413335353808478, -23.064680535615896 ], [ -46.4133353191773, -23.064677220395708 ], [ -46.413335273002417, -23.064672800102123 ], [ -46.413335226827535, -23.064668379808534 ], [ -46.413335180652673, -23.064663959514949 ], [ -46.413335134477819, -23.064659539221349 ], [ -46.413335088302972, -23.06465511892776 ], [ -46.413332653587005, -23.064650719997204 ], [ -46.413327830330132, -23.064646342429587 ], [ -46.413323007073579, -23.064641964861799 ], [ -46.413322960899166, -23.064637544568168 ], [ -46.413318137643095, -23.064633167000206 ], [ -46.413318091468867, -23.064628746706575 ], [ -46.413315656753959, -23.064624347775695 ], [ -46.413313222039214, -23.064619948844779 ], [ -46.41331078732464, -23.0646155499138 ], [ -46.41330596406975, -23.064611172345401 ], [ -46.413301140815186, -23.064606794776829 ], [ -46.413301094641568, -23.064602374483147 ], [ -46.41329627138748, -23.064597996914394 ], [ -46.413291448133705, -23.064593619345487 ], [ -46.413286624880236, -23.064589241776414 ], [ -46.413279413087054, -23.064584885569367 ], [ -46.413274589834288, -23.064580507999878 ], [ -46.413269789668099, -23.064578340577121 ], [ -46.413267354955714, -23.064573941645342 ], [ -46.413264920243506, -23.064569542713532 ], [ -46.41326487407116, -23.064565122419744 ], [ -46.413260073905661, -23.064562954996646 ], [ -46.413260027733486, -23.064558534702865 ], [ -46.413255204482304, -23.06455415713269 ], [ -46.413252769770871, -23.064549758200645 ], [ -46.413250335059594, -23.064545359268543 ], [ -46.413250288887781, -23.064540938974716 ], [ -46.413250242715975, -23.064536518680892 ], [ -46.41325017345828, -23.064529888240148 ], [ -46.413250127286503, -23.064525467946321 ], [ -46.413250081114739, -23.064521047652473 ], [ -46.413254835106642, -23.064518794782153 ], [ -46.413259566012357, -23.064514331764773 ], [ -46.41326429691776, -23.064509868747262 ], [ -46.413266639284203, -23.064505427091564 ], [ -46.413266593111942, -23.064501006797745 ], [ -46.413271347102857, -23.064498753926959 ], [ -46.413273689468902, -23.064494312271158 ], [ -46.413273643296435, -23.06448989197736 ], [ -46.413273597123982, -23.064485471683543 ], [ -46.41327355095153, -23.064481051389734 ], [ -46.413273504779099, -23.064476631095914 ], [ -46.413273435520473, -23.064470000655199 ], [ -46.413271000810134, -23.064465601723331 ], [ -46.413266200648174, -23.064463434300226 ], [ -46.413266154476027, -23.064459014006385 ], [ -46.41326610830388, -23.064454593712544 ], [ -46.413263673594081, -23.06445019478053 ], [ -46.413258873432788, -23.064448027357169 ], [ -46.413256438723351, -23.064443628425028 ], [ -46.413254004014078, -23.064439229492837 ], [ -46.413249180767551, -23.064434851922208 ], [ -46.413249134596015, -23.064430431628317 ], [ -46.413246676801514, -23.064423822549035 ], [ -46.413246630630091, -23.064419402255147 ], [ -46.413244172835938, -23.064412793175791 ], [ -46.413241738127667, -23.064408394243351 ], [ -46.413236937968215, -23.064406226819216 ], [ -46.413236891797141, -23.064401806525289 ], [ -46.413236845626081, -23.064397386231363 ], [ -46.413229656930362, -23.064395240168324 ], [ -46.413227176052175, -23.064386420941652 ], [ -46.413217621905829, -23.064386506386199 ], [ -46.413215187198915, -23.064382107453273 ], [ -46.413210363955713, -23.064377729881262 ], [ -46.413205586882825, -23.064377772603084 ], [ -46.413200763640084, -23.064373395030753 ], [ -46.413195963482487, -23.064371227605264 ], [ -46.413191163325038, -23.064369060179629 ], [ -46.413186386252406, -23.064369102900855 ], [ -46.41318158609517, -23.064366935474919 ], [ -46.413176785938084, -23.064364768048812 ], [ -46.413172008865573, -23.0643648107696 ], [ -46.413167231793054, -23.064364853490243 ], [ -46.413160066184247, -23.064364917570938 ], [ -46.4131552891117, -23.064364960291211 ], [ -46.413150512039131, -23.064365003011353 ], [ -46.413145734966562, -23.064365045731346 ], [ -46.41314095789398, -23.06436508845119 ], [ -46.413136226989081, -23.064369551465038 ], [ -46.413131449916321, -23.064369594184608 ], [ -46.413126672843546, -23.064369636904036 ], [ -46.413121895770757, -23.064369679623315 ], [ -46.413117118697961, -23.064369722342445 ], [ -46.413112341625151, -23.064369765061439 ], [ -46.413105152932573, -23.064367618992563 ], [ -46.413102718229595, -23.064363220057682 ], [ -46.413102672063005, -23.064358799763479 ], [ -46.41310260281314, -23.064352169322163 ], [ -46.413097802657717, -23.064350001893576 ], [ -46.413095367955322, -23.064345602958543 ], [ -46.41309293325309, -23.064341204023481 ], [ -46.413088133098199, -23.064339036594564 ], [ -46.413080944407611, -23.064336890524473 ], [ -46.413076121170214, -23.064332512948045 ], [ -46.413073686468856, -23.064328114012621 ], [ -46.413066543944375, -23.064330388236129 ], [ -46.413064109243358, -23.064325989300546 ], [ -46.413061674542504, -23.064321590364912 ], [ -46.413061628377349, -23.064317170070602 ], [ -46.413061582212208, -23.064312749776299 ], [ -46.413059147511696, -23.064308350840598 ], [ -46.413056712811347, -23.064303951904858 ], [ -46.413056666646391, -23.06429953161053 ], [ -46.413056620481449, -23.064295111316195 ], [ -46.413056574316514, -23.064290691021863 ], [ -46.413058916686587, -23.064286249368973 ], [ -46.413063624508844, -23.06427957621025 ], [ -46.41306833233066, -23.064272903051403 ], [ -46.413070674700059, -23.064268461398367 ], [ -46.413070628534726, -23.064264041104042 ], [ -46.413072970903904, -23.064259599450967 ], [ -46.413072924738515, -23.064255179156643 ], [ -46.413072878573139, -23.064250758862322 ], [ -46.413072809325101, -23.064244128420835 ], [ -46.413072763159754, -23.064239708126497 ], [ -46.413072716994421, -23.064235287832165 ], [ -46.413072670829095, -23.064230867537834 ], [ -46.413072624663783, -23.064226447243499 ], [ -46.413072578498479, -23.064222026949146 ], [ -46.413072532333196, -23.064217606654811 ], [ -46.413072486167913, -23.064213186360458 ], [ -46.413067639852876, -23.064206598636289 ], [ -46.41306281662078, -23.064202221059134 ], [ -46.413060358840013, -23.064195611976114 ], [ -46.413055512526221, -23.064189024251498 ], [ -46.413053077828366, -23.064184625315523 ], [ -46.413045889146581, -23.064182479243364 ], [ -46.413038700465009, -23.064180333170857 ], [ -46.413033900316755, -23.064178165739929 ], [ -46.413029123250531, -23.06417820845607 ], [ -46.413024346184308, -23.064178251172063 ], [ -46.413019569118063, -23.06417829388792 ], [ -46.413014792051811, -23.064178336603636 ], [ -46.413010014985545, -23.064178379319195 ], [ -46.413005237919272, -23.064178422034615 ], [ -46.413000460852984, -23.064178464749894 ], [ -46.41299568378669, -23.064178507465023 ], [ -46.412990906720374, -23.064178550180014 ], [ -46.412986106572873, -23.064176382747586 ], [ -46.412981306425507, -23.064174215315017 ], [ -46.412976483197276, -23.064169837735001 ], [ -46.412966905984312, -23.064167713016356 ], [ -46.412962105837543, -23.064165545583165 ], [ -46.412957328771625, -23.064165588297115 ], [ -46.412952528625063, -23.064163420863611 ], [ -46.412947751559201, -23.06416346357727 ], [ -46.412942951412859, -23.064161296143471 ], [ -46.412938151266658, -23.06415912870952 ], [ -46.412928574054938, -23.06415700398848 ], [ -46.412923773909107, -23.064154836554064 ], [ -46.41291899684348, -23.064154879266837 ], [ -46.412914196697862, -23.064152711832129 ], [ -46.412909396552394, -23.064150544397265 ], [ -46.412904596407067, -23.06414837696224 ], [ -46.412899819341639, -23.064148419674424 ], [ -46.412890242131141, -23.064146294950977 ], [ -46.412885441986248, -23.064144127515359 ], [ -46.412880664920927, -23.06414417022695 ], [ -46.412875887855584, -23.064144212938405 ], [ -46.412871110790235, -23.064144255649712 ], [ -46.412868676099109, -23.064139856710533 ], [ -46.412863899033901, -23.064139899421619 ], [ -46.412859098889612, -23.064137731985152 ], [ -46.412854321824462, -23.06413777469594 ], [ -46.412851887133982, -23.064133375756469 ], [ -46.412847040832382, -23.06412678802479 ], [ -46.412844606142357, -23.064122389085185 ], [ -46.412839829077711, -23.064122431795511 ], [ -46.412835005855754, -23.064118054210834 ], [ -46.412830182634103, -23.064113676626 ], [ -46.412825405569741, -23.064113719335868 ], [ -46.412822970880661, -23.064109320395861 ], [ -46.412818147659706, -23.064104942810623 ], [ -46.412813370595622, -23.064104985520114 ], [ -46.412808547375121, -23.064100607934545 ], [ -46.412803747233056, -23.064098440496281 ], [ -46.412798970169185, -23.064098483205331 ], [ -46.412794170027325, -23.064096315766761 ], [ -46.412789392963504, -23.064096358475513 ], [ -46.412784569744062, -23.064091980889152 ], [ -46.412779746524933, -23.064087603302632 ], [ -46.412774969461388, -23.064087646010936 ], [ -46.412770146242721, -23.064083268424099 ], [ -46.412765346101828, -23.064081100984598 ], [ -46.412758157429444, -23.064078954898822 ], [ -46.412753357288892, -23.06407678745893 ], [ -46.412748580225667, -23.064076830166414 ], [ -46.412743780085322, -23.064074662726238 ], [ -46.412738956868097, -23.06407028513836 ], [ -46.412734179805071, -23.0640703278454 ], [ -46.412729379665166, -23.064068160404751 ], [ -46.412724602602204, -23.064068203111496 ], [ -46.412719802462519, -23.06406603567055 ], [ -46.412715002322976, -23.064063868229454 ], [ -46.41270781365219, -23.064061722141279 ], [ -46.412700624981618, -23.064059576052781 ], [ -46.412695824842586, -23.064057408611067 ], [ -46.41269104777993, -23.064057451316778 ], [ -46.412683859109812, -23.064055305227495 ], [ -46.412679058971179, -23.064053137785244 ], [ -46.412674235756732, -23.064048760195245 ], [ -46.412669458694339, -23.064048802900295 ], [ -46.412662270024974, -23.064046656809978 ], [ -46.412657469886959, -23.064044489367035 ], [ -46.412650304293543, -23.064044553423777 ], [ -46.412645481080297, -23.06404017583284 ], [ -46.412640657867371, -23.064035798241729 ], [ -46.412640588641231, -23.064029167798818 ], [ -46.41263337689805, -23.064024811559463 ], [ -46.412633330747546, -23.064020391264172 ], [ -46.412633284597057, -23.064015970968871 ], [ -46.412633238446574, -23.06401155067358 ], [ -46.412633192296106, -23.064007130378275 ], [ -46.412633146145645, -23.064002710082974 ], [ -46.412633099995197, -23.063998289787662 ], [ -46.412633053844758, -23.063993869492361 ], [ -46.412633007694339, -23.063989449197045 ], [ -46.412632961543927, -23.063985028901737 ], [ -46.412632915393523, -23.063980608606414 ], [ -46.412630457638024, -23.06397399951528 ], [ -46.412630411487726, -23.063969579219957 ], [ -46.412630365337449, -23.063965158924624 ], [ -46.412630319187173, -23.063960738629294 ], [ -46.412627884507302, -23.063956339685753 ], [ -46.412625449827594, -23.063951940742172 ], [ -46.412625403677517, -23.06394752044681 ], [ -46.412625357527439, -23.063943100151473 ], [ -46.412625311377383, -23.063938679856108 ], [ -46.412622853623127, -23.063932070764778 ], [ -46.412620418944066, -23.063927671821066 ], [ -46.412620372794208, -23.063923251525697 ], [ -46.412620326644351, -23.063918831230318 ], [ -46.412620280494508, -23.063914410934949 ], [ -46.412620211269775, -23.063907780491878 ], [ -46.412620165119961, -23.063903360196488 ], [ -46.41262011897016, -23.063898939901108 ], [ -46.412620072820367, -23.063894519605714 ], [ -46.412620026670588, -23.063890099310324 ], [ -46.412619980520823, -23.063885679014927 ], [ -46.41262232289936, -23.063881237367923 ], [ -46.412624665277747, -23.06387679572088 ], [ -46.41262941925914, -23.063874542869797 ], [ -46.412629373109105, -23.063870122574414 ], [ -46.412629326959078, -23.063865702279024 ], [ -46.412636446392838, -23.063861217928324 ], [ -46.412636400242604, -23.063856797632951 ], [ -46.412638742620139, -23.06385235598573 ], [ -46.412643496600431, -23.063850103134275 ], [ -46.412643450449991, -23.063845682838906 ], [ -46.412648181354683, -23.063841219839631 ], [ -46.412648135204101, -23.063836799544269 ], [ -46.412652866108338, -23.063832336544877 ], [ -46.412657643163122, -23.063832293840704 ], [ -46.41265998553957, -23.063827852193224 ], [ -46.412662327915861, -23.063823410545705 ], [ -46.41266228176486, -23.063818990250358 ], [ -46.412667035743588, -23.063816737398248 ], [ -46.412671789722147, -23.063814484546018 ], [ -46.412671743570861, -23.063810064250681 ], [ -46.412674085946485, -23.063805622603013 ], [ -46.412676428321966, -23.063801180955323 ], [ -46.412676382170552, -23.063796760659987 ], [ -46.41267872454582, -23.063792319012265 ], [ -46.412678678394357, -23.063787898716921 ], [ -46.412680997693641, -23.063781246921504 ], [ -46.412685751670729, -23.063778994068912 ], [ -46.41268570551906, -23.063774573773589 ], [ -46.412685659367405, -23.063770153478249 ], [ -46.412685613215764, -23.063765733182919 ], [ -46.412685567064138, -23.063761312887578 ], [ -46.412687909438546, -23.063756871239747 ], [ -46.412692663414674, -23.063754618386977 ], [ -46.412697417390639, -23.063752365534086 ], [ -46.412702148290364, -23.063747902533407 ], [ -46.412706856113644, -23.063741229384927 ], [ -46.412713975538324, -23.063736745031118 ], [ -46.412718683360637, -23.06373007188234 ], [ -46.412721025733454, -23.063725630234075 ], [ -46.412723368106121, -23.063721188585788 ], [ -46.412728099003914, -23.063716725584399 ], [ -46.412730441376205, -23.063712283936024 ], [ -46.412730395223228, -23.06370786364073 ], [ -46.412730349070259, -23.06370344334545 ], [ -46.412732691442272, -23.063699001697042 ], [ -46.412732645289253, -23.063694581401752 ], [ -46.412732599136241, -23.063690161106475 ], [ -46.412732552983243, -23.063685740811177 ], [ -46.41273250683026, -23.06368132051589 ], [ -46.412727660551731, -23.063674732779095 ], [ -46.412727614398925, -23.063670312483783 ], [ -46.41272756824614, -23.063665892188471 ], [ -46.412727522093356, -23.063661471893166 ], [ -46.412727475940592, -23.063657051597843 ], [ -46.412727429787836, -23.063652631302528 ], [ -46.412727360558726, -23.063646000859542 ], [ -46.412727314405991, -23.063641580564216 ], [ -46.412727268253278, -23.063637160268886 ], [ -46.412727222100571, -23.063632739973553 ], [ -46.412727175947879, -23.063628319678219 ], [ -46.412727129795201, -23.063623899382883 ], [ -46.412722306595398, -23.063619521793445 ], [ -46.412722260442891, -23.063615101498094 ], [ -46.412722214290397, -23.063610681202743 ], [ -46.412722168137918, -23.063606260907385 ], [ -46.412719710386, -23.063599651817224 ], [ -46.412714887187335, -23.063595274227481 ], [ -46.412710110141028, -23.063595316932965 ], [ -46.412705333094721, -23.063595359638306 ], [ -46.412700556048392, -23.063595402343498 ], [ -46.412693390478886, -23.063595466401019 ], [ -46.412688613432529, -23.063595509105852 ], [ -46.412683836386165, -23.06359555181054 ], [ -46.412679128566367, -23.063602224958252 ], [ -46.412674351519748, -23.06360226766267 ], [ -46.412669574473114, -23.063602310366932 ], [ -46.412664797426473, -23.063602353071062 ], [ -46.412660020379818, -23.063602395775042 ], [ -46.412655243333148, -23.063602438478878 ], [ -46.412650489361532, -23.063604691330319 ], [ -46.412645712314763, -23.06360473403387 ], [ -46.412640935267987, -23.063604776737282 ], [ -46.412636204370862, -23.063609239736063 ], [ -46.412631450398671, -23.063611492586961 ], [ -46.412626673351625, -23.063611535289944 ], [ -46.412621896304557, -23.063611577992791 ], [ -46.41261711925749, -23.06361162069549 ], [ -46.412609953686868, -23.063611684749272 ], [ -46.412605176639765, -23.063611727451612 ], [ -46.412600399592662, -23.063611770153809 ], [ -46.412595645619717, -23.063614023003655 ], [ -46.412590914720717, -23.063618486001172 ], [ -46.412586160747367, -23.063620738850751 ], [ -46.412578995176162, -23.063620802903152 ], [ -46.412574218128682, -23.063620845604575 ], [ -46.412569441081182, -23.063620888305845 ], [ -46.412564664033674, -23.06362093100698 ], [ -46.412559886986159, -23.06362097370797 ], [ -46.412555086865105, -23.063618806260976 ], [ -46.412550286744199, -23.063616638813826 ], [ -46.412545486623443, -23.063614471366524 ], [ -46.412540709576113, -23.06361451406692 ], [ -46.412535909455563, -23.063612346619326 ], [ -46.412531132408297, -23.063612389319431 ], [ -46.412528651592325, -23.063603570077976 ], [ -46.412523851472358, -23.063601402629974 ], [ -46.412519028279618, -23.063597025033946 ], [ -46.412514205087191, -23.063592647437758 ], [ -46.412511770418313, -23.063588248491708 ], [ -46.412506947226433, -23.063583870895261 ], [ -46.412504512557959, -23.063579471949083 ], [ -46.412497300843626, -23.063575115701873 ], [ -46.41249484310314, -23.063568506607613 ], [ -46.412494796958178, -23.063564086311793 ], [ -46.412499527858721, -23.063559623317069 ], [ -46.412504304904196, -23.063559580618012 ], [ -46.412509058876964, -23.063557327770919 ], [ -46.412511401254172, -23.063552886125475 ], [ -46.412516155226577, -23.063550633278187 ], [ -46.412520932271697, -23.063550590578643 ], [ -46.412520886125925, -23.063546170282869 ], [ -46.412525640097932, -23.063543917435311 ], [ -46.412530394069762, -23.063541664587614 ], [ -46.412535148041428, -23.063539411739779 ], [ -46.412539902012938, -23.063537158891808 ], [ -46.412544632911022, -23.063532695895837 ], [ -46.412549409955453, -23.063532653195466 ], [ -46.412554186999877, -23.063532610494949 ], [ -46.412558964044287, -23.063532567794287 ], [ -46.41256374108869, -23.063532525093482 ], [ -46.412568541206724, -23.063534692540376 ], [ -46.412573318251177, -23.06353464983928 ], [ -46.412578095295615, -23.063534607138035 ], [ -46.412582872340053, -23.063534564436647 ], [ -46.412587626310511, -23.063532311587291 ], [ -46.412592357206776, -23.063527848589967 ], [ -46.41259469958073, -23.063523406943446 ], [ -46.412597041954534, -23.063518965296886 ], [ -46.412596995806346, -23.063514545001244 ], [ -46.41260174977586, -23.063512292151501 ], [ -46.412604092149259, -23.063507850504848 ], [ -46.412606411448273, -23.063501198710345 ], [ -46.412606365299823, -23.063496778414716 ], [ -46.412606319151372, -23.063492358119071 ], [ -46.412606273002943, -23.063487937823435 ], [ -46.412606203780321, -23.063481307379963 ], [ -46.412606111483527, -23.06347246678866 ], [ -46.412606065335147, -23.063468046493011 ], [ -46.412606019186782, -23.06346362619735 ], [ -46.412601195996693, -23.063459248603653 ], [ -46.412598761327722, -23.063454849658896 ], [ -46.412598715179612, -23.063450429363215 ], [ -46.412598669031532, -23.06344600906754 ], [ -46.412598622883451, -23.063441588771859 ], [ -46.412603353776333, -23.063437125774328 ], [ -46.412608107743083, -23.063434872924514 ], [ -46.412612838635418, -23.063430409926728 ], [ -46.412615181007176, -23.063425968279965 ], [ -46.412619958047699, -23.063425925577651 ], [ -46.412624688939324, -23.063421462579537 ], [ -46.412624642790455, -23.063417042283895 ], [ -46.412629419830637, -23.063416999581303 ], [ -46.412634173796221, -23.063414746730761 ], [ -46.412636516167019, -23.06341030508371 ], [ -46.412641270132248, -23.063408052232965 ], [ -46.412643612502706, -23.063403610585816 ], [ -46.412648343392775, -23.063399147587077 ], [ -46.412653120432275, -23.063399104883803 ], [ -46.412655462802199, -23.063394663236505 ], [ -46.412660239841529, -23.063394620533028 ], [ -46.412664970730717, -23.063390157533821 ], [ -46.412669724694737, -23.063387904682273 ], [ -46.412672067063916, -23.063383463034757 ], [ -46.412676821027574, -23.063381210183017 ], [ -46.412679140321139, -23.063374558387633 ], [ -46.412679094170599, -23.063370138092068 ], [ -46.412674294056977, -23.063367970648279 ], [ -46.412667105424354, -23.063365824556211 ], [ -46.412662305311059, -23.063363657112053 ], [ -46.41265750519792, -23.063361489667734 ], [ -46.412652658935272, -23.063354901927635 ], [ -46.412647881897321, -23.063354944630813 ], [ -46.41264310485937, -23.063354987333856 ], [ -46.412638327821398, -23.063355030036746 ], [ -46.412633527708913, -23.06335286259166 ], [ -46.412628704522149, -23.063348484998585 ], [ -46.412623927484375, -23.063348527701038 ], [ -46.412619104298066, -23.063344150107635 ], [ -46.412614281112063, -23.063339772514073 ], [ -46.41260948100048, -23.063337605068213 ], [ -46.412609434852293, -23.063333184772489 ], [ -46.412611754148543, -23.063326532977928 ], [ -46.412616485037169, -23.063322069980174 ], [ -46.412621238999741, -23.06331981713015 ], [ -46.412626016036505, -23.063319774427836 ], [ -46.412630769998827, -23.06331752157752 ], [ -46.412633112368248, -23.063313079930555 ], [ -46.412637866330208, -23.063310827080048 ], [ -46.412642620292011, -23.063308574229406 ], [ -46.412647374253652, -23.063306321378629 ], [ -46.412652128215122, -23.063304068527724 ], [ -46.412656859101602, -23.063299605528844 ], [ -46.412661636137578, -23.063299562825492 ], [ -46.41266397850567, -23.063295121178118 ], [ -46.412668755541475, -23.063295078474553 ], [ -46.412673486427082, -23.063290615475218 ], [ -46.412678240387528, -23.063288362623567 ], [ -46.412682971272588, -23.063283899623972 ], [ -46.412687725232637, -23.063281646772055 ], [ -46.412692479192522, -23.063279393919995 ], [ -46.412697279303181, -23.063281561363389 ], [ -46.412699713971833, -23.063285960306715 ], [ -46.412702148640641, -23.063290359249986 ], [ -46.412709360345325, -23.063294715488421 ], [ -46.412709406496688, -23.063299135783978 ], [ -46.412714229684077, -23.063303513374581 ], [ -46.412719052871765, -23.06330789096501 ], [ -46.412723876059772, -23.063312268555283 ], [ -46.41272867617208, -23.063314435997626 ], [ -46.412733476284522, -23.063316603439823 ], [ -46.412738276397114, -23.063318770881867 ], [ -46.412743053433594, -23.063318728176014 ], [ -46.412747876622745, -23.06332310576548 ], [ -46.412757476848967, -23.063327440648496 ], [ -46.412762276962297, -23.063329608089759 ], [ -46.412767077075777, -23.063331775530873 ], [ -46.412774265707874, -23.063333921618401 ], [ -46.412779065821681, -23.063336089059145 ], [ -46.412783842858687, -23.063336046352031 ], [ -46.412788642972714, -23.063338213792459 ], [ -46.412793420009777, -23.063338171085054 ], [ -46.412795854682585, -23.063342570026659 ], [ -46.412800631719797, -23.063342527319023 ], [ -46.412805408756988, -23.063342484611244 ], [ -46.412810185794172, -23.06334244190332 ], [ -46.412814962831341, -23.063342399195257 ], [ -46.412819739868496, -23.063342356487041 ], [ -46.412824516905637, -23.063342313778691 ], [ -46.412826859268904, -23.063337872129161 ], [ -46.412831613228157, -23.063335619272948 ], [ -46.412833955591083, -23.063331177623322 ], [ -46.4128434635087, -23.063326671910371 ], [ -46.412843417352889, -23.063322251615087 ], [ -46.41284814823333, -23.063317788610778 ], [ -46.412852879113458, -23.063313325606334 ], [ -46.412852809879332, -23.063306695163426 ], [ -46.4128551522411, -23.06330225351353 ], [ -46.412859906198612, -23.063300000656543 ], [ -46.412862248560032, -23.063295559006555 ], [ -46.412864590921309, -23.063291117356538 ], [ -46.412866933282437, -23.063286675706482 ], [ -46.412869275643416, -23.063282234056409 ], [ -46.412871618004246, -23.063277792406293 ], [ -46.412873960364934, -23.063273350756162 ], [ -46.412881056681456, -23.063266656248434 ], [ -46.41288578755875, -23.063262193243123 ], [ -46.412890541514329, -23.063259940385297 ], [ -46.41289766090803, -23.063255456024514 ], [ -46.412902437941945, -23.063255413313954 ], [ -46.412907214975853, -23.063255370603255 ], [ -46.412911992009747, -23.063255327892403 ], [ -46.412916769043633, -23.063255285181416 ], [ -46.412921546077506, -23.063255242470277 ], [ -46.412926323111364, -23.063255199759002 ], [ -46.412931100145215, -23.063255157047575 ], [ -46.412935877179059, -23.063255114336009 ], [ -46.412940654212882, -23.063255071624297 ], [ -46.412945431246698, -23.06325502891244 ], [ -46.412950208280506, -23.063254986200434 ], [ -46.4129549853143, -23.063254943488293 ], [ -46.412962150864963, -23.063254879419805 ], [ -46.412966904818887, -23.063252626559745 ], [ -46.41296685865921, -23.063248206264657 ], [ -46.412971612612822, -23.06324595340449 ], [ -46.412976343486285, -23.063241490396635 ], [ -46.41297868584288, -23.06323704874513 ], [ -46.412983416715804, -23.06323258573709 ], [ -46.412985759072022, -23.063228144085492 ], [ -46.412990489944413, -23.063223681077265 ], [ -46.412992832300255, -23.063219239425578 ], [ -46.412995174655954, -23.063214797773853 ], [ -46.412997493931215, -23.063208145974574 ], [ -46.412999836286581, -23.063203704322799 ], [ -46.413004590238067, -23.063201451461723 ], [ -46.413004544077275, -23.063197031166677 ], [ -46.413009274947974, -23.063192568157955 ], [ -46.413014028898907, -23.063190315296616 ], [ -46.41301398273783, -23.063185895001592 ], [ -46.413013936576768, -23.06318147470655 ], [ -46.413013890415719, -23.063177054411518 ], [ -46.413013844254678, -23.06317263411648 ], [ -46.413016186608949, -23.063168192464495 ], [ -46.413020917478292, -23.063163729455475 ], [ -46.413020871317052, -23.063159309160447 ], [ -46.41302321367089, -23.06315486750837 ], [ -46.413025532943884, -23.06314821570875 ], [ -46.413032698488685, -23.063148151637346 ], [ -46.413037429356791, -23.063143688627886 ], [ -46.413039771709819, -23.063139246975602 ], [ -46.413049279606746, -23.063134741251158 ], [ -46.413054010473829, -23.063130278241243 ], [ -46.413058764421805, -23.063128025378695 ], [ -46.413061106773881, -23.063123583726135 ], [ -46.413065837640183, -23.063119120715893 ], [ -46.413070568506186, -23.063114657705533 ], [ -46.413075299371862, -23.063110194695028 ], [ -46.413080030237239, -23.063105731684413 ], [ -46.413084761102297, -23.063101268673663 ], [ -46.41308949196705, -23.063096805662777 ], [ -46.413094245913221, -23.063094552799228 ], [ -46.413099022941054, -23.063094510083012 ], [ -46.413101365291254, -23.063090068429933 ], [ -46.41310614231891, -23.06309002571351 ], [ -46.413108484668797, -23.063085584060325 ], [ -46.413113261696289, -23.063085541343696 ], [ -46.413118038723766, -23.063085498626915 ], [ -46.41312281575123, -23.063085455909999 ], [ -46.413127592778679, -23.06308541319293 ], [ -46.413132346723764, -23.063083160328294 ], [ -46.413137100668692, -23.063080907463515 ], [ -46.4131394430174, -23.063076465809932 ], [ -46.413144220044494, -23.063076423092379 ], [ -46.413146562392889, -23.063071981438711 ], [ -46.413153681767909, -23.063067497067181 ], [ -46.413156047198569, -23.063065265560802 ], [ -46.413157241455231, -23.063065254881309 ], [ -46.413159629968568, -23.063065233522288 ], [ -46.413162006940496, -23.063064107089531 ], [ -46.413164383912374, -23.063062980656746 ], [ -46.413166772425662, -23.063062959297621 ], [ -46.413169160938949, -23.063062937938458 ], [ -46.413171526369261, -23.063060706431866 ], [ -46.413173914882506, -23.063060685072639 ], [ -46.413176291854221, -23.063059558639672 ], [ -46.413178680367437, -23.06305953728037 ], [ -46.413182240054113, -23.063057295093966 ], [ -46.413184628567279, -23.063057273734575 ], [ -46.413187005538845, -23.063056147301452 ], [ -46.41318938251036, -23.063055020868301 ], [ -46.413191759481833, -23.063053894435114 ], [ -46.413194147994936, -23.063053873075582 ], [ -46.413196501882979, -23.063050536494952 ], [ -46.413198878854317, -23.063049410061666 ], [ -46.413200050027406, -23.063047189234478 ], [ -46.413202426998652, -23.063046062801138 ], [ -46.413203575088176, -23.063041631826557 ], [ -46.413205963601051, -23.063041610466861 ], [ -46.413207134773963, -23.063039389639624 ], [ -46.413208305946831, -23.063037168812379 ], [ -46.413209477119665, -23.06303494798513 ], [ -46.413211842548812, -23.063032716477977 ], [ -46.41321301372156, -23.063030495650711 ], [ -46.413212990637945, -23.063028285503332 ], [ -46.41321536760875, -23.063027159069826 ], [ -46.413217733037669, -23.063024927562594 ], [ -46.413220110008368, -23.06302380112902 ], [ -46.413222475437152, -23.063021569621725 ], [ -46.413222452353395, -23.06301935947436 ], [ -46.413223623525852, -23.06301713864702 ], [ -46.413225988954473, -23.063014907139685 ], [ -46.413228365924923, -23.06301378070599 ], [ -46.413230742895337, -23.063012654272256 ], [ -46.413231914067602, -23.063010433444866 ], [ -46.413234291037924, -23.06300930701109 ], [ -46.413235450668132, -23.063005981109999 ], [ -46.413237804554363, -23.063002644528815 ], [ -46.4132401815245, -23.063001518094961 ], [ -46.413242558494588, -23.063000391661074 ], [ -46.413242535410532, -23.06299818151372 ], [ -46.4132449008385, -23.06299595000613 ], [ -46.413246072010402, -23.06299372917864 ], [ -46.413248448980312, -23.062992602744668 ], [ -46.413248425896164, -23.062990392597325 ], [ -46.413250791323904, -23.062988161089649 ], [ -46.41325076823972, -23.062985950942302 ], [ -46.413251939411445, -23.06298373011478 ], [ -46.413253099041029, -23.062980404213587 ], [ -46.413254270212676, -23.062978183386047 ], [ -46.41325542984216, -23.062974857484825 ], [ -46.413256601013721, -23.062972636657278 ], [ -46.413256577929467, -23.062970426509938 ], [ -46.413256554845205, -23.062968216362588 ], [ -46.413256531760958, -23.062966006215245 ], [ -46.41325650867671, -23.062963796067901 ], [ -46.413256485592463, -23.062961585920551 ], [ -46.413256462508222, -23.062959375773197 ], [ -46.413256439423982, -23.062957165625857 ], [ -46.413256416339749, -23.06295495547851 ], [ -46.41325400474426, -23.062952766691538 ], [ -46.413252775862375, -23.062949462150684 ], [ -46.413250375809113, -23.062948378437326 ], [ -46.413249158469419, -23.062946178970119 ], [ -46.413247941129768, -23.062943979502901 ], [ -46.413245506450572, -23.062939580568411 ], [ -46.413245483366538, -23.06293737042105 ], [ -46.413245460282504, -23.062935160273689 ], [ -46.413241842890109, -23.062931877092918 ], [ -46.413241819806139, -23.062929666945553 ], [ -46.413241796722176, -23.062927456798178 ], [ -46.413241773638205, -23.062925246650813 ], [ -46.413241750554249, -23.062923036503427 ], [ -46.413240533214946, -23.062920837036138 ], [ -46.413240510131004, -23.062918626888763 ], [ -46.413239281249801, -23.062915322347752 ], [ -46.413238063910605, -23.062913122880428 ], [ -46.413238052368662, -23.062912017806738 ], [ -46.413242806305789, -23.062909764939111 ], [ -46.4132475833268, -23.062909722218727 ], [ -46.413252360347784, -23.062909679498194 ], [ -46.413257137368767, -23.062909636777523 ], [ -46.413261891305467, -23.062907383909341 ], [ -46.413266668326344, -23.062907341188385 ], [ -46.413271445347213, -23.062907298467284 ], [ -46.413276222368061, -23.062907255746037 ], [ -46.41328099938891, -23.062907213024651 ], [ -46.413285776409744, -23.062907170303113 ], [ -46.413290530345826, -23.062904917434107 ], [ -46.413295284281752, -23.062902664564959 ], [ -46.413300061302394, -23.062902621843001 ], [ -46.413304838323029, -23.062902579120898 ], [ -46.413311980768874, -23.062900304890157 ], [ -46.413316734704232, -23.062898052020387 ], [ -46.413321511724675, -23.062898009297786 ], [ -46.413326288745104, -23.062897966575044 ], [ -46.41333104268012, -23.062895713704869 ], [ -46.41333579661498, -23.062893460834552 ], [ -46.413342962145329, -23.06289339674974 ], [ -46.413347739165552, -23.062893354026361 ], [ -46.413352516185753, -23.06289331130283 ], [ -46.413357293205955, -23.06289326857916 ], [ -46.413362070226135, -23.062893225855348 ], [ -46.41336441256437, -23.062888784198847 ], [ -46.413369212670382, -23.06289095162208 ], [ -46.413373989690456, -23.062890908897909 ], [ -46.41337876671053, -23.062890866173589 ], [ -46.413383543730582, -23.06289082344912 ], [ -46.413388320750627, -23.062890780724523 ], [ -46.413393097770651, -23.062890737999769 ], [ -46.413397874790675, -23.06289069527487 ], [ -46.413402651810685, -23.062890652549836 ], [ -46.413407475003943, -23.062895030119098 ], [ -46.413412275110808, -23.062897197540977 ], [ -46.413417075217808, -23.062899364962703 ], [ -46.413421852238088, -23.062899322237069 ], [ -46.413426629258346, -23.062899279511292 ], [ -46.41343142936563, -23.062901446932571 ], [ -46.413436229473064, -23.06290361435369 ], [ -46.41344100649345, -23.062903571627466 ], [ -46.413445806601096, -23.062905739048283 ], [ -46.413450583621533, -23.062905696321771 ], [ -46.413455383729399, -23.062907863742282 ], [ -46.413460183837401, -23.062910031162648 ], [ -46.413465007033153, -23.062914408730013 ], [ -46.413469784053859, -23.062914366002904 ], [ -46.413472218739642, -23.062918764933606 ], [ -46.41347699576049, -23.062918722206273 ], [ -46.413484184379655, -23.062920868262133 ], [ -46.413488984488545, -23.062923035681571 ], [ -46.413493784597584, -23.06292520310085 ], [ -46.41349856161861, -23.062925160372853 ], [ -46.413503338639629, -23.06292511764471 ], [ -46.413508161837264, -23.06292949521066 ], [ -46.413515373545863, -23.062933851412158 ], [ -46.413517808233472, -23.062938250342054 ], [ -46.413520242921244, -23.0629426492719 ], [ -46.413525043031449, -23.062944816690177 ], [ -46.413527477719583, -23.062949215619881 ], [ -46.413532254741391, -23.062949172890825 ], [ -46.413537054852, -23.0629513403087 ], [ -46.413539489540639, -23.062955739238205 ], [ -46.41354428965159, -23.06295790665585 ], [ -46.413549089762689, -23.062960074073331 ], [ -46.413556278385045, -23.062962220125748 ], [ -46.413558713074515, -23.062966619054905 ], [ -46.413563513186126, -23.062968786471924 ], [ -46.413570724898534, -23.062973142670689 ], [ -46.413575525010565, -23.062975310087314 ], [ -46.413575571189504, -23.0629797303814 ], [ -46.413580394391403, -23.062984107944889 ], [ -46.413585194503966, -23.062986275361204 ], [ -46.413590017706404, -23.062990652924373 ], [ -46.413597206330955, -23.062992798974804 ], [ -46.413604394955712, -23.062994945024897 ], [ -46.41360921815906, -23.06299932258743 ], [ -46.41361401827259, -23.063001490002808 ], [ -46.413618818386269, -23.06300365741804 ], [ -46.413623641590384, -23.06300803498009 ], [ -46.413628464794819, -23.063012412541983 ], [ -46.413633287999559, -23.063016790103703 ], [ -46.413640476626092, -23.063018936152041 ], [ -46.41364291131935, -23.063023335079691 ], [ -46.413647734524936, -23.063027712640928 ], [ -46.413652534640057, -23.063029880055051 ], [ -46.413654969333912, -23.063034278982471 ], [ -46.413659769449374, -23.06303644639635 ], [ -46.413664592655977, -23.063040823957017 ], [ -46.413664638837972, -23.063045244250883 ], [ -46.413669438953967, -23.063047411664446 ], [ -46.41367187364871, -23.063051810591553 ], [ -46.413676696856257, -23.063056188151794 ], [ -46.413676743038685, -23.063060608445621 ], [ -46.413681543155413, -23.063062775858775 ], [ -46.413681589338012, -23.063067196152598 ], [ -46.413684024033529, -23.063071595079471 ], [ -46.413686458729217, -23.063075994006301 ], [ -46.413688893425068, -23.063080392933074 ], [ -46.413693716634207, -23.063084770492697 ], [ -46.413696151330456, -23.063089169419342 ], [ -46.413698586026875, -23.063093568345941 ], [ -46.413701020723458, -23.063097967272483 ], [ -46.413701066906775, -23.063102387566257 ], [ -46.413703501603614, -23.063106786492742 ], [ -46.413708347905981, -23.063113374198711 ], [ -46.413710805695096, -23.063119983271932 ], [ -46.413713240392596, -23.063124382198229 ], [ -46.413718040512165, -23.063126549610121 ], [ -46.41372047521002, -23.063130948536283 ], [ -46.413722909908032, -23.063135347462406 ], [ -46.413722979184207, -23.063141977902955 ], [ -46.413725413882524, -23.063146376829025 ], [ -46.413730237095258, -23.063150754387319 ], [ -46.413735060308312, -23.063155131945457 ], [ -46.413739883521664, -23.063159509503425 ], [ -46.413742341313267, -23.063166118576003 ], [ -46.413747141434769, -23.063168285986897 ], [ -46.413751941556427, -23.063170453397632 ], [ -46.413756764770874, -23.063174830955017 ], [ -46.413761564892901, -23.063176998365449 ], [ -46.413761611078371, -23.063181418659056 ], [ -46.413766434293528, -23.063185796216107 ], [ -46.413766480479183, -23.0631902165097 ], [ -46.413766526664844, -23.063194636803296 ], [ -46.413766572850513, -23.063199057096874 ], [ -46.413766619036195, -23.063203477390466 ], [ -46.413766665221893, -23.063207897684048 ], [ -46.413766711407597, -23.06321231797763 ], [ -46.413766757593315, -23.063216738271201 ], [ -46.413766803779048, -23.06322115856478 ], [ -46.413766849964787, -23.063225578858344 ], [ -46.413766896150541, -23.063229999151915 ], [ -46.413766942336309, -23.063234419445486 ], [ -46.413766988522084, -23.063238839739057 ], [ -46.413767034707867, -23.063243260032607 ], [ -46.413767080893663, -23.063247680326178 ], [ -46.413767127079474, -23.063252100619728 ], [ -46.413767173265292, -23.063256520913281 ], [ -46.413767219451131, -23.063260941206831 ], [ -46.41376726563697, -23.063265361500388 ], [ -46.413767311822824, -23.063269781793924 ], [ -46.413767358008691, -23.063274202087474 ], [ -46.413769792711037, -23.063278601012591 ], [ -46.413772227413553, -23.063282999937663 ], [ -46.413774685209297, -23.063289609009441 ], [ -46.413777119912183, -23.063294007934417 ], [ -46.413779554615232, -23.063298406859335 ], [ -46.413781989318451, -23.063302805784211 ], [ -46.413786812538788, -23.063307183340328 ], [ -46.413789247242406, -23.063311582265065 ], [ -46.41379409355671, -23.063318169967676 ], [ -46.413798893684493, -23.063320337376641 ], [ -46.413801328388757, -23.063324736301151 ], [ -46.413803763093185, -23.063329135225626 ], [ -46.413806197797776, -23.063333534150036 ], [ -46.413810997926284, -23.063335701558604 ], [ -46.413815821148745, -23.063340079113711 ], [ -46.413818255853933, -23.063344478037912 ], [ -46.413823032889098, -23.063344435299381 ], [ -46.413827833018246, -23.063346602707387 ], [ -46.413832656241631, -23.063350980261941 ], [ -46.413837456371155, -23.063353147669634 ], [ -46.413842256500821, -23.063355315077178 ], [ -46.413847033536314, -23.063355272337894 ], [ -46.413851856760608, -23.063359649891815 ], [ -46.413859045408572, -23.063361795929051 ], [ -46.413863845538863, -23.063363963335902 ], [ -46.413869874570331, -23.063369435277565 ], [ -46.413871103471422, -23.063372739812507 ], [ -46.413872320825199, -23.063374939274116 ], [ -46.413872343919962, -23.063377149420766 ], [ -46.413873561273796, -23.063379348882364 ], [ -46.41387477862768, -23.063381548343941 ], [ -46.413875995981591, -23.063383747805517 ], [ -46.41387721333556, -23.06338594726709 ], [ -46.413878430689564, -23.063388146728631 ], [ -46.413878453784442, -23.063390356875264 ], [ -46.413879671138503, -23.063392556336797 ], [ -46.413880888492614, -23.063394755798324 ], [ -46.413883288558495, -23.063395839501396 ], [ -46.413883311653464, -23.063398049648022 ], [ -46.413883334748434, -23.063400259794644 ], [ -46.413884552102665, -23.063402459256135 ], [ -46.413885769456954, -23.063404658717612 ], [ -46.413886986811278, -23.063406858179071 ], [ -46.413889398424963, -23.063409046955343 ], [ -46.413889433067588, -23.063412362175274 ], [ -46.413890650422047, -23.063414561636698 ], [ -46.413890673517152, -23.063416771783306 ], [ -46.413893085131086, -23.06341896055951 ], [ -46.413893108226233, -23.063421170706125 ], [ -46.413893131321387, -23.063423380852736 ], [ -46.413893154416549, -23.063425590999344 ], [ -46.4138943717712, -23.063427790460729 ], [ -46.413895589125886, -23.063429989922103 ], [ -46.41389561222109, -23.063432200068711 ], [ -46.413895635316301, -23.063434410215308 ], [ -46.413895658411512, -23.063436620361912 ], [ -46.41389568150673, -23.06343883050852 ], [ -46.413895704601941, -23.063441040655121 ], [ -46.41389572769716, -23.063443250801722 ], [ -46.413895750792385, -23.063445460948319 ], [ -46.41389577388761, -23.063447671094924 ], [ -46.413894602723154, -23.063449891926769 ], [ -46.413894625818365, -23.063452102073366 ], [ -46.413893454653859, -23.063454322905201 ], [ -46.413892283489318, -23.063456543737036 ], [ -46.413891112324741, -23.063458764568857 ], [ -46.413889964255269, -23.063463195547268 ], [ -46.413887598830776, -23.063465427064276 ], [ -46.413885233406205, -23.063467658581253 ], [ -46.413884073788957, -23.063470984486322 ], [ -46.413881708364229, -23.06347321600326 ], [ -46.413881731459256, -23.063475426149861 ], [ -46.413880560294359, -23.063477646981617 ], [ -46.413878194869461, -23.063479878498491 ], [ -46.413878217964438, -23.063482088645106 ], [ -46.413875852539427, -23.063484320161951 ], [ -46.413873487114337, -23.063486551678764 ], [ -46.413872315949206, -23.063488772510471 ], [ -46.413869950523988, -23.063491004027245 ], [ -46.413869973618844, -23.06349321417386 ], [ -46.413870008261135, -23.063496529393774 ], [ -46.413870031355991, -23.063498739540382 ], [ -46.413870054450861, -23.06350094968699 ], [ -46.413870077545724, -23.063503159833608 ], [ -46.413870100640601, -23.063505369980206 ], [ -46.413870123735471, -23.063507580126817 ], [ -46.413871364185475, -23.063511989734952 ], [ -46.413871387280373, -23.063514199881556 ], [ -46.413873798895835, -23.063516388657948 ], [ -46.413875016251083, -23.063518588119443 ], [ -46.413876233606359, -23.063520787580913 ], [ -46.413876256701357, -23.063522997727507 ], [ -46.413876279796348, -23.063525207874108 ], [ -46.413878691412094, -23.063527396650422 ], [ -46.413879908767527, -23.063529596111856 ], [ -46.413881126122995, -23.063531795573272 ], [ -46.41388353773894, -23.063533984349501 ], [ -46.413885949354963, -23.063536173125684 ], [ -46.413887166710595, -23.063538372587054 ], [ -46.41388956677914, -23.063539456289881 ], [ -46.413890784134864, -23.063541655751216 ], [ -46.413890807230118, -23.063543865897795 ], [ -46.413895595819831, -23.063544928230009 ], [ -46.413896813175704, -23.063547127691283 ], [ -46.413899236339873, -23.063550421540519 ], [ -46.413901636408717, -23.063551505243147 ], [ -46.41390402492987, -23.063551483872459 ], [ -46.413905242285935, -23.063553683333666 ], [ -46.413908848163274, -23.063555861424085 ], [ -46.413911236684491, -23.063555840053279 ], [ -46.41391245404072, -23.063558039514415 ], [ -46.413914865657638, -23.063560228290111 ], [ -46.413917277274628, -23.063562417065761 ], [ -46.413919677343827, -23.063563500768094 ], [ -46.413922077413062, -23.063564584470392 ], [ -46.413924465934421, -23.06356456309938 ], [ -46.413926877551638, -23.063566751874863 ], [ -46.413929266073026, -23.063566730503787 ], [ -46.413931666142389, -23.063567814205921 ], [ -46.413934066211787, -23.063568897908041 ], [ -46.413936454733211, -23.063568876536845 ], [ -46.413938843254627, -23.063568855165613 ], [ -46.413941231776043, -23.063568833794342 ], [ -46.413943620297452, -23.063568812423039 ], [ -46.413946008818861, -23.063568791051701 ], [ -46.41394839734027, -23.063568769680323 ], [ -46.413950785861672, -23.063568748308906 ], [ -46.413953174383082, -23.063568726937461 ], [ -46.413956757165174, -23.063568694880221 ], [ -46.413959145686569, -23.063568673508676 ], [ -46.413961534207964, -23.063568652137107 ], [ -46.413963922729344, -23.063568630765495 ], [ -46.413966311250732, -23.063568609393844 ], [ -46.413968699772113, -23.063568588022164 ], [ -46.413972282554191, -23.063568555964569 ], [ -46.413974671075557, -23.063568534592797 ], [ -46.413977059596938, -23.063568513220993 ], [ -46.413978276954332, -23.06357071268155 ], [ -46.413980688572487, -23.063572901456169 ], [ -46.413984282903058, -23.063573974471542 ], [ -46.413986682972947, -23.063575058172809 ], [ -46.413987900330561, -23.063577257633298 ], [ -46.413990300400528, -23.063578341334523 ], [ -46.413992723567496, -23.063581635182171 ], [ -46.413995135186084, -23.063583823956542 ], [ -46.413997546804744, -23.06358601273088 ], [ -46.413999969972032, -23.0635893065784 ], [ -46.414001187329994, -23.063591506038755 ], [ -46.414001210427109, -23.06359371618521 ], [ -46.414002427785135, -23.063595915645561 ], [ -46.414002450882272, -23.063598125792023 ], [ -46.414004862501308, -23.063600314566216 ], [ -46.414004897147088, -23.063603629785899 ], [ -46.414004920244267, -23.063605839932347 ], [ -46.414004943341453, -23.063608050078798 ], [ -46.4140061722483, -23.06361135461232 ], [ -46.414007389606574, -23.063613554072621 ], [ -46.414009801225987, -23.063615742846718 ], [ -46.414011018584368, -23.063617942306969 ], [ -46.414012235942792, -23.063620141767213 ], [ -46.414014636013718, -23.063621225468015 ], [ -46.41401703608468, -23.063622309168771 ], [ -46.414020641965564, -23.063624487256448 ], [ -46.414023042036618, -23.063625570957104 ], [ -46.414025430558951, -23.063625549584515 ], [ -46.41402664791768, -23.063627749044628 ], [ -46.414029036440041, -23.063627727671985 ], [ -46.414029848012568, -23.063629193978702 ], [ -46.414030253798849, -23.063629927132073 ], [ -46.414031448060051, -23.06362991644572 ], [ -46.414036248202571, -23.063632083846656 ], [ -46.414041025247428, -23.06363204110103 ], [ -46.414045802292279, -23.063631998355259 ], [ -46.414050579337108, -23.063631955609338 ], [ -46.414057744904341, -23.063631891490196 ], [ -46.414062521949148, -23.063631848743917 ], [ -46.414067298993949, -23.063631805997499 ], [ -46.414072076038728, -23.063631763250935 ], [ -46.4140768530835, -23.063631720504222 ], [ -46.414084018650641, -23.06363165638389 ], [ -46.414088795695392, -23.063631613636819 ], [ -46.414093572740121, -23.063631570889608 ], [ -46.414098372883586, -23.063633738288608 ], [ -46.4141031730272, -23.063635905687441 ], [ -46.414107950072051, -23.063635862939783 ], [ -46.414115115639312, -23.063635798818027 ], [ -46.414122281206552, -23.063635734695946 ], [ -46.41412705825136, -23.063635691947713 ], [ -46.414131835296153, -23.063635649199334 ], [ -46.414136612340947, -23.063635606450816 ], [ -46.414141389385719, -23.06363556370215 ], [ -46.414150943475235, -23.063635478204375 ], [ -46.414155720519979, -23.063635435455279 ], [ -46.41416047446495, -23.063633182559744 ], [ -46.414165251509594, -23.063633139810364 ], [ -46.414170028554217, -23.063633097060833 ], [ -46.41417480559884, -23.063633054311161 ], [ -46.414179559543378, -23.063630801415062 ], [ -46.414184336587894, -23.063630758665106 ], [ -46.414191502154651, -23.063630694539906 ], [ -46.414196279199139, -23.063630651789591 ], [ -46.414201056243613, -23.063630609039127 ], [ -46.414203398564943, -23.063626167371329 ], [ -46.414208175609247, -23.063626124620662 ], [ -46.414212929552932, -23.063623871723603 ], [ -46.41421768349646, -23.063621618826406 ], [ -46.414224825961831, -23.063619344553469 ], [ -46.41422960300585, -23.063619301802166 ], [ -46.41423435694891, -23.063617048904494 ], [ -46.414236699268912, -23.063612607236266 ], [ -46.414241430110557, -23.063608144192163 ], [ -46.414246160951897, -23.063603681147928 ], [ -46.414248503271288, -23.063599239479554 ], [ -46.41425084559053, -23.063594797811131 ], [ -46.414255622633625, -23.063594755059082 ], [ -46.414262788198258, -23.063594690930746 ], [ -46.414267565241332, -23.063594648178334 ], [ -46.414272365385926, -23.063596815571991 ], [ -46.41427714242905, -23.063596772819285 ], [ -46.414286719617053, -23.063598897459627 ], [ -46.414291519762081, -23.063601064852669 ], [ -46.414296296805311, -23.063601022099384 ], [ -46.41430109695056, -23.063603189492113 ], [ -46.414303531676332, -23.063607588407677 ], [ -46.41430835492406, -23.063611965946336 ], [ -46.414313178172108, -23.063616343484828 ], [ -46.414315612898527, -23.063620742400165 ], [ -46.414325190088704, -23.06362286703806 ], [ -46.414330013337675, -23.063627244575983 ], [ -46.414334813484352, -23.063629411967614 ], [ -46.414334813484352, -23.06362941196765 ], [ -46.414336030848013, -23.06363161142513 ], [ -46.414337248211716, -23.063633810882592 ], [ -46.414337271314359, -23.063636021028731 ], [ -46.414338488678119, -23.063638220486183 ], [ -46.414339706041929, -23.063640419943621 ], [ -46.414339729144615, -23.063642630089735 ], [ -46.414340946508489, -23.063644829547172 ], [ -46.414342163872398, -23.063647029004589 ], [ -46.414342186975141, -23.063649239150703 ], [ -46.414342210077884, -23.06365144929682 ], [ -46.414342244732005, -23.063654764515992 ], [ -46.414342267834762, -23.063656974662109 ], [ -46.414342290937512, -23.06365918480822 ], [ -46.414342314040269, -23.06366139495433 ], [ -46.414342337143026, -23.063663605100452 ], [ -46.41434236024579, -23.063665815246559 ], [ -46.41434239489994, -23.063669130465726 ], [ -46.414342418002711, -23.063671340611847 ], [ -46.414342441105482, -23.063673550757947 ], [ -46.414342464208254, -23.063675760904058 ], [ -46.414342487311032, -23.063677971050165 ], [ -46.41434251041381, -23.063680181196275 ], [ -46.414342533516596, -23.063682391342383 ], [ -46.414342556619388, -23.063684601488482 ], [ -46.414342579722174, -23.063686811634597 ], [ -46.414342602824966, -23.063689021780704 ], [ -46.414342625927759, -23.063691231926803 ], [ -46.414342672133365, -23.063695652219007 ], [ -46.414345072208022, -23.063696735914576 ], [ -46.414346289572514, -23.063698935371924 ], [ -46.414348701198705, -23.063701124140486 ], [ -46.414351112824981, -23.063703312908995 ], [ -46.414352330189629, -23.063705512366283 ], [ -46.414354741816041, -23.063707701134739 ], [ -46.414357153442531, -23.063709889903144 ], [ -46.414358370807342, -23.063712089360383 ], [ -46.414360782433974, -23.063714278128728 ], [ -46.414361999798885, -23.063716477585928 ], [ -46.414363217163839, -23.063718677043109 ], [ -46.414365628790662, -23.063720865811373 ], [ -46.414368040417571, -23.063723054579601 ], [ -46.414370452044551, -23.063725243347776 ], [ -46.414372852119939, -23.063726327042883 ], [ -46.41437525219537, -23.06372741073795 ], [ -46.414377652270836, -23.063728494432976 ], [ -46.414380063898065, -23.063730683200991 ], [ -46.41438245242189, -23.06373066182292 ], [ -46.414384840945701, -23.063730640444806 ], [ -46.414386058311152, -23.063732839901785 ], [ -46.414388446834998, -23.063732818523615 ], [ -46.414390835358844, -23.063732797145416 ], [ -46.414394429696451, -23.063733870151058 ], [ -46.414396829772173, -23.063734953845781 ], [ -46.414399218296055, -23.063734932467444 ], [ -46.414401606819915, -23.063734911089075 ], [ -46.414405201157656, -23.063735984094468 ], [ -46.414407589681531, -23.063735962716006 ], [ -46.41440997820542, -23.063735941337502 ], [ -46.414412378281284, -23.063737025031983 ], [ -46.414414778357191, -23.063738108726422 ], [ -46.414417166881108, -23.063738087347815 ], [ -46.414419555405019, -23.063738065969169 ], [ -46.414421943928922, -23.063738044590487 ], [ -46.414424344004914, -23.063739128284777 ], [ -46.414426732528831, -23.063739106906024 ], [ -46.414429121052748, -23.063739085527232 ], [ -46.414432703838614, -23.063739053458978 ], [ -46.414435115466887, -23.063741242226108 ], [ -46.414437515543028, -23.063742325920192 ], [ -46.414439915619219, -23.063743409614226 ], [ -46.414442304143193, -23.063743388235235 ], [ -46.414444692667168, -23.063743366856205 ], [ -46.414448275453125, -23.063743334787596 ], [ -46.414450663977092, -23.063743313408477 ], [ -46.414453075605714, -23.063745502175308 ], [ -46.414455464129723, -23.063745480796115 ], [ -46.414457852653719, -23.063745459416886 ], [ -46.414460241177714, -23.063745438037621 ], [ -46.414463835516123, -23.063746511041636 ], [ -46.414466235592563, -23.063747594735265 ], [ -46.414468624116594, -23.063747573355865 ], [ -46.414471012640611, -23.063747551976437 ], [ -46.414473412717129, -23.063748635669963 ], [ -46.414475801241167, -23.063748614290454 ], [ -46.414478189765205, -23.063748592910915 ], [ -46.414480578289236, -23.063748571531338 ], [ -46.414482989918419, -23.06375076029768 ], [ -46.414486572704512, -23.06375072822819 ], [ -46.414491361305274, -23.063751790541719 ], [ -46.414493761382012, -23.063752874234911 ], [ -46.4144961499061, -23.063752852855099 ], [ -46.414500938506997, -23.06375391516832 ], [ -46.414503338583842, -23.063754998861366 ], [ -46.414505727107958, -23.063754977481402 ], [ -46.414508115632067, -23.063754956101405 ], [ -46.414510504156183, -23.063754934721374 ], [ -46.414512904233121, -23.06375601841426 ], [ -46.414515292757244, -23.063755997034153 ], [ -46.414517681281367, -23.063755975654011 ], [ -46.414520069805484, -23.063755954273834 ], [ -46.4145224583296, -23.063755932893617 ], [ -46.414524846853716, -23.063755911513365 ], [ -46.414527235377825, -23.063755890133081 ], [ -46.414529623901934, -23.063755868752754 ], [ -46.414532012426044, -23.063755847372395 ], [ -46.414534389397147, -23.063754720919057 ], [ -46.414536766368201, -23.06375359446567 ], [ -46.414539143339226, -23.063752468012257 ], [ -46.414542714572207, -23.063751330868545 ], [ -46.414545079990049, -23.063749099342104 ], [ -46.414547468514023, -23.063749077961514 ], [ -46.414548639669782, -23.063746857125309 ], [ -46.414551028193706, -23.06374683574467 ], [ -46.414553405164483, -23.063745709291048 ], [ -46.414555793688379, -23.063745687910341 ], [ -46.414558182212282, -23.063745666529595 ], [ -46.414559353367828, -23.063743445693326 ], [ -46.41456173033847, -23.063742319239591 ], [ -46.414562901493937, -23.063740098403304 ], [ -46.414562878387493, -23.063737888257418 ], [ -46.414566449619862, -23.063736751113197 ], [ -46.414567620775209, -23.063734530276879 ], [ -46.414569997745623, -23.063733403823026 ], [ -46.414572363162691, -23.063731172296201 ], [ -46.414572340056104, -23.063728962150329 ], [ -46.414574728579687, -23.063728940769344 ], [ -46.414577117103271, -23.063728919388328 ], [ -46.4145794940735, -23.063727792934337 ], [ -46.414581871043687, -23.063726666480314 ], [ -46.414584248013831, -23.063725540026265 ], [ -46.414586624983933, -23.063724413572178 ], [ -46.414587796138846, -23.063722192735728 ], [ -46.414590173108863, -23.063721066281584 ], [ -46.414591344263684, -23.063718845445102 ], [ -46.414592503865016, -23.063715519535695 ], [ -46.414593675019759, -23.063713298699202 ], [ -46.414593651912838, -23.06371108855334 ], [ -46.414593628805925, -23.063708878407486 ], [ -46.414594799960597, -23.063706657570993 ], [ -46.414595971115226, -23.063704436734486 ], [ -46.41459714226982, -23.063702215897969 ], [ -46.414597119162863, -23.063700005752114 ], [ -46.414599484578908, -23.063697774224931 ], [ -46.414600644179885, -23.063694448315466 ], [ -46.414603021149311, -23.063693321861159 ], [ -46.414604192303699, -23.063691101024602 ], [ -46.414605363458065, -23.063688880188046 ], [ -46.414608946242332, -23.063688848115856 ], [ -46.414611311657985, -23.063686616588512 ], [ -46.414613688627178, -23.063685490134048 ], [ -46.41461606559632, -23.06368436367956 ], [ -46.414618454119079, -23.063684342297957 ], [ -46.414620842641831, -23.06368432091632 ], [ -46.414623208057208, -23.063682089388802 ], [ -46.414627973548889, -23.063680941552434 ], [ -46.414630338964095, -23.063678710024828 ], [ -46.414632715932967, -23.063677583570097 ], [ -46.414633887086744, -23.063675362733342 ], [ -46.414636252501751, -23.063673131205647 ], [ -46.414638617916673, -23.063670899677927 ], [ -46.414638594809063, -23.063668689532101 ], [ -46.41463857170146, -23.063666479386271 ], [ -46.414639742855051, -23.063664258549483 ], [ -46.414639719747427, -23.063662048403661 ], [ -46.41464327942326, -23.063659806184905 ], [ -46.414643256315593, -23.063657596039075 ], [ -46.414643233207919, -23.063655385893249 ], [ -46.414643210100259, -23.063653175747429 ], [ -46.414644381253666, -23.06365095491061 ], [ -46.414644358145985, -23.06364874476478 ], [ -46.414645529299335, -23.063646523927961 ], [ -46.414646700452657, -23.063644303091134 ], [ -46.414646677344948, -23.063642092945308 ], [ -46.414646654237245, -23.063639882799475 ], [ -46.414646631129543, -23.063637672653652 ], [ -46.414646608021833, -23.063635462507822 ], [ -46.414646584914138, -23.063633252361992 ], [ -46.41464656180645, -23.063631042216159 ], [ -46.414646538698754, -23.063628832070329 ], [ -46.414646515591059, -23.063626621924495 ], [ -46.414646492483378, -23.063624411778672 ], [ -46.414646469375697, -23.063622201632832 ], [ -46.414646446268016, -23.063619991487002 ], [ -46.414646423160342, -23.063617781341168 ], [ -46.414646400052661, -23.063615571195324 ], [ -46.414646376944994, -23.063613361049494 ], [ -46.414646353837327, -23.063611150903661 ], [ -46.414646330729653, -23.063608940757824 ], [ -46.414646296068163, -23.063605625539065 ], [ -46.414646272960503, -23.063603415393228 ], [ -46.414646249852851, -23.063601205247391 ], [ -46.414646226745191, -23.06359899510155 ], [ -46.414646203637545, -23.063596784955706 ], [ -46.4146461805299, -23.063594574809866 ], [ -46.414646145868431, -23.063591259591107 ], [ -46.414646122760793, -23.063589049445266 ], [ -46.414646099653154, -23.063586839299425 ], [ -46.414646076545516, -23.063584629153581 ], [ -46.414647247698348, -23.063582408316762 ], [ -46.414647224590702, -23.063580198170911 ], [ -46.414648395743477, -23.063577977334084 ], [ -46.414650749602771, -23.063574640733322 ], [ -46.41465430927618, -23.063572398514427 ], [ -46.414654286168428, -23.063570188368576 ], [ -46.414656651581339, -23.063567956840661 ], [ -46.414656628473558, -23.06356574669482 ], [ -46.414656605365778, -23.06356353654899 ], [ -46.41465658225799, -23.063561326403143 ], [ -46.414656559150217, -23.063559116257302 ], [ -46.414656536042436, -23.063556906111465 ], [ -46.41465651293467, -23.063554695965625 ], [ -46.414656489826896, -23.063552485819773 ], [ -46.41465646671913, -23.063550275673933 ], [ -46.414656443611371, -23.063548065528096 ], [ -46.414656420503611, -23.063545855382252 ], [ -46.414656397395852, -23.063543645236393 ], [ -46.41465636273422, -23.063540330017634 ], [ -46.414656339626468, -23.063538119871794 ], [ -46.414656316518723, -23.063535909725935 ], [ -46.414656293410978, -23.063533699580084 ], [ -46.41465627030324, -23.06353148943424 ], [ -46.41465623564163, -23.063528174215467 ], [ -46.414656212533899, -23.063525964069616 ], [ -46.414656189426161, -23.063523753923764 ], [ -46.41465616631843, -23.063521543777917 ], [ -46.414656143210713, -23.063519333632055 ], [ -46.414656108549124, -23.063516018413285 ], [ -46.414657279701252, -23.063513797576405 ], [ -46.414657256593522, -23.063511587430558 ], [ -46.414657233485791, -23.063509377284692 ], [ -46.414657210378053, -23.063507167138845 ], [ -46.414659587343756, -23.063506040683848 ], [ -46.41465955268211, -23.063502725465071 ], [ -46.414659529574351, -23.063500515319205 ], [ -46.414659506466592, -23.063498305173358 ], [ -46.41465948335884, -23.063496095027503 ], [ -46.414659460251087, -23.063493884881648 ], [ -46.414659437143335, -23.06349167473579 ], [ -46.414659414035597, -23.063489464589928 ], [ -46.414659390927845, -23.063487254444073 ], [ -46.414659367820107, -23.063485044298218 ], [ -46.414659344712369, -23.063482834152357 ], [ -46.414659321604638, -23.063480624006498 ], [ -46.4146592984969, -23.063478413860636 ], [ -46.414659275389177, -23.063476203714778 ], [ -46.414659252281453, -23.063473993568909 ], [ -46.414659252281453, -23.063473993568874 ], [ -46.414659229173722, -23.063471783423054 ], [ -46.414660400325459, -23.06346956258616 ], [ -46.414660377217729, -23.063467352440295 ], [ -46.414660342556125, -23.063464037221497 ], [ -46.414660319448394, -23.063461827075638 ], [ -46.414660296340671, -23.063459616929769 ], [ -46.414660273232947, -23.063457406783908 ], [ -46.414660250125223, -23.063455196638035 ], [ -46.414660227017499, -23.06345298649217 ], [ -46.414660192355932, -23.063449671273375 ], [ -46.414660169248222, -23.063447461127499 ], [ -46.414660146140513, -23.06344525098163 ], [ -46.414660123032803, -23.063443040835764 ], [ -46.414660099925101, -23.063440830689903 ], [ -46.414660076817405, -23.063438620544016 ], [ -46.41466005370971, -23.06343641039815 ], [ -46.414660038304575, -23.063434936967543 ], [ -46.414660030602008, -23.063434200252281 ], [ -46.414658813235192, -23.063432000797416 ], [ -46.414657595868412, -23.06342980134254 ], [ -46.414655184242584, -23.063427612578636 ], [ -46.414655161134974, -23.06342540243276 ], [ -46.414652761063053, -23.063424318741752 ], [ -46.414650349437402, -23.063422129977752 ], [ -46.414650326329884, -23.063419919831869 ], [ -46.414647914704346, -23.063417731067837 ], [ -46.414645503078887, -23.063415542303765 ], [ -46.414645479971462, -23.063413332157864 ], [ -46.41464426260508, -23.063411132702868 ], [ -46.414641862533486, -23.063410049011672 ], [ -46.414639450908275, -23.063407860247491 ], [ -46.414637050836774, -23.063406776556224 ], [ -46.414634650765315, -23.063405692864908 ], [ -46.414632239140289, -23.063403504100602 ], [ -46.414629839068922, -23.063402420409219 ], [ -46.414627438997591, -23.063401336717792 ], [ -46.414626221631615, -23.063399137262635 ], [ -46.414623821560369, -23.063398053571142 ], [ -46.414621421489166, -23.063396969879612 ], [ -46.414619009864502, -23.063394781115083 ], [ -46.414616598239931, -23.063392592350521 ], [ -46.414614209722316, -23.063392613731839 ], [ -46.414614186615424, -23.06339040358592 ], [ -46.414611774990995, -23.063388214821259 ], [ -46.41461174033072, -23.063384899602365 ], [ -46.414608146001108, -23.063383826601243 ], [ -46.414605734376899, -23.063381637836493 ], [ -46.414604517011462, -23.063379438381123 ], [ -46.414602093834048, -23.063376144543341 ], [ -46.414599693763392, -23.063375060851453 ], [ -46.414598733735133, -23.063374627374674 ], [ -46.414599670656756, -23.063372850705466 ], [ -46.414602012960678, -23.063368409032492 ], [ -46.414604355264451, -23.063363967359486 ], [ -46.41460430905105, -23.063359547067595 ], [ -46.414604262837656, -23.063355126775697 ], [ -46.414604216624269, -23.06335070648381 ], [ -46.414604170410904, -23.063346286191909 ], [ -46.414608924337742, -23.063344033283663 ], [ -46.414608878124227, -23.063339612991772 ], [ -46.414616020567387, -23.063337338702141 ], [ -46.414620774493699, -23.063335085793572 ], [ -46.414625528419847, -23.063332832884857 ], [ -46.414630282345833, -23.063330579976018 ], [ -46.414635059378817, -23.063330537212966 ], [ -46.414639790197299, -23.063326074157924 ], [ -46.414646955746512, -23.063326010012862 ], [ -46.414651732779305, -23.063325967249316 ], [ -46.414656509812083, -23.063325924485621 ], [ -46.414661263737266, -23.063323671575883 ], [ -46.414666017662277, -23.063321418666007 ], [ -46.414670794694871, -23.063321375901893 ], [ -46.414675571727443, -23.06332133313763 ], [ -46.414682714168357, -23.063319058845078 ], [ -46.414687468092815, -23.063316805934576 ], [ -46.414694541208902, -23.063307901203892 ], [ -46.414694494992673, -23.063303480912147 ], [ -46.414694448776466, -23.063299060620391 ], [ -46.414699179591842, -23.063294597563711 ], [ -46.4146991333755, -23.063290177271956 ], [ -46.414699087159164, -23.063285756980211 ], [ -46.414699040942843, -23.063281336688448 ], [ -46.414698994726528, -23.063276916396696 ], [ -46.414698948510221, -23.063272496104929 ], [ -46.414694125263281, -23.063268118578048 ], [ -46.41469169053191, -23.063263719668651 ], [ -46.414684501878241, -23.063261573669674 ], [ -46.414684455662446, -23.063257153377872 ], [ -46.414677267009225, -23.06325500737854 ], [ -46.4146724437636, -23.063250629850923 ], [ -46.414667643625904, -23.063248462469048 ], [ -46.414660454973372, -23.063246316468909 ], [ -46.414655677943408, -23.063246359232586 ], [ -46.414648489291153, -23.063244213231894 ], [ -46.414643666046814, -23.063239835703317 ], [ -46.414636477395071, -23.063237689702046 ], [ -46.414631700365362, -23.063237732464984 ], [ -46.414626877121783, -23.06323335493585 ], [ -46.41462210009221, -23.06323339769849 ], [ -46.414617323062622, -23.063233440460976 ], [ -46.41461488833437, -23.063229041550233 ], [ -46.414607722790201, -23.063229105693583 ], [ -46.414605288062326, -23.063224706782648 ], [ -46.414600487926528, -23.063222539398634 ], [ -46.414598053199022, -23.063218140487578 ], [ -46.414593229957205, -23.063213762957322 ], [ -46.414588429821983, -23.063211595572906 ], [ -46.414583675899294, -23.063213848480348 ], [ -46.414578898870325, -23.063213891241649 ], [ -46.414578852658082, -23.063209470949626 ], [ -46.414574052523221, -23.063207303564749 ], [ -46.414571617796845, -23.063202904653227 ], [ -46.41456918307064, -23.063198505741639 ], [ -46.414566748344612, -23.063194106830029 ], [ -46.414561925104657, -23.06318972929871 ], [ -46.41455949037902, -23.063185330386954 ], [ -46.414559444167473, -23.063180910094871 ], [ -46.414559374850185, -23.06317427965676 ], [ -46.414556940124946, -23.063169880744933 ], [ -46.41455689391352, -23.063165460452844 ], [ -46.414556847702109, -23.063161040160743 ], [ -46.414554412977211, -23.06315664124886 ], [ -46.414551978252469, -23.063152242336926 ], [ -46.414539989474449, -23.063147928945099 ], [ -46.414537554750339, -23.063143530032903 ], [ -46.414532731513177, -23.063139152500536 ], [ -46.414525542868347, -23.063137006493832 ], [ -46.414521925440901, -23.063133723344272 ], [ -46.4145219023358, -23.063131513198222 ], [ -46.414521879230705, -23.063129303052136 ], [ -46.41452185612561, -23.063127092906043 ], [ -46.414521833020515, -23.063124882759951 ], [ -46.414521798362884, -23.063121567540819 ], [ -46.414521775257803, -23.063119357394722 ], [ -46.414521752152723, -23.063117147248619 ], [ -46.414521729047635, -23.063114937102533 ], [ -46.414521705942562, -23.06311272695644 ], [ -46.414521682837488, -23.063110516810351 ], [ -46.414521659732422, -23.06310830666424 ], [ -46.414521636627356, -23.063106096518155 ], [ -46.414522807778589, -23.063103875682224 ], [ -46.414523978929793, -23.063101654846289 ], [ -46.414523955824691, -23.063099444700189 ], [ -46.414523932719604, -23.063097234554096 ], [ -46.414523909614509, -23.063095024408003 ], [ -46.414525080765621, -23.063092803572058 ], [ -46.414525057660519, -23.063090593425962 ], [ -46.414525034555417, -23.063088383279865 ], [ -46.414525011450316, -23.063086173133762 ], [ -46.414524988345221, -23.063083962987672 ], [ -46.414524965240126, -23.063081752841562 ], [ -46.414524942135031, -23.063079542695469 ], [ -46.414524919029944, -23.063077332549366 ], [ -46.414522518965278, -23.063076248855971 ], [ -46.414520118900654, -23.063075165162541 ], [ -46.414517718836066, -23.063074081469068 ], [ -46.414515330323979, -23.063074102848617 ], [ -46.414512941811886, -23.06307412422813 ], [ -46.414510553299799, -23.063074145607604 ], [ -46.414508164787705, -23.063074166987043 ], [ -46.414505776275597, -23.063074188366446 ], [ -46.414503376211137, -23.063073104672753 ], [ -46.414500976146705, -23.063072020979018 ], [ -46.414498576082309, -23.063070937285254 ], [ -46.414496176017948, -23.06306985359144 ], [ -46.414494958657343, -23.063067654134926 ], [ -46.414492547040801, -23.063065465367984 ], [ -46.414491329680295, -23.063063265911431 ], [ -46.414491306575776, -23.063061055765299 ], [ -46.414490089215327, -23.063058856308732 ], [ -46.414487689151251, -23.06305777261478 ], [ -46.414487666046803, -23.06305556246863 ], [ -46.414485242878392, -23.063052268628489 ], [ -46.414485219773972, -23.063050058482343 ], [ -46.414485196669567, -23.063047848336193 ], [ -46.414483967757171, -23.063044543806487 ], [ -46.414482750396999, -23.063042344349856 ], [ -46.414482727292643, -23.063040134203703 ], [ -46.414482704188288, -23.06303792405755 ], [ -46.414480304124645, -23.063036840363456 ], [ -46.414480281020332, -23.063034630217306 ], [ -46.41447906366033, -23.063032430760625 ], [ -46.414477846300365, -23.06303023130393 ], [ -46.414477823196101, -23.06302802115777 ], [ -46.414476594284082, -23.063024716627989 ], [ -46.41447537692423, -23.063022517171269 ], [ -46.414475353820016, -23.063020307025099 ], [ -46.414472930652579, -23.063017013184712 ], [ -46.414471713292862, -23.06301481372796 ], [ -46.414470495933188, -23.063012614271187 ], [ -46.414468095870092, -23.063011530576876 ], [ -46.414465684255013, -23.063009341809451 ], [ -46.414463284192017, -23.063008258115065 ], [ -46.414460884129049, -23.063007174420644 ], [ -46.414458495618085, -23.063007195799269 ], [ -46.414456107107114, -23.063007217177866 ], [ -46.414453718596143, -23.063007238556423 ], [ -46.414451330085171, -23.063007259934949 ], [ -46.414448953126076, -23.063008386386535 ], [ -46.414445381911435, -23.063009523527295 ], [ -46.414443004952247, -23.063010649978789 ], [ -46.414440627993024, -23.063011776430255 ], [ -46.414438239481953, -23.063011797808578 ], [ -46.414435850970882, -23.063011819186872 ], [ -46.414432279756021, -23.063012956327341 ], [ -46.414429902796662, -23.063014082778661 ], [ -46.414427514285542, -23.063014104156832 ], [ -46.414425125774414, -23.063014125534963 ], [ -46.414422737263294, -23.063014146913066 ], [ -46.414420348752166, -23.063014168291119 ], [ -46.414417960241032, -23.063014189669143 ], [ -46.414415571729904, -23.063014211047133 ], [ -46.414413183218763, -23.063014232425086 ], [ -46.414410794707628, -23.063014253803004 ], [ -46.414408406196486, -23.063014275180883 ], [ -46.414407211941047, -23.063014285869805 ], [ -46.414407211940912, -23.06301428586977 ], [ -46.414402388712588, -23.063009908332909 ], [ -46.414397611690433, -23.063009951088375 ], [ -46.41439283466827, -23.063009993843689 ], [ -46.4143880576461, -23.063010036598861 ], [ -46.414383280623909, -23.063010079353894 ], [ -46.414376115090612, -23.063010143486167 ], [ -46.414371338068399, -23.063010186240831 ], [ -46.414366561046172, -23.063010228995353 ], [ -46.414361784023939, -23.063010271749736 ], [ -46.414357007001691, -23.063010314503973 ], [ -46.414352229979428, -23.063010357258062 ], [ -46.414348647212677, -23.063010389323534 ], [ -46.414347447181633, -23.063009847475467 ], [ -46.414346247150547, -23.063009305627354 ], [ -46.414346235599496, -23.063008200554204 ], [ -46.414344444216169, -23.063008216586887 ], [ -46.414343238409593, -23.06300712220218 ], [ -46.414342032603038, -23.063006027817465 ], [ -46.414340826796511, -23.06300493343274 ], [ -46.414340218117751, -23.063003833703796 ], [ -46.414339018086743, -23.063003291855626 ], [ -46.414339006535762, -23.06300218678248 ], [ -46.414337794953795, -23.063000539861147 ], [ -46.414337186275091, -23.062999440132188 ], [ -46.414336571820904, -23.062997787866649 ], [ -46.414335963142214, -23.062996688137687 ], [ -46.414335354463539, -23.062995588408722 ], [ -46.414335342912587, -23.062994483335569 ], [ -46.414334137106216, -23.062993388950787 ], [ -46.414334125555278, -23.062992283877634 ], [ -46.41433411400434, -23.062991178804474 ], [ -46.414334102453402, -23.062990073731321 ], [ -46.414334090902464, -23.062988968658161 ], [ -46.414332885096151, -23.062987874273368 ], [ -46.414332873545227, -23.062986769200215 ], [ -46.414332264866616, -23.062985669471228 ], [ -46.414331808357673, -23.062984844674489 ], [ -46.414332833116994, -23.062982901444169 ], [ -46.414334004270465, -23.06298068060951 ], [ -46.414333981168603, -23.062978470463193 ], [ -46.414333958066749, -23.062976260316887 ], [ -46.414333923413963, -23.062972945097417 ], [ -46.414333900312116, -23.062970734951094 ], [ -46.414333877210268, -23.062968524804788 ], [ -46.41433385410842, -23.062966314658471 ], [ -46.41433383100658, -23.062964104512158 ], [ -46.41433380790474, -23.062961894365834 ], [ -46.414333784802906, -23.062959684219521 ], [ -46.414333761701073, -23.062957474073208 ], [ -46.414333738599247, -23.062955263926888 ], [ -46.414333703946504, -23.062951948707404 ], [ -46.414333680844678, -23.062949738561088 ], [ -46.414333657742858, -23.062947528414767 ], [ -46.414333634641039, -23.062945318268447 ], [ -46.414333611539227, -23.06294310812212 ], [ -46.414333588437415, -23.062940897975803 ], [ -46.414333565335603, -23.06293868782948 ], [ -46.414333542233798, -23.062936477683159 ], [ -46.414332313326199, -23.06293317315199 ], [ -46.414332290224415, -23.06293096300567 ], [ -46.414332267122646, -23.062928752859346 ], [ -46.414332244020869, -23.062926542713011 ], [ -46.414332220919093, -23.062924332566681 ], [ -46.414332197817323, -23.06292212242035 ], [ -46.414332174715568, -23.062919912274026 ], [ -46.414332151613806, -23.062917702127692 ], [ -46.414332128512044, -23.062915491981364 ], [ -46.414332105410288, -23.062913281835037 ], [ -46.414332082308533, -23.062911071688699 ], [ -46.414332059206785, -23.062908861542361 ], [ -46.41433203610503, -23.062906651396034 ], [ -46.414332013003282, -23.062904441249703 ], [ -46.414330795646919, -23.062902241791665 ], [ -46.414330772545199, -23.062900031645324 ], [ -46.414330749443479, -23.062897821498993 ], [ -46.414330714790914, -23.062894506279491 ], [ -46.414328314730966, -23.062893422582885 ], [ -46.414328291629289, -23.062891212436533 ], [ -46.414327074273118, -23.062889012978463 ], [ -46.414327051171469, -23.062886802832118 ], [ -46.414327028069835, -23.062884592685776 ], [ -46.414325810713741, -23.062882393227675 ], [ -46.414325787612128, -23.062880183081329 ], [ -46.414325764510508, -23.062877972934984 ], [ -46.414323352900112, -23.062875784165115 ], [ -46.414323329798549, -23.062873574018759 ], [ -46.414322112442626, -23.062871374560629 ], [ -46.414320895086746, -23.062869175102488 ], [ -46.414320871985225, -23.062866964956136 ], [ -46.414319654629402, -23.06286476549797 ], [ -46.414318437273629, -23.062862566039808 ], [ -46.414316037214356, -23.062861482342978 ], [ -46.414314819858667, -23.06285928288478 ], [ -46.414314796757253, -23.062857072738414 ], [ -46.414312385147412, -23.062854883968338 ], [ -46.414311167791851, -23.062852684510105 ], [ -46.414311144690508, -23.062850474363728 ], [ -46.414308733080851, -23.062848285593589 ], [ -46.414306321471273, -23.062846096823403 ], [ -46.414305104115897, -23.062843897365109 ], [ -46.414303886760557, -23.062841697906808 ], [ -46.414301486701767, -23.062840614209733 ], [ -46.414297880838362, -23.062838436127439 ], [ -46.414296663483192, -23.062836236669067 ], [ -46.414294263424544, -23.062835152971878 ], [ -46.414291863365939, -23.06283406927464 ], [ -46.414289451756886, -23.062831880504177 ], [ -46.414287063248835, -23.062831901880067 ], [ -46.414284651639896, -23.062829713109505 ], [ -46.414282263131881, -23.062829734485323 ], [ -46.414281045777045, -23.062827535026805 ], [ -46.414278657269065, -23.06282755640256 ], [ -46.414276257210709, -23.062826472705083 ], [ -46.414275039856001, -23.062824273246523 ], [ -46.414272639797723, -23.062823189548968 ], [ -46.414270239739487, -23.062822105851382 ], [ -46.4142678512316, -23.062822127226973 ], [ -46.414266633877062, -23.062819927768334 ], [ -46.41426305111527, -23.062819959831621 ], [ -46.414260662607397, -23.062819981207099 ], [ -46.414258262549311, -23.062818897509327 ], [ -46.414255874041459, -23.06281891888473 ], [ -46.414253485533607, -23.062818940260101 ], [ -46.41425109702574, -23.062818961635433 ], [ -46.414248696967746, -23.062817877937505 ], [ -46.414246296909774, -23.062816794239541 ], [ -46.41424390840195, -23.062816815614767 ], [ -46.414241519894119, -23.062816836989949 ], [ -46.414239108286161, -23.062814648218652 ], [ -46.414236719778359, -23.062814669593759 ], [ -46.414234331270556, -23.062814690968839 ], [ -46.414231931212747, -23.062813607270645 ], [ -46.414229542704966, -23.06281362864565 ], [ -46.414227119547284, -23.062810334800929 ], [ -46.414224731039553, -23.062810356175856 ], [ -46.414222342531815, -23.062810377550743 ], [ -46.414219954024077, -23.062810398925595 ], [ -46.41421635971259, -23.062809325914571 ], [ -46.414213971204866, -23.062809347289335 ], [ -46.414210388443266, -23.062809379351414 ], [ -46.41420678258207, -23.062807201266924 ], [ -46.414203188270754, -23.062806128255588 ], [ -46.414200799763073, -23.062806149630152 ], [ -46.414198388155931, -23.06280396085819 ], [ -46.414195999648285, -23.062803982232673 ], [ -46.414193599590945, -23.062802898533882 ], [ -46.414191199533647, -23.062801814835041 ], [ -46.41418760522258, -23.062800741823345 ], [ -46.41418520516536, -23.062799658124412 ], [ -46.414182816657771, -23.062799679498696 ], [ -46.414180428150182, -23.062799700872947 ], [ -46.414178039642586, -23.062799722247156 ], [ -46.41417562803592, -23.062797533474811 ], [ -46.414173239528353, -23.062797554848945 ], [ -46.414170851020792, -23.062797576223044 ], [ -46.414168462513224, -23.062797597597111 ], [ -46.414166074005657, -23.062797618971139 ], [ -46.414163685498089, -23.062797640345131 ], [ -46.414161296990514, -23.062797661719092 ], [ -46.414157714229148, -23.062797693779959 ], [ -46.414155325721566, -23.062797715153824 ], [ -46.414152937213977, -23.062797736527656 ], [ -46.414150548706388, -23.062797757901446 ], [ -46.414148160198799, -23.062797779275208 ], [ -46.414145771691203, -23.062797800648926 ], [ -46.414143394732882, -23.062798927095894 ], [ -46.414141006225265, -23.062798948469545 ], [ -46.414138617717647, -23.062798969843161 ], [ -46.414136229210023, -23.062798991216738 ], [ -46.414133840702398, -23.062799012590286 ], [ -46.414131452194766, -23.062799033963792 ], [ -46.414129063687128, -23.062799055337258 ], [ -46.414125480925676, -23.062799087397401 ], [ -46.414123092418031, -23.062799108770779 ], [ -46.414120703910392, -23.062799130144125 ], [ -46.414118315402746, -23.062799151517428 ], [ -46.4141159268951, -23.062799172890706 ], [ -46.414111149879794, -23.062799215637138 ], [ -46.414108749823143, -23.062798131937001 ], [ -46.414106361315504, -23.062798153310133 ], [ -46.414102778554046, -23.062798185369754 ], [ -46.414100378497473, -23.062797101669499 ], [ -46.414097989989841, -23.062797123042504 ], [ -46.414095601482202, -23.062797144415466 ], [ -46.414093212974571, -23.062797165788393 ], [ -46.414090824466932, -23.062797187161284 ], [ -46.414088435959286, -23.062797208534136 ], [ -46.41408604745164, -23.062797229906955 ], [ -46.414083658944001, -23.062797251279743 ], [ -46.414081270436348, -23.062797272652485 ], [ -46.414078881928695, -23.062797294025199 ], [ -46.414076493421035, -23.062797315397866 ], [ -46.414074104913382, -23.062797336770512 ], [ -46.414071716405715, -23.062797358143115 ], [ -46.414069327898048, -23.062797379515679 ], [ -46.414066939390388, -23.062797400888211 ], [ -46.41406335662888, -23.062797432946933 ], [ -46.414060979669799, -23.062798559392689 ], [ -46.414058591162103, -23.06279858076509 ], [ -46.4140562026544, -23.062798602137459 ], [ -46.414053814146698, -23.062798623509792 ], [ -46.414050242933655, -23.062799760641553 ], [ -46.414047854425924, -23.062799782013798 ], [ -46.414045465918193, -23.062799803386003 ], [ -46.414043088958906, -23.062800929831493 ], [ -46.414039529294122, -23.062803172036325 ], [ -46.414034752278518, -23.062803214780459 ], [ -46.414031169516811, -23.062803246838463 ], [ -46.414028781009002, -23.062803268210427 ], [ -46.414026404049501, -23.062804394655672 ], [ -46.414024015541671, -23.062804416027564 ], [ -46.414020432779914, -23.062804448085327 ], [ -46.414017573499486, -23.062805136775467 ], [ -46.414013232611737, -23.062801196980573 ], [ -46.414008409403465, -23.062796819430556 ], [ -46.414005974703151, -23.062792420508817 ], [ -46.414005928510569, -23.062788000215455 ], [ -46.414003493810505, -23.062783601293656 ], [ -46.413996282095766, -23.062779245114736 ], [ -46.413991458888837, -23.062774867564134 ], [ -46.413989001093505, -23.062768258495367 ], [ -46.41398181247591, -23.062766112462423 ], [ -46.413979354681224, -23.062759503393469 ], [ -46.413976919982574, -23.062755104471176 ], [ -46.413972096777137, -23.062750726919898 ], [ -46.413967273572013, -23.062746349368439 ], [ -46.413964838874008, -23.062741950445925 ], [ -46.41396003876492, -23.062739783040964 ], [ -46.413952803958523, -23.062733216713106 ], [ -46.413948003849939, -23.06273104930775 ], [ -46.413938403633182, -23.062726714496566 ], [ -46.413933534239931, -23.062717916650442 ], [ -46.413928687942281, -23.062711328950904 ], [ -46.413926253246188, -23.06270693002768 ], [ -46.413918995348418, -23.062698153551292 ], [ -46.413918949158891, -23.062693733257717 ], [ -46.413916514463459, -23.062689334334308 ], [ -46.413914079768183, -23.062684935410839 ], [ -46.413911645073078, -23.062680536487335 ], [ -46.413909210378129, -23.06267613756377 ], [ -46.413909164188972, -23.062671717270167 ], [ -46.413909117999822, -23.062667296976549 ], [ -46.41390431789425, -23.062665129569702 ], [ -46.41390427170527, -23.062660709276074 ], [ -46.413901837010954, -23.062656310352367 ], [ -46.413899402316801, -23.062651911428603 ], [ -46.413899333033626, -23.06264528098815 ], [ -46.413894532928992, -23.062643113580936 ], [ -46.413889709730284, -23.062638736026749 ], [ -46.413884932720173, -23.062638778766068 ], [ -46.413880155710054, -23.062638821505246 ], [ -46.41387537869992, -23.062638864244271 ], [ -46.413870601689773, -23.062638906983153 ], [ -46.413865824679618, -23.062638949721897 ], [ -46.413861047669457, -23.062638992460499 ], [ -46.413856270659274, -23.062639035198956 ], [ -46.413851493649091, -23.062639077937256 ], [ -46.413846739732406, -23.062641330822302 ], [ -46.413844397414245, -23.06264577248508 ], [ -46.413839666590626, -23.062650235516788 ], [ -46.413834889580002, -23.062650278254612 ], [ -46.413827747157278, -23.062652552507977 ], [ -46.413823039426013, -23.062659225686119 ], [ -46.4138158970026, -23.062661499938972 ], [ -46.413811143084502, -23.062663752823006 ], [ -46.413806389166233, -23.062666005706895 ], [ -46.413799246742144, -23.062668279959023 ], [ -46.413794492823506, -23.062670532842571 ], [ -46.413789715812079, -23.06267057557907 ], [ -46.413784961893185, -23.062672828462354 ], [ -46.413780184881652, -23.062672871198568 ], [ -46.413775454054907, -23.062677334228493 ], [ -46.413768311629632, -23.062679608479268 ], [ -46.413761169204093, -23.062681882729752 ], [ -46.413756392192191, -23.06268192546526 ], [ -46.413751615180281, -23.062681968200625 ], [ -46.413746838168358, -23.062682010935845 ], [ -46.413742084248291, -23.062684263817882 ], [ -46.413737330328054, -23.062686516699781 ], [ -46.413730164809877, -23.06268658080192 ], [ -46.413725387797754, -23.062686623536511 ], [ -46.413718222279542, -23.062686687638102 ], [ -46.413718176096587, -23.062682267344144 ], [ -46.413713375993197, -23.062680099931356 ], [ -46.413713329810427, -23.062675679637383 ], [ -46.41370846043344, -23.06266688178345 ], [ -46.413708414250856, -23.062662461489452 ], [ -46.413708368068278, -23.062658041195458 ], [ -46.413708321885714, -23.062653620901454 ], [ -46.413708275703165, -23.062649200607449 ], [ -46.413708229520623, -23.062644780313445 ], [ -46.413708183338095, -23.062640360019433 ], [ -46.413708137155581, -23.062635939725421 ], [ -46.413708090973074, -23.06263151943141 ], [ -46.413708044790582, -23.062627099137394 ], [ -46.413707998608096, -23.062622678843375 ], [ -46.413707952425625, -23.062618258549346 ], [ -46.413707906243161, -23.062613838255331 ], [ -46.413707860060718, -23.062609417961294 ], [ -46.413707813878275, -23.062604997667272 ], [ -46.413707767695854, -23.062600577373239 ], [ -46.41370772151344, -23.062596157079202 ], [ -46.41370528682662, -23.062591758152053 ], [ -46.413705240644312, -23.062587337858012 ], [ -46.413705194462011, -23.062582917563955 ], [ -46.413702736684428, -23.062576308489724 ], [ -46.413702667411137, -23.062569678048629 ], [ -46.413705009732915, -23.062565236387741 ], [ -46.41370735205453, -23.062560794726839 ], [ -46.413709694376003, -23.06255635306589 ], [ -46.413714448292296, -23.06255410018499 ], [ -46.413714402109775, -23.062549679890946 ], [ -46.413714355927254, -23.062545259596888 ], [ -46.413714309744748, -23.062540839302848 ], [ -46.413716652065681, -23.062536397641814 ], [ -46.413716605883117, -23.062531977347756 ], [ -46.413721336707098, -23.062527514319662 ], [ -46.413726090622191, -23.062525261438466 ], [ -46.413730867628622, -23.062525218704142 ], [ -46.413735644635047, -23.062525175969682 ], [ -46.41374042164145, -23.062525133235074 ], [ -46.413745198647852, -23.062525090500316 ], [ -46.413749975654234, -23.062525047765423 ], [ -46.413754752660608, -23.062525005030373 ], [ -46.413759529666976, -23.062524962295189 ], [ -46.413764306673329, -23.062524919559863 ], [ -46.413769106771802, -23.062527086971365 ], [ -46.413773883778205, -23.06252704423574 ], [ -46.413778660784601, -23.062527001499976 ], [ -46.413783437790983, -23.062526958764064 ], [ -46.413788214797357, -23.062526916028006 ], [ -46.413792991803724, -23.062526873291798 ], [ -46.413795334121787, -23.062522431629745 ], [ -46.413795287936686, -23.062518011335833 ], [ -46.413800018757478, -23.062513548305532 ], [ -46.413799972572242, -23.062509128011616 ], [ -46.413799926387014, -23.062504707717718 ], [ -46.413797491699107, -23.062500308791996 ], [ -46.413792668508727, -23.062495931234356 ], [ -46.413790233821217, -23.062491532308513 ], [ -46.413787799133871, -23.062487133382614 ], [ -46.413782975944279, -23.062482755824636 ], [ -46.413780541257339, -23.062478356898602 ], [ -46.413778083478348, -23.062471747825544 ], [ -46.413773283381772, -23.062469580414199 ], [ -46.413770848695393, -23.06246518148799 ], [ -46.413768414009184, -23.062460782561718 ], [ -46.413763590821183, -23.062456405003058 ], [ -46.413761156135372, -23.062452006076654 ], [ -46.413756379131591, -23.06245204881176 ], [ -46.413751602127796, -23.062452091546724 ], [ -46.413746825123987, -23.062452134281543 ], [ -46.413742048120163, -23.062452177016219 ], [ -46.413737271116339, -23.062452219750753 ], [ -46.413732494112494, -23.062452262485138 ], [ -46.413727717108642, -23.062452305219381 ], [ -46.413722940104776, -23.062452347953478 ], [ -46.413715774598955, -23.062452412054355 ], [ -46.413710997595068, -23.062452454788087 ], [ -46.413706220591159, -23.062452497521683 ], [ -46.413701443587243, -23.06245254025513 ], [ -46.41369666658332, -23.062452582988435 ], [ -46.413691889579383, -23.062452625721594 ], [ -46.413687112575424, -23.062452668454611 ], [ -46.413682335571472, -23.062452711187486 ], [ -46.413677558567493, -23.062452753920208 ], [ -46.413672781563506, -23.062452796652789 ], [ -46.413668004559518, -23.06245283938523 ], [ -46.413658450551488, -23.062452924849676 ], [ -46.413658404371013, -23.062448504555466 ], [ -46.413655969688698, -23.062444105627257 ], [ -46.413651169594864, -23.062441938212064 ], [ -46.413648734912897, -23.062437539283735 ], [ -46.413643888639449, -23.062430951574044 ], [ -46.413639065456373, -23.062426574011301 ], [ -46.413639019276587, -23.062422153717044 ], [ -46.413638973096823, -23.062417733422773 ], [ -46.413636515325891, -23.062411124347065 ], [ -46.413634080644997, -23.062406725418438 ], [ -46.41363164596428, -23.062402326489764 ], [ -46.413629211283727, -23.062397927561033 ], [ -46.413626753513682, -23.062391318485108 ], [ -46.413624318833499, -23.062386919556289 ], [ -46.413619495652675, -23.062382541992822 ], [ -46.413619426384109, -23.062375911551339 ], [ -46.413616991704465, -23.062371512622367 ], [ -46.413616945525533, -23.062367092328032 ], [ -46.41361214543506, -23.062364924911456 ], [ -46.413612099256291, -23.062360504617107 ], [ -46.413612053077536, -23.062356084322754 ], [ -46.41360722989824, -23.062351706758832 ], [ -46.41360718371967, -23.062347286464455 ], [ -46.413607137541106, -23.062342866170091 ], [ -46.413607091362557, -23.062338445875721 ], [ -46.413604656684043, -23.062334046946489 ], [ -46.413604610505594, -23.062329626652101 ], [ -46.413602175827336, -23.06232522772282 ], [ -46.413602129648986, -23.062320807428431 ], [ -46.413599694970983, -23.062316408499086 ], [ -46.413597260293145, -23.062312009569691 ], [ -46.413594825615476, -23.062307610640254 ], [ -46.413590002438532, -23.06230323307566 ], [ -46.413587567761262, -23.062298834146088 ], [ -46.413582744584865, -23.062294456581235 ], [ -46.413575555998264, -23.062292310528115 ], [ -46.413570755911103, -23.062290143110104 ], [ -46.413565932735551, -23.062285765544697 ], [ -46.413561132648766, -23.062283598126367 ], [ -46.413556332562131, -23.062281430707881 ], [ -46.413551532475637, -23.062279263289245 ], [ -46.413546732389293, -23.062277095870453 ], [ -46.413541955391246, -23.062277138598777 ], [ -46.413537178393177, -23.062277181326955 ], [ -46.413532401395095, -23.062277224054984 ], [ -46.413527624397005, -23.062277266782882 ], [ -46.413522847398909, -23.06227730951062 ], [ -46.413518070400798, -23.062277352238223 ], [ -46.413513293402673, -23.06227739496568 ], [ -46.413508516404541, -23.062277437692991 ], [ -46.413503739406394, -23.06227748042016 ], [ -46.413498962408234, -23.062277523147181 ], [ -46.413494185410066, -23.062277565874055 ], [ -46.413489431499173, -23.06227981874811 ], [ -46.413484654500905, -23.062279861474703 ], [ -46.413479877502624, -23.062279904201159 ], [ -46.413472758179218, -23.062284388585226 ], [ -46.413468004267692, -23.062286641458659 ], [ -46.413463227269133, -23.06228668418462 ], [ -46.413458450270568, -23.062286726910433 ], [ -46.413453673271995, -23.062286769636103 ], [ -46.413448896273401, -23.062286812361634 ], [ -46.413444119274807, -23.062286855087013 ], [ -46.413439342276192, -23.062286897812253 ], [ -46.413434565277569, -23.062286940537344 ], [ -46.41342978827894, -23.062286983262293 ], [ -46.413424988194052, -23.062284815839728 ], [ -46.413417776523943, -23.062280459631886 ], [ -46.41341297643946, -23.062278292208934 ], [ -46.413408176355134, -23.062276124785825 ], [ -46.413403353185082, -23.062271747215153 ], [ -46.413398576186914, -23.062271789939132 ], [ -46.413393776103028, -23.062269622515558 ], [ -46.413388999104917, -23.062269665239249 ], [ -46.413384222106799, -23.062269707962788 ], [ -46.413379445108667, -23.062269750686184 ], [ -46.413374668110528, -23.062269793409438 ], [ -46.41337466811045, -23.062269793409438 ], [ -46.413371073819249, -23.062268720378096 ] ], [ [ -46.411500587757388, -23.061914098325794 ], [ -46.411505364746851, -23.061914055659795 ], [ -46.411510141736294, -23.061914012993654 ], [ -46.411514918725729, -23.061913970327375 ], [ -46.41151969571515, -23.061913927660946 ], [ -46.411524472704563, -23.061913884994375 ], [ -46.41152927274883, -23.061916052476946 ], [ -46.4115340497383, -23.061916009810083 ], [ -46.411538826727757, -23.061915967143072 ], [ -46.411543649827415, -23.061920344774464 ], [ -46.4115484498722, -23.061922512256423 ], [ -46.411553226861848, -23.061922469588968 ], [ -46.411558003851496, -23.061922426921363 ], [ -46.41156278084113, -23.061922384253624 ], [ -46.411567580886256, -23.061924551734986 ], [ -46.411572380931531, -23.061926719216196 ], [ -46.411579569471861, -23.061928865363097 ], [ -46.411584369517463, -23.06193103284393 ], [ -46.411589169563214, -23.061933200324599 ], [ -46.411593969609108, -23.061935367805113 ], [ -46.411598792711182, -23.061939745434696 ], [ -46.411603592757452, -23.061941912914904 ], [ -46.411610781299018, -23.061944059060313 ], [ -46.411615604401938, -23.061948436689338 ], [ -46.411618039009873, -23.061952835652981 ], [ -46.411620473617972, -23.061957234616571 ], [ -46.411620519730789, -23.06196165491496 ], [ -46.41162056584362, -23.061966075213345 ], [ -46.411620611956458, -23.061970495511716 ], [ -46.41162065806931, -23.061974915810094 ], [ -46.411620704182177, -23.061979336108461 ], [ -46.411620750295043, -23.061983756406832 ], [ -46.411620796407938, -23.061988176705199 ], [ -46.41161606552884, -23.061992639673178 ], [ -46.411613769258196, -23.062001501604691 ], [ -46.411609015322149, -23.062003754423298 ], [ -46.411601872889683, -23.06200602857637 ], [ -46.411597142009342, -23.062010491543838 ], [ -46.411592365016666, -23.062010534212774 ], [ -46.411587611079916, -23.062012787030785 ], [ -46.411582834087142, -23.062012829699434 ], [ -46.411575691653702, -23.062015103851362 ], [ -46.411570937716483, -23.062017356668875 ], [ -46.411566183779101, -23.062019609486264 ], [ -46.411559041344987, -23.062021883637474 ], [ -46.411554264351828, -23.06202192630527 ], [ -46.411549487358663, -23.062021968972939 ], [ -46.411544733420733, -23.062024221789695 ], [ -46.411539979482633, -23.062026474606323 ], [ -46.411535202489283, -23.062026517273559 ], [ -46.411530425495918, -23.062026559940655 ], [ -46.41152564850254, -23.062026602607602 ], [ -46.411520871509154, -23.062026645274408 ], [ -46.411516094515754, -23.062026687941067 ], [ -46.41151131752234, -23.062026730607588 ], [ -46.411506540528919, -23.06202677327396 ], [ -46.411501763535483, -23.062026815940182 ], [ -46.411496986542041, -23.062026858606266 ], [ -46.411492209548577, -23.062026901272198 ], [ -46.411487432555113, -23.062026943938001 ], [ -46.411482655561635, -23.062026986603652 ], [ -46.411477878568142, -23.062027029269156 ], [ -46.411473124628714, -23.062029282083824 ], [ -46.411468347635129, -23.062029324749044 ], [ -46.411463570641523, -23.06202936741413 ], [ -46.41145879364791, -23.062029410079059 ], [ -46.411454062761827, -23.062033873042513 ], [ -46.411449285768036, -23.062033915707168 ], [ -46.411442120277322, -23.062033979703873 ], [ -46.411437343283502, -23.06203402236817 ], [ -46.411432566289669, -23.062034065032318 ], [ -46.411427789295828, -23.062034107696324 ], [ -46.411423012301967, -23.062034150360176 ], [ -46.411418258361294, -23.062036403173259 ], [ -46.411413504420452, -23.062038655986207 ], [ -46.411408727426412, -23.062038698649641 ], [ -46.411406385035384, -23.06204314028005 ], [ -46.41139924259695, -23.062045414424215 ], [ -46.411394488655453, -23.062047667236612 ], [ -46.411387323163844, -23.062047731230873 ], [ -46.411382569222042, -23.06204998404294 ], [ -46.411377838332633, -23.06205444700425 ], [ -46.411373084390434, -23.062056699816036 ], [ -46.411363530400891, -23.062056785140388 ], [ -46.411358753406098, -23.062056827802348 ], [ -46.411353976411299, -23.062056870464161 ], [ -46.41134683397113, -23.062059144606028 ], [ -46.411342056976224, -23.06205918726749 ], [ -46.411337279981304, -23.062059229928806 ], [ -46.411332526038201, -23.062061482739409 ], [ -46.411327772094921, -23.062063735549877 ], [ -46.41132060660226, -23.062063799541153 ], [ -46.411315852658682, -23.06206605235128 ], [ -46.41131107566347, -23.062066095011811 ], [ -46.411306321719643, -23.062068347821661 ], [ -46.411301567775652, -23.06207060063138 ], [ -46.411296813831498, -23.062072853440959 ], [ -46.411289694440526, -23.062077337729811 ], [ -46.411284940495918, -23.062079590539046 ], [ -46.411280163500159, -23.062079633198667 ], [ -46.411275432606217, -23.062084096157122 ], [ -46.411270655610281, -23.062084138816459 ], [ -46.411265878614337, -23.062084181475658 ], [ -46.411258713120397, -23.062084245464185 ], [ -46.411251547626428, -23.062084309452388 ], [ -46.411246793680888, -23.062086562260529 ], [ -46.411242016684803, -23.06208660491901 ], [ -46.411237239688717, -23.062086647577345 ], [ -46.411232485742829, -23.062088900385067 ], [ -46.411227731796771, -23.062091153192647 ], [ -46.411222954800493, -23.062091195850552 ], [ -46.411218177804194, -23.06209123850833 ], [ -46.411213400807895, -23.062091281165948 ], [ -46.411206235313422, -23.062091345152115 ], [ -46.41120145831708, -23.062091387809385 ], [ -46.411196681320739, -23.062091430466506 ], [ -46.41119190432439, -23.062091473123481 ], [ -46.41118712732802, -23.062091515780313 ], [ -46.411182350331643, -23.062091558437 ], [ -46.411175184837049, -23.062091622421757 ], [ -46.411170407840643, -23.062091665078086 ], [ -46.411165630844224, -23.062091707734265 ], [ -46.411160853847797, -23.062091750390302 ], [ -46.411156076851356, -23.062091793046196 ], [ -46.411151299854907, -23.062091835701946 ], [ -46.411144134360207, -23.062091899685303 ], [ -46.411139357363723, -23.06209194234069 ], [ -46.411134557318611, -23.062089774846314 ], [ -46.411129780322185, -23.062089817501413 ], [ -46.411125003325751, -23.06208986015637 ], [ -46.411120226329302, -23.062089902811174 ], [ -46.411115449332847, -23.062089945465836 ], [ -46.41111067233637, -23.062089988120352 ], [ -46.411105895339887, -23.062090030774726 ], [ -46.411101118343396, -23.062090073428955 ], [ -46.411096341346891, -23.062090116083045 ], [ -46.411091564350372, -23.062090158736982 ], [ -46.411084398855579, -23.062090222717625 ], [ -46.411079621859038, -23.062090265371207 ], [ -46.411074844862483, -23.062090308024644 ], [ -46.411070067865907, -23.062090350677934 ], [ -46.411065290869331, -23.062090393331079 ], [ -46.411060513872741, -23.062090435984086 ], [ -46.411055736876143, -23.062090478636943 ], [ -46.411050959879525, -23.062090521289658 ], [ -46.411046182882899, -23.062090563942228 ], [ -46.411041405886273, -23.062090606594655 ], [ -46.411036628889619, -23.062090649246937 ], [ -46.411031851892965, -23.062090691899073 ], [ -46.411027074896289, -23.062090734551067 ], [ -46.411022297899613, -23.062090777202911 ], [ -46.411017497856214, -23.062088609704887 ], [ -46.411012697812964, -23.062086442206706 ], [ -46.411007920816402, -23.062086484858106 ], [ -46.411003143819833, -23.062086527509372 ], [ -46.41099836682325, -23.062086570160492 ], [ -46.410993566780341, -23.062084402661711 ], [ -46.410986378239357, -23.062082256488132 ], [ -46.410981578196782, -23.062080088988971 ], [ -46.410976778154357, -23.06207792148966 ], [ -46.410971978112066, -23.062075753990186 ], [ -46.410967201115803, -23.062075796640343 ], [ -46.410962424119525, -23.062075839290355 ], [ -46.41095764712324, -23.062075881940224 ], [ -46.410952847081298, -23.062073714440153 ], [ -46.410948047039518, -23.062071546939929 ], [ -46.410943270043347, -23.062071589589355 ], [ -46.410938493047169, -23.062071632238638 ], [ -46.410933716050977, -23.062071674887775 ], [ -46.410928939054784, -23.062071717536771 ], [ -46.410924162058571, -23.062071760185621 ], [ -46.41091938506235, -23.062071802834325 ], [ -46.410914608066108, -23.062071845482887 ], [ -46.410909831069866, -23.062071888131303 ], [ -46.410905054073609, -23.062071930779574 ], [ -46.410900277077339, -23.062071973427702 ], [ -46.410895500081061, -23.062072016075685 ], [ -46.410890723084762, -23.06207205872353 ], [ -46.410885946088456, -23.062072101371228 ], [ -46.410881146047686, -23.062069933868905 ], [ -46.410876369051437, -23.062069976516305 ], [ -46.410871545966579, -23.062065598863814 ], [ -46.410866722882034, -23.062061221211163 ], [ -46.410861945886062, -23.062061263858116 ], [ -46.410857145846023, -23.062059096355021 ], [ -46.410852345806134, -23.062056928851785 ], [ -46.410849888176422, -23.062050319725351 ], [ -46.410845111180805, -23.062050362371775 ], [ -46.410840311141399, -23.062048194868147 ], [ -46.410837876556172, -23.062043795891409 ], [ -46.410830711063042, -23.062043859860427 ], [ -46.410825934067617, -23.062043902506261 ], [ -46.410818745531039, -23.062041756324803 ], [ -46.410813945492322, -23.062039588820326 ], [ -46.410809168497011, -23.062039631465648 ], [ -46.410804391501685, -23.062039674110824 ], [ -46.410799591463253, -23.0620375066059 ], [ -46.410794791424969, -23.06203533910082 ], [ -46.410790014429764, -23.062035381745549 ], [ -46.410782825894124, -23.062033235562414 ], [ -46.410780391311, -23.062028836584673 ], [ -46.410775591273314, -23.062026669078978 ], [ -46.41077076819316, -23.062022291423151 ], [ -46.410770722107962, -23.062017871123174 ], [ -46.410765922070809, -23.062015703617156 ], [ -46.410763464446106, -23.06200909448911 ], [ -46.410758664409371, -23.062006926982846 ], [ -46.410756229827541, -23.062002528004655 ], [ -46.410753795245874, -23.06199812902641 ], [ -46.410751360664378, -23.06199373004813 ], [ -46.410748926083045, -23.061989331069789 ], [ -46.410744103005108, -23.061984953413013 ], [ -46.410744056920862, -23.061980533112965 ], [ -46.41074401083663, -23.061976112812925 ], [ -46.41074157625588, -23.061971713834438 ], [ -46.410739141675286, -23.061967314855906 ], [ -46.410731953144001, -23.061965168670202 ], [ -46.410729518563848, -23.061960769691499 ], [ -46.410724695487581, -23.061956392034045 ], [ -46.410719895453312, -23.06195422452646 ], [ -46.410715095419199, -23.061952057018736 ], [ -46.410712660839842, -23.061947658039717 ], [ -46.410707883847564, -23.061947700681813 ], [ -46.410703106855273, -23.061947743323767 ], [ -46.410698329862974, -23.061947785965575 ], [ -46.410693529829402, -23.061945618457163 ], [ -46.410688729795972, -23.061943450948601 ], [ -46.410683952803794, -23.061943493589961 ], [ -46.410679175811602, -23.06194353623118 ], [ -46.410674398819403, -23.06194357887226 ], [ -46.410669621827189, -23.061943621513198 ], [ -46.410664798753395, -23.061939243853775 ], [ -46.410659998720611, -23.061937076344293 ], [ -46.410655198687977, -23.061934908834655 ], [ -46.410647987119056, -23.06193055249485 ], [ -46.410645552542242, -23.061926153514673 ], [ -46.410640752510211, -23.061923986004572 ], [ -46.410635975518616, -23.061924028644452 ], [ -46.410631198527021, -23.061924071284196 ], [ -46.410626421535405, -23.061924113923787 ], [ -46.410621644543781, -23.061924156563236 ], [ -46.410616867552136, -23.06192419920254 ], [ -46.410612090560484, -23.061924241841702 ], [ -46.410607313568825, -23.061924284480718 ], [ -46.410602490497666, -23.061919906819238 ], [ -46.410597667426821, -23.061915529157606 ], [ -46.410592867395863, -23.061913361645985 ], [ -46.410590409781605, -23.061906752514648 ], [ -46.410587975207093, -23.061902353533448 ], [ -46.410587929128127, -23.061897933233066 ], [ -46.410585494553864, -23.061893534251809 ], [ -46.410585448475004, -23.061889113951409 ], [ -46.410585402396151, -23.061884693651013 ], [ -46.410585333277901, -23.061878063200407 ], [ -46.410585287199076, -23.061873642900004 ], [ -46.410585241120266, -23.061869222599597 ], [ -46.410585195041463, -23.06186480229918 ], [ -46.4105899489916, -23.061862549510739 ], [ -46.410594702941566, -23.061860296722148 ], [ -46.41059943385175, -23.061855833783241 ], [ -46.410604164761629, -23.061851370844202 ], [ -46.410606507176716, -23.061846929224444 ], [ -46.410608849591661, -23.061842487604647 ], [ -46.410613626580435, -23.06184244496573 ], [ -46.410615968995067, -23.061838003345851 ], [ -46.410620699903781, -23.061833540406365 ], [ -46.410625453852191, -23.061831287616915 ], [ -46.41062777322621, -23.061824635846705 ], [ -46.410632504134071, -23.061820172906902 ], [ -46.41063484654773, -23.061815731286785 ], [ -46.410639600495266, -23.061813478496948 ], [ -46.410644331402345, -23.061809015556825 ], [ -46.410646673815428, -23.061804573936541 ], [ -46.410653793215559, -23.061800089676179 ], [ -46.410658524121708, -23.061795626735659 ], [ -46.410663255027536, -23.061791163795025 ], [ -46.410668008973715, -23.061788911004392 ], [ -46.410672762919731, -23.061786658213634 ], [ -46.410677493824771, -23.06178219527261 ], [ -46.410682247770382, -23.061779942481575 ], [ -46.410687001715836, -23.061777689690409 ], [ -46.410691755661112, -23.061775436899115 ], [ -46.410701286592378, -23.061773141466233 ], [ -46.410706040537242, -23.061770888674516 ], [ -46.410710817523281, -23.061770846032783 ], [ -46.41071559450932, -23.061770803390907 ], [ -46.410720371495337, -23.061770760748885 ], [ -46.410727513932734, -23.061768486635483 ], [ -46.410732290918645, -23.061768443993106 ], [ -46.410739456397494, -23.061768380029271 ], [ -46.41074427946716, -23.061772757686697 ], [ -46.410749102537139, -23.061777135343942 ], [ -46.410753902565368, -23.061779302850972 ], [ -46.41075872563588, -23.061783680507901 ], [ -46.410763548706704, -23.061788058164666 ], [ -46.410768348735544, -23.061790225671228 ], [ -46.410770783313531, -23.061794624649508 ], [ -46.410780360329525, -23.061796749511945 ], [ -46.410787571894978, -23.061801105845916 ], [ -46.410787617980247, -23.061805526145971 ], [ -46.410792394967338, -23.061805483501715 ], [ -46.410799560447963, -23.061805419535055 ], [ -46.410804337435032, -23.06180537689043 ], [ -46.410809114422086, -23.061805334245669 ], [ -46.410813891409141, -23.061805291600759 ], [ -46.410818668396175, -23.061805248955707 ], [ -46.410823445383194, -23.06180520631051 ], [ -46.410830610863705, -23.061805142342443 ], [ -46.410835387850703, -23.061805099696887 ], [ -46.410840164837687, -23.061805057051181 ], [ -46.410844941824664, -23.061805014405333 ], [ -46.410849718811626, -23.061804971759344 ], [ -46.410854495798574, -23.061804929113208 ], [ -46.410861661278972, -23.061804865143738 ], [ -46.410868803715388, -23.061802591023984 ], [ -46.410873557658185, -23.061800338227336 ], [ -46.41087833464492, -23.06180029558049 ], [ -46.410883111631641, -23.061800252933498 ], [ -46.410887888618355, -23.061800210286364 ], [ -46.410892665605054, -23.061800167639078 ], [ -46.410897442591754, -23.061800124991656 ], [ -46.410902219578432, -23.061800082344085 ], [ -46.410906996565103, -23.061800039696376 ], [ -46.41091177355176, -23.061799997048517 ], [ -46.410914208134486, -23.06180439602435 ], [ -46.410919008166054, -23.061806563526176 ], [ -46.410923831242648, -23.06181094117774 ], [ -46.410931019768142, -23.061813087355002 ], [ -46.410935796755211, -23.061813044706394 ], [ -46.410940619832552, -23.0618174223574 ], [ -46.410943054416535, -23.061821821332718 ], [ -46.410947877494429, -23.061826198983482 ], [ -46.410952677527284, -23.061828366484203 ], [ -46.410957500605726, -23.061832744134637 ], [ -46.41095993519054, -23.061837143109649 ], [ -46.41096473522397, -23.061839310609976 ], [ -46.410969512211892, -23.061839267960302 ], [ -46.410974312245528, -23.06184143546033 ], [ -46.410976746831047, -23.061845834435037 ], [ -46.410983935359134, -23.061847980609752 ], [ -46.410988712347319, -23.061847937959488 ], [ -46.410993489335496, -23.061847895309075 ], [ -46.41100067786391, -23.061850041483009 ], [ -46.411005477898385, -23.061852208982035 ], [ -46.411012643380822, -23.061852145005592 ], [ -46.411017420369099, -23.061852102354454 ], [ -46.411022197357362, -23.061852059703167 ], [ -46.411026974345624, -23.061852017051745 ], [ -46.411031751333866, -23.061851974400167 ], [ -46.4110365283221, -23.061851931748446 ], [ -46.41104130531032, -23.061851889096584 ], [ -46.411046082298533, -23.061851846444572 ], [ -46.411050859286732, -23.061851803792429 ], [ -46.411055636274916, -23.061851761140133 ], [ -46.411060413263094, -23.061851718487691 ], [ -46.411065167204036, -23.061849465685356 ], [ -46.411069944192114, -23.061849423032637 ], [ -46.411074721180178, -23.061849380379762 ], [ -46.411079498168228, -23.061849337726752 ], [ -46.411084298203804, -23.061851505223327 ], [ -46.411089121287141, -23.061855882869473 ], [ -46.411093898275389, -23.061855840216012 ], [ -46.411098698311399, -23.061858007712139 ], [ -46.411103498347565, -23.061860175208096 ], [ -46.411105932937545, -23.061864574180586 ], [ -46.411110709926071, -23.061864531526606 ], [ -46.411115533010701, -23.061868909171878 ], [ -46.411120333047499, -23.061871076667284 ], [ -46.411125133084447, -23.061873244162541 ], [ -46.411129933121536, -23.061875411657653 ], [ -46.411134733158782, -23.061877579152604 ], [ -46.411139510147706, -23.061877536497729 ], [ -46.411149110222759, -23.061881871486879 ], [ -46.41115388721181, -23.061881828831559 ], [ -46.411158664200848, -23.061881786176102 ], [ -46.411163441189871, -23.061881743520491 ], [ -46.411168218178879, -23.061881700864742 ], [ -46.411172995167881, -23.061881658208851 ], [ -46.411175429760483, -23.061886057180114 ], [ -46.411180206749627, -23.061886014523996 ], [ -46.41118498373875, -23.061885971867731 ], [ -46.411189760727872, -23.061885929211318 ], [ -46.411194537716973, -23.061885886554773 ], [ -46.411199337755519, -23.061888054047685 ], [ -46.411204137794208, -23.061890221540448 ], [ -46.411208914783437, -23.061890178883448 ], [ -46.411213691772652, -23.061890136226314 ], [ -46.411218468761852, -23.06189009356903 ], [ -46.411223245751053, -23.0618900509116 ], [ -46.411228022740232, -23.061890008254032 ], [ -46.411232776679405, -23.061887755446733 ], [ -46.411237553668485, -23.061887712788884 ], [ -46.411244719152087, -23.061887648801829 ], [ -46.411249496141131, -23.06188760614361 ], [ -46.411254273130176, -23.06188756348525 ], [ -46.411259050119206, -23.06188752082674 ], [ -46.411263827108229, -23.061887478168099 ], [ -46.41126862714782, -23.061889645658844 ], [ -46.411275792631422, -23.061889581670378 ], [ -46.411280615722049, -23.061893959310293 ], [ -46.411285438812982, -23.061898336950037 ], [ -46.411290215802318, -23.061898294290572 ], [ -46.411295038893712, -23.06190267193 ], [ -46.411302227429076, -23.061904818089804 ], [ -46.411307027469846, -23.061906985579327 ], [ -46.411311804459451, -23.06190694291919 ], [ -46.411314239056949, -23.06191134188807 ], [ -46.411319016046697, -23.061911299227713 ], [ -46.411323816087943, -23.061913466716689 ], [ -46.411328616129332, -23.06191563420553 ], [ -46.4113333931192, -23.061915591544725 ], [ -46.411338193160809, -23.061917759033253 ], [ -46.411342970150727, -23.061917716372161 ], [ -46.411347747140645, -23.061917673710923 ], [ -46.411352524130542, -23.061917631049543 ], [ -46.411357301120432, -23.061917588388013 ], [ -46.411362078110308, -23.061917545726342 ], [ -46.411364512709604, -23.061921944694337 ], [ -46.411371678194627, -23.061921880701444 ], [ -46.41137645518463, -23.061921838039328 ], [ -46.411381232174612, -23.061921795377074 ], [ -46.411386009164588, -23.061921752714674 ], [ -46.411390786154556, -23.061921710052125 ], [ -46.411395563144502, -23.061921667389434 ], [ -46.411400340134449, -23.061921624726601 ], [ -46.411405117124382, -23.061921582063622 ], [ -46.4114098941143, -23.061921539400497 ], [ -46.411414671104204, -23.061921496737227 ], [ -46.411419448094101, -23.061921454073822 ], [ -46.411424225083991, -23.061921411410257 ], [ -46.411429002073859, -23.06192136874656 ], [ -46.411436167558648, -23.061921304750737 ], [ -46.411443333043415, -23.061921240754589 ], [ -46.411448086979689, -23.061918987940953 ], [ -46.41145286396943, -23.061918945276535 ], [ -46.411457640959156, -23.061918902611968 ], [ -46.411462394895089, -23.061916649797915 ], [ -46.411467148830866, -23.06191439698372 ], [ -46.4114719258204, -23.061914354318734 ], [ -46.411476702809928, -23.061914311653606 ], [ -46.411481479799448, -23.061914268988332 ], [ -46.411486233734784, -23.061912016173572 ], [ -46.411491010724191, -23.061911973508021 ], [ -46.411495787713598, -23.061911930842314 ], [ -46.41150056470299, -23.061911888176468 ], [ -46.411505341692369, -23.06191184551048 ], [ -46.411495810767917, -23.061914140991643 ], [ -46.411500587757388, -23.061914098325794 ] ] ] ] } },
{ "type": "Feature", "properties": { "Área (ha)": 0.135, "Área tota": 28.948 }, "geometry": { "type": "MultiPolygon", "coordinates": [ [ [ [ -46.408299205992144, -23.061761220405565 ], [ -46.408300527596644, -23.061763608479836 ], [ -46.408305350591498, -23.061767986215628 ], [ -46.408310196588808, -23.061774574103655 ], [ -46.408314973579927, -23.061774531534319 ], [ -46.408319796575633, -23.061778909269627 ], [ -46.40832457356688, -23.061778866699992 ], [ -46.408329350558112, -23.061778824130219 ], [ -46.408334127549338, -23.061778781560299 ], [ -46.40833890454055, -23.061778738990231 ], [ -46.408343635526357, -23.061774276115283 ], [ -46.40834597801642, -23.061769834525393 ], [ -46.408350709001688, -23.061765371650264 ], [ -46.408350662996106, -23.061760951345533 ], [ -46.408350616990525, -23.061756531040793 ], [ -46.408355347975196, -23.061752068165546 ], [ -46.408355301969486, -23.061747647860816 ], [ -46.408355255963784, -23.061743227556086 ], [ -46.408359986947858, -23.061738764680708 ], [ -46.408362329436819, -23.061734323090622 ], [ -46.408364671925639, -23.061729881500501 ], [ -46.408364625919674, -23.061725461195778 ], [ -46.408366968408274, -23.061721019605621 ], [ -46.408366922402251, -23.061716599300897 ], [ -46.408366876396251, -23.061712178996178 ], [ -46.408371607378882, -23.061707716120516 ], [ -46.408371561372739, -23.061703295815782 ], [ -46.408376315358062, -23.061701043092363 ], [ -46.408376269351784, -23.061696622787647 ], [ -46.408376223345513, -23.061692202482931 ], [ -46.408376177339257, -23.061687782178204 ], [ -46.408376131333007, -23.061683361873474 ], [ -46.408376085326772, -23.061678941568758 ], [ -46.408376039320544, -23.06167452126402 ], [ -46.40837599331433, -23.06167010095929 ], [ -46.40837594730813, -23.061665680654553 ], [ -46.408375901301945, -23.061661260349815 ], [ -46.408375855295766, -23.061656840045075 ], [ -46.408375809289595, -23.061652419740337 ], [ -46.408375763283438, -23.061647999435586 ], [ -46.408373328784116, -23.061643600416328 ], [ -46.408370871281967, -23.06163699124464 ], [ -46.408368436783014, -23.061632592225276 ], [ -46.408370779270058, -23.061628150635105 ], [ -46.408370733264121, -23.061623730330343 ], [ -46.408370687258191, -23.061619310025563 ], [ -46.408370641252276, -23.061614889720786 ], [ -46.408370595246375, -23.06161046941601 ], [ -46.40837054924048, -23.061606049111241 ], [ -46.408372891727041, -23.061601607521041 ], [ -46.408372845721097, -23.061597187216258 ], [ -46.408372799715153, -23.061592766911485 ], [ -46.40837275370923, -23.061588346606698 ], [ -46.408372707703315, -23.06158392630191 ], [ -46.408372661697413, -23.06157950599712 ], [ -46.408372615691519, -23.061575085692326 ], [ -46.408372569685646, -23.061570665387535 ], [ -46.408372523679773, -23.06156624508273 ], [ -46.408372477673915, -23.061561824777925 ], [ -46.40837243166807, -23.061557404473124 ], [ -46.408369997170645, -23.061553005453689 ], [ -46.408367562673391, -23.061548606434187 ], [ -46.408367516667738, -23.061544186129368 ], [ -46.408360305188012, -23.061539829680267 ], [ -46.408360259182608, -23.061535409375427 ], [ -46.408360213177225, -23.061530989070587 ], [ -46.408357778680717, -23.061526590050892 ], [ -46.408357709672792, -23.061519959593621 ], [ -46.408357663667516, -23.061515539288763 ], [ -46.408357617662261, -23.061511118983912 ], [ -46.408355183166229, -23.061506719964139 ], [ -46.40835274867036, -23.061502320944332 ], [ -46.40835270266529, -23.061497900639452 ], [ -46.408350268169677, -23.061493501619591 ], [ -46.408345422181341, -23.061486913732164 ], [ -46.408342987686176, -23.061482514712157 ], [ -46.408342941681468, -23.061478094407249 ], [ -46.408340507186558, -23.061473695387189 ], [ -46.408338072691812, -23.06146929636709 ], [ -46.408333226704983, -23.061462708479183 ], [ -46.408333180700645, -23.061458288174261 ], [ -46.408333134696306, -23.061453867869321 ], [ -46.40833308869199, -23.061449447564385 ], [ -46.408330654197954, -23.061445048544112 ], [ -46.408328219704089, -23.061440649523796 ], [ -46.408328173699964, -23.061436229218838 ], [ -46.408323350716849, -23.061431851483025 ], [ -46.408323304712901, -23.061427431178053 ], [ -46.408323258708954, -23.061423010873085 ], [ -46.408323212705035, -23.06141859056811 ], [ -46.408323166701116, -23.061414170263131 ], [ -46.408325509186312, -23.06140972867362 ], [ -46.408325463182337, -23.061405308368649 ], [ -46.408325417178375, -23.06140088806367 ], [ -46.408325371174421, -23.061396467758691 ], [ -46.40832532517048, -23.061392047453694 ], [ -46.408325279166561, -23.061387627148715 ], [ -46.408325233162643, -23.061383206843718 ], [ -46.408325187158738, -23.061378786538732 ], [ -46.40832514115484, -23.061374366233732 ], [ -46.408325072149019, -23.061367735776226 ], [ -46.408322637656866, -23.061363336755711 ], [ -46.408322591653096, -23.061358916450711 ], [ -46.408317791674854, -23.061356748867031 ], [ -46.408317745671255, -23.06135232856202 ], [ -46.408315288177882, -23.061345719388832 ], [ -46.408320042152027, -23.061343466667577 ], [ -46.408324819127898, -23.061343424098698 ], [ -46.408329596103762, -23.061343381529667 ], [ -46.408334373079612, -23.061343338960501 ], [ -46.408339150055454, -23.061343296391179 ], [ -46.408343973035727, -23.061347674126701 ], [ -46.408348773014005, -23.061349841709564 ], [ -46.408353572992425, -23.061352009292293 ], [ -46.40835834996853, -23.061351966722377 ], [ -46.408365515432678, -23.061351902867248 ], [ -46.408370292408755, -23.061351860296973 ], [ -46.408375069384824, -23.061351817726553 ], [ -46.408379823358068, -23.061349565003535 ], [ -46.408379777352451, -23.061345144698631 ], [ -46.408379731346855, -23.061340724393723 ], [ -46.408379685341266, -23.061336304088808 ], [ -46.408379639335685, -23.061331883783893 ], [ -46.40837959333011, -23.061327463478978 ], [ -46.408379547324557, -23.06132304317406 ], [ -46.408379501319011, -23.061318622869134 ], [ -46.408379455313479, -23.061314202564205 ], [ -46.408379409307962, -23.061309782259279 ], [ -46.408379363302444, -23.06130536195435 ], [ -46.408381705784073, -23.061300920364129 ], [ -46.408384048265553, -23.06129647877388 ], [ -46.408384002259922, -23.061292058468961 ], [ -46.408381567767407, -23.061287659449334 ], [ -46.408374356301415, -23.061283303000074 ], [ -46.408369556325198, -23.061281135417872 ], [ -46.408364733346644, -23.061276757683018 ], [ -46.408359956373204, -23.06127680025299 ], [ -46.408355133395105, -23.061272422517828 ], [ -46.408350356421799, -23.061272465087502 ], [ -46.408345579448479, -23.061272507657037 ], [ -46.408340779473058, -23.061270340073907 ], [ -46.408336002499802, -23.061270382643148 ], [ -46.408331225526531, -23.061270425212236 ], [ -46.40832644855324, -23.061270467781192 ], [ -46.408321717583497, -23.061274930655046 ], [ -46.408314575124955, -23.061277204660534 ], [ -46.408309821152983, -23.061279457381531 ], [ -46.408305044179336, -23.06127949994984 ], [ -46.408300267205675, -23.061279542518015 ], [ -46.408295490232, -23.061279585086048 ], [ -46.40829071325831, -23.061279627653931 ], [ -46.408283547797772, -23.06127969150549 ], [ -46.408278770824062, -23.061279734073015 ], [ -46.408273993850337, -23.06127977664039 ], [ -46.408269216876604, -23.06127981920763 ], [ -46.408264416902014, -23.061277651622142 ], [ -46.408259593926807, -23.061273273883909 ], [ -46.408257159438605, -23.061268874862133 ], [ -46.408254724950559, -23.061264475840321 ], [ -46.408252290462684, -23.061260076818446 ], [ -46.408249855974972, -23.061255677796538 ], [ -46.40824980997381, -23.061251257491325 ], [ -46.408249763972663, -23.061246837186122 ], [ -46.408249717971529, -23.061242416880905 ], [ -46.408249671970403, -23.061237996575692 ], [ -46.408249625969283, -23.061233576270471 ], [ -46.408249579968185, -23.06122915596525 ], [ -46.408249510966549, -23.061222525507414 ], [ -46.408251853451269, -23.061218083918945 ], [ -46.408256630422862, -23.06121804135234 ], [ -46.408261384393718, -23.061215788632985 ], [ -46.408266115363602, -23.061211325760901 ], [ -46.408273257819666, -23.061209051757718 ], [ -46.408278034790897, -23.061209009190485 ], [ -46.408282765759985, -23.061204546317935 ], [ -46.408285108243312, -23.061200104729028 ], [ -46.40828506224112, -23.061195684423858 ], [ -46.408285016238949, -23.06119126411868 ], [ -46.408284970236778, -23.061186843813505 ], [ -46.408284924234628, -23.061182423508335 ], [ -46.408282489747428, -23.061178024486853 ], [ -46.408280055260391, -23.061173625465329 ], [ -46.408275232288602, -23.061169247727364 ], [ -46.408272797801978, -23.061164848705712 ], [ -46.408270363315502, -23.06116044968401 ], [ -46.408263174860515, -23.06115830338172 ], [ -46.40826312885914, -23.061153883076475 ], [ -46.408260671372553, -23.06114727390198 ], [ -46.408255871402908, -23.061145106315948 ], [ -46.40825343691737, -23.061140707293937 ], [ -46.408251002431989, -23.061136308271866 ], [ -46.408246179462502, -23.061131930532881 ], [ -46.408246110461356, -23.061125300074945 ], [ -46.408246064460613, -23.061120879769657 ], [ -46.408241241491844, -23.061116502030476 ], [ -46.408241195491279, -23.061112081725181 ], [ -46.408236395523197, -23.06110991413847 ], [ -46.408236349522802, -23.061105493833157 ], [ -46.40823148055469, -23.061096695788301 ], [ -46.408229046070886, -23.061092296765793 ], [ -46.408229000070769, -23.061087876460459 ], [ -46.408226542587208, -23.061081267285225 ], [ -46.40822649658719, -23.061076846979883 ], [ -46.40822406210394, -23.061072447957262 ], [ -46.408221627620847, -23.061068048934594 ], [ -46.408219193137924, -23.061063649911887 ], [ -46.408216758655165, -23.06105925088913 ], [ -46.408214324172569, -23.061054851866317 ], [ -46.408209501207253, -23.06105047412596 ], [ -46.408204678242249, -23.061046096385446 ], [ -46.4082022437603, -23.061041697362423 ], [ -46.408199786278985, -23.061035088186628 ], [ -46.4081949863143, -23.061032920598468 ], [ -46.408190163350397, -23.061028542857454 ], [ -46.408185340386801, -23.061024165116258 ], [ -46.408182905905903, -23.061019766092862 ], [ -46.408182859907456, -23.061015345787393 ], [ -46.408182813909015, -23.061010925481931 ], [ -46.408180379428458, -23.061006526458485 ], [ -46.408175556465991, -23.061002148716923 ], [ -46.408175510467821, -23.060997728411422 ], [ -46.408175464469664, -23.060993308105935 ], [ -46.408170641507844, -23.060988930364196 ], [ -46.408168207028105, -23.060984531340495 ], [ -46.408165772548529, -23.060980132316754 ], [ -46.408163338069116, -23.060975733292977 ], [ -46.408160903589867, -23.060971334269137 ], [ -46.40816085759225, -23.0609669139636 ], [ -46.408160811594641, -23.06096249365806 ], [ -46.408156011633146, -23.06096032606855 ], [ -46.408151188673159, -23.060955948326104 ], [ -46.4081487311961, -23.060949339149253 ], [ -46.408146296717838, -23.060944940125125 ], [ -46.408141473758732, -23.060940562382338 ], [ -46.408136650799932, -23.060936184639381 ], [ -46.408131804843158, -23.060929596743449 ], [ -46.408127004883269, -23.060927429152962 ], [ -46.408126958886861, -23.060923008847336 ], [ -46.408124524409807, -23.060918609822817 ], [ -46.408122089932924, -23.060914210798234 ], [ -46.408117266975708, -23.060909833054591 ], [ -46.408112490014709, -23.060909875616442 ], [ -46.408107713053695, -23.060909918178154 ], [ -46.408102913094872, -23.060907750586885 ], [ -46.408098136133916, -23.060907793148303 ], [ -46.408093359172952, -23.060907835709575 ], [ -46.408088582211967, -23.060907878270708 ], [ -46.408083805250982, -23.060907920831689 ], [ -46.408079028289976, -23.060907963392534 ], [ -46.408078982295173, -23.060903543086809 ], [ -46.4080717938566, -23.06090139677492 ], [ -46.408069336384493, -23.060894787596542 ], [ -46.408069290390031, -23.060890367290789 ], [ -46.408069244395584, -23.060885946985035 ], [ -46.408066786923918, -23.06087933780659 ], [ -46.408066740929577, -23.060874917500811 ], [ -46.408066694935243, -23.060870497195051 ], [ -46.408066648940924, -23.060866076889283 ], [ -46.408066602946612, -23.060861656583505 ], [ -46.408066556952313, -23.060857236277727 ], [ -46.408066510958029, -23.060852815971945 ], [ -46.408066464963753, -23.060848395666163 ], [ -46.40806641896949, -23.060843975360378 ], [ -46.408066372975242, -23.060839555054585 ], [ -46.408066326980993, -23.060835134748803 ], [ -46.408063892507606, -23.060830735723119 ], [ -46.408063846513464, -23.060826315417316 ], [ -46.408063800519336, -23.060821895111509 ], [ -46.408061366046297, -23.060817496085765 ], [ -46.408058931573414, -23.06081309705997 ], [ -46.408058885579479, -23.060808676754156 ], [ -46.40805883958555, -23.060804256448321 ], [ -46.408056405113015, -23.060799857422474 ], [ -46.408056359119186, -23.060795437116649 ], [ -46.408051536168443, -23.060791059370615 ], [ -46.408049101696399, -23.060786660344615 ], [ -46.408046667224525, -23.060782261318568 ], [ -46.408046621231051, -23.060777841012715 ], [ -46.408046575237591, -23.060773420706845 ], [ -46.408046529244146, -23.060769000400974 ], [ -46.408046483250708, -23.060764580095114 ], [ -46.408046437257283, -23.06076015978925 ], [ -46.408046391263873, -23.060755739483369 ], [ -46.408046345270463, -23.060751319177495 ], [ -46.408043910799378, -23.060746920151352 ], [ -46.408041476328457, -23.06074252112516 ], [ -46.408041430335246, -23.060738100819261 ], [ -46.408041384342042, -23.060733680513366 ], [ -46.40803656139407, -23.060729302766724 ], [ -46.408036515401051, -23.060724882460814 ], [ -46.408034080930797, -23.060720483434466 ], [ -46.408029257983543, -23.06071610568755 ], [ -46.408029211990787, -23.060711685381619 ], [ -46.408024389044009, -23.060707307634527 ], [ -46.408019612089966, -23.06070735019323 ], [ -46.408012446658887, -23.060707414031 ], [ -46.408010104173968, -23.060711855616155 ], [ -46.408010173162168, -23.060718486075103 ], [ -46.408007830677008, -23.060722927660226 ], [ -46.408007876669089, -23.060727347966196 ], [ -46.408005534183715, -23.060731789551291 ], [ -46.408003191698185, -23.060736231136367 ], [ -46.408003237690146, -23.06074065144233 ], [ -46.408003306678111, -23.060747281901271 ], [ -46.408000964192269, -23.06075172348632 ], [ -46.407998621706284, -23.060756165071339 ], [ -46.407993867746313, -23.060758417782324 ], [ -46.407991525259987, -23.060762859367252 ], [ -46.407986794295397, -23.060767322231033 ], [ -46.407982040334829, -23.060769574941691 ], [ -46.407974897895883, -23.060771848930933 ], [ -46.407970143934939, -23.06077410164124 ], [ -46.40796887978712, -23.060774112903356 ], [ -46.40800611, -23.06087194 ], [ -46.40811806, -23.06114333 ], [ -46.40817889, -23.06133472 ], [ -46.40829389, -23.06174 ], [ -46.408299205992144, -23.061761220405565 ] ] ] ] } },
{ "type": "Feature", "properties": { "Área (ha)": 0.058, "Área tota": 28.948 }, "geometry": { "type": "MultiPolygon", "coordinates": [ [ [ [ -46.412842736737353, -23.06188442232029 ], [ -46.412847606028464, -23.061893220205938 ], [ -46.412847629104839, -23.061895430353974 ], [ -46.41284765218122, -23.061897640502007 ], [ -46.412847675257602, -23.06189985065004 ], [ -46.412847698333984, -23.061902060798079 ], [ -46.412847721410373, -23.061904270946116 ], [ -46.412847744486761, -23.061906481094137 ], [ -46.412845379069907, -23.061908712595478 ], [ -46.412843013652974, -23.061910944096773 ], [ -46.412840636697823, -23.061912070524016 ], [ -46.412838248204508, -23.0619120918772 ], [ -46.412835859711194, -23.06191211323036 ], [ -46.412833471217873, -23.061912134583483 ], [ -46.412831082724544, -23.061912155936561 ], [ -46.412828694231223, -23.06191217728961 ], [ -46.412826305737894, -23.061912198642613 ], [ -46.412823917244566, -23.061912219995591 ], [ -46.412821528751238, -23.06191224134853 ], [ -46.412819140257895, -23.061912262701433 ], [ -46.412816751764559, -23.061912284054305 ], [ -46.412814363271217, -23.06191230540713 ], [ -46.412811974777874, -23.061912326759924 ], [ -46.412809586284524, -23.061912348112681 ], [ -46.412807197791167, -23.061912369465407 ], [ -46.412804809297818, -23.061912390818087 ], [ -46.412801226557782, -23.061912422847048 ], [ -46.412798838064425, -23.061912444199645 ], [ -46.412796461108833, -23.061913570626253 ], [ -46.412795289937691, -23.061915791450591 ], [ -46.41279291298202, -23.061916917877138 ], [ -46.4127905360263, -23.061918044303663 ], [ -46.412789364855023, -23.061920265127974 ], [ -46.412786976361502, -23.061920286480394 ], [ -46.412785805190147, -23.061922507304679 ], [ -46.41278343977195, -23.061924738805136 ], [ -46.412782268600495, -23.061926959629407 ], [ -46.41277990318217, -23.061929191129821 ], [ -46.412778732010615, -23.061931411954053 ], [ -46.412776355054518, -23.061932538380375 ], [ -46.412773966560785, -23.061932559732607 ], [ -46.412771589604631, -23.061933686158863 ], [ -46.412769224186, -23.061935917659135 ], [ -46.412766858767291, -23.061938149159364 ], [ -46.412764470273444, -23.061938170511464 ], [ -46.412760899070172, -23.061939307613599 ], [ -46.412758533651264, -23.061941539113715 ], [ -46.412757362479262, -23.061943759937815 ], [ -46.412754973985301, -23.061943781289777 ], [ -46.412752608566215, -23.061946012789814 ], [ -46.412750220072212, -23.061946034141705 ], [ -46.412747843115611, -23.06194716056762 ], [ -46.412745454621579, -23.061947181919439 ], [ -46.412743066127547, -23.061947203271224 ], [ -46.412740677633522, -23.061947224622973 ], [ -46.412738289139476, -23.061947245974686 ], [ -46.412735900645437, -23.061947267326353 ], [ -46.412733512151391, -23.061947288677999 ], [ -46.412731123657352, -23.061947310029602 ], [ -46.412728735163299, -23.061947331381162 ], [ -46.412726346669253, -23.061947352732695 ], [ -46.412723958175192, -23.061947374084195 ], [ -46.412721569681139, -23.061947395435649 ], [ -46.412719181187079, -23.061947416787074 ], [ -46.412715598445978, -23.061947448814141 ], [ -46.412713209951917, -23.061947470165467 ], [ -46.41271082145785, -23.061947491516769 ], [ -46.412708432963775, -23.061947512868027 ], [ -46.412706044469694, -23.06194753421925 ], [ -46.412703655975619, -23.061947555570441 ], [ -46.412700073234497, -23.061947587597153 ], [ -46.412697684740415, -23.061947608948252 ], [ -46.412695319320271, -23.061949840447479 ], [ -46.412692942363094, -23.061950966872587 ], [ -46.412690576942815, -23.06195319837175 ], [ -46.412690600016695, -23.061955408519932 ], [ -46.412690623090576, -23.061957618668089 ], [ -46.412688234596303, -23.06195764001906 ], [ -46.412684674928677, -23.061959882193609 ], [ -46.412682286434354, -23.061959903544484 ], [ -46.412679921013741, -23.061962135043498 ], [ -46.412677567129897, -23.061965471616578 ], [ -46.412677590203572, -23.061967681764749 ], [ -46.412677613277253, -23.061969891912934 ], [ -46.412677636350942, -23.061972102061112 ], [ -46.41267885367192, -23.061974301533887 ], [ -46.412680070992934, -23.061976501006651 ], [ -46.412681288313991, -23.061978700479386 ], [ -46.412682505635097, -23.06198089995214 ], [ -46.412684928740504, -23.061984193823481 ], [ -46.412686146061716, -23.061986393296184 ], [ -46.412688557630382, -23.061988582093388 ], [ -46.412690957662157, -23.06198966581648 ], [ -46.412693380767941, -23.061992959687679 ], [ -46.412695792336841, -23.061995148484762 ], [ -46.412697009658331, -23.061997347957369 ], [ -46.412699409690333, -23.061998431680308 ], [ -46.412699432764406, -23.062000641828455 ], [ -46.412699455838478, -23.062002851976597 ], [ -46.41270067316011, -23.062005051449159 ], [ -46.412703073192269, -23.062006135172048 ], [ -46.412703096266412, -23.062008345320191 ], [ -46.412703119340556, -23.06201055546833 ], [ -46.412704336662316, -23.062012754940856 ], [ -46.412705565521215, -23.062016059487448 ], [ -46.412707965553615, -23.062017143210234 ], [ -46.412710365586051, -23.062018226932985 ], [ -46.41271277715569, -23.062020415729762 ], [ -46.412715177188218, -23.062021499452442 ], [ -46.412717577220782, -23.062022583175079 ], [ -46.412719977253388, -23.062023666897677 ], [ -46.412722377286038, -23.062024750620235 ], [ -46.412724777318715, -23.062025834342752 ], [ -46.412727177351428, -23.062026918065239 ], [ -46.412729565846881, -23.062026896713625 ], [ -46.412731954342334, -23.062026875361973 ], [ -46.412734354375125, -23.06202795908434 ], [ -46.412736754407945, -23.062029042806675 ], [ -46.412739165978181, -23.062031231603015 ], [ -46.412741554473698, -23.06203121025122 ], [ -46.412742771796275, -23.062033409723405 ], [ -46.412743989118887, -23.062035609195579 ], [ -46.412744012193727, -23.062037819343672 ], [ -46.412744035268581, -23.062040029491765 ], [ -46.412744058343428, -23.062042239639869 ], [ -46.412746458376581, -23.06204332336203 ], [ -46.41274767569935, -23.062045522834168 ], [ -46.412748893022162, -23.062047722306289 ], [ -46.412748916097101, -23.062049932454382 ], [ -46.41274893917204, -23.062052142602461 ], [ -46.412751339205407, -23.06205322632454 ], [ -46.412753750776318, -23.062055415120625 ], [ -46.412754968099328, -23.062057614592682 ], [ -46.412757368132837, -23.062058698314669 ], [ -46.41275858545594, -23.062060897786701 ], [ -46.412760985489527, -23.062061981508617 ], [ -46.412763397060758, -23.062064170304531 ], [ -46.412764614384002, -23.062066369776506 ], [ -46.412767002880116, -23.062066348424295 ], [ -46.412769391376223, -23.062066327072049 ], [ -46.412772997195738, -23.062068505191668 ], [ -46.412776591477652, -23.062069578237171 ], [ -46.412779003049259, -23.062071767032823 ], [ -46.412782608869065, -23.062073945152207 ], [ -46.412784997365286, -23.062073923799712 ], [ -46.412787385861513, -23.062073902447185 ], [ -46.412789785895548, -23.062074986168639 ], [ -46.41279217439179, -23.062074964816045 ], [ -46.412795757136138, -23.062074932787073 ], [ -46.412798145632372, -23.062074911434383 ], [ -46.4128005341286, -23.062074890081654 ], [ -46.412802922624827, -23.062074868728892 ], [ -46.412806505369154, -23.062074836699679 ], [ -46.412808893865375, -23.062074815346829 ], [ -46.412811282361595, -23.062074793993943 ], [ -46.412813670857808, -23.062074772641012 ], [ -46.412816059354014, -23.062074751288051 ], [ -46.412818447850221, -23.062074729935055 ], [ -46.412820836346427, -23.062074708582024 ], [ -46.412823224842626, -23.062074687228954 ], [ -46.412825613338825, -23.062074665875844 ], [ -46.412828001835024, -23.062074644522706 ], [ -46.412830367254927, -23.062072413021518 ], [ -46.412832755751076, -23.062072391668316 ], [ -46.412835144247225, -23.062072370315065 ], [ -46.412837509666957, -23.062070138813787 ], [ -46.412839898163064, -23.062070117460468 ], [ -46.412842275120923, -23.062068991033122 ], [ -46.412844652078739, -23.062067864605741 ], [ -46.412848234822825, -23.062067832575593 ], [ -46.412849405994251, -23.062065611750864 ], [ -46.412851794490265, -23.062065590397374 ], [ -46.4128541599096, -23.062063358895855 ], [ -46.412855319542551, -23.062060032997113 ], [ -46.412857684961736, -23.062057801495552 ], [ -46.412860061919226, -23.062056675067943 ], [ -46.412862427338268, -23.062054443566325 ], [ -46.412864804295651, -23.062053317138655 ], [ -46.412867181252992, -23.062052190710958 ], [ -46.412869558210296, -23.062051064283221 ], [ -46.412873106338452, -23.06204771703057 ], [ -46.412875494834118, -23.062047695676732 ], [ -46.412877871791267, -23.062046569248885 ], [ -46.412880225671302, -23.06204323267303 ], [ -46.412882614166882, -23.062043211319089 ], [ -46.412884968046747, -23.062039874743181 ], [ -46.412887345003668, -23.062038748315189 ], [ -46.412888504635617, -23.062035422416237 ], [ -46.412892064301516, -23.062033180237183 ], [ -46.412893223933303, -23.062029854338199 ], [ -46.412895600889982, -23.0620287279101 ], [ -46.412896772060314, -23.062026507085069 ], [ -46.412896748982988, -23.062024296937118 ], [ -46.412897920153263, -23.062022076112086 ], [ -46.412897897075929, -23.062019865964128 ], [ -46.412902650988819, -23.062017613107773 ], [ -46.412905027945207, -23.062016486679543 ], [ -46.412907416440291, -23.062016465325254 ], [ -46.412910987644146, -23.062015328219776 ], [ -46.412913376139208, -23.062015306865398 ], [ -46.412915764634263, -23.062015285510984 ], [ -46.412918141590488, -23.062014159082569 ], [ -46.41292051854667, -23.062013032654114 ], [ -46.412922907041683, -23.062013011299587 ], [ -46.412926478245296, -23.062011874193768 ], [ -46.412928866740273, -23.062011852839156 ], [ -46.412931255235257, -23.062011831484508 ], [ -46.412933643730234, -23.062011810129825 ], [ -46.412936043764184, -23.062012893849072 ], [ -46.412939638045671, -23.062013966890884 ], [ -46.412942026540684, -23.062013945536069 ], [ -46.412944426574732, -23.062015029255175 ], [ -46.412946815069752, -23.062015007900289 ], [ -46.412949203564771, -23.062014986545364 ], [ -46.412951592059784, -23.062014965190411 ], [ -46.412955174802299, -23.062014933157908 ], [ -46.412958757544814, -23.06201490112532 ], [ -46.412961146039819, -23.062014879770217 ], [ -46.412963534534818, -23.062014858415079 ], [ -46.412964705703892, -23.062012637589614 ], [ -46.412967094198855, -23.062012616234426 ], [ -46.412969471154554, -23.062011489805251 ], [ -46.412973053896955, -23.062011457772343 ], [ -46.412975419313298, -23.062009226269151 ], [ -46.412977796268862, -23.062008099839865 ], [ -46.412980173224398, -23.062006973410536 ], [ -46.41298256171924, -23.062006952055121 ], [ -46.412987315630126, -23.062004699196308 ], [ -46.412989704124925, -23.062004677840779 ], [ -46.412992069540863, -23.062002446337345 ], [ -46.412994458035605, -23.062002424981749 ], [ -46.412996834990892, -23.062001298552193 ], [ -46.412999223485613, -23.062001277196529 ], [ -46.413000394653984, -23.061999056370826 ], [ -46.413002771609158, -23.061997929941182 ], [ -46.413006342811599, -23.061996792833611 ], [ -46.413007513979821, -23.061994572007858 ], [ -46.413009890934845, -23.061993445578111 ], [ -46.413011062102974, -23.06199122475233 ], [ -46.413013427518322, -23.061988993248608 ], [ -46.413015792933578, -23.061986761744858 ], [ -46.413016964101566, -23.061984540919038 ], [ -46.413020523763876, -23.061982298737252 ], [ -46.413021694931743, -23.0619800779114 ], [ -46.413025266133545, -23.061978940803439 ], [ -46.413028814255853, -23.061975593547547 ], [ -46.413031202750091, -23.061975572191422 ], [ -46.413033568164828, -23.061973340687423 ], [ -46.413035933579479, -23.061971109183396 ], [ -46.413039493241115, -23.061968867001212 ], [ -46.413040664408562, -23.061966646175236 ], [ -46.41304302982298, -23.061964414671106 ], [ -46.413043006743337, -23.061962204523287 ], [ -46.413042983663694, -23.061959994375449 ], [ -46.413042960584058, -23.061957784227612 ], [ -46.413042937504429, -23.061955574079782 ], [ -46.413042914424793, -23.061953363931956 ], [ -46.413042891345164, -23.061951153784122 ], [ -46.413042868265542, -23.061948943636278 ], [ -46.413040433612622, -23.061944544696889 ], [ -46.413040410533043, -23.061942334549055 ], [ -46.413040387453464, -23.061940124401211 ], [ -46.413040364373892, -23.061937914253374 ], [ -46.413040341294327, -23.06193570410553 ], [ -46.413040318214755, -23.061933493957692 ], [ -46.413040295135197, -23.061931283809844 ], [ -46.413040272055632, -23.061929073662007 ], [ -46.413040248976074, -23.061926863514167 ], [ -46.413040225896516, -23.061924653366319 ], [ -46.413040202816958, -23.061922443218471 ], [ -46.413040179737415, -23.061920233070627 ], [ -46.413040156657871, -23.061918022922782 ], [ -46.41304013357832, -23.061915812774945 ], [ -46.413040110498777, -23.06191360262709 ], [ -46.41304008741924, -23.061911392479246 ], [ -46.413038870093175, -23.061909193009498 ], [ -46.413038835473905, -23.061905877787723 ], [ -46.413037618147918, -23.061903678317968 ], [ -46.41303638928224, -23.061900373774275 ], [ -46.413036366202775, -23.061898163626413 ], [ -46.413036343123316, -23.061895953478562 ], [ -46.413033931551077, -23.061893764686836 ], [ -46.413033908471661, -23.061891554538981 ], [ -46.413033885392245, -23.061889344391115 ], [ -46.413033862312837, -23.061887134243257 ], [ -46.413031439201113, -23.061883840377554 ], [ -46.413031416121747, -23.061881630229692 ], [ -46.413030198796115, -23.061879430759852 ], [ -46.413028981470525, -23.061877231290005 ], [ -46.413028958391216, -23.061875021142129 ], [ -46.4130289353119, -23.061872810994267 ], [ -46.413028900692929, -23.061869495772459 ], [ -46.413028877613627, -23.061867285624594 ], [ -46.413028854534325, -23.061865075476717 ], [ -46.413028831455023, -23.061862865328841 ], [ -46.413028808375728, -23.061860655180975 ], [ -46.413028785296433, -23.061858445033103 ], [ -46.413028762217138, -23.06185623488523 ], [ -46.41302873913785, -23.061854024737354 ], [ -46.413028716058562, -23.061851814589474 ], [ -46.413027498733271, -23.061849615119595 ], [ -46.413027475654012, -23.061847404971722 ], [ -46.413026246789165, -23.06184410042788 ], [ -46.413023835218048, -23.061841911635941 ], [ -46.413022617892935, -23.061839712166005 ], [ -46.413020217861515, -23.061838628447944 ], [ -46.413017794751049, -23.061835334581943 ], [ -46.41301539471975, -23.061834250863797 ], [ -46.413012983148981, -23.061832062071669 ], [ -46.41300940041139, -23.061832094105245 ], [ -46.413006988840756, -23.061829905313015 ], [ -46.413004600349069, -23.061829926668647 ], [ -46.413002211857375, -23.061829948024243 ], [ -46.412999823365674, -23.061829969379804 ], [ -46.412997434873979, -23.06182999073533 ], [ -46.412995046382278, -23.06183001209082 ], [ -46.41299265789057, -23.06183003344627 ], [ -46.412990269398854, -23.061830054801682 ], [ -46.412987880907146, -23.061830076157065 ], [ -46.412985503954715, -23.061831202586372 ], [ -46.412983127002235, -23.06183232901564 ], [ -46.412980761588955, -23.06183456051884 ], [ -46.412978373097154, -23.061834581874081 ], [ -46.412975996144553, -23.061835708303253 ], [ -46.412972424945991, -23.061836845409957 ], [ -46.412970059532448, -23.061839076913014 ], [ -46.412967682579698, -23.061840203342065 ], [ -46.412966511411994, -23.06184242416753 ], [ -46.412961745967173, -23.061843571951524 ], [ -46.412959369014267, -23.061844698380455 ], [ -46.412956992061318, -23.061845824809357 ], [ -46.412955820893387, -23.061848045634758 ], [ -46.412951066987276, -23.061850298492423 ], [ -46.412948690034156, -23.061851424921201 ], [ -46.412946313080994, -23.061852551349951 ], [ -46.412942730342756, -23.061852583382038 ], [ -46.4129403418506, -23.061852604736721 ], [ -46.412937953358437, -23.061852626091365 ], [ -46.412935553327394, -23.061851542371997 ], [ -46.412933153296386, -23.061850458652582 ], [ -46.412930753265414, -23.061849374933136 ], [ -46.412927158988424, -23.061848301890887 ], [ -46.412923564711498, -23.061847228848549 ], [ -46.412921176219413, -23.061847250202931 ], [ -46.412918787727328, -23.061847271557287 ], [ -46.412916399235236, -23.061847292911605 ], [ -46.412914010743144, -23.061847314265883 ], [ -46.412911622251052, -23.061847335620119 ], [ -46.412909233758953, -23.061847356974333 ], [ -46.412906845266846, -23.061847378328498 ], [ -46.412904456774747, -23.061847399682637 ], [ -46.412902068282641, -23.061847421036735 ], [ -46.412899679790534, -23.061847442390793 ], [ -46.412897302836981, -23.061848568818828 ], [ -46.412894914344854, -23.061848590172815 ], [ -46.412894937421946, -23.061850800320816 ], [ -46.412892560468308, -23.061851926748776 ], [ -46.412890171976109, -23.061851948102703 ], [ -46.412887795022392, -23.061853074530589 ], [ -46.412884223822523, -23.061854211635357 ], [ -46.412881846868721, -23.061855338063168 ], [ -46.412879469914877, -23.061856464490944 ], [ -46.412875898714837, -23.061857601595541 ], [ -46.412873510222518, -23.061857622949212 ], [ -46.41287113326856, -23.06185874937686 ], [ -46.412869962099094, -23.061860970201685 ], [ -46.412867585145044, -23.061862096629298 ], [ -46.412865208190951, -23.061863223056861 ], [ -46.412862831236815, -23.061864349484399 ], [ -46.412861660067165, -23.061866570309178 ], [ -46.412859283112951, -23.061867696736666 ], [ -46.41285690615868, -23.061868823164112 ], [ -46.412854517666155, -23.061868844517512 ], [ -46.412850958003752, -23.061871086695586 ], [ -46.41284859258753, -23.061873318196938 ], [ -46.412847432955743, -23.061876644095644 ], [ -46.412846261785738, -23.06187886492032 ], [ -46.412843896369317, -23.061881096421605 ], [ -46.412842736737353, -23.06188442232029 ] ] ] ] } },
{ "type": "Feature", "properties": { "Área (ha)": 0.08, "Área tota": 28.948 }, "geometry": { "type": "MultiPolygon", "coordinates": [ [ [ [ -46.414749931605115, -23.063722122745396 ], [ -46.414721223107485, -23.063717959055026 ], [ -46.414716446061, -23.063718001821364 ], [ -46.414711669014501, -23.063718044587549 ], [ -46.414706938185553, -23.0637225076451 ], [ -46.414702184247588, -23.063724760556756 ], [ -46.414699865050217, -23.063731412376924 ], [ -46.414692699479708, -23.063731476525444 ], [ -46.414687922432684, -23.063731519290936 ], [ -46.414683191602464, -23.063735982347819 ], [ -46.41468323781929, -23.063740402639347 ], [ -46.414683284036123, -23.063744822930879 ], [ -46.414683330252963, -23.0637492432224 ], [ -46.414683376469831, -23.063753663513928 ], [ -46.4146834226867, -23.06375808380545 ], [ -46.414683468903576, -23.063762504096967 ], [ -46.414681126596321, -23.063766945771139 ], [ -46.414678784288924, -23.063771387445286 ], [ -46.414676441981371, -23.063775829119397 ], [ -46.414674099673682, -23.06378027079349 ], [ -46.414674145890302, -23.063784691085004 ], [ -46.414669415057844, -23.063789154141574 ], [ -46.414664661116909, -23.063791407052232 ], [ -46.414662318808581, -23.063795848726159 ], [ -46.414659999608197, -23.063802500545844 ], [ -46.414660045824412, -23.063806920837383 ], [ -46.414660092040641, -23.063811341128918 ], [ -46.414660138256878, -23.06381576142045 ], [ -46.414660184473128, -23.063820181711975 ], [ -46.414660230689385, -23.063824602003503 ], [ -46.414662665430917, -23.063829000912634 ], [ -46.414667488697944, -23.063833378439245 ], [ -46.414667534914479, -23.063837798730745 ], [ -46.414667581131013, -23.063842219022252 ], [ -46.414665238821996, -23.063846660696246 ], [ -46.414665285038488, -23.063851080987742 ], [ -46.414660554203522, -23.063855544044138 ], [ -46.414660600419879, -23.063859964335638 ], [ -46.414660646636236, -23.063864384627145 ], [ -46.414660739068992, -23.063873225210155 ], [ -46.414660785285392, -23.063877645501645 ], [ -46.414660831501799, -23.063882065793134 ], [ -46.414656077557531, -23.063884318703685 ], [ -46.414653735247477, -23.063888760377548 ], [ -46.41464898130284, -23.063891013287886 ], [ -46.414644250465997, -23.063895476343859 ], [ -46.414639519628835, -23.063899939399708 ], [ -46.414637177317985, -23.063904381073343 ], [ -46.41463244648029, -23.063908844128996 ], [ -46.414627692534573, -23.063911097038751 ], [ -46.414627738749985, -23.063915517330297 ], [ -46.414627784965397, -23.063919937621826 ], [ -46.414627831180816, -23.063924357913368 ], [ -46.414627877396249, -23.063928778204897 ], [ -46.414627923611704, -23.063933198496429 ], [ -46.414630358354366, -23.063937597405939 ], [ -46.414632793097205, -23.063941996315418 ], [ -46.414637593259663, -23.063944163696977 ], [ -46.414642439638236, -23.063950751369866 ], [ -46.414647239801148, -23.063952918751095 ], [ -46.414652016856074, -23.063952875986445 ], [ -46.414656793910979, -23.063952833221641 ], [ -46.414661570965876, -23.0639527904567 ], [ -46.414666371129137, -23.063954957837346 ], [ -46.414671148184098, -23.063954915072109 ], [ -46.414675925239031, -23.063954872306727 ], [ -46.414680702293971, -23.063954829541203 ], [ -46.414685479348883, -23.063954786775533 ], [ -46.414690256403787, -23.06395474400972 ], [ -46.414695033458685, -23.06395470124377 ], [ -46.414699810513575, -23.063954658477659 ], [ -46.414704610677447, -23.063956825857094 ], [ -46.414707045423015, -23.063961224765276 ], [ -46.414711822478104, -23.063961181998799 ], [ -46.414711868696365, -23.063965602290157 ], [ -46.414714303442338, -23.0639700011982 ], [ -46.414716738188467, -23.063974400106201 ], [ -46.414721538353305, -23.06397656748506 ], [ -46.414726338518292, -23.063978734863781 ], [ -46.414726407846459, -23.063985365300752 ], [ -46.414728842593277, -23.063989764208525 ], [ -46.414731277340266, -23.063994163116242 ], [ -46.414736100615592, -23.063998540640267 ], [ -46.414743266200112, -23.063998476489083 ], [ -46.414748043256445, -23.063998433721444 ], [ -46.414752820312764, -23.063998390953667 ], [ -46.414757574259156, -23.063996138040121 ], [ -46.414762351315368, -23.063996095272056 ], [ -46.414769493789564, -23.063993820974073 ], [ -46.414774247735494, -23.063991568060047 ], [ -46.414779024791521, -23.063991525291485 ], [ -46.414783778737196, -23.063989272377189 ], [ -46.414788532682707, -23.063987019462747 ], [ -46.414793309738535, -23.063986976693762 ], [ -46.414798086794356, -23.063986933924635 ], [ -46.414802863850163, -23.063986891155363 ], [ -46.41480761779524, -23.063984638240363 ], [ -46.414812394850948, -23.063984595470806 ], [ -46.414817171906641, -23.063984552701104 ], [ -46.414819514212674, -23.063980111025067 ], [ -46.414824291268189, -23.063980068255159 ], [ -46.414826610462889, -23.063973416433466 ], [ -46.414831341295979, -23.063968953372235 ], [ -46.414836072128757, -23.06396449031088 ], [ -46.414838414433838, -23.063960048634595 ], [ -46.414843122154807, -23.063953375427506 ], [ -46.414847899209335, -23.063953332656929 ], [ -46.414852676263855, -23.063953289886211 ], [ -46.414857453318369, -23.063953247115343 ], [ -46.41485988806869, -23.063957646020931 ], [ -46.414864665123339, -23.063957603249836 ], [ -46.414869511513082, -23.063964190915176 ], [ -46.414874334791513, -23.063968568434827 ], [ -46.41487913495839, -23.063970735808795 ], [ -46.414881569709756, -23.063975134713978 ], [ -46.414888735292571, -23.063975070556264 ], [ -46.414893512347781, -23.063975027784274 ], [ -46.41489828940297, -23.063974985012138 ], [ -46.414903066458145, -23.063974942239856 ], [ -46.414907843513319, -23.063974899467429 ], [ -46.414912620568479, -23.063974856694863 ], [ -46.414917397623626, -23.063974813922147 ], [ -46.414922174678757, -23.06397477114929 ], [ -46.414926951733882, -23.063974728376291 ], [ -46.414931682563527, -23.063970265312221 ], [ -46.414936436505663, -23.063968012393477 ], [ -46.414936390280062, -23.06396359210256 ], [ -46.414936344054468, -23.063959171811639 ], [ -46.414938686356088, -23.063954730134039 ], [ -46.41494339407177, -23.063948056924204 ], [ -46.414948101786997, -23.063941383714241 ], [ -46.414948055561077, -23.063936963423334 ], [ -46.414948009335163, -23.06393254313241 ], [ -46.414947963109263, -23.063928122841503 ], [ -46.414947916883371, -23.063923702550575 ], [ -46.414947870657493, -23.063919282259665 ], [ -46.414947824431621, -23.063914861968733 ], [ -46.414945389679374, -23.06391046306458 ], [ -46.414942954927277, -23.063906064160385 ], [ -46.414938108536333, -23.063899476497326 ], [ -46.414933308371211, -23.063897309125057 ], [ -46.414928531318836, -23.063897351898113 ], [ -46.414923754266447, -23.063897394671027 ], [ -46.41491897721405, -23.063897437443803 ], [ -46.414914200161633, -23.063897480216422 ], [ -46.414909423109215, -23.06389752298891 ], [ -46.414904646056783, -23.063897565761241 ], [ -46.414899845892208, -23.06389539838792 ], [ -46.414895068839826, -23.063895441159964 ], [ -46.414892634089625, -23.063891042254891 ], [ -46.414887833925462, -23.063888874881179 ], [ -46.414887787701623, -23.063884454590124 ], [ -46.414887741477798, -23.063880034299061 ], [ -46.414887695253988, -23.063875614008005 ], [ -46.414887649030177, -23.063871193716945 ], [ -46.414887602806388, -23.063866773425868 ], [ -46.414889945108222, -23.063862331748947 ], [ -46.414892287409906, -23.063857890071979 ], [ -46.414894629711448, -23.063853448394998 ], [ -46.414899360538207, -23.06384898533198 ], [ -46.414904114476798, -23.063846732414365 ], [ -46.414913622353481, -23.063842226578725 ], [ -46.414915964654057, -23.063837784901462 ], [ -46.414915918429415, -23.063833364610428 ], [ -46.414915872204787, -23.063828944319397 ], [ -46.41491582598016, -23.063824524028362 ], [ -46.41491577975556, -23.063820103737324 ], [ -46.414920533692857, -23.063817850819262 ], [ -46.414925287629984, -23.063815597901076 ], [ -46.414930064679481, -23.063815555128258 ], [ -46.414934841728972, -23.063815512355298 ], [ -46.414939618778448, -23.063815469582192 ], [ -46.414944395827916, -23.06381542680894 ], [ -46.414949172877357, -23.063815384035543 ], [ -46.414953949926797, -23.063815341262003 ], [ -46.414961115500944, -23.063815277101426 ], [ -46.414965892550356, -23.063815234327524 ], [ -46.414970669599754, -23.063815191553477 ], [ -46.414975446649144, -23.063815148779291 ], [ -46.414980200585177, -23.063812895859499 ], [ -46.414984954521046, -23.063810642939568 ], [ -46.414989708456744, -23.063808390019503 ], [ -46.414994462392286, -23.063806137099299 ], [ -46.414999193214015, -23.063801674033527 ], [ -46.414999146986737, -23.063797253742631 ], [ -46.414999100759466, -23.063792833451728 ], [ -46.41499905453221, -23.063788413160839 ], [ -46.41499900830496, -23.063783992869936 ], [ -46.414998962077725, -23.063779572579037 ], [ -46.414996504212972, -23.063772963530109 ], [ -46.414991727165116, -23.06377300630486 ], [ -46.41498929241429, -23.063768607401254 ], [ -46.41498924618741, -23.06376418711033 ], [ -46.41498919996053, -23.063759766819395 ], [ -46.414986765210053, -23.063755367915729 ], [ -46.414986718983279, -23.063750947624783 ], [ -46.41498667275652, -23.063746527333844 ], [ -46.414984238006376, -23.063742128430107 ], [ -46.414981803256403, -23.063737729526334 ], [ -46.414979368506593, -23.063733330622512 ], [ -46.414979322280118, -23.063728910331552 ], [ -46.414974522120623, -23.063726742960206 ], [ -46.41496972196127, -23.063724575588719 ], [ -46.414964898689078, -23.063720198071582 ], [ -46.414957733119991, -23.063720262232081 ], [ -46.414952932961114, -23.06371809486005 ], [ -46.414948155915106, -23.063718137633387 ], [ -46.414943378869076, -23.063718180406582 ], [ -46.414938601823046, -23.063718223179634 ], [ -46.414933824777002, -23.063718265952538 ], [ -46.414929047730944, -23.063718308725299 ], [ -46.414924270684885, -23.063718351497918 ], [ -46.414919493638806, -23.063718394270392 ], [ -46.414914716592712, -23.06371843704272 ], [ -46.414912374293934, -23.063722878719936 ], [ -46.414907597247669, -23.063722921492058 ], [ -46.414902820201391, -23.063722964264034 ], [ -46.414898089378923, -23.063727427326992 ], [ -46.414893335444297, -23.063729680244265 ], [ -46.414888558397756, -23.063729723015822 ], [ -46.414883804462882, -23.063731975932804 ], [ -46.414879050527844, -23.063734228849658 ], [ -46.414874319704168, -23.063738691911954 ], [ -46.414869542657271, -23.063738734682961 ], [ -46.414864765610361, -23.063738777453811 ], [ -46.414859988563435, -23.063738820224522 ], [ -46.414855211516503, -23.063738862995084 ], [ -46.41484804594608, -23.063738927150666 ], [ -46.414843268899112, -23.063738969920873 ], [ -46.414838491852144, -23.063739012690931 ], [ -46.414833714805155, -23.063739055460847 ], [ -46.414828914647373, -23.063736888084996 ], [ -46.414824137600441, -23.063736930854621 ], [ -46.414816972030025, -23.063736995008785 ], [ -46.414812148762039, -23.063732617486753 ], [ -46.414807371715227, -23.063732660255869 ], [ -46.414802594668402, -23.063732703024833 ], [ -46.414797817621562, -23.063732745793654 ], [ -46.414793017464518, -23.063730578416678 ], [ -46.414788240417735, -23.063730621185197 ], [ -46.414783463370945, -23.063730663953578 ], [ -46.414778686324134, -23.06373070672182 ], [ -46.414773909277322, -23.063730749489917 ], [ -46.414769109120684, -23.063728582112169 ], [ -46.414759531917504, -23.063726457501936 ], [ -46.414754731761242, -23.063724290123744 ], [ -46.414749931605115, -23.063722122745396 ] ] ] ] } },
{ "type": "Feature", "properties": { "Área (ha)": 0.239, "Área tota": 28.948 }, "geometry": { "type": "MultiPolygon", "coordinates": [ [ [ [ -46.414987820607074, -23.06408470097124 ], [ -46.414959296933517, -23.064098218491697 ], [ -46.414954519874101, -23.064098261265897 ], [ -46.414949742814677, -23.064098304039945 ], [ -46.414944965755232, -23.06409834681385 ], [ -46.414940188695788, -23.06409838958761 ], [ -46.414935411636328, -23.064098432361231 ], [ -46.414930634576855, -23.064098475134706 ], [ -46.414925834404592, -23.0640963077626 ], [ -46.414921034232485, -23.064094140390338 ], [ -46.414916257173132, -23.064094183163373 ], [ -46.414911480113773, -23.064094225936259 ], [ -46.414906703054399, -23.064094268709002 ], [ -46.414901925995011, -23.0640943114816 ], [ -46.414897148935616, -23.064094354254056 ], [ -46.414889983346505, -23.064094418412466 ], [ -46.414885206287082, -23.064094461184563 ], [ -46.414880429227644, -23.064094503956508 ], [ -46.414875652168199, -23.06409454672832 ], [ -46.41487087510874, -23.064094589499977 ], [ -46.414866098049266, -23.064094632271495 ], [ -46.414861320989786, -23.064094675042863 ], [ -46.414856543930291, -23.064094717814097 ], [ -46.41485176687079, -23.064094760585178 ], [ -46.414846966699791, -23.06409259321061 ], [ -46.414842143417538, -23.064088215690383 ], [ -46.414839685553822, -23.064081606639153 ], [ -46.414839639331127, -23.064077186348108 ], [ -46.414839593108447, -23.064072766057073 ], [ -46.41483952377444, -23.0640661356205 ], [ -46.414834746715904, -23.064066178391013 ], [ -46.414834700493401, -23.064061758099964 ], [ -46.414829877212689, -23.064057380579253 ], [ -46.414827419350203, -23.064050771527757 ], [ -46.414822619181159, -23.064048604152344 ], [ -46.414817842123206, -23.064048646922323 ], [ -46.41481067653627, -23.064048711077017 ], [ -46.414810722757956, -23.064053131368127 ], [ -46.414803603392215, -23.064057615813638 ], [ -46.414798826333914, -23.064057658583057 ], [ -46.414794118607347, -23.064064331789044 ], [ -46.414791799409727, -23.064070983610343 ], [ -46.41478706857189, -23.064075446670568 ], [ -46.414784726263306, -23.06407988834621 ], [ -46.414782383954574, -23.064084330021817 ], [ -46.414780041645699, -23.064088771697406 ], [ -46.414780087866468, -23.064093191988544 ], [ -46.414777745557373, -23.064097633664101 ], [ -46.414773014718172, -23.06410209672396 ], [ -46.414768237658237, -23.064102139492533 ], [ -46.414763483708413, -23.064104392406556 ], [ -46.414758775978548, -23.064111065611609 ], [ -46.414753998918265, -23.064111108379766 ], [ -46.414749244967872, -23.064113361293376 ], [ -46.414744514127158, -23.064117824352451 ], [ -46.414739760176374, -23.064120077265795 ], [ -46.414734983115729, -23.064120120033394 ], [ -46.414730206055083, -23.064120162800847 ], [ -46.414725428994416, -23.064120205568159 ], [ -46.414720651933742, -23.064120248335321 ], [ -46.414715874873053, -23.064120291102345 ], [ -46.414711097812351, -23.064120333869219 ], [ -46.414706320751648, -23.064120376635955 ], [ -46.414701543690924, -23.064120419402542 ], [ -46.414696766630186, -23.064120462168987 ], [ -46.414691989569448, -23.064120504935286 ], [ -46.414687189399793, -23.064118337555783 ], [ -46.414682389230279, -23.064116170176135 ], [ -46.41468473154287, -23.064111728501832 ], [ -46.41468468532517, -23.064107308210513 ], [ -46.414687004528666, -23.064100656390529 ], [ -46.414689346840866, -23.064096214716162 ], [ -46.414689300623053, -23.064091794424844 ], [ -46.414689254405246, -23.064087374133518 ], [ -46.414689208187447, -23.064082953842195 ], [ -46.414686773440032, -23.064078554933879 ], [ -46.414686727222332, -23.064074134642549 ], [ -46.414686681004653, -23.064069714351213 ], [ -46.414684246257565, -23.064065315442839 ], [ -46.414681811510654, -23.064060916534419 ], [ -46.414676988234646, -23.064056539008796 ], [ -46.414676942017323, -23.064052118717427 ], [ -46.414672141850367, -23.064049951337321 ], [ -46.414667364792059, -23.06404999410276 ], [ -46.414662587733744, -23.064050036868046 ], [ -46.414657833783764, -23.064052289778889 ], [ -46.41465549147118, -23.064056731452816 ], [ -46.414650737520837, -23.064058984363459 ], [ -46.414645983570338, -23.064061237273975 ], [ -46.414641206511575, -23.064061280038633 ], [ -46.414636429452806, -23.064061322803152 ], [ -46.414631652394029, -23.064061365567525 ], [ -46.414626875335237, -23.064061408331757 ], [ -46.414619709747029, -23.064061472477825 ], [ -46.414614932688202, -23.064061515241693 ], [ -46.414610155629376, -23.064061558005413 ], [ -46.414605378570528, -23.064061600768994 ], [ -46.414598212982241, -23.064061664914092 ], [ -46.414593435923372, -23.064061707677308 ], [ -46.414588658864481, -23.064061750440384 ], [ -46.414583881805591, -23.064061793203315 ], [ -46.414579104746686, -23.064061835966097 ], [ -46.414574327687767, -23.06406187872874 ], [ -46.414571892944402, -23.064057479818445 ], [ -46.414569458201193, -23.064053080908092 ], [ -46.41456700035129, -23.06404647185191 ], [ -46.41456217707934, -23.06404209432257 ], [ -46.414557353807695, -23.064037716793059 ], [ -46.414552530536362, -23.064033339263389 ], [ -46.414547730371865, -23.064031171879368 ], [ -46.414540495465801, -23.064024605584308 ], [ -46.414533306772988, -23.064022459580528 ], [ -46.414528506609166, -23.064020292195888 ], [ -46.414523706445493, -23.064018124811085 ], [ -46.414514129224536, -23.064016000186879 ], [ -46.414509352167101, -23.064016042947472 ], [ -46.41450457510966, -23.064016085707927 ], [ -46.414499844263659, -23.064020548759956 ], [ -46.414497501946244, -23.06402499043179 ], [ -46.414495159628679, -23.064029432103592 ], [ -46.414490405676325, -23.064031685009514 ], [ -46.414485651723794, -23.064033937915287 ], [ -46.414483332511175, -23.064040589732812 ], [ -46.414478578558217, -23.064042842638397 ], [ -46.414473801499767, -23.064042885397964 ], [ -46.414466659017279, -23.064045159682934 ], [ -46.41446190506386, -23.064047412588035 ], [ -46.414457151110277, -23.064049665493009 ], [ -46.414452374051535, -23.064049708251943 ], [ -46.414445208463398, -23.064049772390078 ], [ -46.414438042875247, -23.064049836527882 ], [ -46.414433265816456, -23.064049879286237 ], [ -46.414428488757657, -23.064049922044447 ], [ -46.414423711698859, -23.064049964802514 ], [ -46.414418934640032, -23.064050007560443 ], [ -46.414414157581206, -23.064050050318215 ], [ -46.41440701509719, -23.064052324600556 ], [ -46.414402238038249, -23.064052367357981 ], [ -46.414397460979302, -23.064052410115263 ], [ -46.414395118657943, -23.064056851785747 ], [ -46.414390387806797, -23.064061314834731 ], [ -46.414380856792036, -23.064063610494426 ], [ -46.414376125940173, -23.064068073543016 ], [ -46.414371395087997, -23.064072536591475 ], [ -46.414366641131885, -23.06407478949383 ], [ -46.414361910279155, -23.064079252542026 ], [ -46.414357156322644, -23.064081505444111 ], [ -46.414352402365971, -23.064083758346072 ], [ -46.414347648409127, -23.064086011247888 ], [ -46.414340505921949, -23.064088285527365 ], [ -46.414333340331424, -23.064088349660523 ], [ -46.414328609477096, -23.064092812707795 ], [ -46.414323855519505, -23.064095065608928 ], [ -46.414321513195013, -23.064099507278456 ], [ -46.414316782339895, -23.064103970325412 ], [ -46.414312051484465, -23.06410843337224 ], [ -46.41430732062873, -23.064112896418919 ], [ -46.414302566670067, -23.06411514931947 ], [ -46.414297835813777, -23.064119612365904 ], [ -46.414295493488027, -23.064124054035098 ], [ -46.414290739528759, -23.064126306935311 ], [ -46.414285985569329, -23.064128559835385 ], [ -46.414286031774054, -23.064132980127454 ], [ -46.414286077978794, -23.064137400419522 ], [ -46.414286124183548, -23.064141820711594 ], [ -46.414286170388301, -23.064146241003652 ], [ -46.414286239695464, -23.064152871441749 ], [ -46.414286285900253, -23.064157291733803 ], [ -46.414286332105057, -23.064161712025857 ], [ -46.414286378309868, -23.064166132317908 ], [ -46.414288813046369, -23.064170531232914 ], [ -46.414288859251279, -23.064174951524965 ], [ -46.414298436480884, -23.064177076162409 ], [ -46.414303259749836, -23.064181453699909 ], [ -46.414308059916323, -23.06418362109126 ], [ -46.414312860082944, -23.064185788482447 ], [ -46.414317637146773, -23.064185745727492 ], [ -46.414322414210602, -23.064185702972395 ], [ -46.41432719127441, -23.064185660217152 ], [ -46.414334379973319, -23.064187806229988 ], [ -46.414339157037176, -23.064187763474376 ], [ -46.414343980307777, -23.064192141010555 ], [ -46.414348780475223, -23.064194308400609 ], [ -46.414355969174892, -23.064196454412414 ], [ -46.414360792446324, -23.064200831948032 ], [ -46.414365592614338, -23.064202999337546 ], [ -46.414370369678664, -23.06420295658096 ], [ -46.414375192950793, -23.064207334116098 ], [ -46.41437999311924, -23.064209501505154 ], [ -46.414384793287837, -23.064211668894043 ], [ -46.414389616560726, -23.064216046428701 ], [ -46.414392051301483, -23.064220445341871 ], [ -46.414394486042404, -23.064224844255001 ], [ -46.414401697848682, -23.064229200410502 ], [ -46.414406474913868, -23.06422915765279 ], [ -46.414411275083552, -23.064231325040815 ], [ -46.414416075253392, -23.064233492428698 ], [ -46.414420852318692, -23.064233449670539 ], [ -46.414425629383985, -23.064233406912237 ], [ -46.41443281808678, -23.064235552920376 ], [ -46.414440006789782, -23.064237698928174 ], [ -46.414444830065342, -23.064242076460996 ], [ -46.414447264808359, -23.064246475373192 ], [ -46.41444972265672, -23.064253084431186 ], [ -46.41444976886708, -23.064257504722875 ], [ -46.414456957571488, -23.064259650729838 ], [ -46.414459392315244, -23.064264049641796 ], [ -46.414461827059164, -23.064268448553719 ], [ -46.41446665033655, -23.064272826085759 ], [ -46.414471427403129, -23.064272783326 ], [ -46.41447859300299, -23.0642727191861 ], [ -46.414483370069547, -23.064272676425983 ], [ -46.414488147136097, -23.064272633665727 ], [ -46.414492924202634, -23.064272590905318 ], [ -46.414497701269156, -23.064272548144771 ], [ -46.414502478335663, -23.064272505384075 ], [ -46.414507232296032, -23.064270252477453 ], [ -46.414512009362447, -23.064270209716479 ], [ -46.414516786428841, -23.064270166955357 ], [ -46.414521540388868, -23.064267914048326 ], [ -46.414523882709226, -23.064263472376098 ], [ -46.414528659775364, -23.064263429614627 ], [ -46.414533436841488, -23.06426338685301 ], [ -46.414538213907598, -23.064263344091255 ], [ -46.414542967867, -23.064261091183603 ], [ -46.414545310186526, -23.064256649511101 ], [ -46.414545263973054, -23.064252229219594 ], [ -46.41454999482513, -23.064247766165998 ], [ -46.414549948611523, -23.064243345874495 ], [ -46.41454990239793, -23.06423892558298 ], [ -46.41455224471688, -23.064234483910397 ], [ -46.414554587035681, -23.064230042237774 ], [ -46.41455692935434, -23.064225600565127 ], [ -46.41455927167285, -23.064221158892444 ], [ -46.414564025630419, -23.064218905984237 ], [ -46.414566367948581, -23.064214464311469 ], [ -46.414573510437904, -23.064212190021667 ], [ -46.414578287502131, -23.064212147258797 ], [ -46.414583064566351, -23.06421210449577 ], [ -46.414587841630542, -23.064212061732604 ], [ -46.414592618694741, -23.06421201896929 ], [ -46.414597395758918, -23.064211976205836 ], [ -46.414602172823081, -23.064211933442234 ], [ -46.414606972994939, -23.064214100824202 ], [ -46.414609407742532, -23.064218499733673 ], [ -46.414614184806908, -23.064218456969705 ], [ -46.41461896187127, -23.06421841420558 ], [ -46.414623762043597, -23.064220581587001 ], [ -46.414628562216073, -23.064222748968277 ], [ -46.414633385496842, -23.064227126495066 ], [ -46.414638208777923, -23.064231504021706 ], [ -46.414640643526845, -23.064235902930609 ], [ -46.414643078275937, -23.06424030183949 ], [ -46.414645513025199, -23.064244700748308 ], [ -46.414652724839989, -23.064249056891896 ], [ -46.414657525013922, -23.064251224272208 ], [ -46.41466232518799, -23.064253391652354 ], [ -46.41466714847094, -23.064257769177999 ], [ -46.414671948645392, -23.064259936557843 ], [ -46.414676748819993, -23.064262103937526 ], [ -46.41467918357074, -23.064266502845751 ], [ -46.414679252897564, -23.064273133282615 ], [ -46.414679299115463, -23.064277553573845 ], [ -46.414674545158007, -23.064279806485512 ], [ -46.414669791200396, -23.064282059397051 ], [ -46.414665014133895, -23.064282102162821 ], [ -46.414660237067373, -23.064282144928438 ], [ -46.414655460000851, -23.064282187693923 ], [ -46.414650682934308, -23.064282230459252 ], [ -46.414645905867765, -23.064282273224443 ], [ -46.4146411288012, -23.064282315989491 ], [ -46.414636351734629, -23.064282358754387 ], [ -46.414631574668043, -23.064282401519147 ], [ -46.414626797601457, -23.064282444283752 ], [ -46.414622020534843, -23.064282487048228 ], [ -46.414617243468228, -23.064282529812548 ], [ -46.414612443293734, -23.064280362431038 ], [ -46.414607666227177, -23.064280405195071 ], [ -46.414602889160598, -23.06428044795895 ], [ -46.414598112094012, -23.064280490722695 ], [ -46.414593335027419, -23.064280533486297 ], [ -46.414586169427501, -23.06428059763142 ], [ -46.414583827108984, -23.064285039304476 ], [ -46.414579096256844, -23.064289502359085 ], [ -46.414574319189889, -23.064289545122122 ], [ -46.414571976870832, -23.064293986795015 ], [ -46.414567199803713, -23.064294029557843 ], [ -46.414564857484351, -23.064298471230654 ], [ -46.414562515164832, -23.064302912903432 ], [ -46.414560172845178, -23.064307354576183 ], [ -46.414560219059254, -23.064311774867619 ], [ -46.414560265273352, -23.064316195159069 ], [ -46.41456504234128, -23.064316152396408 ], [ -46.414565111662668, -23.064322782833564 ], [ -46.414567546411106, -23.064327181743586 ], [ -46.414572369693921, -23.064331559272109 ], [ -46.414577169869709, -23.064333726654755 ], [ -46.414582016260496, -23.064340314328639 ], [ -46.414584451009816, -23.064344713238356 ], [ -46.414586885759292, -23.064349112148033 ], [ -46.414591685935925, -23.064351279530189 ], [ -46.414596555435764, -23.064360077349228 ], [ -46.414603744147669, -23.064362223349082 ], [ -46.414608567432907, -23.064366600876355 ], [ -46.414613367610485, -23.0643687682578 ], [ -46.414613460042411, -23.06437760884042 ], [ -46.414613506258398, -23.064382029131728 ], [ -46.414613552474385, -23.064386449423029 ], [ -46.414615987225616, -23.064390848332149 ], [ -46.414618421977003, -23.064395247241212 ], [ -46.41461846819319, -23.064399667532509 ], [ -46.414623268372111, -23.064401834913575 ], [ -46.41462570312396, -23.064406233822513 ], [ -46.414628160984229, -23.064412842877019 ], [ -46.414632984272117, -23.064417220403389 ], [ -46.414637761343457, -23.064417177638351 ], [ -46.414644926950444, -23.064417113490528 ], [ -46.414649704021755, -23.064417070725131 ], [ -46.414654481093052, -23.064417027959593 ], [ -46.414659258164349, -23.064416985193912 ], [ -46.414664035235624, -23.064416942428082 ], [ -46.414668812306886, -23.06441689966211 ], [ -46.41467358937814, -23.064416856895988 ], [ -46.41467836644938, -23.064416814129729 ], [ -46.414683143520612, -23.064416771363327 ], [ -46.414687920591838, -23.064416728596772 ], [ -46.414690355346018, -23.064421127504581 ], [ -46.414690401564606, -23.064425547795718 ], [ -46.414690447783208, -23.064429968086852 ], [ -46.414690494001825, -23.064434388377979 ], [ -46.414690540220441, -23.064438808669113 ], [ -46.414690586439079, -23.064443228960226 ], [ -46.414690632657724, -23.064447649251356 ], [ -46.414688290340152, -23.06445209092583 ], [ -46.414685948022431, -23.064456532600296 ], [ -46.414685994240955, -23.064460952891416 ], [ -46.414686040459493, -23.064465373182539 ], [ -46.414686086678039, -23.064469793473652 ], [ -46.414686132896598, -23.064474213764768 ], [ -46.414686179115172, -23.064478634055877 ], [ -46.414686225333753, -23.064483054346994 ], [ -46.414686271552341, -23.064487474638089 ], [ -46.414686317770943, -23.064491894929208 ], [ -46.41468636398956, -23.0644963152203 ], [ -46.414688798745274, -23.064500714128034 ], [ -46.414693575819449, -23.064500671361156 ], [ -46.414700741430686, -23.064500607210586 ], [ -46.414705518504832, -23.06450056444336 ], [ -46.414710295578956, -23.064500521675985 ], [ -46.414715072653081, -23.064500478908471 ], [ -46.414719849727192, -23.064500436140808 ], [ -46.414729403875377, -23.064500350605055 ], [ -46.414734180949445, -23.064500307836962 ], [ -46.414738958023513, -23.06450026506872 ], [ -46.414743735097559, -23.064500222300335 ], [ -46.414748489061274, -23.064497969386323 ], [ -46.414755654672192, -23.064497905233267 ], [ -46.414760385525092, -23.064493442173418 ], [ -46.414765139488267, -23.064491189258927 ], [ -46.414767481803857, -23.064486747583413 ], [ -46.414772235766662, -23.064484494668726 ], [ -46.41477937826599, -23.064482220369161 ], [ -46.414781697470112, -23.064475568547998 ], [ -46.414786451432278, -23.06447331563291 ], [ -46.414786382099528, -23.064466685196521 ], [ -46.414786335877714, -23.06446226490559 ], [ -46.414786289655908, -23.064457844614665 ], [ -46.414783854897962, -23.064453445708541 ], [ -46.41478142014018, -23.06444904680237 ], [ -46.414776596846558, -23.064444669280846 ], [ -46.414774162089174, -23.06444027037454 ], [ -46.414766973370796, -23.0644381243828 ], [ -46.414764538613852, -23.064433725476313 ], [ -46.414762103857072, -23.06442932656979 ], [ -46.414757280564778, -23.064424949047599 ], [ -46.414754845808403, -23.064420550140934 ], [ -46.414754799587719, -23.064416129849924 ], [ -46.414757141902498, -23.064411688174573 ], [ -46.414764238177369, -23.064404993584859 ], [ -46.414768992137446, -23.064402740670371 ], [ -46.414773769207997, -23.064402697901251 ], [ -46.414778546278534, -23.064402655131982 ], [ -46.414785711884313, -23.064402590977817 ], [ -46.414790488954814, -23.064402548208196 ], [ -46.414795266025315, -23.064402505438423 ], [ -46.414800043095802, -23.064402462668507 ], [ -46.414804820166275, -23.06440241989845 ], [ -46.41480959723674, -23.06440237712825 ], [ -46.414814374307191, -23.064402334357904 ], [ -46.414819151377628, -23.064402291587413 ], [ -46.414823928448051, -23.064402248816773 ], [ -46.414828705518467, -23.064402206045997 ], [ -46.414833482588868, -23.064402163275069 ], [ -46.414838259659263, -23.064402120504003 ], [ -46.41484303672965, -23.064402077732794 ], [ -46.414847813800023, -23.064402034961436 ], [ -46.414852590870375, -23.064401992189936 ], [ -46.414857367940726, -23.06440194941829 ], [ -46.414862145011064, -23.064401906646498 ], [ -46.414866922081387, -23.064401863874561 ], [ -46.414871699151696, -23.064401821102482 ], [ -46.414876499334312, -23.064403988475661 ], [ -46.414881276404678, -23.06440394570329 ], [ -46.414886076587507, -23.064406113076156 ], [ -46.414890853657937, -23.064406070303498 ], [ -46.414895630728353, -23.064406027530687 ], [ -46.414900407798747, -23.06440598475773 ], [ -46.414905184869134, -23.064405941984631 ], [ -46.414909961939514, -23.064405899211391 ], [ -46.41491473900988, -23.064405856438004 ], [ -46.414919516080239, -23.064405813664472 ], [ -46.414924293150577, -23.064405770890801 ], [ -46.414929070220914, -23.064405728116981 ], [ -46.414933847291231, -23.064405685343015 ], [ -46.414938578134894, -23.064401222278232 ], [ -46.41494335520504, -23.064401179503989 ], [ -46.414948109161685, -23.064398926584275 ], [ -46.414955274766747, -23.064398862422429 ], [ -46.414957617074506, -23.064394420744442 ], [ -46.414962394144368, -23.064394377969638 ], [ -46.41496714810043, -23.064392125049366 ], [ -46.414969490407685, -23.064387683371226 ], [ -46.414974221249508, -23.064383220305462 ], [ -46.414978998318944, -23.064383177530168 ], [ -46.414983752274324, -23.064380924609441 ], [ -46.414988460001325, -23.064374251397982 ], [ -46.414988413773116, -23.064369831107392 ], [ -46.414990756079305, -23.064365389428971 ], [ -46.414995533148073, -23.064365346653215 ], [ -46.415000310216833, -23.06436530387731 ], [ -46.415005064171211, -23.064363050955983 ], [ -46.415009795010981, -23.064358587889238 ], [ -46.415014525850452, -23.064354124822369 ], [ -46.415016868155519, -23.064349683143607 ], [ -46.415021622109052, -23.064347430221819 ], [ -46.415023964413777, -23.064342988542965 ], [ -46.415028695252232, -23.064338525475709 ], [ -46.415031037556581, -23.064334083796766 ], [ -46.415030991327072, -23.064329663506243 ], [ -46.415035722164845, -23.064325200438795 ], [ -46.415040429887412, -23.064318527225979 ], [ -46.41504277219105, -23.064314085546886 ], [ -46.415042725961207, -23.06430966525636 ], [ -46.41504265661645, -23.064303034820576 ], [ -46.415044998919782, -23.064298593141462 ], [ -46.415044952689897, -23.064294172850939 ], [ -46.415044906460018, -23.064289752560402 ], [ -46.415049637295986, -23.064285289492624 ], [ -46.41504959106598, -23.06428086920209 ], [ -46.415049521720988, -23.064274238766302 ], [ -46.415051864023646, -23.06426979708711 ], [ -46.415054206326154, -23.064265355407873 ], [ -46.415058960276127, -23.064263102485125 ], [ -46.415063714225937, -23.064260849562228 ], [ -46.41506849129086, -23.064260806784453 ], [ -46.415070833592665, -23.064256365105003 ], [ -46.41507556442663, -23.064251902036528 ], [ -46.41508031837575, -23.064249649113155 ], [ -46.41508263756149, -23.064242997288332 ], [ -46.415087368394602, -23.064238534219527 ], [ -46.41508968757983, -23.064231882394601 ], [ -46.415089641348629, -23.064227462104135 ], [ -46.415089595117443, -23.064223041813644 ], [ -46.415091937417962, -23.064218600133941 ], [ -46.415094279718339, -23.064214158454199 ], [ -46.415094233487032, -23.064209738163722 ], [ -46.415094187255733, -23.064205317873242 ], [ -46.41509414102444, -23.064200897582747 ], [ -46.415094094793176, -23.064196477292267 ], [ -46.415094048561912, -23.064192057001772 ], [ -46.415094002330655, -23.064187636711289 ], [ -46.415098710045847, -23.064180963496991 ], [ -46.415098663814462, -23.064176543206511 ], [ -46.415098617583098, -23.064172122916013 ], [ -46.41510095988253, -23.064167681236203 ], [ -46.415105690712515, -23.064163218166968 ], [ -46.415105644480946, -23.06415879787648 ], [ -46.415105575133616, -23.064152167440756 ], [ -46.415105528902082, -23.064147747150258 ], [ -46.415105482670548, -23.064143326859771 ], [ -46.415105436439035, -23.064138906569269 ], [ -46.415105390207529, -23.064134486278768 ], [ -46.415105343976037, -23.064130065988259 ], [ -46.415105274628822, -23.064123435552506 ], [ -46.415105228397351, -23.064119015261998 ], [ -46.415105182165902, -23.064114594971482 ], [ -46.415105135934461, -23.064110174680973 ], [ -46.415105089703033, -23.064105754390454 ], [ -46.41510028952802, -23.064103587023808 ], [ -46.415097831651593, -23.064096977977254 ], [ -46.415097785420429, -23.064092557686713 ], [ -46.415097739189278, -23.064088137396176 ], [ -46.415097692958142, -23.064083717105628 ], [ -46.415095235082262, -23.064077108059003 ], [ -46.415092800322121, -23.064072709157596 ], [ -46.415088000148486, -23.064070541790503 ], [ -46.415085542273346, -23.064063932743665 ], [ -46.415083084398468, -23.064057323696783 ], [ -46.415078284225537, -23.064055156329353 ], [ -46.415073460937606, -23.064050778816462 ], [ -46.415068637649995, -23.064046401303408 ], [ -46.415063791247732, -23.064039813644861 ], [ -46.415058991075711, -23.064037646276795 ], [ -46.415054190903838, -23.064035478908576 ], [ -46.415049390732108, -23.064033311540193 ], [ -46.415044613675171, -23.064033354316994 ], [ -46.41503983661822, -23.064033397093652 ], [ -46.415035059561262, -23.064033439870173 ], [ -46.41503028250429, -23.064033482646543 ], [ -46.415025505447311, -23.064033525422765 ], [ -46.41502072839031, -23.064033568198859 ], [ -46.415018386090253, -23.064038009877567 ], [ -46.415013632147222, -23.064040262798809 ], [ -46.415008878204034, -23.064042515719915 ], [ -46.415004124260683, -23.064044768640887 ], [ -46.414999393431088, -23.064049231707092 ], [ -46.414997074243956, -23.064055883530905 ], [ -46.414994731942741, -23.064060325209315 ], [ -46.414992389641391, -23.064064766887686 ], [ -46.41498765881073, -23.064069229953592 ], [ -46.414987705038243, -23.06407365024435 ], [ -46.41498775126577, -23.064078070535114 ], [ -46.414987820607074, -23.06408470097124 ] ] ] ] } },
{ "type": "Feature", "properties": { "Área (ha)": 0.109, "Área tota": 28.948 }, "geometry": { "type": "MultiPolygon", "coordinates": [ [ [ [ -46.413854843220697, -23.066074212866038 ], [ -46.413850066089246, -23.06607425561031 ], [ -46.413845288957774, -23.06607429835443 ], [ -46.413840511826294, -23.066074341098407 ], [ -46.413835734694807, -23.066074383842235 ], [ -46.413830957563306, -23.066074426585928 ], [ -46.413826180431798, -23.066074469329468 ], [ -46.413819014734507, -23.066074533444514 ], [ -46.413814237602963, -23.066074576187702 ], [ -46.413809460471413, -23.066074618930738 ], [ -46.413802294774058, -23.066074683045024 ], [ -46.413797517642479, -23.066074725787704 ], [ -46.41379271741441, -23.066072558384274 ], [ -46.41378794028288, -23.066072601126663 ], [ -46.413783163151344, -23.0660726438689 ], [ -46.4137783860198, -23.066072686610998 ], [ -46.413773608888235, -23.06607272935295 ], [ -46.413768831756663, -23.066072772094756 ], [ -46.413764054625084, -23.066072814836421 ], [ -46.41375927749349, -23.066072857577943 ], [ -46.413754500361883, -23.066072900319313 ], [ -46.413749723230268, -23.066072943060547 ], [ -46.413744946098639, -23.066072985801636 ], [ -46.413740168966996, -23.066073028542572 ], [ -46.413735391835345, -23.066073071283366 ], [ -46.413730614703681, -23.066073114024022 ], [ -46.413725791381246, -23.06606873647247 ], [ -46.413721014249717, -23.06606877921282 ], [ -46.413716190927737, -23.06606440166096 ], [ -46.413711390701209, -23.066062234254975 ], [ -46.413708955945353, -23.066057835332842 ], [ -46.413704132624147, -23.066053457780558 ], [ -46.413699332398181, -23.066051290374176 ], [ -46.41369455526722, -23.066051333113695 ], [ -46.413689731946697, -23.066046955560942 ], [ -46.413684954815871, -23.06604699830017 ], [ -46.413680177685016, -23.066047041039251 ], [ -46.413675400554162, -23.066047083778191 ], [ -46.413670623423293, -23.066047126516985 ], [ -46.413663457726969, -23.066047190624904 ], [ -46.413658680596072, -23.066047233363332 ], [ -46.413653903465161, -23.066047276101628 ], [ -46.413649126334242, -23.066047318839768 ], [ -46.41364434920331, -23.06604736157777 ], [ -46.413639572072363, -23.066047404315626 ], [ -46.413634794941416, -23.066047447053343 ], [ -46.413629994716658, -23.066045279644779 ], [ -46.413625171398344, -23.066040902089927 ], [ -46.413620348080336, -23.066036524534919 ], [ -46.413615547856189, -23.066034357125876 ], [ -46.413613113103921, -23.06602995820209 ], [ -46.413608312880115, -23.066027790792813 ], [ -46.413605878128202, -23.066023391868878 ], [ -46.413601054811451, -23.066019014313206 ], [ -46.413596231495006, -23.066014636757366 ], [ -46.413591431271996, -23.066012469347545 ], [ -46.413586654142179, -23.066012512083731 ], [ -46.413581877012341, -23.066012554819793 ], [ -46.413577099882502, -23.066012597555694 ], [ -46.413567545622783, -23.066012683027076 ], [ -46.413567591808246, -23.066017103319467 ], [ -46.413562814678222, -23.06601714605495 ], [ -46.41355806064076, -23.06601939893649 ], [ -46.413550894945551, -23.066019463039233 ], [ -46.413546164000181, -23.066023926066656 ], [ -46.413541386869866, -23.066023968801495 ], [ -46.41353665592402, -23.066028431828649 ], [ -46.413529582596802, -23.066037336515365 ], [ -46.413527240215601, -23.06604177817502 ], [ -46.413522509268674, -23.066046241201796 ], [ -46.413520166887096, -23.066050682861359 ], [ -46.413520213071095, -23.066055103153822 ], [ -46.413520259255115, -23.066059523446281 ], [ -46.41352030543915, -23.06606394373874 ], [ -46.413520351623191, -23.066068364031196 ], [ -46.413522786373285, -23.066072762956523 ], [ -46.413522855649504, -23.066079393395192 ], [ -46.413527678966126, -23.066083770953238 ], [ -46.413530113716767, -23.066088169878416 ], [ -46.413534913941653, -23.066090337289996 ], [ -46.41353734869265, -23.066094736215039 ], [ -46.413537394877316, -23.066099156507452 ], [ -46.413539829628569, -23.066103555432427 ], [ -46.413539875813335, -23.06610797572483 ], [ -46.413544676039088, -23.066110143136072 ], [ -46.413544722224032, -23.06611456342846 ], [ -46.41354715697581, -23.066118962353293 ], [ -46.413549591727758, -23.066123361278091 ], [ -46.413552026479877, -23.066127760202829 ], [ -46.413552072665098, -23.066132180495195 ], [ -46.413552118850333, -23.066136600787544 ], [ -46.413552165035576, -23.066141021079908 ], [ -46.413552211220825, -23.06614544137225 ], [ -46.413552257406089, -23.066149861664602 ], [ -46.413552303591366, -23.066154281956951 ], [ -46.413552349776651, -23.06615870224929 ], [ -46.41355239596195, -23.066163122541639 ], [ -46.413552442147264, -23.066167542833973 ], [ -46.413552488332591, -23.066171963126312 ], [ -46.413552534517919, -23.066176383418636 ], [ -46.413552580703261, -23.066180803710974 ], [ -46.413552626888617, -23.066185224003299 ], [ -46.413550307598562, -23.066191875809473 ], [ -46.413547965215677, -23.066196317469458 ], [ -46.413548011400913, -23.066200737761783 ], [ -46.413548057586169, -23.066205158054114 ], [ -46.413548103771426, -23.066209578346434 ], [ -46.413550538525215, -23.06621397727109 ], [ -46.413555361847735, -23.066218354827924 ], [ -46.413560162077736, -23.066220522238471 ], [ -46.413565031586664, -23.066229320087281 ], [ -46.413569854910207, -23.066233697643622 ], [ -46.413572289665161, -23.066238096567865 ], [ -46.413577066802972, -23.066238053831707 ], [ -46.41358186703399, -23.066240221241529 ], [ -46.41358905583413, -23.066242367282914 ], [ -46.413591490589859, -23.06624676620682 ], [ -46.413596290821403, -23.066248933616169 ], [ -46.413601067959554, -23.066248890879272 ], [ -46.413605868191311, -23.066251058288316 ], [ -46.413608302947743, -23.06625545721193 ], [ -46.413613103179848, -23.066257624620736 ], [ -46.413620315075207, -23.066261980806704 ], [ -46.413625115307717, -23.066264148215129 ], [ -46.413629915540383, -23.066266315623391 ], [ -46.413632350297874, -23.06627071454658 ], [ -46.413634785055542, -23.06627511346969 ], [ -46.413639585288735, -23.066277280877635 ], [ -46.413639631477146, -23.066281701169746 ], [ -46.413644431710651, -23.066283868577528 ], [ -46.413646889563296, -23.066290477646472 ], [ -46.413649347416197, -23.066297086715366 ], [ -46.41365417074487, -23.066301464268843 ], [ -46.413656605503832, -23.066305863191552 ], [ -46.413656651692868, -23.066310283483613 ], [ -46.413659086452085, -23.066314682406272 ], [ -46.413659132641222, -23.066319102698319 ], [ -46.413663932876361, -23.066321270105412 ], [ -46.413666367636026, -23.066325669027925 ], [ -46.413671167871513, -23.06632783643478 ], [ -46.413675968107157, -23.066330003841497 ], [ -46.413680768342935, -23.066332171248039 ], [ -46.413685568578856, -23.066334338654432 ], [ -46.413690345719836, -23.066334295914697 ], [ -46.413695145955977, -23.066336463320788 ], [ -46.413699923097013, -23.06633642058075 ], [ -46.413704700238036, -23.06633637784056 ], [ -46.413709477379051, -23.066336335100232 ], [ -46.413714277615533, -23.066338502505722 ], [ -46.413719077852171, -23.066340669911064 ], [ -46.4137238549933, -23.066340627170295 ], [ -46.413728632134422, -23.066340584429373 ], [ -46.413733409275537, -23.066340541688312 ], [ -46.41373818641663, -23.066340498947106 ], [ -46.413742963557716, -23.066340456205761 ], [ -46.413747740698795, -23.066340413464268 ], [ -46.413752517839853, -23.066340370722635 ], [ -46.413757341173309, -23.066344748272702 ], [ -46.413762118314509, -23.066344705530764 ], [ -46.413766895455694, -23.066344662788687 ], [ -46.413771672596866, -23.066344620046461 ], [ -46.41377644973803, -23.066344577304097 ], [ -46.413781226879181, -23.06634453456158 ], [ -46.413786004020317, -23.066344491818928 ], [ -46.413790781161453, -23.066344449076119 ], [ -46.413795558302567, -23.06634440633318 ], [ -46.413800335443668, -23.066344363590087 ], [ -46.413805112584768, -23.066344320846852 ], [ -46.413809889725847, -23.066344278103475 ], [ -46.413814666866919, -23.066344235359953 ], [ -46.413819444007977, -23.066344192616285 ], [ -46.413824221149028, -23.066344149872474 ], [ -46.413828998290064, -23.066344107128518 ], [ -46.413833775431094, -23.066344064384417 ], [ -46.413838552572109, -23.066344021640177 ], [ -46.413843306615512, -23.066341768749936 ], [ -46.41384808375642, -23.066341726005408 ], [ -46.41385042613144, -23.066337284341422 ], [ -46.413855203272178, -23.066337241596688 ], [ -46.41385995731504, -23.066334988705982 ], [ -46.413864734455679, -23.066334945960964 ], [ -46.41386707683003, -23.066330504296751 ], [ -46.413871853970491, -23.066330461551523 ], [ -46.413876631110945, -23.06633041880615 ], [ -46.413878973484827, -23.066325977141783 ], [ -46.413886139195249, -23.066325913023359 ], [ -46.413890893237152, -23.066323660131772 ], [ -46.413895670377329, -23.066323617385837 ], [ -46.413898012750465, -23.066319175721222 ], [ -46.413902766791921, -23.066316922829291 ], [ -46.413902720594834, -23.066312502537709 ], [ -46.413905062967558, -23.066308060873006 ], [ -46.413907405340133, -23.066303619208274 ], [ -46.413909747712566, -23.066299177543513 ], [ -46.413909701515287, -23.066294757251935 ], [ -46.413909655318022, -23.066290336960343 ], [ -46.413914386259577, -23.066285873922332 ], [ -46.413914340062171, -23.066281453630747 ], [ -46.413916682434035, -23.066277011965905 ], [ -46.413919024805736, -23.066272570301024 ], [ -46.413918978608216, -23.066268150009453 ], [ -46.413921320979711, -23.06626370834455 ], [ -46.413923663351056, -23.066259266679619 ], [ -46.413923617153415, -23.066254846388038 ], [ -46.413925959524548, -23.066250404723075 ], [ -46.41392591332685, -23.066245984431504 ], [ -46.413925867129166, -23.066241564139919 ], [ -46.413925820931489, -23.06623714384834 ], [ -46.413925774733819, -23.066232723556745 ], [ -46.413925728536171, -23.06622830326517 ], [ -46.41392568233853, -23.066223882973571 ], [ -46.413923247572683, -23.066219484055328 ], [ -46.413918424238858, -23.066215106510306 ], [ -46.413913647102561, -23.066215149256738 ], [ -46.413908823769184, -23.066210771711404 ], [ -46.413904023534577, -23.066208604311708 ], [ -46.413899246398479, -23.066208647057699 ], [ -46.413894446164079, -23.066206479657712 ], [ -46.413892011399568, -23.066202080738911 ], [ -46.413887234263676, -23.066202123484523 ], [ -46.413880045461767, -23.066199977456822 ], [ -46.413877610697838, -23.066195578537776 ], [ -46.413875175934074, -23.066191179618659 ], [ -46.413867964035084, -23.066186823444518 ], [ -46.413863163801928, -23.066184656043518 ], [ -46.413860729038838, -23.066180257124145 ], [ -46.413860682843428, -23.066175836832393 ], [ -46.413860636648025, -23.066171416540655 ], [ -46.413858201885283, -23.066167017621229 ], [ -46.413855767122705, -23.06616261870175 ], [ -46.413860521159577, -23.066160365811285 ], [ -46.413865298294056, -23.066160323066558 ], [ -46.413872463995745, -23.066160258949189 ], [ -46.413877218032241, -23.066158006058231 ], [ -46.413881995166598, -23.066157963312993 ], [ -46.413886772300934, -23.066157920567615 ], [ -46.41389154943527, -23.066157877822096 ], [ -46.413896326569599, -23.066157835076428 ], [ -46.413903492271061, -23.066157770957666 ], [ -46.413908269405347, -23.066157728211635 ], [ -46.413913046539633, -23.066157685465466 ], [ -46.413917823673899, -23.066157642719151 ], [ -46.413922600808164, -23.066157599972691 ], [ -46.413927377942414, -23.066157557226088 ], [ -46.413932155076644, -23.066157514479336 ], [ -46.413936932210873, -23.066157471732453 ], [ -46.413941709345082, -23.066157428985413 ], [ -46.413946486479283, -23.066157386238224 ], [ -46.413951263613484, -23.066157343490907 ], [ -46.413956040747657, -23.066157300743438 ], [ -46.413955994549184, -23.06615288045187 ], [ -46.413958336917652, -23.066148438786506 ], [ -46.413963090952166, -23.066146185893061 ], [ -46.413965433320286, -23.066141744227611 ], [ -46.41396538712155, -23.066137323936054 ], [ -46.413970118056099, -23.06613286089663 ], [ -46.413970071857221, -23.066128440605077 ], [ -46.413972414224837, -23.066123998939542 ], [ -46.41397475659231, -23.066119557273982 ], [ -46.413977098959634, -23.066115115608387 ], [ -46.413974664194328, -23.066110716690869 ], [ -46.413972229429177, -23.066106317773293 ], [ -46.413969794664197, -23.066101918855672 ], [ -46.413964971333357, -23.066097541311869 ], [ -46.413962536568782, -23.066093142394116 ], [ -46.413957713238496, -23.066088764850065 ], [ -46.413952913007634, -23.066086597451658 ], [ -46.413943335645293, -23.066084472800203 ], [ -46.413938535414786, -23.066082305401331 ], [ -46.413933781382006, -23.066084558293976 ], [ -46.413929004250349, -23.066084601040647 ], [ -46.413924227118677, -23.066084643787171 ], [ -46.413919449986999, -23.066084686533554 ], [ -46.413914672855306, -23.06608472927979 ], [ -46.413909895723606, -23.066084772025881 ], [ -46.413905118591892, -23.06608481477183 ], [ -46.413900364558408, -23.066087067663489 ], [ -46.413854843220697, -23.066074212866038 ] ] ] ] } },
{ "type": "Feature", "properties": { "Área (ha)": 0.059, "Área tota": 28.948 }, "geometry": { "type": "MultiPolygon", "coordinates": [ [ [ [ -46.414105494904256, -23.066286374092186 ], [ -46.414088520802814, -23.066262212122414 ], [ -46.414086086031062, -23.066257813207002 ], [ -46.4140813088936, -23.066257855958575 ], [ -46.414076485553494, -23.066253478418723 ], [ -46.414071708416166, -23.066253521169994 ], [ -46.414064519609042, -23.066251375150994 ], [ -46.414059742471764, -23.06625141790191 ], [ -46.414054965334479, -23.066251460652676 ], [ -46.414047799628527, -23.066251524778554 ], [ -46.414042999390439, -23.066249357383278 ], [ -46.414038176051832, -23.066244979842182 ], [ -46.414033398914732, -23.066245022592287 ], [ -46.414028621777611, -23.066245065342251 ], [ -46.414023844640482, -23.066245108092062 ], [ -46.414019067503347, -23.066245150841738 ], [ -46.41401429036619, -23.066245193591268 ], [ -46.414009536329239, -23.066247446486354 ], [ -46.414009582529673, -23.06625186677778 ], [ -46.414004828492409, -23.066254119672742 ], [ -46.414000051354911, -23.066254162421853 ], [ -46.413997708986223, -23.066258604087796 ], [ -46.413992954948505, -23.066260856982424 ], [ -46.413988224010509, -23.066265320022634 ], [ -46.413985881641246, -23.066269761688421 ], [ -46.413981173802497, -23.066276434874172 ], [ -46.413976442863571, -23.066280897914076 ], [ -46.413971665725072, -23.066280940662381 ], [ -46.413971711924347, -23.066285360953852 ], [ -46.413966957885236, -23.066287613847756 ], [ -46.413962203845969, -23.066289866741521 ], [ -46.413957426707121, -23.066289909489409 ], [ -46.413952649568259, -23.066289952237153 ], [ -46.41395269576693, -23.06629437252866 ], [ -46.413947941727166, -23.066296625422019 ], [ -46.413943187687238, -23.066298878315244 ], [ -46.413938433647147, -23.066301131208341 ], [ -46.413933679606885, -23.066303384101293 ], [ -46.413931337235198, -23.066307825766369 ], [ -46.413926583194574, -23.066310078659129 ], [ -46.413924240822546, -23.066314520324113 ], [ -46.413924287020343, -23.066318940615655 ], [ -46.413921944648095, -23.066323382280611 ], [ -46.413921990845836, -23.066327802572157 ], [ -46.413922037043591, -23.066332222863693 ], [ -46.413922083241353, -23.066336643155232 ], [ -46.413922152538021, -23.066343273592537 ], [ -46.413924610405232, -23.066349882656379 ], [ -46.413927045173715, -23.066354281574416 ], [ -46.413927114470681, -23.066360912011689 ], [ -46.413927160668678, -23.066365332303199 ], [ -46.413931984008414, -23.066369709847596 ], [ -46.413936807348456, -23.066374087391825 ], [ -46.413939242117806, -23.066378486309617 ], [ -46.413944042359113, -23.06638065370786 ], [ -46.413946500228157, -23.066387262771251 ], [ -46.413951300469883, -23.066389430169245 ], [ -46.413951346668732, -23.066393850460699 ], [ -46.413953781438934, -23.06639824937821 ], [ -46.413958604780717, -23.066402626921679 ], [ -46.413961039551324, -23.066407025839066 ], [ -46.413963474322095, -23.066411424756396 ], [ -46.413963543621044, -23.06641805519352 ], [ -46.413963589820355, -23.06642247548492 ], [ -46.41396363601968, -23.066426895776335 ], [ -46.413963682219006, -23.066431316067725 ], [ -46.41396133984636, -23.066435757733249 ], [ -46.413961386045642, -23.066440178024646 ], [ -46.413954220329401, -23.066440242146786 ], [ -46.413951901055789, -23.066446893957885 ], [ -46.413949558682503, -23.066451335623249 ], [ -46.413951993453793, -23.066455734540714 ], [ -46.413952039652813, -23.066460154832125 ], [ -46.41395208585184, -23.066464575123529 ], [ -46.413952132050881, -23.066468995414944 ], [ -46.413952178249936, -23.066473415706337 ], [ -46.413952224448991, -23.066477835997741 ], [ -46.413952270648068, -23.066482256289135 ], [ -46.413957093992963, -23.066486633832454 ], [ -46.41396187113876, -23.066486591084232 ], [ -46.413966648284536, -23.06648654833587 ], [ -46.41397144853017, -23.066488715733037 ], [ -46.413973883302894, -23.066493114650079 ], [ -46.413976318075783, -23.066497513567072 ], [ -46.413978752848841, -23.066501912484014 ], [ -46.413983529995129, -23.066501869735113 ], [ -46.413985964768493, -23.066506268651921 ], [ -46.413988399542028, -23.0665106675687 ], [ -46.413993176688606, -23.066510624819482 ], [ -46.413998023136138, -23.066517212507073 ], [ -46.414002823383328, -23.066519379903198 ], [ -46.414002869584152, -23.066523800194471 ], [ -46.414012423878155, -23.066523714694988 ], [ -46.414017201025146, -23.066523671945031 ], [ -46.414021978172123, -23.066523629194926 ], [ -46.414026709117486, -23.066519166153451 ], [ -46.414031486264285, -23.066519123403069 ], [ -46.41403626341107, -23.066519080652544 ], [ -46.414041040557848, -23.066519037901873 ], [ -46.414045817704611, -23.066518995151057 ], [ -46.414050594851361, -23.066518952400095 ], [ -46.41405537199811, -23.066518909648988 ], [ -46.414060149144831, -23.066518866897745 ], [ -46.41406965723526, -23.06651436110366 ], [ -46.414071999605476, -23.066509919436701 ], [ -46.414076776751848, -23.066509876684961 ], [ -46.414081553898214, -23.066509833933083 ], [ -46.414086331044572, -23.066509791181062 ], [ -46.414091108190917, -23.066509748428896 ], [ -46.414098320114327, -23.066514104591462 ], [ -46.414103097260799, -23.066514061838927 ], [ -46.414107920611492, -23.066518439377333 ], [ -46.414115109433645, -23.066520585393548 ], [ -46.414119909682633, -23.066522752786021 ], [ -46.414124686829361, -23.066522710032817 ], [ -46.414129463976074, -23.066522667279465 ], [ -46.414134241122795, -23.066522624525973 ], [ -46.414138995166851, -23.066520371626822 ], [ -46.414146137784009, -23.066518097350606 ], [ -46.414150914930524, -23.066518054596617 ], [ -46.414155668974125, -23.066515801696994 ], [ -46.414160423017556, -23.066513548797218 ], [ -46.414165177060831, -23.066511295897321 ], [ -46.414169931103935, -23.066509042997289 ], [ -46.414174685146875, -23.066506790097112 ], [ -46.414177027513432, -23.066502348428763 ], [ -46.414181781556017, -23.066500095528394 ], [ -46.414184123922226, -23.066495653859942 ], [ -46.414186466288292, -23.066491212191476 ], [ -46.414186420081542, -23.066486791900527 ], [ -46.414186373874813, -23.066482371609588 ], [ -46.414186327668091, -23.066477951318635 ], [ -46.414186258358029, -23.066471320882201 ], [ -46.414186212151328, -23.066466900591255 ], [ -46.414181388800174, -23.066462523055243 ], [ -46.414181342593658, -23.066458102764276 ], [ -46.414181296387149, -23.066453682473306 ], [ -46.414178861608654, -23.066449283559738 ], [ -46.414174015155254, -23.066442695877971 ], [ -46.414173968949022, -23.066438275586972 ], [ -46.414169145599317, -23.066433898050512 ], [ -46.414169099393263, -23.066429477759495 ], [ -46.414164276044026, -23.066425100222869 ], [ -46.414164229838157, -23.066420679931841 ], [ -46.414161795060849, -23.066416281017943 ], [ -46.414161748855079, -23.066411860726902 ], [ -46.414161702649317, -23.066407440435871 ], [ -46.414161656443568, -23.066403020144829 ], [ -46.414161610237826, -23.066398599853791 ], [ -46.414161564032106, -23.066394179562749 ], [ -46.414161517826386, -23.066389759271697 ], [ -46.41416147162068, -23.066385338980655 ], [ -46.414161425414989, -23.066380918689603 ], [ -46.414161379209304, -23.066376498398544 ], [ -46.414158921330177, -23.066369889339004 ], [ -46.414154097983499, -23.066365511801902 ], [ -46.414151663207605, -23.066361112887744 ], [ -46.414146862964053, -23.066358945495935 ], [ -46.414146816758901, -23.066354525204847 ], [ -46.414144381983462, -23.066350126290551 ], [ -46.414139581740407, -23.06634795889849 ], [ -46.414134735292777, -23.066341371215167 ], [ -46.414129958152465, -23.066341413968356 ], [ -46.414125134807733, -23.066337036430255 ], [ -46.414122700033332, -23.066332637515568 ], [ -46.414117876689154, -23.066328259977212 ], [ -46.414117830485011, -23.066323839686042 ], [ -46.414117784280883, -23.066319419394876 ], [ -46.414115326405046, -23.066312810334448 ], [ -46.414115280201024, -23.066308390043275 ], [ -46.414112845427496, -23.066303991128372 ], [ -46.414110410654139, -23.066299592213436 ], [ -46.414107975880945, -23.066295193298441 ], [ -46.414107929677193, -23.066290773007239 ], [ -46.414105494904256, -23.066286374092186 ] ] ] ] } }
]
}
