{
  "type": "FeatureCollection",
  "name": "regioes_hidrograficas_ana",
  "crs": {
    "type": "name",
    "properties": {
      "name": "urn:ogc:def:crs:OGC:1.3:CRS84"
    }
  },
  "features": [
    {
      "type": "Feature",
      "properties": {
        "rhi_cd": 8.0,
        "rhi_nm": "PARANÁ",
        "rhi_sg": "L",
        "rhi_ar_km2": 878171.941519,
        "descricao": "Região Hidrográfica PARANÁ (Porção SP)"
      },
      "geometry": {
        "type": "MultiPolygon",
        "coordinates": [
          [
            [
              [
                -44.80741426463841,
                -22.409458539132025
              ],
              [
                -44.807504054999924,
                -22.407607068999937
              ],
              [
                -44.80595932099993,
                -22.403514531999917
              ],
              [
                -44.805916098277194,
                -22.4035247897435
              ],
              [
                -44.80741426463841,
                -22.409458539132025
              ]
            ]
          ],
          [
            [
              [
                -44.80888609999994,
                -22.415288
              ],
              [
                -44.82411709579156,
                -22.41969558037573
              ],
              [
                -44.82199875099991,
                -22.41844630299994
              ],
              [
                -44.81019053199992,
                -22.414650408999933
              ],
              [
                -44.808412086660596,
                -22.413410587427364
              ],
              [
                -44.80888609999994,
                -22.415288
              ]
            ]
          ],
          [
            [
              [
                -44.83118339999993,
                -22.430952899999966
              ],
              [
                -44.87047246711505,
                -22.424722771606437
              ],
              [
                -44.87017411399995,
                -22.42445996899994
              ],
              [
                -44.86722094599992,
                -22.42300425199994
              ],
              [
                -44.86243502199994,
                -22.42334987399994
              ],
              [
                -44.85792991399995,
                -22.42243641999994
              ],
              [
                -44.85376897999993,
                -22.425084285999958
              ],
              [
                -44.850965197999926,
                -22.42524037399994
              ],
              [
                -44.84665967199993,
                -22.426463140999942
              ],
              [
                -44.84105780099992,
                -22.426185887999907
              ],
              [
                -44.83625771599992,
                -22.423886858999936
              ],
              [
                -44.82898137799992,
                -22.422564252999905
              ],
              [
                -44.824883319266604,
                -22.420147454714574
              ],
              [
                -44.83118339999993,
                -22.430952899999966
              ]
            ]
          ],
          [
            [
              [
                -44.896680499999945,
                -22.45257369999996
              ],
              [
                -44.93406057570068,
                -22.45338800213575
              ],
              [
                -44.93087417499993,
                -22.451858244999926
              ],
              [
                -44.925861605999955,
                -22.45096620399994
              ],
              [
                -44.91957857999995,
                -22.452482308999947
              ],
              [
                -44.91539369299994,
                -22.452260862999935
              ],
              [
                -44.900507457999936,
                -22.452125788999922
              ],
              [
                -44.89769429599994,
                -22.451461870999935
              ],
              [
                -44.89560553699994,
                -22.448920725999926
              ],
              [
                -44.893801552999946,
                -22.442560275999938
              ],
              [
                -44.89124939799996,
                -22.438326771999925
              ],
              [
                -44.890367269999956,
                -22.435304671999916
              ],
              [
                -44.889663180369794,
                -22.43485373867362
              ],
              [
                -44.896680499999945,
                -22.45257369999996
              ]
            ]
          ],
          [
            [
              [
                -44.96675269999997,
                -22.475347299999953
              ],
              [
                -45.01060899839343,
                -22.465993701709657
              ],
              [
                -44.99962310299992,
                -22.465278026999954
              ],
              [
                -44.992970930999945,
                -22.46667328399991
              ],
              [
                -44.985671433999926,
                -22.46843643199992
              ],
              [
                -44.98166622499991,
                -22.467740747999926
              ],
              [
                -44.97645178999994,
                -22.468603695999946
              ],
              [
                -44.96816384299996,
                -22.471866349999914
              ],
              [
                -44.96416309099993,
                -22.471530024999936
              ],
              [
                -44.96222401999995,
                -22.470423715999914
              ],
              [
                -44.95721707599995,
                -22.464505191999933
              ],
              [
                -44.94842672949338,
                -22.460285039998443
              ],
              [
                -44.96675269999997,
                -22.475347299999953
              ]
            ]
          ],
          [
            [
              [
                -45.08167979999996,
                -22.485472699999946
              ],
              [
                -45.097092288831526,
                -22.484249912917868
              ],
              [
                -45.094792070999915,
                -22.482886367999924
              ],
              [
                -45.08978902899992,
                -22.482593435999945
              ],
              [
                -45.08323000699994,
                -22.48475623999991
              ],
              [
                -45.0811933249999,
                -22.48409486199995
              ],
              [
                -45.07467124199991,
                -22.478707362999955
              ],
              [
                -45.066478945999904,
                -22.475923811999905
              ],
              [
                -45.05744078799995,
                -22.471222089999912
              ],
              [
                -45.04349847799995,
                -22.468441755999947
              ],
              [
                -45.03937393710574,
                -22.467190210735286
              ],
              [
                -45.08167979999996,
                -22.485472699999946
              ]
            ]
          ],
          [
            [
              [
                -45.12194539999996,
                -22.501346499999954
              ],
              [
                -45.13500300541852,
                -22.50172953725458
              ],
              [
                -45.13132858599994,
                -22.498966631999906
              ],
              [
                -45.122652269999946,
                -22.495996931999912
              ],
              [
                -45.10881387699993,
                -22.49119834699991
              ],
              [
                -45.097285455011914,
                -22.48436441979629
              ],
              [
                -45.12194539999996,
                -22.501346499999954
              ]
            ]
          ],
          [
            [
              [
                -45.164346821524866,
                -22.53808115283071
              ],
              [
                -45.16535609999994,
                -22.532728363999922
              ],
              [
                -45.16265812501979,
                -22.52932194334098
              ],
              [
                -45.164346821524866,
                -22.53808115283071
              ]
            ]
          ],
          [
            [
              [
                -45.17642781326529,
                -22.549553974163235
              ],
              [
                -45.17353788799994,
                -22.546659338999916
              ],
              [
                -45.17247299905725,
                -22.5460379653719
              ],
              [
                -45.17642781326529,
                -22.549553974163235
              ]
            ]
          ],
          [
            [
              [
                -45.189122765989254,
                -22.554837507137314
              ],
              [
                -45.18519046799992,
                -22.552535959999943
              ],
              [
                -45.18254026390196,
                -22.55232980711994
              ],
              [
                -45.189122765989254,
                -22.554837507137314
              ]
            ]
          ],
          [
            [
              [
                -45.209546333496405,
                -22.562618162564902
              ],
              [
                -45.20032884099993,
                -22.557939091999913
              ],
              [
                -45.196015025870295,
                -22.557463213896575
              ],
              [
                -45.209546333496405,
                -22.562618162564902
              ]
            ]
          ],
          [
            [
              [
                -45.226802872798864,
                -22.5691922924831
              ],
              [
                -45.22234068699993,
                -22.56541194899995
              ],
              [
                -45.216363680999905,
                -22.56469563199994
              ],
              [
                -45.20989034338811,
                -22.562749218142244
              ],
              [
                -45.226802872798864,
                -22.5691922924831
              ]
            ]
          ],
          [
            [
              [
                -45.256118199999946,
                -22.58977619999996
              ],
              [
                -45.25653534509173,
                -22.591173195910002
              ],
              [
                -45.25659858799992,
                -22.590300826999908
              ],
              [
                -45.25867388799992,
                -22.58627681899992
              ],
              [
                -45.2586278071994,
                -22.58622849256509
              ],
              [
                -45.256118199999946,
                -22.58977619999996
              ]
            ]
          ],
          [
            [
              [
                -45.26100823423616,
                -22.606152655009247
              ],
              [
                -45.260271013999954,
                -22.600340695999932
              ],
              [
                -45.25755474427411,
                -22.59458710755978
              ],
              [
                -45.26100823423616,
                -22.606152655009247
              ]
            ]
          ],
          [
            [
              [
                -45.27159531089815,
                -22.614114248458403
              ],
              [
                -45.27012576399994,
                -22.612471787999937
              ],
              [
                -45.269069449159396,
                -22.612250384567684
              ],
              [
                -45.27159531089815,
                -22.614114248458403
              ]
            ]
          ],
          [
            [
              [
                -45.27591079999996,
                -22.617298699999935
              ],
              [
                -45.32523017787323,
                -22.617310866595126
              ],
              [
                -45.321632087999944,
                -22.61676685099991
              ],
              [
                -45.31532715299994,
                -22.61482691099991
              ],
              [
                -45.310184326999945,
                -22.614551726999935
              ],
              [
                -45.30281740399994,
                -22.61613636499993
              ],
              [
                -45.29613326099991,
                -22.615203898999937
              ],
              [
                -45.28416477999991,
                -22.61675220399991
              ],
              [
                -45.2755470850572,
                -22.617030310349804
              ],
              [
                -45.27591079999996,
                -22.617298699999935
              ]
            ]
          ],
          [
            [
              [
                -45.35589959744476,
                -22.635971581329883
              ],
              [
                -45.35311757099993,
                -22.632006127999944
              ],
              [
                -45.349284937999926,
                -22.628915684999924
              ],
              [
                -45.34639632041758,
                -22.62791948232179
              ],
              [
                -45.35589959744476,
                -22.635971581329883
              ]
            ]
          ],
          [
            [
              [
                -45.38032026674429,
                -22.64533976049862
              ],
              [
                -45.37560442999995,
                -22.642079383999942
              ],
              [
                -45.37007759499994,
                -22.64030581299994
              ],
              [
                -45.364379781897796,
                -22.639402285906506
              ],
              [
                -45.38032026674429,
                -22.64533976049862
              ]
            ]
          ],
          [
            [
              [
                -45.40802489999993,
                -22.671699899999965
              ],
              [
                -45.42468519999994,
                -22.679598899999974
              ],
              [
                -45.42829849999998,
                -22.69667039999996
              ],
              [
                -45.44694839999994,
                -22.705424799999946
              ],
              [
                -45.44672909999997,
                -22.715730599999972
              ],
              [
                -45.469066199999986,
                -22.71548409999997
              ],
              [
                -45.496466399999974,
                -22.743686599999933
              ],
              [
                -45.52377709999996,
                -22.75106569999997
              ],
              [
                -45.537505599999974,
                -22.76737
              ],
              [
                -45.57988029999996,
                -22.776856799999962
              ],
              [
                -45.579526199999975,
                -22.789888299999973
              ],
              [
                -45.612099299999954,
                -22.793606
              ],
              [
                -45.61700529999996,
                -22.80862369999994
              ],
              [
                -45.63301749999994,
                -22.821018699999968
              ],
              [
                -45.62793149999993,
                -22.82497639999997
              ],
              [
                -45.63314049999997,
                -22.842002899999954
              ],
              [
                -45.666232599999944,
                -22.875129199999947
              ],
              [
                -45.73638969999996,
                -22.890963099999965
              ],
              [
                -45.75774119999994,
                -22.86696589999997
              ],
              [
                -45.75916089999998,
                -22.83630679999993
              ],
              [
                -45.768615548126355,
                -22.836811963122713
              ],
              [
                -45.76860912099994,
                -22.83616246899993
              ],
              [
                -45.769464986999935,
                -22.83284718199991
              ],
              [
                -45.772585686999946,
                -22.829513231999954
              ],
              [
                -45.783024181999906,
                -22.823582685999952
              ],
              [
                -45.79112221999992,
                -22.820607654999947
              ],
              [
                -45.7925839909999,
                -22.818627989999925
              ],
              [
                -45.791272342999946,
                -22.816812344999903
              ],
              [
                -45.78050269999994,
                -22.810936813999945
              ],
              [
                -45.7729930239999,
                -22.80531714199992
              ],
              [
                -45.76283089399993,
                -22.79990335699995
              ],
              [
                -45.758635872999946,
                -22.794342762999918
              ],
              [
                -45.753937667999935,
                -22.793248159999905
              ],
              [
                -45.7503539139999,
                -22.79139259099992
              ],
              [
                -45.74727158799993,
                -22.79197258699992
              ],
              [
                -45.743254960999934,
                -22.794498308999948
              ],
              [
                -45.74184640999994,
                -22.798435671999925
              ],
              [
                -45.74141431399994,
                -22.805758358999924
              ],
              [
                -45.7391369689999,
                -22.808872116999908
              ],
              [
                -45.72877686299995,
                -22.810104251999917
              ],
              [
                -45.723052228999904,
                -22.81532994999992
              ],
              [
                -45.720431806999954,
                -22.81622370799994
              ],
              [
                -45.71431447599991,
                -22.815053829999954
              ],
              [
                -45.713324163999914,
                -22.813937047999957
              ],
              [
                -45.71284018599994,
                -22.81148804599991
              ],
              [
                -45.713518483999906,
                -22.810327771999937
              ],
              [
                -45.71961033499991,
                -22.806288842999948
              ],
              [
                -45.723604580999904,
                -22.801705797999944
              ],
              [
                -45.732105271999956,
                -22.79462198099992
              ],
              [
                -45.733466972999906,
                -22.791140215999917
              ],
              [
                -45.73321132099994,
                -22.788418674999946
              ],
              [
                -45.73073108199992,
                -22.784904466999933
              ],
              [
                -45.72807915499993,
                -22.784040276999917
              ],
              [
                -45.72182254799992,
                -22.78264235599994
              ],
              [
                -45.717877794999936,
                -22.78011387199996
              ],
              [
                -45.70945956499992,
                -22.77103540199994
              ],
              [
                -45.70873321699992,
                -22.769165907999934
              ],
              [
                -45.708895077999955,
                -22.76615604299991
              ],
              [
                -45.7146667799999,
                -22.756422569999927
              ],
              [
                -45.717348741999956,
                -22.74501634899991
              ],
              [
                -45.72278293399995,
                -22.73747164799994
              ],
              [
                -45.72312155599991,
                -22.73120814099991
              ],
              [
                -45.72358034399991,
                -22.727897026999926
              ],
              [
                -45.72677554799992,
                -22.72559893899995
              ],
              [
                -45.729426007999905,
                -22.722330882999927
              ],
              [
                -45.73327468699995,
                -22.720711665999943
              ],
              [
                -45.73744404799993,
                -22.72025177699993
              ],
              [
                -45.74930284399994,
                -22.72267820199994
              ],
              [
                -45.756587064999906,
                -22.72262330399991
              ],
              [
                -45.76169238299991,
                -22.723501600999953
              ],
              [
                -45.766995522999935,
                -22.72507164399991
              ],
              [
                -45.77157448199995,
                -22.72855306999992
              ],
              [
                -45.784136867999905,
                -22.732623445999934
              ],
              [
                -45.796473626999955,
                -22.738562241999944
              ],
              [
                -45.80202119599994,
                -22.73883219699991
              ],
              [
                -45.8080429229999,
                -22.736554455999908
              ],
              [
                -45.8123673849999,
                -22.73367805199996
              ],
              [
                -45.81843149499991,
                -22.727016301999925
              ],
              [
                -45.822990345999926,
                -22.716654356999925
              ],
              [
                -45.82251118499994,
                -22.71326688499994
              ],
              [
                -45.81798874499992,
                -22.706870970999944
              ],
              [
                -45.816750620999926,
                -22.70360639699993
              ],
              [
                -45.81424679899993,
                -22.70103008399991
              ],
              [
                -45.81120957699994,
                -22.69849363499992
              ],
              [
                -45.80050623199992,
                -22.694396781999956
              ],
              [
                -45.78788161299991,
                -22.693467547999944
              ],
              [
                -45.78409573499994,
                -22.687615239999957
              ],
              [
                -45.778435818999924,
                -22.68369208999991
              ],
              [
                -45.77311442999991,
                -22.681241042999943
              ],
              [
                -45.762406358999954,
                -22.67785178099996
              ],
              [
                -45.759443243999954,
                -22.676073723999934
              ],
              [
                -45.757149357999936,
                -22.67236238299995
              ],
              [
                -45.75585417099995,
                -22.671531603999938
              ],
              [
                -45.747962740999924,
                -22.67101400599995
              ],
              [
                -45.736383463999914,
                -22.666800270999943
              ],
              [
                -45.72652024599995,
                -22.660597392999932
              ],
              [
                -45.72274143899995,
                -22.660164583999915
              ],
              [
                -45.71471783499993,
                -22.661468413999955
              ],
              [
                -45.71132481399991,
                -22.660879344999955
              ],
              [
                -45.70779741299992,
                -22.658839347999958
              ],
              [
                -45.69748641299992,
                -22.65426700599994
              ],
              [
                -45.69377584499995,
                -22.650805698999932
              ],
              [
                -45.69640629899993,
                -22.64753238299994
              ],
              [
                -45.69809523999993,
                -22.642375745999914
              ],
              [
                -45.702458372999956,
                -22.640159868999945
              ],
              [
                -45.7056845109999,
                -22.638854925999908
              ],
              [
                -45.70790251999995,
                -22.636800515999937
              ],
              [
                -45.71833841999995,
                -22.62117983099995
              ],
              [
                -45.7260215899999,
                -22.620038072999932
              ],
              [
                -45.72902003299993,
                -22.614740984999912
              ],
              [
                -45.73083016499993,
                -22.61196899199996
              ],
              [
                -45.735565633999954,
                -22.609455004999916
              ],
              [
                -45.73597358399991,
                -22.60714777499993
              ],
              [
                -45.733633374999954,
                -22.60340721999995
              ],
              [
                -45.73309480799992,
                -22.599563820999947
              ],
              [
                -45.73167358499995,
                -22.597039942999913
              ],
              [
                -45.72698094999993,
                -22.59132777499991
              ],
              [
                -45.71975564899992,
                -22.58624952799994
              ],
              [
                -45.71581761199991,
                -22.582839866999905
              ],
              [
                -45.71382402699993,
                -22.58214575599993
              ],
              [
                -45.7063386989999,
                -22.58249964199996
              ],
              [
                -45.70058430499995,
                -22.584407708999947
              ],
              [
                -45.69546635799992,
                -22.58437747599993
              ],
              [
                -45.68884711399994,
                -22.581882856999925
              ],
              [
                -45.68541043499994,
                -22.578745045999938
              ],
              [
                -45.68068853299991,
                -22.574646689999952
              ],
              [
                -45.67694347399993,
                -22.573822970999913
              ],
              [
                -45.670721045999926,
                -22.576970623999955
              ],
              [
                -45.66481008299991,
                -22.57719026199993
              ],
              [
                -45.66120689799993,
                -22.578473281999948
              ],
              [
                -45.66036817699995,
                -22.581375501999958
              ],
              [
                -45.660825195999905,
                -22.587013311999954
              ],
              [
                -45.658653726999944,
                -22.595697101999917
              ],
              [
                -45.65900480899995,
                -22.599660379999932
              ],
              [
                -45.66570849499993,
                -22.606620823999947
              ],
              [
                -45.66535756799993,
                -22.612135045999935
              ],
              [
                -45.669500152999944,
                -22.619006877999936
              ],
              [
                -45.670497664999914,
                -22.628575930999943
              ],
              [
                -45.671842591999905,
                -22.630170966999913
              ],
              [
                -45.6754065799999,
                -22.631882592999943
              ],
              [
                -45.67912783599991,
                -22.63419510299991
              ],
              [
                -45.680527052999935,
                -22.637151898999946
              ],
              [
                -45.68043919699994,
                -22.639466399999947
              ],
              [
                -45.67917122599994,
                -22.640592753999954
              ],
              [
                -45.67398170699994,
                -22.642495324999913
              ],
              [
                -45.667298856999935,
                -22.650785563999932
              ],
              [
                -45.664789077999956,
                -22.65192523099995
              ],
              [
                -45.66228404099991,
                -22.651305548999915
              ],
              [
                -45.65828245699993,
                -22.64936182899993
              ],
              [
                -45.65057714299991,
                -22.64872072399993
              ],
              [
                -45.64109010499993,
                -22.646573823999915
              ],
              [
                -45.63418654199995,
                -22.646767559999944
              ],
              [
                -45.62766645799991,
                -22.642303197999922
              ],
              [
                -45.62294458999992,
                -22.640624077999917
              ],
              [
                -45.61939617699994,
                -22.639307363999933
              ],
              [
                -45.61542756999995,
                -22.63624171899994
              ],
              [
                -45.60974605999991,
                -22.62825199799994
              ],
              [
                -45.60277172799994,
                -22.621282548999943
              ],
              [
                -45.59947288199993,
                -22.620446091999952
              ],
              [
                -45.5906738729999,
                -22.620059829999946
              ],
              [
                -45.5860092179999,
                -22.617333294999924
              ],
              [
                -45.58565475499995,
                -22.612467919999915
              ],
              [
                -45.584462499999916,
                -22.609913408999944
              ],
              [
                -45.57194695599992,
                -22.599927945999923
              ],
              [
                -45.56539273299995,
                -22.598843648999946
              ],
              [
                -45.56304830999994,
                -22.599991074999934
              ],
              [
                -45.561977190999926,
                -22.602411444999916
              ],
              [
                -45.56163561299991,
                -22.60701299099992
              ],
              [
                -45.558937777999915,
                -22.617033290999927
              ],
              [
                -45.55532323999995,
                -22.622016063999922
              ],
              [
                -45.55484239099991,
                -22.624174256999936
              ],
              [
                -45.556484988999955,
                -22.62709325399993
              ],
              [
                -45.562892234999936,
                -22.631138301999954
              ],
              [
                -45.56513203399993,
                -22.63450816099993
              ],
              [
                -45.56986053199995,
                -22.639016652999942
              ],
              [
                -45.578894248999916,
                -22.64204695199993
              ],
              [
                -45.58166964399993,
                -22.64664167999996
              ],
              [
                -45.58237186699995,
                -22.649734036999916
              ],
              [
                -45.581334048999906,
                -22.651911132999942
              ],
              [
                -45.574197349999906,
                -22.656591049999918
              ],
              [
                -45.56979267999992,
                -22.65742015299992
              ],
              [
                -45.56095688499994,
                -22.655949066999938
              ],
              [
                -45.548457277999944,
                -22.652153143999953
              ],
              [
                -45.539723841999944,
                -22.651660513999957
              ],
              [
                -45.53167258199994,
                -22.64799547499996
              ],
              [
                -45.5260763789999,
                -22.64695346299993
              ],
              [
                -45.51988801299996,
                -22.644791519999956
              ],
              [
                -45.51223232099994,
                -22.637305786999946
              ],
              [
                -45.50043478999993,
                -22.62813504399992
              ],
              [
                -45.49600295199991,
                -22.627358516999948
              ],
              [
                -45.49252756099992,
                -22.62894291899994
              ],
              [
                -45.491350490999935,
                -22.63110873599993
              ],
              [
                -45.490120249999904,
                -22.631323439999903
              ],
              [
                -45.48494795899995,
                -22.62667050999994
              ],
              [
                -45.483107711999935,
                -22.618307874999914
              ],
              [
                -45.47819788499993,
                -22.611062466999954
              ],
              [
                -45.47592704099992,
                -22.603641404999905
              ],
              [
                -45.47410143299993,
                -22.598131792999936
              ],
              [
                -45.477437780999935,
                -22.588595565999924
              ],
              [
                -45.47717106099992,
                -22.58658530999992
              ],
              [
                -45.47593955399992,
                -22.58566757199992
              ],
              [
                -45.47128995299994,
                -22.589101891999917
              ],
              [
                -45.46182092999993,
                -22.598320105999903
              ],
              [
                -45.45414912199993,
                -22.603727507999906
              ],
              [
                -45.447506408999914,
                -22.607542788999922
              ],
              [
                -45.44364830099994,
                -22.61134555299992
              ],
              [
                -45.43686220399991,
                -22.61267167299991
              ],
              [
                -45.43044618999994,
                -22.620283297999947
              ],
              [
                -45.4248651929999,
                -22.622286121999934
              ],
              [
                -45.42120663299994,
                -22.62213225699992
              ],
              [
                -45.413851490999946,
                -22.62147743999992
              ],
              [
                -45.41143614199996,
                -22.622105329999954
              ],
              [
                -45.41023978599992,
                -22.623288816999946
              ],
              [
                -45.40997310599994,
                -22.628802462999943
              ],
              [
                -45.40757870999994,
                -22.633993362999945
              ],
              [
                -45.40871165699991,
                -22.649403771999914
              ],
              [
                -45.40839879899994,
                -22.65099366299995
              ],
              [
                -45.407302039999934,
                -22.651933236999923
              ],
              [
                -45.404186111999934,
                -22.65343409399992
              ],
              [
                -45.39692135354636,
                -22.65335056067946
              ],
              [
                -45.40802489999993,
                -22.671699899999965
              ]
            ]
          ],
          [
            [
              [
                -45.768122,
                -22.845090699999957
              ],
              [
                -45.79144869999993,
                -22.858894299999974
              ],
              [
                -45.79200457103083,
                -22.85770452894397
              ],
              [
                -45.79066721299995,
                -22.857188403999942
              ],
              [
                -45.785953864999954,
                -22.852062703999934
              ],
              [
                -45.77797850999991,
                -22.847692430999928
              ],
              [
                -45.769815560999916,
                -22.84193155899993
              ],
              [
                -45.768640099999914,
                -22.839293055999917
              ],
              [
                -45.76862203972491,
                -22.83746797248566
              ],
              [
                -45.768122,
                -22.845090699999957
              ]
            ]
          ],
          [
            [
              [
                -45.81445879515602,
                -22.831250562187844
              ],
              [
                -45.81069693799992,
                -22.829172049999954
              ],
              [
                -45.808369987999924,
                -22.829175747999955
              ],
              [
                -45.80565867899992,
                -22.830448876999924
              ],
              [
                -45.80454485799993,
                -22.832535665999956
              ],
              [
                -45.80429743739573,
                -22.833734048488868
              ],
              [
                -45.81445879515602,
                -22.831250562187844
              ]
            ]
          ],
          [
            [
              [
                -45.848896699999955,
                -22.838202399999943
              ],
              [
                -45.85327515269708,
                -22.846892627270215
              ],
              [
                -45.85146511699992,
                -22.841394650999916
              ],
              [
                -45.847287483999935,
                -22.835389498999916
              ],
              [
                -45.84468042299994,
                -22.833877413999915
              ],
              [
                -45.84149736199993,
                -22.833277465999913
              ],
              [
                -45.83543985636117,
                -22.83343850098099
              ],
              [
                -45.848896699999955,
                -22.838202399999943
              ]
            ]
          ],
          [
            [
              [
                -45.863973499999986,
                -22.868126399999937
              ],
              [
                -45.8779681776703,
                -22.872303359598035
              ],
              [
                -45.874249757999905,
                -22.87052595399996
              ],
              [
                -45.86742764799993,
                -22.867101479999917
              ],
              [
                -45.862165976999904,
                -22.86157335999991
              ],
              [
                -45.860182677999944,
                -22.858401004999905
              ],
              [
                -45.85894290299996,
                -22.852693574999932
              ],
              [
                -45.85336848390069,
                -22.84707786836493
              ],
              [
                -45.863973499999986,
                -22.868126399999937
              ]
            ]
          ],
          [
            [
              [
                -45.88789869999994,
                -22.875267299999962
              ],
              [
                -45.88798471131354,
                -22.874417184023102
              ],
              [
                -45.887583829999926,
                -22.87463477299991
              ],
              [
                -45.885820994274916,
                -22.87464717190022
              ],
              [
                -45.88789869999994,
                -22.875267299999962
              ]
            ]
          ],
          [
            [
              [
                -45.89925464309797,
                -22.83869756848094
              ],
              [
                -45.89215357199993,
                -22.841789370999948
              ],
              [
                -45.89223905224746,
                -22.844262756998564
              ],
              [
                -45.89925464309797,
                -22.83869756848094
              ]
            ]
          ],
          [
            [
              [
                -45.91243959751441,
                -22.81672773053693
              ],
              [
                -45.90995541399991,
                -22.81639327599993
              ],
              [
                -45.905856428999925,
                -22.81813103199994
              ],
              [
                -45.905274548789585,
                -22.818997791313887
              ],
              [
                -45.91243959751441,
                -22.81672773053693
              ]
            ]
          ],
          [
            [
              [
                -45.93215279999998,
                -22.84162139999995
              ],
              [
                -45.94165405054964,
                -22.844624538690336
              ],
              [
                -45.93868686399992,
                -22.843169317999923
              ],
              [
                -45.92703667699993,
                -22.831771585999945
              ],
              [
                -45.924719,
                -22.826286034999953
              ],
              [
                -45.92243299099994,
                -22.82304093299996
              ],
              [
                -45.919234772999914,
                -22.819479418999947
              ],
              [
                -45.91424547273941,
                -22.817201649672533
              ],
              [
                -45.93215279999998,
                -22.84162139999995
              ]
            ]
          ],
          [
            [
              [
                -45.95522619999997,
                -22.848914399999956
              ],
              [
                -45.957453224594424,
                -22.851050705116915
              ],
              [
                -45.9572387579999,
                -22.850582663999944
              ],
              [
                -45.95480988299994,
                -22.848206854999944
              ],
              [
                -45.94852960999992,
                -22.84501390999992
              ],
              [
                -45.94239863380333,
                -22.844859885265578
              ],
              [
                -45.95522619999997,
                -22.848914399999956
              ]
            ]
          ],
          [
            [
              [
                -45.975635799999964,
                -22.868492599999968
              ],
              [
                -45.99245941506546,
                -22.870557927696403
              ],
              [
                -45.992413272999954,
                -22.870297339999922
              ],
              [
                -45.990668559999904,
                -22.868750443999943
              ],
              [
                -45.97694243899991,
                -22.86360674599996
              ],
              [
                -45.968117272999905,
                -22.85613435299996
              ],
              [
                -45.9629423726309,
                -22.856316248688955
              ],
              [
                -45.975635799999964,
                -22.868492599999968
              ]
            ]
          ],
          [
            [
              [
                -45.99164,
                -22.87728919999995
              ],
              [
                -46.00760569999994,
                -22.889807599999983
              ],
              [
                -46.01195121862211,
                -22.888826676885458
              ],
              [
                -46.010182107999924,
                -22.888334465999947
              ],
              [
                -46.00732519199994,
                -22.88630257199992
              ],
              [
                -46.00449297999995,
                -22.88073445899994
              ],
              [
                -45.99505943699995,
                -22.877597650999917
              ],
              [
                -45.99321753299995,
                -22.874839404999932
              ],
              [
                -45.992706958111704,
                -22.871955929096877
              ],
              [
                -45.99164,
                -22.87728919999995
              ]
            ]
          ],
          [
            [
              [
                -46.02720997768574,
                -22.88538228491159
              ],
              [
                -46.024986345999935,
                -22.88523955799991
              ],
              [
                -46.02048320369744,
                -22.886900733839102
              ],
              [
                -46.02720997768574,
                -22.88538228491159
              ]
            ]
          ],
          [
            [
              [
                -46.051402,
                -22.89690829999995
              ],
              [
                -46.04106989999997,
                -22.914465899999982
              ],
              [
                -46.05332139999996,
                -22.95076759999995
              ],
              [
                -46.051251699999966,
                -22.968363099999976
              ],
              [
                -46.088069099999984,
                -22.985797399999967
              ],
              [
                -46.09370469999993,
                -22.997952899999973
              ],
              [
                -46.12640279999994,
                -23.00940849999995
              ],
              [
                -46.14218469999997,
                -23.030360799999983
              ],
              [
                -46.14039479999997,
                -23.039389
              ],
              [
                -46.15897649999994,
                -23.05045949999993
              ],
              [
                -46.161219399999936,
                -23.066552799999954
              ],
              [
                -46.18043179999995,
                -23.080201399999964
              ],
              [
                -46.20612579999994,
                -23.08551959999994
              ],
              [
                -46.226488899999936,
                -23.13681239999994
              ],
              [
                -46.23557059999996,
                -23.135519699999975
              ],
              [
                -46.257237499999974,
                -23.15968639999994
              ],
              [
                -46.26291219999996,
                -23.188071499999978
              ],
              [
                -46.283626599999934,
                -23.184130799999934
              ],
              [
                -46.290936699999975,
                -23.194339699999944
              ],
              [
                -46.30741119999993,
                -23.19810609999996
              ],
              [
                -46.311494599999946,
                -23.227941
              ],
              [
                -46.330106599999965,
                -23.246833299999935
              ],
              [
                -46.348905,
                -23.253297499999974
              ],
              [
                -46.35620469999998,
                -23.272955499999966
              ],
              [
                -46.39751659999996,
                -23.286908599999947
              ],
              [
                -46.43386289999995,
                -23.331444399999953
              ],
              [
                -46.400603599999954,
                -23.349657599999944
              ],
              [
                -46.38748169999997,
                -23.391840099999968
              ],
              [
                -46.371871099999964,
                -23.407956599999977
              ],
              [
                -46.36223639999997,
                -23.395371199999943
              ],
              [
                -46.31341429999998,
                -23.38584519999995
              ],
              [
                -46.30283239999994,
                -23.403023099999928
              ],
              [
                -46.31362919999998,
                -23.415129499999978
              ],
              [
                -46.29937049999995,
                -23.465742099999943
              ],
              [
                -46.249006,
                -23.49059969999996
              ],
              [
                -46.240571699999975,
                -23.503854099999955
              ],
              [
                -46.18792709999997,
                -23.475008099999968
              ],
              [
                -46.10292069999997,
                -23.45388259999993
              ],
              [
                -46.10043219999994,
                -23.461621699999966
              ],
              [
                -46.11203359999996,
                -23.478512199999955
              ],
              [
                -46.12751529999997,
                -23.47357649999998
              ],
              [
                -46.12974779999996,
                -23.487978299999952
              ],
              [
                -46.14655879999998,
                -23.503863799999976
              ],
              [
                -46.129614699999934,
                -23.507679199999927
              ],
              [
                -46.119929799999966,
                -23.49872259999995
              ],
              [
                -46.10834859999994,
                -23.51191
              ],
              [
                -46.08770959999998,
                -23.50796639999993
              ],
              [
                -46.07172479999997,
                -23.522989799999948
              ],
              [
                -46.075793499999975,
                -23.53456659999995
              ],
              [
                -46.05852239999996,
                -23.54213119999997
              ],
              [
                -46.041116199999976,
                -23.538268899999935
              ],
              [
                -46.03298389999998,
                -23.52607749999993
              ],
              [
                -46.02168139999998,
                -23.531632499999944
              ],
              [
                -45.98378939999998,
                -23.517887499999972
              ],
              [
                -45.963747799999965,
                -23.497783
              ],
              [
                -45.93885129999995,
                -23.49414669999993
              ],
              [
                -45.91084719999998,
                -23.506632699999955
              ],
              [
                -45.84027019999996,
                -23.472744199999966
              ],
              [
                -45.82961719999997,
                -23.488243199999943
              ],
              [
                -45.81636169999996,
                -23.490998499999932
              ],
              [
                -45.811327699999936,
                -23.51378429999994
              ],
              [
                -45.791219799999965,
                -23.518569299999967
              ],
              [
                -45.76625689999997,
                -23.50957509999995
              ],
              [
                -45.72147419999993,
                -23.51635479999993
              ],
              [
                -45.684456799999964,
                -23.509688899999958
              ],
              [
                -45.667287699999974,
                -23.49749029999998
              ],
              [
                -45.65862329999993,
                -23.50996669999995
              ],
              [
                -45.65150239999997,
                -23.505750099999943
              ],
              [
                -45.64414809999994,
                -23.518664799999954
              ],
              [
                -45.63375089999994,
                -23.52033769999997
              ],
              [
                -45.638407,
                -23.536257699999965
              ],
              [
                -45.66682989999998,
                -23.544757799999957
              ],
              [
                -45.65644959999997,
                -23.558489099999974
              ],
              [
                -45.66593519999998,
                -23.57100379999997
              ],
              [
                -45.693926499999975,
                -23.58078839999996
              ],
              [
                -45.70128059999996,
                -23.575985199999934
              ],
              [
                -45.71362289999996,
                -23.59438069999993
              ],
              [
                -45.70149769999995,
                -23.60715579999993
              ],
              [
                -45.69534779999998,
                -23.63191489999997
              ],
              [
                -45.74154069999997,
                -23.66826219999996
              ],
              [
                -45.76298289999994,
                -23.67110749999995
              ],
              [
                -45.77856129999998,
                -23.68326909999996
              ],
              [
                -45.79430769999993,
                -23.68354019999998
              ],
              [
                -45.798382199999935,
                -23.675798399999962
              ],
              [
                -45.82008419999994,
                -23.684392899999978
              ],
              [
                -45.818624899999975,
                -23.67580019999997
              ],
              [
                -45.83855519999997,
                -23.669314499999928
              ],
              [
                -45.831402699999956,
                -23.65163339999998
              ],
              [
                -45.849845699999946,
                -23.644198899999935
              ],
              [
                -45.86035209999994,
                -23.654604399999982
              ],
              [
                -45.895312899999965,
                -23.65551929999998
              ],
              [
                -45.920159299999966,
                -23.66992319999997
              ],
              [
                -45.946203099999934,
                -23.673824599999932
              ],
              [
                -45.960767499999974,
                -23.664544899999953
              ],
              [
                -45.95939579999998,
                -23.654254599999945
              ],
              [
                -45.948905,
                -23.648621799999944
              ],
              [
                -45.953625699999975,
                -23.639966399999935
              ],
              [
                -45.97418079999994,
                -23.64112229999995
              ],
              [
                -45.958461099999965,
                -23.60859449999998
              ],
              [
                -45.979002299999934,
                -23.600249099999928
              ],
              [
                -46.01424069999996,
                -23.603305399999954
              ],
              [
                -46.03223729999996,
                -23.613855
              ],
              [
                -46.04557079999995,
                -23.63829949999996
              ],
              [
                -46.04579979999994,
                -23.650687499999947
              ],
              [
                -46.038971,
                -23.651212399999963
              ],
              [
                -46.04564529999993,
                -23.670182299999965
              ],
              [
                -46.079412,
                -23.692619699999966
              ],
              [
                -46.09933529999995,
                -23.719089199999928
              ],
              [
                -46.10438519999997,
                -23.715900699999963
              ],
              [
                -46.09584909999995,
                -23.696632799999975
              ],
              [
                -46.10413009999996,
                -23.692898
              ],
              [
                -46.10897959999994,
                -23.671419899999933
              ],
              [
                -46.11834909999993,
                -23.668021599999975
              ],
              [
                -46.12426609999994,
                -23.68517449999996
              ],
              [
                -46.14303609999996,
                -23.691182099999935
              ],
              [
                -46.14537309999997,
                -23.705730899999935
              ],
              [
                -46.15952329999993,
                -23.716828799999973
              ],
              [
                -46.17790949999994,
                -23.71003879999995
              ],
              [
                -46.19354,
                -23.714201899999978
              ],
              [
                -46.19174529999998,
                -23.722619299999963
              ],
              [
                -46.208498299999974,
                -23.74352959999993
              ],
              [
                -46.23795149999995,
                -23.734999399999936
              ],
              [
                -46.259226499999954,
                -23.76763939999995
              ],
              [
                -46.275295,
                -23.768577
              ],
              [
                -46.29461139999995,
                -23.78520459999993
              ],
              [
                -46.32948219999997,
                -23.778574799999944
              ],
              [
                -46.37459149999995,
                -23.78222409999995
              ],
              [
                -46.389170899999954,
                -23.795713099999944
              ],
              [
                -46.384247699999946,
                -23.80657789999998
              ],
              [
                -46.41327849999993,
                -23.816322299999968
              ],
              [
                -46.456109399999946,
                -23.80135219999994
              ],
              [
                -46.48448129999997,
                -23.81856419999997
              ],
              [
                -46.520019,
                -23.81163209999994
              ],
              [
                -46.53002219999996,
                -23.820257699999956
              ],
              [
                -46.51870729999996,
                -23.82847959999998
              ],
              [
                -46.530577799999946,
                -23.84136879999994
              ],
              [
                -46.52453189999994,
                -23.855386099999976
              ],
              [
                -46.53141169999998,
                -23.883902899999953
              ],
              [
                -46.52699439999998,
                -23.89452149999994
              ],
              [
                -46.533504,
                -23.899090399999977
              ],
              [
                -46.549434,
                -23.895149199999935
              ],
              [
                -46.55613059999996,
                -23.87691
              ],
              [
                -46.565752799999984,
                -23.881280599999968
              ],
              [
                -46.57527669999996,
                -23.86246289999997
              ],
              [
                -46.59275409999998,
                -23.874837199999945
              ],
              [
                -46.61245489999993,
                -23.909100699999954
              ],
              [
                -46.631758,
                -23.886135499999966
              ],
              [
                -46.648631199999954,
                -23.880798599999935
              ],
              [
                -46.671801899999934,
                -23.894884699999977
              ],
              [
                -46.685144899999955,
                -23.885240799999963
              ],
              [
                -46.76079239999996,
                -23.89299
              ],
              [
                -46.763594599999976,
                -23.926188799999977
              ],
              [
                -46.74843629999998,
                -23.93451179999994
              ],
              [
                -46.73557639999996,
                -23.983820699999967
              ],
              [
                -46.770039199999985,
                -24.008563
              ],
              [
                -46.77414059999995,
                -24.00202319999994
              ],
              [
                -46.75502249999994,
                -23.973532
              ],
              [
                -46.78613229999996,
                -23.942465099999936
              ],
              [
                -46.81714469999997,
                -23.937749699999983
              ],
              [
                -46.82656169999996,
                -23.94603749999993
              ],
              [
                -46.835369499999956,
                -23.94138789999994
              ],
              [
                -46.85323969999996,
                -23.947671199999945
              ],
              [
                -46.877799599999946,
                -23.92857589999994
              ],
              [
                -46.90373089999997,
                -23.94218369999993
              ],
              [
                -46.92914519999994,
                -23.930123599999945
              ],
              [
                -46.92912979999994,
                -23.91509009999993
              ],
              [
                -46.901410699999985,
                -23.88968689999996
              ],
              [
                -46.89716559999994,
                -23.87086279999994
              ],
              [
                -46.88504429999995,
                -23.85955229999996
              ],
              [
                -46.895840299999975,
                -23.83742469999993
              ],
              [
                -46.88308219999993,
                -23.827707199999963
              ],
              [
                -46.88221249999998,
                -23.80264049999994
              ],
              [
                -46.871406899999954,
                -23.786364799999944
              ],
              [
                -46.883219199999985,
                -23.774148899999943
              ],
              [
                -46.89224369999994,
                -23.77496439999993
              ],
              [
                -46.89794129999996,
                -23.78658619999993
              ],
              [
                -46.909466,
                -23.783019899999942
              ],
              [
                -46.910008199999936,
                -23.79188
              ],
              [
                -46.93696619999997,
                -23.77440869999998
              ],
              [
                -46.9515,
                -23.793028499999934
              ],
              [
                -46.95909259999996,
                -23.792385399999944
              ],
              [
                -46.96813649999996,
                -23.77552579999997
              ],
              [
                -46.99345909999994,
                -23.804124199999933
              ],
              [
                -47.02161209999997,
                -23.788323699999978
              ],
              [
                -47.05463109999994,
                -23.79461669999995
              ],
              [
                -47.07180429999994,
                -23.78580429999994
              ],
              [
                -47.08755549999995,
                -23.81209259999997
              ],
              [
                -47.11180319999994,
                -23.816559299999938
              ],
              [
                -47.13030089999995,
                -23.803297099999952
              ],
              [
                -47.15977789999994,
                -23.80082669999996
              ],
              [
                -47.182190599999956,
                -23.812571099999957
              ],
              [
                -47.17585339999994,
                -23.822726699999976
              ],
              [
                -47.18006509999998,
                -23.830698199999972
              ],
              [
                -47.18874269999998,
                -23.828046599999936
              ],
              [
                -47.21308479999993,
                -23.845249499999966
              ],
              [
                -47.218634899999984,
                -23.828852499999982
              ],
              [
                -47.22798809999995,
                -23.829326699999967
              ],
              [
                -47.23483059999995,
                -23.815311299999962
              ],
              [
                -47.25052249999993,
                -23.82355339999998
              ],
              [
                -47.26376839999995,
                -23.82102539999994
              ],
              [
                -47.27492239999998,
                -23.817666499999973
              ],
              [
                -47.28113529999996,
                -23.804407899999944
              ],
              [
                -47.30105469999995,
                -23.807955599999957
              ],
              [
                -47.318111199999976,
                -23.791105
              ],
              [
                -47.35063539999993,
                -23.829084199999954
              ],
              [
                -47.385843799999975,
                -23.849860399999955
              ],
              [
                -47.382939499999964,
                -23.86141619999995
              ],
              [
                -47.39044659999996,
                -23.869267199999967
              ],
              [
                -47.40750559999998,
                -23.87219769999996
              ],
              [
                -47.40307949999993,
                -23.882231499999932
              ],
              [
                -47.40991309999998,
                -23.893581799999936
              ],
              [
                -47.4197,
                -23.892001599999958
              ],
              [
                -47.44869389999997,
                -23.92211489999994
              ],
              [
                -47.49000369999993,
                -23.910397
              ],
              [
                -47.49207929999994,
                -23.916788
              ],
              [
                -47.503718299999946,
                -23.915264199999967
              ],
              [
                -47.503624,
                -23.92429969999995
              ],
              [
                -47.51250959999993,
                -23.920441099999948
              ],
              [
                -47.526797699999975,
                -23.93799
              ],
              [
                -47.538052799999946,
                -23.93154279999993
              ],
              [
                -47.546330499999954,
                -23.941272599999934
              ],
              [
                -47.57111639999994,
                -23.94226489999994
              ],
              [
                -47.58035789999997,
                -23.95088919999995
              ],
              [
                -47.607269299999984,
                -23.94780769999994
              ],
              [
                -47.65725409999993,
                -23.965276899999935
              ],
              [
                -47.665998,
                -23.960406499999976
              ],
              [
                -47.67138289999997,
                -23.982957099999965
              ],
              [
                -47.687661599999956,
                -23.99355769999994
              ],
              [
                -47.70328859999995,
                -23.988040799999965
              ],
              [
                -47.71445579999994,
                -24.00608959999994
              ],
              [
                -47.728298,
                -24.003749699999958
              ],
              [
                -47.74134259999994,
                -23.987129799999934
              ],
              [
                -47.78342779999997,
                -23.98795759999996
              ],
              [
                -47.80388069999998,
                -23.96561449999996
              ],
              [
                -47.80079109999997,
                -23.953129799999942
              ],
              [
                -47.812451099999976,
                -23.96000379999998
              ],
              [
                -47.823971599999936,
                -23.95005169999996
              ],
              [
                -47.84674669999998,
                -23.954765599999973
              ],
              [
                -47.863086,
                -24.003899799999942
              ],
              [
                -47.85215419999997,
                -24.020393599999977
              ],
              [
                -47.86944179999995,
                -24.030790499999966
              ],
              [
                -47.87192989999994,
                -24.049324699999943
              ],
              [
                -47.88841639999998,
                -24.048004399999968
              ],
              [
                -47.88410529999993,
                -24.063773499999968
              ],
              [
                -47.905921399999954,
                -24.06534929999998
              ],
              [
                -47.89245169999998,
                -24.076730399999974
              ],
              [
                -47.90059119999995,
                -24.093178499999965
              ],
              [
                -47.93820869999996,
                -24.099208699999963
              ],
              [
                -47.950945,
                -24.12012489999995
              ],
              [
                -47.98459219999995,
                -24.112396299999943
              ],
              [
                -48.007340899999974,
                -24.13463409999997
              ],
              [
                -48.01897569999994,
                -24.126769
              ],
              [
                -48.02429859999995,
                -24.134257699999978
              ],
              [
                -48.049418,
                -24.13687509999994
              ],
              [
                -48.057387,
                -24.147019499999942
              ],
              [
                -48.050453499999946,
                -24.15568049999996
              ],
              [
                -48.06017259999993,
                -24.159077199999956
              ],
              [
                -48.059909699999935,
                -24.18222849999995
              ],
              [
                -48.09372089999994,
                -24.193999899999937
              ],
              [
                -48.098575299999936,
                -24.203081
              ],
              [
                -48.130177,
                -24.19620709999998
              ],
              [
                -48.12966559999995,
                -24.19048429999998
              ],
              [
                -48.14091509999997,
                -24.194318899999928
              ],
              [
                -48.14579209999994,
                -24.231794399999956
              ],
              [
                -48.20781329999994,
                -24.26478919999994
              ],
              [
                -48.25304879999993,
                -24.25745509999996
              ],
              [
                -48.26335889999996,
                -24.272992399999964
              ],
              [
                -48.28358389999994,
                -24.283572899999967
              ],
              [
                -48.274944199999936,
                -24.295863099999963
              ],
              [
                -48.292047699999955,
                -24.29381209999997
              ],
              [
                -48.316736299999945,
                -24.31295309999996
              ],
              [
                -48.333369,
                -24.30897479999993
              ],
              [
                -48.329924699999935,
                -24.29215679999993
              ],
              [
                -48.359605,
                -24.28064109999997
              ],
              [
                -48.38794489999998,
                -24.306303499999956
              ],
              [
                -48.393873499999984,
                -24.291402199999936
              ],
              [
                -48.40668569999997,
                -24.28394129999998
              ],
              [
                -48.40587059999996,
                -24.271272599999975
              ],
              [
                -48.45265939999996,
                -24.263424099999952
              ],
              [
                -48.457082199999945,
                -24.252809
              ],
              [
                -48.464692199999945,
                -24.27382
              ],
              [
                -48.45243469999997,
                -24.28368
              ],
              [
                -48.455584399999964,
                -24.295375599999943
              ],
              [
                -48.46472,
                -24.285885099999973
              ],
              [
                -48.47617739999998,
                -24.289023199999974
              ],
              [
                -48.494877,
                -24.279162199999973
              ],
              [
                -48.50295989999995,
                -24.302440299999944
              ],
              [
                -48.52377409999997,
                -24.309791099999927
              ],
              [
                -48.52398009999996,
                -24.319537199999957
              ],
              [
                -48.535511,
                -24.32141789999997
              ],
              [
                -48.55830409999993,
                -24.28674959999995
              ],
              [
                -48.60857809999993,
                -24.34045619999995
              ],
              [
                -48.627936499999976,
                -24.349889299999973
              ],
              [
                -48.65309989999997,
                -24.400947599999938
              ],
              [
                -48.67470569999995,
                -24.41663559999995
              ],
              [
                -48.696313299999986,
                -24.414542899999958
              ],
              [
                -48.69369889999996,
                -24.45367529999993
              ],
              [
                -48.70954789999996,
                -24.45554539999995
              ],
              [
                -48.70323349999995,
                -24.46216819999995
              ],
              [
                -48.72096439999996,
                -24.48424239999997
              ],
              [
                -48.73086189999998,
                -24.480141299999957
              ],
              [
                -48.73430209999998,
                -24.488276
              ],
              [
                -48.74960209999995,
                -24.49071689999994
              ],
              [
                -48.76040539999997,
                -24.51551089999998
              ],
              [
                -48.77576309999995,
                -24.503435599999932
              ],
              [
                -48.78892,
                -24.51394739999995
              ],
              [
                -48.796220699999935,
                -24.505508599999928
              ],
              [
                -48.80786489999997,
                -24.512841699999967
              ],
              [
                -48.817369499999984,
                -24.48699659999994
              ],
              [
                -48.83344939999995,
                -24.474193799999966
              ],
              [
                -48.85085779999997,
                -24.480049699999938
              ],
              [
                -48.863594399999954,
                -24.466095
              ],
              [
                -48.85821629999998,
                -24.459502499999928
              ],
              [
                -48.872729799999945,
                -24.432094699999936
              ],
              [
                -48.886705699999936,
                -24.435837
              ],
              [
                -48.891766899999936,
                -24.426243399999976
              ],
              [
                -48.89914879999998,
                -24.42786119999994
              ],
              [
                -48.917236799999955,
                -24.390795
              ],
              [
                -48.94376619999997,
                -24.388563699999963
              ],
              [
                -48.97101049999998,
                -24.345832
              ],
              [
                -48.99816539999995,
                -24.344369399999948
              ],
              [
                -49.01991979999997,
                -24.373393799999974
              ],
              [
                -49.04591829999998,
                -24.385838099999944
              ],
              [
                -49.101602499999956,
                -24.336214799999937
              ],
              [
                -49.120133599999974,
                -24.330501399999946
              ],
              [
                -49.131345099999976,
                -24.340223699999967
              ],
              [
                -49.136592399999984,
                -24.33310789999996
              ],
              [
                -49.15304109999994,
                -24.340467699999977
              ],
              [
                -49.151463699999965,
                -24.350266499999975
              ],
              [
                -49.186812299999985,
                -24.37601449999994
              ],
              [
                -49.244638399999985,
                -24.396910399999967
              ],
              [
                -49.24980730107637,
                -24.410506805148565
              ],
              [
                -49.251454750999926,
                -24.411840958999903
              ],
              [
                -49.25353242999995,
                -24.41136735999993
              ],
              [
                -49.25468500799991,
                -24.41030126299995
              ],
              [
                -49.25544606699992,
                -24.407786178999913
              ],
              [
                -49.2552314859999,
                -24.404448637999906
              ],
              [
                -49.25366992699992,
                -24.39925753999995
              ],
              [
                -49.24648244499991,
                -24.388065081999912
              ],
              [
                -49.24100628399992,
                -24.383259081999938
              ],
              [
                -49.236249639999926,
                -24.37543966699991
              ],
              [
                -49.222387588999936,
                -24.361630645999924
              ],
              [
                -49.21629876199995,
                -24.35293797399993
              ],
              [
                -49.209264840999936,
                -24.35017982399995
              ],
              [
                -49.2054047499999,
                -24.346731474999956
              ],
              [
                -49.20453171199995,
                -24.343291842999918
              ],
              [
                -49.20540738199992,
                -24.34072943399991
              ],
              [
                -49.20757666999992,
                -24.33928183699993
              ],
              [
                -49.2116996929999,
                -24.33854888199994
              ],
              [
                -49.22068533599992,
                -24.33871533799993
              ],
              [
                -49.22569013799995,
                -24.339834367999913
              ],
              [
                -49.22861060799994,
                -24.337005422999937
              ],
              [
                -49.23086553099995,
                -24.331344479999927
              ],
              [
                -49.232249088999936,
                -24.329710460999934
              ],
              [
                -49.234744649999925,
                -24.329108797999936
              ],
              [
                -49.2406610189999,
                -24.330114028999958
              ],
              [
                -49.24869445999991,
                -24.328861279999956
              ],
              [
                -49.2505102959999,
                -24.327941075999945
              ],
              [
                -49.25162152199994,
                -24.325566000999913
              ],
              [
                -49.25112229299992,
                -24.31842677499992
              ],
              [
                -49.252191127999936,
                -24.316781377999916
              ],
              [
                -49.25431574599992,
                -24.315789277999954
              ],
              [
                -49.25671190499992,
                -24.315091124999924
              ],
              [
                -49.26099171299995,
                -24.310830540999916
              ],
              [
                -49.26337723599994,
                -24.310190118999913
              ],
              [
                -49.26949158799994,
                -24.306728768999903
              ],
              [
                -49.27259300199995,
                -24.306751144999907
              ],
              [
                -49.276086179999936,
                -24.30567011499994
              ],
              [
                -49.27813932999993,
                -24.307075124999926
              ],
              [
                -49.279864163999946,
                -24.30842840699995
              ],
              [
                -49.282591391999915,
                -24.308302504999915
              ],
              [
                -49.28309840899993,
                -24.305480450999937
              ],
              [
                -49.28635480299994,
                -24.30315529099994
              ],
              [
                -49.289294698999925,
                -24.298233153999945
              ],
              [
                -49.289481993999914,
                -24.290209384999912
              ],
              [
                -49.290774040999906,
                -24.28929755699994
              ],
              [
                -49.29502029699995,
                -24.290276415999926
              ],
              [
                -49.29708396199993,
                -24.289258755999924
              ],
              [
                -49.298285894999935,
                -24.286243619999937
              ],
              [
                -49.297885410999925,
                -24.283435839999925
              ],
              [
                -49.30022916699994,
                -24.280980293999903
              ],
              [
                -49.29967231899991,
                -24.278049580999948
              ],
              [
                -49.30103122999992,
                -24.274112696999907
              ],
              [
                -49.29987531199993,
                -24.268941250999944
              ],
              [
                -49.30182781099995,
                -24.264803694999955
              ],
              [
                -49.30326396499993,
                -24.259794650999936
              ],
              [
                -49.30899420599991,
                -24.25854746099992
              ],
              [
                -49.308712950999904,
                -24.256610352999928
              ],
              [
                -49.30652246199992,
                -24.252707158999954
              ],
              [
                -49.3073038469999,
                -24.25010657999991
              ],
              [
                -49.3118088839999,
                -24.245740415999933
              ],
              [
                -49.31918077599994,
                -24.24297593999995
              ],
              [
                -49.320831666999936,
                -24.236971492999942
              ],
              [
                -49.32328219499993,
                -24.23396693399991
              ],
              [
                -49.325193113999944,
                -24.233430892999934
              ],
              [
                -49.329000083999915,
                -24.233817006999914
              ],
              [
                -49.33417585299992,
                -24.22936279499993
              ],
              [
                -49.339123282999935,
                -24.227714912999943
              ],
              [
                -49.34353950099995,
                -24.224719776999905
              ],
              [
                -49.35196700499995,
                -24.219410228999948
              ],
              [
                -49.354801348999956,
                -24.215909259999933
              ],
              [
                -49.355773632999956,
                -24.21236834599995
              ],
              [
                -49.354005876999906,
                -24.20847338799996
              ],
              [
                -49.34929251299991,
                -24.207077690999938
              ],
              [
                -49.343164602999934,
                -24.20343728699993
              ],
              [
                -49.34289200199993,
                -24.201687025999945
              ],
              [
                -49.344449986999905,
                -24.198271336999937
              ],
              [
                -49.34680783199991,
                -24.194799106999938
              ],
              [
                -49.34718529299994,
                -24.192319513999905
              ],
              [
                -49.34234826699992,
                -24.18735135399993
              ],
              [
                -49.34154262399994,
                -24.178118497999947
              ],
              [
                -49.339154909999934,
                -24.17249014199996
              ],
              [
                -49.3399071849999,
                -24.168201815999907
              ],
              [
                -49.34157597299992,
                -24.163003096999944
              ],
              [
                -49.34032189699991,
                -24.15668261199994
              ],
              [
                -49.3384397559999,
                -24.153365828999938
              ],
              [
                -49.3339708389999,
                -24.151374252999915
              ],
              [
                -49.33289930199993,
                -24.149604522999937
              ],
              [
                -49.33328480599994,
                -24.147618766999926
              ],
              [
                -49.33577772099994,
                -24.143800960999954
              ],
              [
                -49.33511171299995,
                -24.139295003999905
              ],
              [
                -49.336065299999916,
                -24.137214215999904
              ],
              [
                -49.33720039699995,
                -24.136829150999915
              ],
              [
                -49.34073255399994,
                -24.137599266999928
              ],
              [
                -49.34471028799993,
                -24.134017438999933
              ],
              [
                -49.3486128049999,
                -24.133423800999935
              ],
              [
                -49.35323142899995,
                -24.13011291899994
              ],
              [
                -49.358806941999944,
                -24.128186527999958
              ],
              [
                -49.36353040499995,
                -24.124716769999907
              ],
              [
                -49.36360850099993,
                -24.123367321999922
              ],
              [
                -49.36166507099995,
                -24.12206016999994
              ],
              [
                -49.36019921499991,
                -24.120656565999923
              ],
              [
                -49.360411503999956,
                -24.118893750999916
              ],
              [
                -49.36574371899991,
                -24.118569357999945
              ],
              [
                -49.3705678149999,
                -24.115069040999913
              ],
              [
                -49.374856191999925,
                -24.116310254999917
              ],
              [
                -49.384661439999945,
                -24.11504376499994
              ],
              [
                -49.38658169699994,
                -24.11594263099994
              ],
              [
                -49.388668631999906,
                -24.118422574999954
              ],
              [
                -49.3902662829999,
                -24.11886805699993
              ],
              [
                -49.39247020899995,
                -24.118137244999957
              ],
              [
                -49.3939762089999,
                -24.115684648999945
              ],
              [
                -49.39577522899992,
                -24.113217782999925
              ],
              [
                -49.40259938399993,
                -24.110773724999945
              ],
              [
                -49.40650897899991,
                -24.107811039999945
              ],
              [
                -49.406752775999905,
                -24.106145493999918
              ],
              [
                -49.40447076799995,
                -24.102446013999952
              ],
              [
                -49.404768642999954,
                -24.095844454999906
              ],
              [
                -49.407075318999944,
                -24.093461300999934
              ],
              [
                -49.41027779199993,
                -24.094165843999917
              ],
              [
                -49.41270113899992,
                -24.094557737999935
              ],
              [
                -49.416553688999954,
                -24.091549948999955
              ],
              [
                -49.42596088199991,
                -24.08933233399995
              ],
              [
                -49.42833617999992,
                -24.086985499999912
              ],
              [
                -49.43035264699995,
                -24.08641956999992
              ],
              [
                -49.43076401299993,
                -24.08369379699991
              ],
              [
                -49.42869798399994,
                -24.079393780999908
              ],
              [
                -49.42972931499992,
                -24.077880802999914
              ],
              [
                -49.43322048899995,
                -24.07652622799992
              ],
              [
                -49.433910761999925,
                -24.075490148999904
              ],
              [
                -49.433683430999906,
                -24.07329806799993
              ],
              [
                -49.43154106499992,
                -24.070349387999954
              ],
              [
                -49.43138948799992,
                -24.068299538999952
              ],
              [
                -49.43346033599994,
                -24.065936276999935
              ],
              [
                -49.435298978999924,
                -24.06660118399992
              ],
              [
                -49.43729331199995,
                -24.068606133999936
              ],
              [
                -49.44013009999992,
                -24.06738338899993
              ],
              [
                -49.44002294799992,
                -24.065951843999926
              ],
              [
                -49.43721280799991,
                -24.061559556999953
              ],
              [
                -49.43736631999991,
                -24.059843865999937
              ],
              [
                -49.438476341999944,
                -24.058657249999953
              ],
              [
                -49.44045788799991,
                -24.05750984599996
              ],
              [
                -49.44911455199991,
                -24.05622164899995
              ],
              [
                -49.45285666199993,
                -24.054006407999907
              ],
              [
                -49.45547005199995,
                -24.051264919999937
              ],
              [
                -49.460201781999956,
                -24.042664800999944
              ],
              [
                -49.46208328499995,
                -24.036553816999913
              ],
              [
                -49.461591409999926,
                -24.02920702399996
              ],
              [
                -49.46218883599994,
                -24.02620726099991
              ],
              [
                -49.463378131999946,
                -24.024898071999928
              ],
              [
                -49.466100026999925,
                -24.023855217999937
              ],
              [
                -49.4711659269999,
                -24.02563206399992
              ],
              [
                -49.472926281999946,
                -24.024036751999915
              ],
              [
                -49.47482643099994,
                -24.020532483999943
              ],
              [
                -49.476499274999924,
                -24.019503851999957
              ],
              [
                -49.479318519999936,
                -24.01973526699993
              ],
              [
                -49.48078504499995,
                -24.02272811599994
              ],
              [
                -49.48268332299995,
                -24.02408205899991
              ],
              [
                -49.48817942699992,
                -24.02262294399992
              ],
              [
                -49.48937723499995,
                -24.019392763999917
              ],
              [
                -49.48798742799994,
                -24.016836587999933
              ],
              [
                -49.490719499999955,
                -24.014798111999937
              ],
              [
                -49.491130195999915,
                -24.013129517999914
              ],
              [
                -49.48268877499993,
                -24.009713893999958
              ],
              [
                -49.48135097799991,
                -24.00766484099995
              ],
              [
                -49.481304207999926,
                -24.005381341999907
              ],
              [
                -49.482379152999954,
                -24.004352625999957
              ],
              [
                -49.48402053299992,
                -24.00596818999992
              ],
              [
                -49.4857868119999,
                -24.006900284999915
              ],
              [
                -49.48703527799995,
                -24.00649358499993
              ],
              [
                -49.487137435999955,
                -24.00456588399993
              ],
              [
                -49.485023414999944,
                -24.00119408699993
              ],
              [
                -49.49000414299991,
                -23.99641029199995
              ],
              [
                -49.49108389699995,
                -23.99306698199996
              ],
              [
                -49.495865575999915,
                -23.99330512599994
              ],
              [
                -49.49774812299995,
                -23.991713279999942
              ],
              [
                -49.49783341099993,
                -23.989379286999906
              ],
              [
                -49.496143986999925,
                -23.986146781999935
              ],
              [
                -49.495217202999925,
                -23.981945139999937
              ],
              [
                -49.494824508999955,
                -23.976978947999953
              ],
              [
                -49.49927661399994,
                -23.970889493999948
              ],
              [
                -49.50620864599995,
                -23.968014835999952
              ],
              [
                -49.50936300099994,
                -23.97146215799995
              ],
              [
                -49.51267116699995,
                -23.971885026999928
              ],
              [
                -49.51441496199993,
                -23.969668008999918
              ],
              [
                -49.514689021999914,
                -23.966186817999926
              ],
              [
                -49.511670858999935,
                -23.96268636499991
              ],
              [
                -49.50068476799993,
                -23.958171187999938
              ],
              [
                -49.501310633999935,
                -23.956942787999935
              ],
              [
                -49.505478041999936,
                -23.954915925999956
              ],
              [
                -49.50347487099992,
                -23.950802170999907
              ],
              [
                -49.50394335499993,
                -23.948347455999908
              ],
              [
                -49.50795022299991,
                -23.947650824999926
              ],
              [
                -49.512101781999945,
                -23.945390885999927
              ],
              [
                -49.51574294999995,
                -23.94668308799993
              ],
              [
                -49.518034677999935,
                -23.946593824999923
              ],
              [
                -49.52106480799995,
                -23.943788883999957
              ],
              [
                -49.52383846399994,
                -23.936111603999905
              ],
              [
                -49.523160153999925,
                -23.93487233199994
              ],
              [
                -49.52071142999995,
                -23.934565299999917
              ],
              [
                -49.512280044999954,
                -23.937835581999934
              ],
              [
                -49.50948545299991,
                -23.937529626999947
              ],
              [
                -49.5082721359999,
                -23.935398663999933
              ],
              [
                -49.50917681099992,
                -23.933627546999958
              ],
              [
                -49.51362071799991,
                -23.930835630999923
              ],
              [
                -49.51176024999995,
                -23.92687455799995
              ],
              [
                -49.511974832999954,
                -23.92546080799991
              ],
              [
                -49.52164353099994,
                -23.91864718599993
              ],
              [
                -49.52319428399994,
                -23.918323174999955
              ],
              [
                -49.524479227999905,
                -23.918847915999947
              ],
              [
                -49.52664776899991,
                -23.92166632699991
              ],
              [
                -49.52936837999994,
                -23.922889083999905
              ],
              [
                -49.52929122099994,
                -23.926495575999922
              ],
              [
                -49.530118531999904,
                -23.927819677999935
              ],
              [
                -49.53328125699994,
                -23.92823763499996
              ],
              [
                -49.53791342499994,
                -23.927437849999933
              ],
              [
                -49.54634869899991,
                -23.92316196099995
              ],
              [
                -49.55248854699994,
                -23.92119430899993
              ],
              [
                -49.554364077999935,
                -23.91582326699995
              ],
              [
                -49.56192034599991,
                -23.911093455999946
              ],
              [
                -49.56634181699991,
                -23.903101096999933
              ],
              [
                -49.568946474999905,
                -23.90001981699993
              ],
              [
                -49.575173099999915,
                -23.898896906999937
              ],
              [
                -49.576319173999934,
                -23.89761325899991
              ],
              [
                -49.576064240999926,
                -23.893148221999922
              ],
              [
                -49.57211951699992,
                -23.88316697999994
              ],
              [
                -49.573153806999926,
                -23.879022136999936
              ],
              [
                -49.57447325299995,
                -23.87857903999992
              ],
              [
                -49.57708225199991,
                -23.880527858999926
              ],
              [
                -49.5802177999999,
                -23.886237278999943
              ],
              [
                -49.583862290999946,
                -23.88993834999991
              ],
              [
                -49.58677541399993,
                -23.889931572999956
              ],
              [
                -49.588706928999954,
                -23.885900764999917
              ],
              [
                -49.58892756899991,
                -23.879401449999932
              ],
              [
                -49.58989999399995,
                -23.876689231999933
              ],
              [
                -49.59420564699991,
                -23.872877222999932
              ],
              [
                -49.600198717999945,
                -23.869251474999942
              ],
              [
                -49.60154872299995,
                -23.865777099999946
              ],
              [
                -49.59981213599991,
                -23.86130487799994
              ],
              [
                -49.59982128799993,
                -23.858271246999948
              ],
              [
                -49.601684494999915,
                -23.85636029199992
              ],
              [
                -49.60822465599995,
                -23.853355464999936
              ],
              [
                -49.60934920099993,
                -23.85106922999995
              ],
              [
                -49.60769807499992,
                -23.84929500399994
              ],
              [
                -49.598254065999924,
                -23.84891557599991
              ],
              [
                -49.59680083599994,
                -23.84780369899994
              ],
              [
                -49.59665852299992,
                -23.84645539199994
              ],
              [
                -49.598496621999914,
                -23.844488635999937
              ],
              [
                -49.60589042899994,
                -23.84135348399991
              ],
              [
                -49.60465977799993,
                -23.838244248999956
              ],
              [
                -49.600694121999936,
                -23.83663826599991
              ],
              [
                -49.5972052649999,
                -23.837193768999953
              ],
              [
                -49.59013265899995,
                -23.840590997999925
              ],
              [
                -49.587770812999906,
                -23.840524617999904
              ],
              [
                -49.58799711599994,
                -23.839094359999933
              ],
              [
                -49.591319100999954,
                -23.83531239699994
              ],
              [
                -49.59173750499991,
                -23.833226975999935
              ],
              [
                -49.59005911799994,
                -23.83018564899993
              ],
              [
                -49.58698739599993,
                -23.828472185999942
              ],
              [
                -49.5780074619999,
                -23.827864510999916
              ],
              [
                -49.575135093999904,
                -23.826887360999933
              ],
              [
                -49.56293848999991,
                -23.817417759999955
              ],
              [
                -49.560934723999935,
                -23.812170968999908
              ],
              [
                -49.56017591299991,
                -23.795337735999908
              ],
              [
                -49.560714523999934,
                -23.791737894999926
              ],
              [
                -49.564895416999946,
                -23.77977182999996
              ],
              [
                -49.56446223699993,
                -23.775404300999924
              ],
              [
                -49.56065821199991,
                -23.76607063399996
              ],
              [
                -49.56213528899991,
                -23.762279460999935
              ],
              [
                -49.56862935699991,
                -23.756581311999923
              ],
              [
                -49.5683987459999,
                -23.753668313999924
              ],
              [
                -49.56530445699991,
                -23.74941482899993
              ],
              [
                -49.56514407199995,
                -23.746944810999935
              ],
              [
                -49.56776174899994,
                -23.74174254499991
              ],
              [
                -49.56749600799992,
                -23.738975164999943
              ],
              [
                -49.5658807449999,
                -23.736266307999927
              ],
              [
                -49.56198840899992,
                -23.73520435499995
              ],
              [
                -49.55487368699994,
                -23.735988558999907
              ],
              [
                -49.55251801599991,
                -23.73482337699994
              ],
              [
                -49.551524952999955,
                -23.732996358999912
              ],
              [
                -49.55101143099995,
                -23.727152518999958
              ],
              [
                -49.55322918499991,
                -23.714783567999916
              ],
              [
                -49.55525091599992,
                -23.708891631999904
              ],
              [
                -49.56122025299993,
                -23.696097944999906
              ],
              [
                -49.575609097999916,
                -23.677167212999905
              ],
              [
                -49.57999933699995,
                -23.668749153999954
              ],
              [
                -49.58217482099991,
                -23.664562776999958
              ],
              [
                -49.585854243999904,
                -23.66023896699994
              ],
              [
                -49.59780560099995,
                -23.652401897999937
              ],
              [
                -49.60347124499992,
                -23.646683212999903
              ],
              [
                -49.61082991399991,
                -23.64136822499995
              ],
              [
                -49.61203116699994,
                -23.639087511999946
              ],
              [
                -49.61085312699993,
                -23.63621700999994
              ],
              [
                -49.60862176799992,
                -23.63280181999994
              ],
              [
                -49.608124620999945,
                -23.628640454999925
              ],
              [
                -49.617603911999936,
                -23.613818610999942
              ],
              [
                -49.61866445699991,
                -23.609339416999944
              ],
              [
                -49.61878068999994,
                -23.605059100999938
              ],
              [
                -49.620168823999904,
                -23.59917218699991
              ],
              [
                -49.61985725399995,
                -23.596408625999914
              ],
              [
                -49.61529916599994,
                -23.591604955999912
              ],
              [
                -49.60788230999992,
                -23.58663822099993
              ],
              [
                -49.60369019299992,
                -23.58118318399994
              ],
              [
                -49.60257085899991,
                -23.57564216199995
              ],
              [
                -49.60669363199992,
                -23.564415659999952
              ],
              [
                -49.60576679099995,
                -23.54841272199991
              ],
              [
                -49.606856559999926,
                -23.542217081999922
              ],
              [
                -49.61025219699991,
                -23.53538963899996
              ],
              [
                -49.61523884099995,
                -23.53007137499992
              ],
              [
                -49.62379495599993,
                -23.524298315999943
              ],
              [
                -49.626599610999904,
                -23.51926845099996
              ],
              [
                -49.62768762899992,
                -23.514199876999953
              ],
              [
                -49.6276687589999,
                -23.509372021999923
              ],
              [
                -49.62131583699994,
                -23.49466284199991
              ],
              [
                -49.61607032199993,
                -23.48582427799994
              ],
              [
                -49.61145746199992,
                -23.48080207299995
              ],
              [
                -49.60004249299993,
                -23.476809656999933
              ],
              [
                -49.59930888999992,
                -23.473347822999926
              ],
              [
                -49.6024647829999,
                -23.46547865699995
              ],
              [
                -49.60231038599994,
                -23.461960492999935
              ],
              [
                -49.59928813599993,
                -23.449830818999942
              ],
              [
                -49.59675032599995,
                -23.443655905999947
              ],
              [
                -49.59073214499995,
                -23.437312876999954
              ],
              [
                -49.587411457999906,
                -23.435570123999923
              ],
              [
                -49.57984970299992,
                -23.433656861999907
              ],
              [
                -49.57749776499992,
                -23.432210961999942
              ],
              [
                -49.57810650999994,
                -23.427927079999904
              ],
              [
                -49.58396466599993,
                -23.421240635999936
              ],
              [
                -49.59664427899992,
                -23.410572269999932
              ],
              [
                -49.60202483599994,
                -23.40446104399996
              ],
              [
                -49.606063013999915,
                -23.39307890899994
              ],
              [
                -49.60685065599995,
                -23.38731489399993
              ],
              [
                -49.60555971799994,
                -23.384239772999933
              ],
              [
                -49.60292343999993,
                -23.381427626999937
              ],
              [
                -49.60088114999991,
                -23.379216627999938
              ],
              [
                -49.599475395999946,
                -23.37570502299991
              ],
              [
                -49.6001072869999,
                -23.37026635099994
              ],
              [
                -49.60197636999993,
                -23.366727082999944
              ],
              [
                -49.605684814999904,
                -23.36269558999993
              ],
              [
                -49.61355273899994,
                -23.35714138399993
              ],
              [
                -49.622670341999935,
                -23.354472400999953
              ],
              [
                -49.63311507199995,
                -23.354169389999925
              ],
              [
                -49.63571199499995,
                -23.35241863099992
              ],
              [
                -49.63699713299991,
                -23.348321143999954
              ],
              [
                -49.635263176999956,
                -23.342444464999915
              ],
              [
                -49.62648381999992,
                -23.334272709999937
              ],
              [
                -49.62449426099994,
                -23.329846620999945
              ],
              [
                -49.624628627999925,
                -23.320511477999958
              ],
              [
                -49.62881508299995,
                -23.311525729999914
              ],
              [
                -49.629999221999924,
                -23.306939322999938
              ],
              [
                -49.63073227599995,
                -23.295280115999958
              ],
              [
                -49.62949525099992,
                -23.282004043999905
              ],
              [
                -49.63092607999994,
                -23.27640861699996
              ],
              [
                -49.6403757569999,
                -23.26097895399994
              ],
              [
                -49.648633799999914,
                -23.248990789999937
              ],
              [
                -49.65197722499994,
                -23.240408544999923
              ],
              [
                -49.65383185699994,
                -23.230700372999934
              ],
              [
                -49.65334068199991,
                -23.217630240999938
              ],
              [
                -49.655078025999956,
                -23.21042787999994
              ],
              [
                -49.66735614899994,
                -23.191245961999925
              ],
              [
                -49.67039041699991,
                -23.18696549899994
              ],
              [
                -49.679571378999924,
                -23.17700587199994
              ],
              [
                -49.69395782099991,
                -23.164556469999923
              ],
              [
                -49.706371808999904,
                -23.157674518999954
              ],
              [
                -49.71559955999993,
                -23.150775800999952
              ],
              [
                -49.73042284499991,
                -23.139894357999935
              ],
              [
                -49.73270955699991,
                -23.136805386999924
              ],
              [
                -49.733087018999925,
                -23.13059882899995
              ],
              [
                -49.730907859999945,
                -23.12346946899993
              ],
              [
                -49.72794958599991,
                -23.11711929699993
              ],
              [
                -49.72639480099991,
                -23.11118122599993
              ],
              [
                -49.72657149699995,
                -23.107643933999952
              ],
              [
                -49.72786116299994,
                -23.10527624699995
              ],
              [
                -49.73154799899993,
                -23.102537086999916
              ],
              [
                -49.739032,
                -23.09939660099991
              ],
              [
                -49.74026567599992,
                -23.098878526999954
              ],
              [
                -49.749452436999945,
                -23.097255783999913
              ],
              [
                -49.75154559899994,
                -23.097835861999954
              ],
              [
                -49.758070612999916,
                -23.102403523999953
              ],
              [
                -49.766542331999915,
                -23.103427860999943
              ],
              [
                -49.77598285499994,
                -23.10104546699995
              ],
              [
                -49.789231825999934,
                -23.101398483999958
              ],
              [
                -49.79294092299995,
                -23.09992793999993
              ],
              [
                -49.79457250999991,
                -23.09770152099992
              ],
              [
                -49.79854217499991,
                -23.093625105999934
              ],
              [
                -49.80426461999991,
                -23.094334339999932
              ],
              [
                -49.807516164999925,
                -23.09346520699995
              ],
              [
                -49.809240029999955,
                -23.09142579899992
              ],
              [
                -49.81186365499991,
                -23.081906869999955
              ],
              [
                -49.815130971999906,
                -23.078209731999948
              ],
              [
                -49.81823129199995,
                -23.076682104999918
              ],
              [
                -49.82800144899994,
                -23.074029244999906
              ],
              [
                -49.8303869799999,
                -23.07160472299995
              ],
              [
                -49.8329930349999,
                -23.066841176999958
              ],
              [
                -49.83460445499992,
                -23.06597234399993
              ],
              [
                -49.84499810999995,
                -23.07133213399993
              ],
              [
                -49.85249796699992,
                -23.07194627599995
              ],
              [
                -49.867400568999926,
                -23.07043785199994
              ],
              [
                -49.87394750999994,
                -23.066916823999918
              ],
              [
                -49.88048826799991,
                -23.059575862999907
              ],
              [
                -49.88176737899994,
                -23.059882950999906
              ],
              [
                -49.88421536399994,
                -23.06333752899991
              ],
              [
                -49.886415195999916,
                -23.06325273999994
              ],
              [
                -49.89109924599995,
                -23.061263822999933
              ],
              [
                -49.8946922529999,
                -23.057008426999914
              ],
              [
                -49.90040482699993,
                -23.05336249599992
              ],
              [
                -49.910814417999916,
                -23.052361376999954
              ],
              [
                -49.91211680999993,
                -23.051217101999953
              ],
              [
                -49.91376851199993,
                -23.047760575999916
              ],
              [
                -49.91666385499991,
                -23.03504732999994
              ],
              [
                -49.913312911999924,
                -23.017170388999943
              ],
              [
                -49.910707042999945,
                -23.012483473999907
              ],
              [
                -49.90361268499993,
                -23.006519212999933
              ],
              [
                -49.90162323699991,
                -23.003771012999948
              ],
              [
                -49.901058882999905,
                -23.001427839999906
              ],
              [
                -49.90282229699994,
                -22.99746989399995
              ],
              [
                -49.90775842599993,
                -22.993831256999954
              ],
              [
                -49.910281254999916,
                -22.990115054999933
              ],
              [
                -49.91411436699991,
                -22.98916366599991
              ],
              [
                -49.91754437199995,
                -22.98858975099995
              ],
              [
                -49.92119147799991,
                -22.98549502399993
              ],
              [
                -49.92843895499993,
                -22.98163483299993
              ],
              [
                -49.93560267499993,
                -22.98056041199993
              ],
              [
                -49.94510322499991,
                -22.980421561999947
              ],
              [
                -49.95095535199994,
                -22.978975109999908
              ],
              [
                -49.954240428999924,
                -22.976529745999926
              ],
              [
                -49.95980636599995,
                -22.97016891599992
              ],
              [
                -49.969663736999905,
                -22.962065890999952
              ],
              [
                -49.973189102999925,
                -22.95815523099992
              ],
              [
                -49.973877743999935,
                -22.955114214999924
              ],
              [
                -49.972810642999946,
                -22.952928521999922
              ],
              [
                -49.9661262809999,
                -22.947602827999958
              ],
              [
                -49.96620440499993,
                -22.941338381999913
              ],
              [
                -49.9636904379999,
                -22.93504321499995
              ],
              [
                -49.96313476699993,
                -22.921117631999948
              ],
              [
                -49.9655619749999,
                -22.912402415999907
              ],
              [
                -49.96831670599994,
                -22.909320048999916
              ],
              [
                -49.97881906099991,
                -22.900240097999927
              ],
              [
                -49.98519672599991,
                -22.897857852999948
              ],
              [
                -49.99065122299993,
                -22.896886071999916
              ],
              [
                -49.99421991299994,
                -22.897023864999937
              ],
              [
                -49.997298273999945,
                -22.89844274099994
              ],
              [
                -49.99780751199995,
                -22.900627150999924
              ],
              [
                -49.997101735999934,
                -22.905891935999932
              ],
              [
                -49.99277088899993,
                -22.92040659199995
              ],
              [
                -49.993986065999934,
                -22.92600954699992
              ],
              [
                -49.997704047999946,
                -22.928159729999948
              ],
              [
                -50.003544029999944,
                -22.927554382999915
              ],
              [
                -50.007390605999944,
                -22.925634806999938
              ],
              [
                -50.01067498799995,
                -22.921272879999947
              ],
              [
                -50.0150060119999,
                -22.909263977999956
              ],
              [
                -50.03379169899995,
                -22.90724184599992
              ],
              [
                -50.039305705999936,
                -22.904159137999955
              ],
              [
                -50.04524554199992,
                -22.899229964999904
              ],
              [
                -50.04942550499993,
                -22.89855478599992
              ],
              [
                -50.052739955999925,
                -22.899230393999915
              ],
              [
                -50.05530123199992,
                -22.90465736999994
              ],
              [
                -50.05629789999995,
                -22.913171209999916
              ],
              [
                -50.06001727499995,
                -22.917209133999904
              ],
              [
                -50.06245865599993,
                -22.921895380999956
              ],
              [
                -50.06807012099995,
                -22.926313243999914
              ],
              [
                -50.07233924399992,
                -22.92595464199991
              ],
              [
                -50.0747642579999,
                -22.92391085199995
              ],
              [
                -50.07710298799992,
                -22.921833533999916
              ],
              [
                -50.079635355999926,
                -22.921006509999927
              ],
              [
                -50.09333617099992,
                -22.920836765999923
              ],
              [
                -50.1088707319999,
                -22.931351142999915
              ],
              [
                -50.11416804699991,
                -22.93895439499994
              ],
              [
                -50.117994498999906,
                -22.940176484999938
              ],
              [
                -50.127893385999926,
                -22.940307468999947
              ],
              [
                -50.13447732299994,
                -22.939011384999958
              ],
              [
                -50.144792683999924,
                -22.93338646999996
              ],
              [
                -50.14957528499991,
                -22.933303392999903
              ],
              [
                -50.15456541399993,
                -22.935407183999928
              ],
              [
                -50.16426998499992,
                -22.94367105999993
              ],
              [
                -50.16762538099994,
                -22.945341339999914
              ],
              [
                -50.175641956999925,
                -22.94708797499993
              ],
              [
                -50.17999588899994,
                -22.951280095999948
              ],
              [
                -50.1822947039999,
                -22.952354816999957
              ],
              [
                -50.186406071999954,
                -22.952135794999947
              ],
              [
                -50.19100278399992,
                -22.950197689999925
              ],
              [
                -50.196744904999946,
                -22.94987279299994
              ],
              [
                -50.20691377499992,
                -22.951738925999905
              ],
              [
                -50.21793503999993,
                -22.949309247999906
              ],
              [
                -50.23250355499994,
                -22.95293301299995
              ],
              [
                -50.24158411199994,
                -22.952447831999905
              ],
              [
                -50.244745364999915,
                -22.95038270899994
              ],
              [
                -50.24608791399993,
                -22.947297267999943
              ],
              [
                -50.24697240699993,
                -22.941232551999917
              ],
              [
                -50.24906509999994,
                -22.93808024099991
              ],
              [
                -50.254831794999916,
                -22.93512114799995
              ],
              [
                -50.26265014199993,
                -22.93442892099995
              ],
              [
                -50.26538145899991,
                -22.932592129999932
              ],
              [
                -50.268190432999916,
                -22.930348774999914
              ],
              [
                -50.27349907799993,
                -22.929993354999908
              ],
              [
                -50.27611585099993,
                -22.930806669999924
              ],
              [
                -50.28052416299994,
                -22.934020664999935
              ],
              [
                -50.28428342299992,
                -22.935750948999953
              ],
              [
                -50.29784247899994,
                -22.93529710899992
              ],
              [
                -50.299298723999925,
                -22.936263899999915
              ],
              [
                -50.30208408699991,
                -22.940945472999942
              ],
              [
                -50.30640327899994,
                -22.944061276999946
              ],
              [
                -50.309194463999916,
                -22.945794571999954
              ],
              [
                -50.318619973999944,
                -22.949272932999918
              ],
              [
                -50.32166695299992,
                -22.949441905999947
              ],
              [
                -50.32937376299992,
                -22.946542295999905
              ],
              [
                -50.33352317899994,
                -22.94730932199991
              ],
              [
                -50.33694356199993,
                -22.94790383199995
              ],
              [
                -50.339118722999956,
                -22.946627759999956
              ],
              [
                -50.34048991199995,
                -22.94468410099995
              ],
              [
                -50.344641905999936,
                -22.93369365299992
              ],
              [
                -50.34807159399992,
                -22.93061691799994
              ],
              [
                -50.3527236729999,
                -22.928149508999923
              ],
              [
                -50.35629629399995,
                -22.924989637999943
              ],
              [
                -50.358580135999944,
                -22.92138282399992
              ],
              [
                -50.36051676099993,
                -22.915532062999944
              ],
              [
                -50.3619496039999,
                -22.91401213499995
              ],
              [
                -50.375093533999916,
                -22.905460279999943
              ],
              [
                -50.37918158999992,
                -22.904361107999932
              ],
              [
                -50.3814514579999,
                -22.90453707699993
              ],
              [
                -50.38838118199993,
                -22.906148499999915
              ],
              [
                -50.39639304099995,
                -22.905719463999958
              ],
              [
                -50.40406518099991,
                -22.907897936999916
              ],
              [
                -50.41288521599995,
                -22.908995422999908
              ],
              [
                -50.41826799899991,
                -22.911824632999924
              ],
              [
                -50.41988464099995,
                -22.915245076999952
              ],
              [
                -50.41985843999993,
                -22.92025622199992
              ],
              [
                -50.41766797199995,
                -22.92753645399995
              ],
              [
                -50.41768265799993,
                -22.931842365999955
              ],
              [
                -50.425562778999904,
                -22.943036995999933
              ],
              [
                -50.429123724999954,
                -22.944596434999937
              ],
              [
                -50.432787868999924,
                -22.94452555299995
              ],
              [
                -50.43602137799991,
                -22.943446924999932
              ],
              [
                -50.44009371599992,
                -22.940619828999957
              ],
              [
                -50.44285200199994,
                -22.94002833099995
              ],
              [
                -50.44732630699991,
                -22.939931113999933
              ],
              [
                -50.45978497899995,
                -22.942509093999945
              ],
              [
                -50.46802104099993,
                -22.941657299999918
              ],
              [
                -50.477325649999955,
                -22.93748519299993
              ],
              [
                -50.4861741709999,
                -22.93610545799993
              ],
              [
                -50.49346993499995,
                -22.937262467999915
              ],
              [
                -50.500809648999905,
                -22.94321350699994
              ],
              [
                -50.504205045999925,
                -22.944125538999913
              ],
              [
                -50.50725808099992,
                -22.944162640999934
              ],
              [
                -50.51468993499992,
                -22.941618958999925
              ],
              [
                -50.5273725589999,
                -22.93406063099991
              ],
              [
                -50.52905023699992,
                -22.931384161999915
              ],
              [
                -50.529977010999914,
                -22.92612674199995
              ],
              [
                -50.533616457999926,
                -22.918820359999927
              ],
              [
                -50.537566683999955,
                -22.91483489199993
              ],
              [
                -50.53998053799995,
                -22.913433803999908
              ],
              [
                -50.54505829699991,
                -22.911658359999933
              ],
              [
                -50.550962403999904,
                -22.912348804999912
              ],
              [
                -50.554539045999945,
                -22.911894977999907
              ],
              [
                -50.56918428999995,
                -22.90167904099991
              ],
              [
                -50.57340549799994,
                -22.900850608999917
              ],
              [
                -50.57872182099993,
                -22.900995527999953
              ],
              [
                -50.5819969179999,
                -22.90224268199995
              ],
              [
                -50.58646853699992,
                -22.906912217999945
              ],
              [
                -50.59257549699993,
                -22.91089637199991
              ],
              [
                -50.60140826799994,
                -22.922495864999917
              ],
              [
                -50.605803203999926,
                -22.92389241299992
              ],
              [
                -50.60853395299995,
                -22.923159288999955
              ],
              [
                -50.61098504499995,
                -22.921549743999947
              ],
              [
                -50.61512054699995,
                -22.91610165399993
              ],
              [
                -50.61970211399995,
                -22.911654117999944
              ],
              [
                -50.62330074699992,
                -22.91042144799991
              ],
              [
                -50.63027667499995,
                -22.91044798899992
              ],
              [
                -50.63347541799993,
                -22.90985644299991
              ],
              [
                -50.640569538999955,
                -22.90338824999992
              ],
              [
                -50.65033533199994,
                -22.897498587999905
              ],
              [
                -50.660108384999944,
                -22.894256464999955
              ],
              [
                -50.6639613989999,
                -22.893877824999947
              ],
              [
                -50.66777608299992,
                -22.89479165499995
              ],
              [
                -50.67261944199993,
                -22.897184196999945
              ],
              [
                -50.677666134999924,
                -22.90127339199995
              ],
              [
                -50.68298631399995,
                -22.907599484999935
              ],
              [
                -50.68688044699991,
                -22.915250302999937
              ],
              [
                -50.6921294359999,
                -22.921516512999915
              ],
              [
                -50.696426781999946,
                -22.925930610999956
              ],
              [
                -50.6999230159999,
                -22.93123372699995
              ],
              [
                -50.700896308999916,
                -22.934905948999926
              ],
              [
                -50.70160118799993,
                -22.945445874999905
              ],
              [
                -50.70360346699994,
                -22.949337157999935
              ],
              [
                -50.707604501999924,
                -22.953630296999904
              ],
              [
                -50.718740373999935,
                -22.961429693999946
              ],
              [
                -50.72641717099992,
                -22.963741050999943
              ],
              [
                -50.734246267999936,
                -22.962651802999915
              ],
              [
                -50.74463499899991,
                -22.95912328299994
              ],
              [
                -50.7556800399999,
                -22.954048935999936
              ],
              [
                -50.763811296999904,
                -22.948029810999913
              ],
              [
                -50.76852400899992,
                -22.946513571999958
              ],
              [
                -50.777422215999934,
                -22.94715642999995
              ],
              [
                -50.78526698999991,
                -22.951180241999907
              ],
              [
                -50.79110681499992,
                -22.952226072999906
              ],
              [
                -50.79594679899992,
                -22.951687557999946
              ],
              [
                -50.79929458399994,
                -22.949358556999925
              ],
              [
                -50.80254335899991,
                -22.94442330699991
              ],
              [
                -50.80284631599994,
                -22.937231397999938
              ],
              [
                -50.80205781099994,
                -22.93122239199994
              ],
              [
                -50.800557588999936,
                -22.925172006999958
              ],
              [
                -50.796028504999924,
                -22.91768557799992
              ],
              [
                -50.79350187999995,
                -22.911590060999913
              ],
              [
                -50.791938245999916,
                -22.895825616999957
              ],
              [
                -50.79268653299994,
                -22.88752500599992
              ],
              [
                -50.794453381999915,
                -22.884272465999913
              ],
              [
                -50.79733390599995,
                -22.881088098999953
              ],
              [
                -50.815661879999936,
                -22.87117743199991
              ],
              [
                -50.81965835199992,
                -22.867309823999904
              ],
              [
                -50.8232683839999,
                -22.862154688999908
              ],
              [
                -50.82721220299993,
                -22.855757689999905
              ],
              [
                -50.83442327299991,
                -22.84719906899994
              ],
              [
                -50.83901693699994,
                -22.84019871499993
              ],
              [
                -50.85073653799992,
                -22.829205714999944
              ],
              [
                -50.858791209999936,
                -22.820496288999948
              ],
              [
                -50.86717267599994,
                -22.811519603999955
              ],
              [
                -50.87520288899992,
                -22.806966966999937
              ],
              [
                -50.883907980999936,
                -22.799975161999953
              ],
              [
                -50.888720073999934,
                -22.79763336299993
              ],
              [
                -50.89670730899991,
                -22.792822738999917
              ],
              [
                -50.90013938499993,
                -22.79224767699992
              ],
              [
                -50.906994261999955,
                -22.79466929399996
              ],
              [
                -50.91963261299992,
                -22.793693351999934
              ],
              [
                -50.9240796549999,
                -22.792703184999937
              ],
              [
                -50.93144070999995,
                -22.792617784999948
              ],
              [
                -50.93768337299991,
                -22.79133272799993
              ],
              [
                -50.95942164299993,
                -22.784164724999926
              ],
              [
                -50.96640727899995,
                -22.783706648999953
              ],
              [
                -50.97796136099993,
                -22.784241721999933
              ],
              [
                -50.98714034199992,
                -22.785787545999938
              ],
              [
                -50.98886615299995,
                -22.786819944999934
              ],
              [
                -50.99218131899994,
                -22.791212613999903
              ],
              [
                -50.996303660999956,
                -22.79273560999991
              ],
              [
                -51.004587381999954,
                -22.792205209999906
              ],
              [
                -51.00722043899992,
                -22.79155080499993
              ],
              [
                -51.01499041099993,
                -22.789618255999926
              ],
              [
                -51.0241052209999,
                -22.78378701999992
              ],
              [
                -51.04834027399994,
                -22.77279177899993
              ],
              [
                -51.06081872699991,
                -22.769162442999914
              ],
              [
                -51.068684094999924,
                -22.767751646999955
              ],
              [
                -51.09025626399995,
                -22.76507019099995
              ],
              [
                -51.10726618299992,
                -22.76432733999991
              ],
              [
                -51.12985799699993,
                -22.758700038999905
              ],
              [
                -51.1434683839999,
                -22.75676806799993
              ],
              [
                -51.15410351599991,
                -22.75496793499991
              ],
              [
                -51.161074794999934,
                -22.75177906999994
              ],
              [
                -51.16773413699991,
                -22.74743120599993
              ],
              [
                -51.18238634399995,
                -22.73375073099993
              ],
              [
                -51.19140401199991,
                -22.72792317099993
              ],
              [
                -51.19570358999994,
                -22.726261938999926
              ],
              [
                -51.211709096999925,
                -22.721534392999956
              ],
              [
                -51.22066036699994,
                -22.716247533999933
              ],
              [
                -51.228319280999926,
                -22.710009726999942
              ],
              [
                -51.234362597999905,
                -22.70223204599995
              ],
              [
                -51.24255836499992,
                -22.68404300599991
              ],
              [
                -51.24621982399992,
                -22.67960895899995
              ],
              [
                -51.24885342999994,
                -22.677618585999937
              ],
              [
                -51.2661468199999,
                -22.669279713999913
              ],
              [
                -51.28018172299994,
                -22.66791698399993
              ],
              [
                -51.28790485299993,
                -22.668343920999916
              ],
              [
                -51.29753253799993,
                -22.670025144999954
              ],
              [
                -51.30960272099992,
                -22.670221967999908
              ],
              [
                -51.33391089799994,
                -22.663512769999954
              ],
              [
                -51.36184264299993,
                -22.65808293099991
              ],
              [
                -51.370763419999946,
                -22.658005705999926
              ],
              [
                -51.37702365699994,
                -22.65921708299993
              ],
              [
                -51.39318609199995,
                -22.664591097999903
              ],
              [
                -51.40152402199993,
                -22.66572358199994
              ],
              [
                -51.40558506699995,
                -22.665061289999926
              ],
              [
                -51.41018807599994,
                -22.66298846099994
              ],
              [
                -51.413843984999914,
                -22.659217482999907
              ],
              [
                -51.41848844099991,
                -22.655934574999947
              ],
              [
                -51.425582093999935,
                -22.65195015699993
              ],
              [
                -51.433115047999934,
                -22.649931910999953
              ],
              [
                -51.44138245899995,
                -22.650103024999908
              ],
              [
                -51.44584585599995,
                -22.65154872799991
              ],
              [
                -51.45603777999992,
                -22.65806012099995
              ],
              [
                -51.465560990999904,
                -22.670738877999952
              ],
              [
                -51.47067289899991,
                -22.67537362799993
              ],
              [
                -51.48229320799993,
                -22.68228269699995
              ],
              [
                -51.49311118799994,
                -22.687516898999945
              ],
              [
                -51.498761834999925,
                -22.68924636899993
              ],
              [
                -51.50501370399991,
                -22.69084967899994
              ],
              [
                -51.50899615399993,
                -22.690861286999905
              ],
              [
                -51.51386117599992,
                -22.689851441999906
              ],
              [
                -51.522570780999956,
                -22.686193121999906
              ],
              [
                -51.52742037999991,
                -22.68560425699991
              ],
              [
                -51.54039054399993,
                -22.687493842999913
              ],
              [
                -51.547666173999914,
                -22.69019674799995
              ],
              [
                -51.556086895999954,
                -22.69460272899994
              ],
              [
                -51.56260190699993,
                -22.694581281999945
              ],
              [
                -51.570180259999916,
                -22.692040705999943
              ],
              [
                -51.57648016799993,
                -22.68838101999995
              ],
              [
                -51.59158903799994,
                -22.68379610799991
              ],
              [
                -51.596077960999935,
                -22.679973334999943
              ],
              [
                -51.60211364999992,
                -22.67312682699992
              ],
              [
                -51.61223433899994,
                -22.664361413999927
              ],
              [
                -51.62130390899995,
                -22.65948431399994
              ],
              [
                -51.626871696999956,
                -22.657681156999956
              ],
              [
                -51.63763823399995,
                -22.655385444999922
              ],
              [
                -51.65755724899992,
                -22.655559646999905
              ],
              [
                -51.6747471459999,
                -22.660971374999917
              ],
              [
                -51.68245798899994,
                -22.662593322999953
              ],
              [
                -51.687749321999945,
                -22.665105884999946
              ],
              [
                -51.70163562899995,
                -22.673132953999925
              ],
              [
                -51.710144089999915,
                -22.67538841299995
              ],
              [
                -51.71554127699994,
                -22.674521802999948
              ],
              [
                -51.71904537599994,
                -22.672437587999923
              ],
              [
                -51.724070499999925,
                -22.66364554699993
              ],
              [
                -51.72534931799993,
                -22.653217612999924
              ],
              [
                -51.730247634999955,
                -22.637469434999957
              ],
              [
                -51.73797222899992,
                -22.625086602999943
              ],
              [
                -51.7447204689999,
                -22.61984594899991
              ],
              [
                -51.74890798899992,
                -22.618050914999912
              ],
              [
                -51.759296211999924,
                -22.613612819999958
              ],
              [
                -51.77030348699992,
                -22.612635311999952
              ],
              [
                -51.790648218999934,
                -22.617458276999912
              ],
              [
                -51.81342731899991,
                -22.62172080399995
              ],
              [
                -51.820159616999945,
                -22.62375752199995
              ],
              [
                -51.8423120999999,
                -22.629728782999905
              ],
              [
                -51.85811439699995,
                -22.631237665999947
              ],
              [
                -51.868239940999956,
                -22.629512733999945
              ],
              [
                -51.87539613799993,
                -22.625505119999957
              ],
              [
                -51.87828719099991,
                -22.623056048999956
              ],
              [
                -51.88429565999991,
                -22.617632449999917
              ],
              [
                -51.890460480999934,
                -22.609859271999937
              ],
              [
                -51.89495827399992,
                -22.604435379999927
              ],
              [
                -51.91029240799992,
                -22.58973256799993
              ],
              [
                -51.92655006299992,
                -22.577055506999955
              ],
              [
                -51.93363903499994,
                -22.572470936999935
              ],
              [
                -51.95388126599994,
                -22.56336707099996
              ],
              [
                -51.979807481999956,
                -22.554007808999927
              ],
              [
                -51.991570501999945,
                -22.54876109199995
              ],
              [
                -52.00754920399993,
                -22.541968556999905
              ],
              [
                -52.029742480999914,
                -22.537608622999926
              ],
              [
                -52.06027317999991,
                -22.536151499999903
              ],
              [
                -52.08382891899993,
                -22.522693787999913
              ],
              [
                -52.09302817299994,
                -22.518123723999906
              ],
              [
                -52.09639576799992,
                -22.51729303399992
              ],
              [
                -52.107062766999945,
                -22.51758594899991
              ],
              [
                -52.113980230999914,
                -22.51909111899994
              ],
              [
                -52.12417576099995,
                -22.523344730999952
              ],
              [
                -52.13027015699993,
                -22.527548285999956
              ],
              [
                -52.13786108599993,
                -22.534759897999947
              ],
              [
                -52.14404006199993,
                -22.54211788099991
              ],
              [
                -52.154386502999955,
                -22.56370761799991
              ],
              [
                -52.155886549999934,
                -22.56835236899991
              ],
              [
                -52.156167754999956,
                -22.58770001499994
              ],
              [
                -52.15365844699994,
                -22.62263738799993
              ],
              [
                -52.1552062529999,
                -22.635994113999914
              ],
              [
                -52.156834492999906,
                -22.64037382799995
              ],
              [
                -52.15916279499993,
                -22.64382575399992
              ],
              [
                -52.162116530999924,
                -22.64617803799996
              ],
              [
                -52.174593658999925,
                -22.65142785499995
              ],
              [
                -52.1904669729999,
                -22.65527684199992
              ],
              [
                -52.19914455299994,
                -22.658775274999925
              ],
              [
                -52.20676161199992,
                -22.663421899999946
              ],
              [
                -52.217473544999905,
                -22.672781346999955
              ],
              [
                -52.22196094499992,
                -22.673321319999957
              ],
              [
                -52.226039012999934,
                -22.671162067999944
              ],
              [
                -52.227695060999906,
                -22.66577445599995
              ],
              [
                -52.22891774199991,
                -22.650886573999912
              ],
              [
                -52.2393835819999,
                -22.629235845999915
              ],
              [
                -52.242841798999905,
                -22.625844198999914
              ],
              [
                -52.249731228999906,
                -22.623020701999906
              ],
              [
                -52.260964463999926,
                -22.622511397999915
              ],
              [
                -52.280344560999936,
                -22.626173889999905
              ],
              [
                -52.30005700899994,
                -22.63258636799992
              ],
              [
                -52.310766421999915,
                -22.634606585999904
              ],
              [
                -52.32694710599992,
                -22.630800714999907
              ],
              [
                -52.34127191999994,
                -22.63050162099995
              ],
              [
                -52.35256985199993,
                -22.62876339099995
              ],
              [
                -52.36400519499995,
                -22.627354564999905
              ],
              [
                -52.37639034999995,
                -22.62482308299991
              ],
              [
                -52.3811232029999,
                -22.62271274299991
              ],
              [
                -52.39332963299995,
                -22.614557240999943
              ],
              [
                -52.40726123199994,
                -22.609888277999914
              ],
              [
                -52.418737817999954,
                -22.606940772999906
              ],
              [
                -52.430619416999946,
                -22.606352322999953
              ],
              [
                -52.44425404499992,
                -22.60884906499996
              ],
              [
                -52.464478921999955,
                -22.61558785199992
              ],
              [
                -52.47249845899995,
                -22.619838944999913
              ],
              [
                -52.49079829999994,
                -22.62710545199991
              ],
              [
                -52.500697747999936,
                -22.62825647099993
              ],
              [
                -52.504696656999954,
                -22.62766099499993
              ],
              [
                -52.511125878999906,
                -22.625287732999936
              ],
              [
                -52.529690212999924,
                -22.61576133099993
              ],
              [
                -52.543119169999954,
                -22.607710100999952
              ],
              [
                -52.54845134699991,
                -22.60375311799993
              ],
              [
                -52.55305518799992,
                -22.59913097799995
              ],
              [
                -52.56215537999992,
                -22.58987
              ],
              [
                -52.57129051699991,
                -22.58234111799993
              ],
              [
                -52.57952917999995,
                -22.57404533999994
              ],
              [
                -52.583399296999914,
                -22.571381353999925
              ],
              [
                -52.59068944899991,
                -22.568697370999928
              ],
              [
                -52.59976602099994,
                -22.56997067599991
              ],
              [
                -52.613803118999954,
                -22.57558003999992
              ],
              [
                -52.62191930699993,
                -22.58192363099994
              ],
              [
                -52.627737975999935,
                -22.587899076999918
              ],
              [
                -52.64692701899992,
                -22.599763701999905
              ],
              [
                -52.65581059899995,
                -22.60663632899991
              ],
              [
                -52.66401488899993,
                -22.611537591999934
              ],
              [
                -52.68204801699994,
                -22.618390925999904
              ],
              [
                -52.69774810399991,
                -22.62188743799993
              ],
              [
                -52.71488404299993,
                -22.622974126999907
              ],
              [
                -52.72751835899993,
                -22.621469196999954
              ],
              [
                -52.744822435999936,
                -22.615845360999913
              ],
              [
                -52.756679568999914,
                -22.61057867699992
              ],
              [
                -52.78043481299994,
                -22.603008883999905
              ],
              [
                -52.78885531199995,
                -22.600895976999936
              ],
              [
                -52.81078889999992,
                -22.600478052999904
              ],
              [
                -52.83160245599993,
                -22.601885938999942
              ],
              [
                -52.84549530699991,
                -22.602025368999932
              ],
              [
                -52.8562231919999,
                -22.60116272299996
              ],
              [
                -52.86291611099995,
                -22.59987083099992
              ],
              [
                -52.87649285099991,
                -22.59417982599996
              ],
              [
                -52.90168246799993,
                -22.573046242999908
              ],
              [
                -52.90526287199992,
                -22.570918280999933
              ],
              [
                -52.91256057699991,
                -22.568164230999912
              ],
              [
                -52.92471295999991,
                -22.56432481199994
              ],
              [
                -52.93022859599995,
                -22.56375656399996
              ],
              [
                -52.94560561299994,
                -22.56552497699994
              ],
              [
                -52.97043128999991,
                -22.56998309499994
              ],
              [
                -52.98100880499993,
                -22.57396743599992
              ],
              [
                -52.9903851439999,
                -22.579285280999954
              ],
              [
                -53.01322979899993,
                -22.596498212999904
              ],
              [
                -53.03173936899992,
                -22.610111314999926
              ],
              [
                -53.04927416999993,
                -22.625153635999936
              ],
              [
                -53.0614093179999,
                -22.632337510999946
              ],
              [
                -53.068657172999906,
                -22.63522181199994
              ],
              [
                -53.076998456999945,
                -22.640368863999925
              ],
              [
                -53.0864468659999,
                -22.65448870399996
              ],
              [
                -53.08979675699993,
                -22.65769262899994
              ],
              [
                -53.09232242799993,
                -22.65808532099993
              ],
              [
                -53.09343555599992,
                -22.65516834899995
              ],
              [
                -53.09253268799995,
                -22.644533403999958
              ],
              [
                -53.09294651099992,
                -22.641881303999924
              ],
              [
                -53.0991102669999,
                -22.62760460399994
              ],
              [
                -53.110854425999946,
                -22.612887847999957
              ],
              [
                -53.111486930999945,
                -22.610091118999947
              ],
              [
                -53.11088903099994,
                -22.605833608999944
              ],
              [
                -53.10428992299995,
                -22.592454491999945
              ],
              [
                -53.094823711999936,
                -22.57890198599995
              ],
              [
                -53.090299596999955,
                -22.56835386399996
              ],
              [
                -53.086495344999946,
                -22.562228785999935
              ],
              [
                -53.08490696599995,
                -22.557506733999958
              ],
              [
                -53.08246743299992,
                -22.55296977499995
              ],
              [
                -53.07782690199991,
                -22.548701428999948
              ],
              [
                -53.054185454999924,
                -22.534386372999904
              ],
              [
                -53.03887409999993,
                -22.52539702899992
              ],
              [
                -53.014365675999954,
                -22.516219579999927
              ],
              [
                -53.00828561399993,
                -22.51029662399992
              ],
              [
                -53.00688829299992,
                -22.504164742999933
              ],
              [
                -53.005298136999954,
                -22.49925309799994
              ],
              [
                -53.00197871799992,
                -22.494677229999922
              ],
              [
                -52.99522649699992,
                -22.488467073999914
              ],
              [
                -52.991273528999955,
                -22.48615127799991
              ],
              [
                -52.96421598099994,
                -22.476262868999925
              ],
              [
                -52.91908636799991,
                -22.46164609999994
              ],
              [
                -52.866798600999914,
                -22.44335704899993
              ],
              [
                -52.857945360999906,
                -22.438736734999907
              ],
              [
                -52.85387113599995,
                -22.434599600999945
              ],
              [
                -52.843302868999956,
                -22.416307472999904
              ],
              [
                -52.81721405399992,
                -22.393414314999916
              ],
              [
                -52.79843224699994,
                -22.375516702999903
              ],
              [
                -52.7930370119999,
                -22.371598682999945
              ],
              [
                -52.768463134999934,
                -22.356872016999944
              ],
              [
                -52.75322795199992,
                -22.345415698999943
              ],
              [
                -52.740417159999936,
                -22.339053436999905
              ],
              [
                -52.727324876999944,
                -22.334356191999916
              ],
              [
                -52.719851030999905,
                -22.33062237699994
              ],
              [
                -52.70102070999991,
                -22.315239651999946
              ],
              [
                -52.69016123599994,
                -22.30817807099993
              ],
              [
                -52.685057816999915,
                -22.30637666599995
              ],
              [
                -52.65740127899994,
                -22.300793997999904
              ],
              [
                -52.64989067699992,
                -22.297427650999907
              ],
              [
                -52.64122204999995,
                -22.291688318999945
              ],
              [
                -52.63434000299992,
                -22.284010829999943
              ],
              [
                -52.630061259999934,
                -22.280323654999904
              ],
              [
                -52.62194077599992,
                -22.276798165999935
              ],
              [
                -52.61412503899993,
                -22.27515897099994
              ],
              [
                -52.60436384999991,
                -22.271163902999945
              ],
              [
                -52.60107650999993,
                -22.268752229999905
              ],
              [
                -52.593449577999934,
                -22.25933677599994
              ],
              [
                -52.58744919299994,
                -22.254061777999937
              ],
              [
                -52.58159428599993,
                -22.250621314999933
              ],
              [
                -52.56986190799995,
                -22.246726672999955
              ],
              [
                -52.555513024999925,
                -22.244079454999905
              ],
              [
                -52.543256311999926,
                -22.239066317999914
              ],
              [
                -52.521474490999935,
                -22.22617881599996
              ],
              [
                -52.51013705999992,
                -22.22443834799992
              ],
              [
                -52.50072101099994,
                -22.220498128999907
              ],
              [
                -52.492945464999934,
                -22.216098147999958
              ],
              [
                -52.48753528099991,
                -22.212081114999933
              ],
              [
                -52.46674370099993,
                -22.191806409999913
              ],
              [
                -52.46384395699994,
                -22.18980093899995
              ],
              [
                -52.45304738599992,
                -22.178013317999955
              ],
              [
                -52.440848245999916,
                -22.16707287099996
              ],
              [
                -52.4158268619999,
                -22.142662043999906
              ],
              [
                -52.410553604999905,
                -22.13542246599991
              ],
              [
                -52.40677732499995,
                -22.128514185999904
              ],
              [
                -52.40023641699992,
                -22.11867859399996
              ],
              [
                -52.39715840899993,
                -22.11541094599994
              ],
              [
                -52.38130332199995,
                -22.10441388499993
              ],
              [
                -52.37227297399994,
                -22.09339461099995
              ],
              [
                -52.36952403799995,
                -22.087227193999922
              ],
              [
                -52.36541452599994,
                -22.080735483999945
              ],
              [
                -52.35766789899992,
                -22.072976268999923
              ],
              [
                -52.35134271299995,
                -22.064481246999947
              ],
              [
                -52.346438977999924,
                -22.05476432699993
              ],
              [
                -52.343147905999956,
                -22.046198102999938
              ],
              [
                -52.33896791899991,
                -22.03032582299994
              ],
              [
                -52.336669213999926,
                -22.02488646899991
              ],
              [
                -52.33265411499991,
                -22.007838774999925
              ],
              [
                -52.32576160399992,
                -21.992979084999945
              ],
              [
                -52.32220088699995,
                -21.980021877999945
              ],
              [
                -52.31376849599991,
                -21.957010779999905
              ],
              [
                -52.30193703999993,
                -21.93916927999993
              ],
              [
                -52.296903639999925,
                -21.933763506999924
              ],
              [
                -52.288302105999946,
                -21.926646932999915
              ],
              [
                -52.27747655699994,
                -21.917632804999926
              ],
              [
                -52.2671171099999,
                -21.912991388999956
              ],
              [
                -52.259801231999916,
                -21.908411762999947
              ],
              [
                -52.25069656499994,
                -21.903959520999933
              ],
              [
                -52.23991070399995,
                -21.894315707999912
              ],
              [
                -52.23453484099991,
                -21.88815507499993
              ],
              [
                -52.2250288269999,
                -21.874853581999957
              ],
              [
                -52.21196759999992,
                -21.864254022999944
              ],
              [
                -52.194363842999906,
                -21.85167495999991
              ],
              [
                -52.18796239799991,
                -21.843966620999936
              ],
              [
                -52.18517775799995,
                -21.838003301999947
              ],
              [
                -52.18192792699995,
                -21.816322956999954
              ],
              [
                -52.17613166299992,
                -21.800773556999957
              ],
              [
                -52.171869183999945,
                -21.784844519999922
              ],
              [
                -52.16842025599993,
                -21.777795401999924
              ],
              [
                -52.1629675609999,
                -21.770550732999936
              ],
              [
                -52.153483356999914,
                -21.76162286099992
              ],
              [
                -52.14141971999993,
                -21.755090270999915
              ],
              [
                -52.12534813399992,
                -21.749782686999936
              ],
              [
                -52.1087589199999,
                -21.746147209999947
              ],
              [
                -52.10245890199991,
                -21.74136347399991
              ],
              [
                -52.092252784999914,
                -21.728916462999905
              ],
              [
                -52.090155840999955,
                -21.726357925999935
              ],
              [
                -52.080843813999934,
                -21.720376505999923
              ],
              [
                -52.07455013099991,
                -21.71511350299994
              ],
              [
                -52.068481498999915,
                -21.706825797999954
              ],
              [
                -52.06474922399991,
                -21.69740771699992
              ],
              [
                -52.062397964999946,
                -21.686267930999918
              ],
              [
                -52.05269362899992,
                -21.666246702999956
              ],
              [
                -52.04760250399994,
                -21.652871126999912
              ],
              [
                -52.04711631099991,
                -21.648107397999922
              ],
              [
                -52.04813779199992,
                -21.64306263599991
              ],
              [
                -52.05107575999995,
                -21.637169224999923
              ],
              [
                -52.06008865399991,
                -21.625393837999923
              ],
              [
                -52.062223064999955,
                -21.62134184899992
              ],
              [
                -52.0690089709999,
                -21.596934141999952
              ],
              [
                -52.071223827999916,
                -21.592691358999957
              ],
              [
                -52.07855454499992,
                -21.585139487999925
              ],
              [
                -52.093557312999906,
                -21.57578389899993
              ],
              [
                -52.10183440499992,
                -21.56919566299996
              ],
              [
                -52.10324999199992,
                -21.56612359199994
              ],
              [
                -52.10378597199991,
                -21.561835904999953
              ],
              [
                -52.102567963999945,
                -21.554336958999954
              ],
              [
                -52.10057047799995,
                -21.548827524999922
              ],
              [
                -52.09295042699995,
                -21.53546082099996
              ],
              [
                -52.08294325299994,
                -21.523261611999942
              ],
              [
                -52.06644697599995,
                -21.50711819499992
              ],
              [
                -52.06283788899992,
                -21.50547973999994
              ],
              [
                -52.060082604999934,
                -21.505210330999944
              ],
              [
                -52.054639504999955,
                -21.50523560499994
              ],
              [
                -52.04712699299995,
                -21.50637119499993
              ],
              [
                -52.00462595599993,
                -21.515876345999914
              ],
              [
                -51.99757997699993,
                -21.51650954999991
              ],
              [
                -51.992610113999945,
                -21.51616357699993
              ],
              [
                -51.9868238599999,
                -21.514058535999936
              ],
              [
                -51.98015790799991,
                -21.508607888999904
              ],
              [
                -51.97185190599993,
                -21.50327934899991
              ],
              [
                -51.96517672899995,
                -21.497176734999925
              ],
              [
                -51.961767584999905,
                -21.492354245999934
              ],
              [
                -51.95349826799992,
                -21.475168238999913
              ],
              [
                -51.94913202799995,
                -21.46786292099995
              ],
              [
                -51.945569855999906,
                -21.464656556999955
              ],
              [
                -51.933436221999955,
                -21.459722176999946
              ],
              [
                -51.928252538999914,
                -21.454926304999958
              ],
              [
                -51.92646707299991,
                -21.450641272999917
              ],
              [
                -51.92286433599992,
                -21.440558152999927
              ],
              [
                -51.92121935299991,
                -21.42287819799992
              ],
              [
                -51.9172951029999,
                -21.40807379699993
              ],
              [
                -51.9104632989999,
                -21.39171835499991
              ],
              [
                -51.904495847999954,
                -21.38359584299991
              ],
              [
                -51.89775711699991,
                -21.37642304399992
              ],
              [
                -51.89228663499995,
                -21.370600275999948
              ],
              [
                -51.876315107999915,
                -21.35558326799992
              ],
              [
                -51.86555014399994,
                -21.346807997999917
              ],
              [
                -51.86219734799994,
                -21.34194635399996
              ],
              [
                -51.86013331699991,
                -21.335793313999943
              ],
              [
                -51.859441095999955,
                -21.332383870999934
              ],
              [
                -51.85985214199991,
                -21.327278537999916
              ],
              [
                -51.863746841999955,
                -21.314781997999944
              ],
              [
                -51.8626376279999,
                -21.30556357899991
              ],
              [
                -51.85716607299992,
                -21.286022260999914
              ],
              [
                -51.855522924999946,
                -21.271342559999937
              ],
              [
                -51.85587902299994,
                -21.25350329899993
              ],
              [
                -51.86067436999991,
                -21.23107327699995
              ],
              [
                -51.86516619699995,
                -21.221609654999952
              ],
              [
                -51.86981872599995,
                -21.215934211999922
              ],
              [
                -51.87773543599991,
                -21.203478237999946
              ],
              [
                -51.879380986999934,
                -21.19714231599994
              ],
              [
                -51.87878023799993,
                -21.188037318999932
              ],
              [
                -51.876335311999924,
                -21.16510331199993
              ],
              [
                -51.87820043599993,
                -21.148131621999937
              ],
              [
                -51.87645773199995,
                -21.140872634999937
              ],
              [
                -51.87364291699993,
                -21.13568483699993
              ],
              [
                -51.86662526799995,
                -21.129813158999923
              ],
              [
                -51.862858529999926,
                -21.128323923999915
              ],
              [
                -51.843667944999936,
                -21.13196588799991
              ],
              [
                -51.83515706999992,
                -21.13096030999992
              ],
              [
                -51.81979029799993,
                -21.126585656999907
              ],
              [
                -51.816739937999955,
                -21.124942183999906
              ],
              [
                -51.813095665999924,
                -21.121511898999927
              ],
              [
                -51.809236047999946,
                -21.11396193199994
              ],
              [
                -51.795327958999906,
                -21.104168339999944
              ],
              [
                -51.78646899899991,
                -21.096098526999924
              ],
              [
                -51.78024909699991,
                -21.08320210599993
              ],
              [
                -51.778483438999956,
                -21.077759913999955
              ],
              [
                -51.77612818199992,
                -21.062551158999952
              ],
              [
                -51.77237534699992,
                -21.05042074699992
              ],
              [
                -51.76864139999992,
                -21.03911579299995
              ],
              [
                -51.75820598699994,
                -21.021876781999936
              ],
              [
                -51.737835856999936,
                -21.000321520999933
              ],
              [
                -51.722406632999935,
                -20.97936436699996
              ],
              [
                -51.71979975599993,
                -20.976185031999933
              ],
              [
                -51.71589923699992,
                -20.973390483999935
              ],
              [
                -51.707605058999945,
                -20.969988608999927
              ],
              [
                -51.70306976699993,
                -20.96950336799995
              ],
              [
                -51.70299012399994,
                -20.969512196999915
              ],
              [
                -51.692279468999914,
                -20.970744519999926
              ],
              [
                -51.676371597999946,
                -20.970855487999927
              ],
              [
                -51.662875381999925,
                -20.96797055099995
              ],
              [
                -51.648166154999956,
                -20.95578117799994
              ],
              [
                -51.64186962999992,
                -20.952895764999937
              ],
              [
                -51.632447492999916,
                -20.951181135999946
              ],
              [
                -51.63015441999994,
                -20.950013652999928
              ],
              [
                -51.627386344999934,
                -20.947294150999937
              ],
              [
                -51.62468479499995,
                -20.942456318999916
              ],
              [
                -51.62117137599995,
                -20.931710807999934
              ],
              [
                -51.6198010839999,
                -20.917239637999955
              ],
              [
                -51.61580284599995,
                -20.897976195999945
              ],
              [
                -51.61593463899993,
                -20.89385628599996
              ],
              [
                -51.61932424199995,
                -20.88308236799992
              ],
              [
                -51.62413460699992,
                -20.875662389999945
              ],
              [
                -51.62682061999993,
                -20.869004101999906
              ],
              [
                -51.6303818099999,
                -20.85516285999995
              ],
              [
                -51.631805853999936,
                -20.842663788999914
              ],
              [
                -51.63277563899993,
                -20.828420010999935
              ],
              [
                -51.632420399999944,
                -20.820880099999954
              ],
              [
                -51.62404114099991,
                -20.781243467999957
              ],
              [
                -51.62404978299992,
                -20.77301893999993
              ],
              [
                -51.632272978999936,
                -20.76093865899992
              ],
              [
                -51.633487618999936,
                -20.75163970999995
              ],
              [
                -51.633168895999916,
                -20.744093895999924
              ],
              [
                -51.63136550799993,
                -20.732577701999958
              ],
              [
                -51.62257050499994,
                -20.706591887999934
              ],
              [
                -51.60032998799994,
                -20.654911157999948
              ],
              [
                -51.58914524799991,
                -20.639025302999926
              ],
              [
                -51.57605943699991,
                -20.62451356899993
              ],
              [
                -51.57160992899992,
                -20.62029754899993
              ],
              [
                -51.56373843099993,
                -20.614646841999956
              ],
              [
                -51.53926155999994,
                -20.60023764099992
              ],
              [
                -51.52987729999995,
                -20.593278150999936
              ],
              [
                -51.51970167399992,
                -20.58435385599995
              ],
              [
                -51.51471945499992,
                -20.57877335099994
              ],
              [
                -51.51046608599995,
                -20.570650336999904
              ],
              [
                -51.50613615599991,
                -20.560353362999933
              ],
              [
                -51.50453398099995,
                -20.552595657999916
              ],
              [
                -51.50136323399994,
                -20.544355391999943
              ],
              [
                -51.49564336099991,
                -20.536589569999933
              ],
              [
                -51.48257394199993,
                -20.523981489999926
              ],
              [
                -51.47645395299992,
                -20.51597778999991
              ],
              [
                -51.47067507999992,
                -20.510524906999933
              ],
              [
                -51.46045357399993,
                -20.49894869499991
              ],
              [
                -51.45516551299994,
                -20.48926666099993
              ],
              [
                -51.45178737999993,
                -20.481079279999904
              ],
              [
                -51.44666971099991,
                -20.475179772999923
              ],
              [
                -51.446353433999946,
                -20.474815272999933
              ],
              [
                -51.43909375699991,
                -20.469691483999952
              ],
              [
                -51.4342037909999,
                -20.467550674999927
              ],
              [
                -51.423121830999946,
                -20.465263646999915
              ],
              [
                -51.41730018599992,
                -20.463148506999914
              ],
              [
                -51.411282624999956,
                -20.459427030999905
              ],
              [
                -51.407451384999945,
                -20.455974263999906
              ],
              [
                -51.40097366099991,
                -20.44802428899993
              ],
              [
                -51.392821186999925,
                -20.43491780599993
              ],
              [
                -51.3840254509999,
                -20.41829982999991
              ],
              [
                -51.377469299999916,
                -20.39831866599991
              ],
              [
                -51.37383855599995,
                -20.39339195699995
              ],
              [
                -51.36818892799994,
                -20.389139391999947
              ],
              [
                -51.36569993299992,
                -20.38762256499996
              ],
              [
                -51.362228374999916,
                -20.383661977999907
              ],
              [
                -51.35642351799993,
                -20.37099238399992
              ],
              [
                -51.34771688299992,
                -20.357382985999948
              ],
              [
                -51.34287007599994,
                -20.352935482999953
              ],
              [
                -51.3260342719999,
                -20.340462265999918
              ],
              [
                -51.32002187899991,
                -20.337141367999948
              ],
              [
                -51.30372898099995,
                -20.330110119999915
              ],
              [
                -51.29260169399993,
                -20.326128817999916
              ],
              [
                -51.236191713999915,
                -20.313978482999914
              ],
              [
                -51.20999064699993,
                -20.311125941999933
              ],
              [
                -51.19397928299992,
                -20.310316540999906
              ],
              [
                -51.17423712099992,
                -20.30642704099995
              ],
              [
                -51.158687148999945,
                -20.30185885499992
              ],
              [
                -51.14394053099994,
                -20.296322894999946
              ],
              [
                -51.11531157799993,
                -20.283864368999957
              ],
              [
                -51.10608105499995,
                -20.278374865999922
              ],
              [
                -51.09441212699994,
                -20.27016097099994
              ],
              [
                -51.075973597999905,
                -20.255044003999956
              ],
              [
                -51.06369921999993,
                -20.24221356499993
              ],
              [
                -51.05345122499995,
                -20.228609088999917
              ],
              [
                -51.04697385599991,
                -20.218716085999915
              ],
              [
                -51.03871684099994,
                -20.196996560999935
              ],
              [
                -51.03702550399993,
                -20.190016984999943
              ],
              [
                -51.035950062999916,
                -20.174491962999923
              ],
              [
                -51.03330349799995,
                -20.157472222999957
              ],
              [
                -51.02690826199995,
                -20.139072856999917
              ],
              [
                -51.01835681599994,
                -20.12722821199992
              ],
              [
                -51.007750907999934,
                -20.10539399499993
              ],
              [
                -51.00004713699991,
                -20.095978112999944
              ],
              [
                -50.98964454199995,
                -20.081380899999942
              ],
              [
                -50.98032292499994,
                -20.066661490999934
              ],
              [
                -50.97352145399992,
                -20.058064912999953
              ],
              [
                -50.96494734899994,
                -20.048438205999958
              ],
              [
                -50.958911085999944,
                -20.040384597999946
              ],
              [
                -50.94871958099992,
                -20.032255134999957
              ],
              [
                -50.92901485099992,
                -20.01634252799994
              ],
              [
                -50.90516459299994,
                -20.00030830599991
              ],
              [
                -50.887499068999944,
                -19.98637645699995
              ],
              [
                -50.87491539999991,
                -19.97773869699995
              ],
              [
                -50.864151481999954,
                -19.97217107399996
              ],
              [
                -50.85403609499991,
                -19.96804695299994
              ],
              [
                -50.84578585199995,
                -19.965841459999922
              ],
              [
                -50.82189769799993,
                -19.960886665999908
              ],
              [
                -50.80339925399994,
                -19.94923644699992
              ],
              [
                -50.796473025999944,
                -19.94623530499996
              ],
              [
                -50.779478087999905,
                -19.940951053999925
              ],
              [
                -50.7466210419999,
                -19.934916632999943
              ],
              [
                -50.73262967099993,
                -19.930314379999913
              ],
              [
                -50.72213686999993,
                -19.925364758999933
              ],
              [
                -50.70472305299995,
                -19.92024014099991
              ],
              [
                -50.6943686379999,
                -19.91585206399992
              ],
              [
                -50.68638245099993,
                -19.913810833999946
              ],
              [
                -50.669214789999955,
                -19.910489412999937
              ],
              [
                -50.6622158749999,
                -19.907913342999905
              ],
              [
                -50.65741394999992,
                -19.90496842899995
              ],
              [
                -50.653721429999905,
                -19.900701713999922
              ],
              [
                -50.64364565699992,
                -19.88286452099993
              ],
              [
                -50.63314718299995,
                -19.871073225999908
              ],
              [
                -50.627505338999924,
                -19.867746050999926
              ],
              [
                -50.61710072299991,
                -19.863089275999926
              ],
              [
                -50.608221716999935,
                -19.856952399999955
              ],
              [
                -50.58418531299992,
                -19.830151094999906
              ],
              [
                -50.57715534099992,
                -19.82403613999992
              ],
              [
                -50.56254524099995,
                -19.816091358999927
              ],
              [
                -50.53898572899993,
                -19.806029898999952
              ],
              [
                -50.525356131999956,
                -19.799662765999926
              ],
              [
                -50.497235032999924,
                -19.788042910999934
              ],
              [
                -50.474579339999934,
                -19.78480805299995
              ],
              [
                -50.462621774999946,
                -19.785315345999948
              ],
              [
                -50.45356566399994,
                -19.787899517999904
              ],
              [
                -50.4389195249999,
                -19.795281017999912
              ],
              [
                -50.421346258999904,
                -19.79879908199996
              ],
              [
                -50.41124026099993,
                -19.805842027999915
              ],
              [
                -50.39555151199994,
                -19.820803679999926
              ],
              [
                -50.388203768999915,
                -19.831134764999945
              ],
              [
                -50.37907730299992,
                -19.838947779999955
              ],
              [
                -50.3722200709999,
                -19.84604996899992
              ],
              [
                -50.359817352999926,
                -19.85202083599995
              ],
              [
                -50.34851978799992,
                -19.864657498999918
              ],
              [
                -50.339099190999946,
                -19.868894456999953
              ],
              [
                -50.33483621499994,
                -19.869644603999916
              ],
              [
                -50.30362018499994,
                -19.872076586999924
              ],
              [
                -50.286256307999906,
                -19.870804539999938
              ],
              [
                -50.2735488749999,
                -19.87103777799996
              ],
              [
                -50.24758886299992,
                -19.87188191599995
              ],
              [
                -50.22908094199994,
                -19.87065866899991
              ],
              [
                -50.21069483999992,
                -19.86779860599995
              ],
              [
                -50.20390475599993,
                -19.867489949999936
              ],
              [
                -50.18681171599991,
                -19.868631973999925
              ],
              [
                -50.17812063799994,
                -19.871387928999923
              ],
              [
                -50.170770122999954,
                -19.874789275999944
              ],
              [
                -50.161965547999955,
                -19.87752839099994
              ],
              [
                -50.15119087599993,
                -19.877581601999907
              ],
              [
                -50.123688415999936,
                -19.87007242699991
              ],
              [
                -50.111561157999915,
                -19.867451624999944
              ],
              [
                -50.10593430499995,
                -19.867529602999923
              ],
              [
                -50.09673615899993,
                -19.86810212699993
              ],
              [
                -50.08588584599994,
                -19.870453122999947
              ],
              [
                -50.07806561399991,
                -19.87522904599996
              ],
              [
                -50.07566852299993,
                -19.87748939699992
              ],
              [
                -50.07064948599992,
                -19.886110475999942
              ],
              [
                -50.05672419199993,
                -19.902894876999937
              ],
              [
                -50.039723383999956,
                -19.913004022999928
              ],
              [
                -50.03185961499992,
                -19.916673920999926
              ],
              [
                -50.01268541799993,
                -19.923130880999906
              ],
              [
                -49.99050432699994,
                -19.92509025699991
              ],
              [
                -49.9740581179999,
                -19.92396935599993
              ],
              [
                -49.9607200449999,
                -19.92463565999992
              ],
              [
                -49.94130380599995,
                -19.92845961799992
              ],
              [
                -49.927585216999944,
                -19.932157678999943
              ],
              [
                -49.911293,
                -19.93932666899991
              ],
              [
                -49.9047549899999,
                -19.941208720999953
              ],
              [
                -49.890942570999925,
                -19.94412884099995
              ],
              [
                -49.879078825999954,
                -19.950614495999957
              ],
              [
                -49.871610939999925,
                -19.952810276999912
              ],
              [
                -49.86496173199993,
                -19.952586934999943
              ],
              [
                -49.85002171199994,
                -19.950215748999938
              ],
              [
                -49.84099918399994,
                -19.949222470999928
              ],
              [
                -49.82960117399995,
                -19.945392712999933
              ],
              [
                -49.80730260099995,
                -19.936186303999932
              ],
              [
                -49.78681254599991,
                -19.925847955999927
              ],
              [
                -49.771574985999905,
                -19.923364415999913
              ],
              [
                -49.749424277999935,
                -19.92143073299991
              ],
              [
                -49.72859968499995,
                -19.92273410699994
              ],
              [
                -49.69674580499992,
                -19.927619057999948
              ],
              [
                -49.69119503799993,
                -19.928750728999944
              ],
              [
                -49.678832891999946,
                -19.933755067999925
              ],
              [
                -49.67453319599991,
                -19.933475527999917
              ],
              [
                -49.66363982899992,
                -19.93224947899995
              ],
              [
                -49.65339551999995,
                -19.932033719999936
              ],
              [
                -49.644517668999924,
                -19.929832779999913
              ],
              [
                -49.6315233009999,
                -19.929655330999935
              ],
              [
                -49.6274671729999,
                -19.928402156999937
              ],
              [
                -49.61201962899992,
                -19.918538050999928
              ],
              [
                -49.60436004699994,
                -19.915306057999942
              ],
              [
                -49.579034547999925,
                -19.909034122999913
              ],
              [
                -49.56114329199994,
                -19.909496376999925
              ],
              [
                -49.550280280999914,
                -19.907340518999945
              ],
              [
                -49.54624109699995,
                -19.907806975999904
              ],
              [
                -49.53118189899993,
                -19.91151011799991
              ],
              [
                -49.52044373399991,
                -19.91325546799993
              ],
              [
                -49.50224905199991,
                -19.921115786999906
              ],
              [
                -49.49775526199994,
                -19.926916357999914
              ],
              [
                -49.493405924999934,
                -19.934851263999917
              ],
              [
                -49.489993356999946,
                -19.939729332999946
              ],
              [
                -49.47216098999991,
                -19.959791339999924
              ],
              [
                -49.45319085099993,
                -19.97403548999995
              ],
              [
                -49.4433524019999,
                -19.979078526999956
              ],
              [
                -49.432144560999916,
                -19.98193854099992
              ],
              [
                -49.417726633999905,
                -19.98280288299992
              ],
              [
                -49.4024364789999,
                -19.982758030999946
              ],
              [
                -49.377772181999944,
                -19.985473610999918
              ],
              [
                -49.36552206099992,
                -19.984370854999952
              ],
              [
                -49.355247827999904,
                -19.982574789999944
              ],
              [
                -49.315062233999925,
                -19.970329213999946
              ],
              [
                -49.29971511799994,
                -19.966032872999904
              ],
              [
                -49.2897893839999,
                -19.964689508999925
              ],
              [
                -49.27624384099994,
                -19.964947912999946
              ],
              [
                -49.265908408999906,
                -19.966190083999948
              ],
              [
                -49.25623822599994,
                -19.968469456999912
              ],
              [
                -49.25307618799991,
                -19.970064617999924
              ],
              [
                -49.25034416699992,
                -19.97280437699993
              ],
              [
                -49.24889162699992,
                -19.975516376999906
              ],
              [
                -49.24805009999994,
                -19.979463377999934
              ],
              [
                -49.248045298999955,
                -19.984337341999947
              ],
              [
                -49.24915723799995,
                -19.988528850999955
              ],
              [
                -49.25845581999994,
                -20.001465023999913
              ],
              [
                -49.26706008699995,
                -20.004956743999912
              ],
              [
                -49.27724788799992,
                -20.005713389999926
              ],
              [
                -49.285594759999924,
                -20.007963846999928
              ],
              [
                -49.28853984199992,
                -20.009689162999905
              ],
              [
                -49.294156468999915,
                -20.014915277999933
              ],
              [
                -49.29627920999991,
                -20.01917371099995
              ],
              [
                -49.298179589999904,
                -20.027176847999954
              ],
              [
                -49.29923683299995,
                -20.03929087399996
              ],
              [
                -49.305740493999906,
                -20.05587591999995
              ],
              [
                -49.30647008799991,
                -20.063672899999915
              ],
              [
                -49.30958751499992,
                -20.092090705999908
              ],
              [
                -49.304372573999956,
                -20.11544682999994
              ],
              [
                -49.30035183299992,
                -20.14417358199995
              ],
              [
                -49.29997784699992,
                -20.158684170999948
              ],
              [
                -49.29691609899993,
                -20.168899191999913
              ],
              [
                -49.29135757799992,
                -20.180800905999945
              ],
              [
                -49.28263096599994,
                -20.20078408899991
              ],
              [
                -49.26338615099991,
                -20.234072071999947
              ],
              [
                -49.260720533999915,
                -20.240816261999953
              ],
              [
                -49.259579328999905,
                -20.252081093999948
              ],
              [
                -49.259017323999956,
                -20.256298387999948
              ],
              [
                -49.257303048999916,
                -20.260681939999927
              ],
              [
                -49.24552654899992,
                -20.280039995999914
              ],
              [
                -49.237628721999954,
                -20.29104210899993
              ],
              [
                -49.23353507699994,
                -20.29880593999991
              ],
              [
                -49.23066798199994,
                -20.30190321099991
              ],
              [
                -49.22968450199994,
                -20.302380954999933
              ],
              [
                -49.226804683999944,
                -20.303780411999924
              ],
              [
                -49.22286247299991,
                -20.304660868999918
              ],
              [
                -49.21029608999993,
                -20.305119491999903
              ],
              [
                -49.20574783199993,
                -20.306964928999946
              ],
              [
                -49.199977720999925,
                -20.310884612999928
              ],
              [
                -49.195024736999926,
                -20.312254698999936
              ],
              [
                -49.188970464999954,
                -20.312388567999903
              ],
              [
                -49.17836907599991,
                -20.30994803199991
              ],
              [
                -49.1705051859999,
                -20.30575589999995
              ],
              [
                -49.16073897199993,
                -20.298327440999913
              ],
              [
                -49.14529166099993,
                -20.293941524999923
              ],
              [
                -49.13351545699993,
                -20.28752112299992
              ],
              [
                -49.1274845019999,
                -20.28319587099992
              ],
              [
                -49.117754652999906,
                -20.27051337599994
              ],
              [
                -49.098276030999955,
                -20.227689166999937
              ],
              [
                -49.090170747999935,
                -20.21282113299992
              ],
              [
                -49.0796416469999,
                -20.19054331299992
              ],
              [
                -49.07100649299991,
                -20.17039030399991
              ],
              [
                -49.06619808499994,
                -20.162046541999928
              ],
              [
                -49.055933155999924,
                -20.152506459999927
              ],
              [
                -49.044414926999934,
                -20.146137810999903
              ],
              [
                -49.03968928599994,
                -20.14457190999991
              ],
              [
                -49.03385950799992,
                -20.144301786999904
              ],
              [
                -49.02103788499994,
                -20.14702365599993
              ],
              [
                -49.01579657099995,
                -20.14898134999993
              ],
              [
                -48.99957318999992,
                -20.15718383399991
              ],
              [
                -48.99125904899995,
                -20.16390743599993
              ],
              [
                -48.98355049299994,
                -20.174002445999918
              ],
              [
                -48.978839541999946,
                -20.18362305799991
              ],
              [
                -48.97101165899994,
                -20.20671885099995
              ],
              [
                -48.964380261999914,
                -20.235423492999928
              ],
              [
                -48.95853456899994,
                -20.266148006999913
              ],
              [
                -48.95880880499993,
                -20.28517305799994
              ],
              [
                -48.95662410199992,
                -20.320525078999935
              ],
              [
                -48.957529836999925,
                -20.33916686899994
              ],
              [
                -48.96215464799991,
                -20.362045380999916
              ],
              [
                -48.96304784299991,
                -20.371012495999935
              ],
              [
                -48.96229206399994,
                -20.38003051699991
              ],
              [
                -48.959702706999906,
                -20.389274257999944
              ],
              [
                -48.95450278399994,
                -20.39762417299994
              ],
              [
                -48.93838348599991,
                -20.415447634999907
              ],
              [
                -48.93151420799995,
                -20.421564428999943
              ],
              [
                -48.92441204399995,
                -20.42594301999992
              ],
              [
                -48.91723898999993,
                -20.42885297999993
              ],
              [
                -48.89940392699992,
                -20.43043507799996
              ],
              [
                -48.89217226099993,
                -20.429414486999917
              ],
              [
                -48.88934285699992,
                -20.428311488999952
              ],
              [
                -48.884485156999915,
                -20.424007218999918
              ],
              [
                -48.88058170399995,
                -20.41783735799993
              ],
              [
                -48.87498745399995,
                -20.405415432999916
              ],
              [
                -48.87343386099991,
                -20.39932117099994
              ],
              [
                -48.87310383199991,
                -20.388254158999928
              ],
              [
                -48.87453035199991,
                -20.374665188999927
              ],
              [
                -48.874325522999925,
                -20.358096288999946
              ],
              [
                -48.87674111699994,
                -20.333527116999903
              ],
              [
                -48.879521421999925,
                -20.322448574999953
              ],
              [
                -48.885585964999905,
                -20.299178626999947
              ],
              [
                -48.886904013999924,
                -20.28239719399994
              ],
              [
                -48.88617686899994,
                -20.271633494999946
              ],
              [
                -48.88289699799992,
                -20.263096662999942
              ],
              [
                -48.87992646099991,
                -20.258065635999913
              ],
              [
                -48.86219159399991,
                -20.233368018999954
              ],
              [
                -48.85716990299994,
                -20.217980746999956
              ],
              [
                -48.856710165999914,
                -20.204500390999954
              ],
              [
                -48.85557919999991,
                -20.19259109999996
              ],
              [
                -48.84964055599994,
                -20.178347421999945
              ],
              [
                -48.84348549099991,
                -20.170178663999934
              ],
              [
                -48.837988726999924,
                -20.165472245999922
              ],
              [
                -48.8320845799999,
                -20.161825731999954
              ],
              [
                -48.82566145599992,
                -20.15940816099993
              ],
              [
                -48.82067966999995,
                -20.15870403799994
              ],
              [
                -48.814035015999934,
                -20.159289843999943
              ],
              [
                -48.79791071199992,
                -20.162510380999947
              ],
              [
                -48.78091400399995,
                -20.163081404999957
              ],
              [
                -48.77192229299993,
                -20.16070230699995
              ],
              [
                -48.75275527999992,
                -20.15342239699993
              ],
              [
                -48.734728471999915,
                -20.15386368599991
              ],
              [
                -48.719768177999924,
                -20.154933513999936
              ],
              [
                -48.71570780399992,
                -20.156030820999945
              ],
              [
                -48.70461597399992,
                -20.160985858999936
              ],
              [
                -48.68267023599992,
                -20.163658467999937
              ],
              [
                -48.66788197999995,
                -20.165847449999944
              ],
              [
                -48.65188665199992,
                -20.165600802999904
              ],
              [
                -48.640677085999926,
                -20.164795726999955
              ],
              [
                -48.6343352479999,
                -20.16308912599993
              ],
              [
                -48.609850327999936,
                -20.149143043999914
              ],
              [
                -48.59040684799993,
                -20.13656124599993
              ],
              [
                -48.58429179399991,
                -20.13363440799992
              ],
              [
                -48.576317643999914,
                -20.131056798999907
              ],
              [
                -48.5690720529999,
                -20.12995034699992
              ],
              [
                -48.547922926999945,
                -20.132158730999947
              ],
              [
                -48.534011724999914,
                -20.13460490999995
              ],
              [
                -48.517198470999915,
                -20.138737905999903
              ],
              [
                -48.50938228699994,
                -20.139640648999944
              ],
              [
                -48.50276018999995,
                -20.139728490999914
              ],
              [
                -48.4957700139999,
                -20.138637640999946
              ],
              [
                -48.47125078140984,
                -20.12849006342315
              ],
              [
                -48.471252517999915,
                -20.128481862999934
              ],
              [
                -48.47037685399994,
                -20.12812773099995
              ],
              [
                -48.46383222599991,
                -20.126379993999933
              ],
              [
                -48.45408197499995,
                -20.122456704999934
              ],
              [
                -48.44701637999992,
                -20.11926606399993
              ],
              [
                -48.43847682699993,
                -20.116494434999936
              ],
              [
                -48.431116595999924,
                -20.115056568999933
              ],
              [
                -48.416246429999944,
                -20.11391255199993
              ],
              [
                -48.39715588799993,
                -20.11558897699996
              ],
              [
                -48.384865299999944,
                -20.117715167999904
              ],
              [
                -48.360049259999926,
                -20.11956436199995
              ],
              [
                -48.3508395529999,
                -20.119313056999943
              ],
              [
                -48.3437076699999,
                -20.117799103999914
              ],
              [
                -48.32899260699992,
                -20.112849114999904
              ],
              [
                -48.3160415129999,
                -20.111382615999958
              ],
              [
                -48.307981851999955,
                -20.112940624999908
              ],
              [
                -48.300661917999946,
                -20.11788985399994
              ],
              [
                -48.29603950599994,
                -20.122053045999905
              ],
              [
                -48.286803541999916,
                -20.133471810999936
              ],
              [
                -48.2815842789999,
                -20.137814415999912
              ],
              [
                -48.273008260999916,
                -20.141204845999937
              ],
              [
                -48.26625658799992,
                -20.142612734999943
              ],
              [
                -48.26053381899993,
                -20.142762214999948
              ],
              [
                -48.24256616999992,
                -20.14054699099995
              ],
              [
                -48.23505177699991,
                -20.13706891299995
              ],
              [
                -48.22601387599991,
                -20.13353006899996
              ],
              [
                -48.22269092599993,
                -20.13089387599996
              ],
              [
                -48.21913547999992,
                -20.126003346999937
              ],
              [
                -48.21813164699995,
                -20.12168799899996
              ],
              [
                -48.21958171999995,
                -20.11744203099994
              ],
              [
                -48.22511259099991,
                -20.110267606999912
              ],
              [
                -48.240588310999954,
                -20.093976953999913
              ],
              [
                -48.24831776099995,
                -20.08980506599994
              ],
              [
                -48.25187952999994,
                -20.086246675999917
              ],
              [
                -48.253598576999934,
                -20.080973340999947
              ],
              [
                -48.25391318699991,
                -20.077027887999918
              ],
              [
                -48.2534105819999,
                -20.073138060999952
              ],
              [
                -48.251460289999955,
                -20.069197217999942
              ],
              [
                -48.24769313399992,
                -20.06330309699996
              ],
              [
                -48.24505820499991,
                -20.051818777999927
              ],
              [
                -48.2452257729999,
                -20.04844203199991
              ],
              [
                -48.248332501999926,
                -20.03910155199992
              ],
              [
                -48.24813339399992,
                -20.03555630099993
              ],
              [
                -48.2471188479999,
                -20.03335783999995
              ],
              [
                -48.24477608399991,
                -20.03024256699996
              ],
              [
                -48.24206268599994,
                -20.028730271999905
              ],
              [
                -48.23767570199993,
                -20.027650380999944
              ],
              [
                -48.23124611199995,
                -20.028642757999933
              ],
              [
                -48.225522939999905,
                -20.030863188999945
              ],
              [
                -48.218909986999904,
                -20.03458703499996
              ],
              [
                -48.2120094789999,
                -20.040469922999932
              ],
              [
                -48.1984826069999,
                -20.06088383699995
              ],
              [
                -48.184092336999925,
                -20.08485011399995
              ],
              [
                -48.16384294099993,
                -20.10609418899992
              ],
              [
                -48.15638706199991,
                -20.113911543999905
              ],
              [
                -48.124524369999904,
                -20.141953834999924
              ],
              [
                -48.12044499599995,
                -20.144625119999944
              ],
              [
                -48.11244953999994,
                -20.147436673999948
              ],
              [
                -48.09644309999993,
                -20.150459707999914
              ],
              [
                -48.082134709999934,
                -20.15040457099991
              ],
              [
                -48.0639732919999,
                -20.145865923999906
              ],
              [
                -48.056202182999925,
                -20.141099091999934
              ],
              [
                -48.052296406999915,
                -20.137464378999937
              ],
              [
                -48.04232779299991,
                -20.12364540099992
              ],
              [
                -48.03939062499995,
                -20.121090463999906
              ],
              [
                -48.03353824299995,
                -20.120144170999936
              ],
              [
                -48.026125248999904,
                -20.123344941999903
              ],
              [
                -48.022493969999914,
                -20.12400857399996
              ],
              [
                -48.01976196599992,
                -20.123919049999927
              ],
              [
                -48.01692666699995,
                -20.12244488099992
              ],
              [
                -48.01400459999991,
                -20.120087273999957
              ],
              [
                -48.00970077799991,
                -20.11455496499991
              ],
              [
                -48.00038783899993,
                -20.094807514999957
              ],
              [
                -47.99156459699992,
                -20.07886641099992
              ],
              [
                -47.988608316999944,
                -20.069420934999926
              ],
              [
                -47.98910239399993,
                -20.056456976999925
              ],
              [
                -47.98768387599995,
                -20.041546517999905
              ],
              [
                -47.98414524899994,
                -20.037241536999943
              ],
              [
                -47.98222492799994,
                -20.035907945999952
              ],
              [
                -47.979912466999906,
                -20.035477792999927
              ],
              [
                -47.97743443499991,
                -20.03590395099991
              ],
              [
                -47.97136994899995,
                -20.039588598999956
              ],
              [
                -47.95860642899993,
                -20.04873206399992
              ],
              [
                -47.94816786999991,
                -20.060868747999905
              ],
              [
                -47.94620029999993,
                -20.064284991999955
              ],
              [
                -47.94237817699991,
                -20.075587495999912
              ],
              [
                -47.93821319199992,
                -20.090760717999956
              ],
              [
                -47.93202010299996,
                -20.101111123999942
              ],
              [
                -47.9186973219999,
                -20.11154733199993
              ],
              [
                -47.91310552999994,
                -20.113972004999937
              ],
              [
                -47.90714753099991,
                -20.114315535999935
              ],
              [
                -47.901634120999915,
                -20.113506505999908
              ],
              [
                -47.89295085999993,
                -20.110469245999923
              ],
              [
                -47.88556432599995,
                -20.10652001899996
              ],
              [
                -47.87876367799993,
                -20.100504025999953
              ],
              [
                -47.87432631699994,
                -20.09148388099993
              ],
              [
                -47.87160198599992,
                -20.082084893999934
              ],
              [
                -47.87083740299994,
                -20.075208467999914
              ],
              [
                -47.87133478699991,
                -20.06737361799992
              ],
              [
                -47.870269494999945,
                -20.06302524399996
              ],
              [
                -47.868081168999936,
                -20.05981102699991
              ],
              [
                -47.86166427299992,
                -20.05369395799994
              ],
              [
                -47.8606728229999,
                -20.050432103999924
              ],
              [
                -47.86182792499994,
                -20.046648880999953
              ],
              [
                -47.87186322899993,
                -20.036610297999914
              ],
              [
                -47.874821409999925,
                -20.032250854999916
              ],
              [
                -47.876144937999925,
                -20.024385149999944
              ],
              [
                -47.87489400599992,
                -20.01863303199991
              ],
              [
                -47.87129577999991,
                -20.010365991999947
              ],
              [
                -47.86207332399994,
                -19.998804156999938
              ],
              [
                -47.85894381299994,
                -19.99360965199992
              ],
              [
                -47.857114005999904,
                -19.99166276199992
              ],
              [
                -47.853132460999916,
                -19.990322866999918
              ],
              [
                -47.83909867299991,
                -19.989543479999952
              ],
              [
                -47.82559553699991,
                -19.986673049999922
              ],
              [
                -47.81467952199995,
                -19.986516924999933
              ],
              [
                -47.80179700899993,
                -19.984032697999908
              ],
              [
                -47.77986973499992,
                -19.984510546999957
              ],
              [
                -47.76487954699991,
                -19.985087243999942
              ],
              [
                -47.75519320099994,
                -19.987776915999916
              ],
              [
                -47.74591569499995,
                -19.98895465399994
              ],
              [
                -47.73183139999992,
                -19.985992188999944
              ],
              [
                -47.721443249999936,
                -19.98122641099991
              ],
              [
                -47.71352940199995,
                -19.978166140999917
              ],
              [
                -47.7061588169999,
                -19.979108116999953
              ],
              [
                -47.69817205699991,
                -19.98174682599995
              ],
              [
                -47.68934214099994,
                -19.986801551999918
              ],
              [
                -47.68434078599995,
                -19.99201372199991
              ],
              [
                -47.67787688299995,
                -20.00031611299994
              ],
              [
                -47.67540724799994,
                -20.006622886999935
              ],
              [
                -47.6752468439999,
                -20.017097915999955
              ],
              [
                -47.673051280999914,
                -20.021719453999935
              ],
              [
                -47.668264955999916,
                -20.025632123999912
              ],
              [
                -47.6600515959999,
                -20.030794259999936
              ],
              [
                -47.65436115999995,
                -20.036399283999913
              ],
              [
                -47.64389874099993,
                -20.044352274999937
              ],
              [
                -47.638420614999916,
                -20.048634190999906
              ],
              [
                -47.6332662449999,
                -20.04868011399992
              ],
              [
                -47.624625833999914,
                -20.043059547999917
              ],
              [
                -47.60886078499993,
                -20.037374221999926
              ],
              [
                -47.60221042099994,
                -20.03353072199991
              ],
              [
                -47.5983142419999,
                -20.028579386999922
              ],
              [
                -47.595696106999924,
                -20.021612674999915
              ],
              [
                -47.59517671999993,
                -20.012899027999936
              ],
              [
                -47.59242277099992,
                -20.004390242999932
              ],
              [
                -47.5902932969999,
                -20.000570352999944
              ],
              [
                -47.584758406999924,
                -19.99621161199991
              ],
              [
                -47.58083013899994,
                -19.994099477999953
              ],
              [
                -47.57445816399991,
                -19.99324250099994
              ],
              [
                -47.56140936999992,
                -19.995906083999955
              ],
              [
                -47.555338158999916,
                -19.995786007999925
              ],
              [
                -47.55141829199994,
                -19.994196891999934
              ],
              [
                -47.54748424499991,
                -19.99032860299991
              ],
              [
                -47.54232503399993,
                -19.98518691599992
              ],
              [
                -47.53838419899995,
                -19.98351519299996
              ],
              [
                -47.535143615999914,
                -19.982951014999912
              ],
              [
                -47.51732210999995,
                -19.983038247999957
              ],
              [
                -47.51040414999994,
                -19.98171300799993
              ],
              [
                -47.50606561399991,
                -19.979348160999905
              ],
              [
                -47.49899685399993,
                -19.97237821899995
              ],
              [
                -47.495414971999935,
                -19.970173175999946
              ],
              [
                -47.48949400399994,
                -19.96802988999991
              ],
              [
                -47.47934707199994,
                -19.96739866899992
              ],
              [
                -47.476667026999905,
                -19.966129021999905
              ],
              [
                -47.470611625999936,
                -19.961391893999917
              ],
              [
                -47.46636234999994,
                -19.962017013999912
              ],
              [
                -47.46367332299991,
                -19.963568701999918
              ],
              [
                -47.45983229299992,
                -19.967753814999924
              ],
              [
                -47.4494266879999,
                -19.98732191299996
              ],
              [
                -47.445915088999925,
                -19.990478698999937
              ],
              [
                -47.438291733999904,
                -19.995114895999905
              ],
              [
                -47.43479486199993,
                -20.000316707999957
              ],
              [
                -47.432460197999944,
                -20.005906438999943
              ],
              [
                -47.42508569599994,
                -20.011568574999956
              ],
              [
                -47.42453211599991,
                -20.015149513999916
              ],
              [
                -47.42594007699995,
                -20.018064756999934
              ],
              [
                -47.42889833299995,
                -20.02114398699996
              ],
              [
                -47.43829056399994,
                -20.02696896699996
              ],
              [
                -47.44122814499991,
                -20.030828898999914
              ],
              [
                -47.44161800299992,
                -20.037207287999934
              ],
              [
                -47.4409152529999,
                -20.040718717999937
              ],
              [
                -47.437419855999906,
                -20.04813121299992
              ],
              [
                -47.43165918299991,
                -20.05569545499992
              ],
              [
                -47.421817792999946,
                -20.062198803999934
              ],
              [
                -47.41880564099995,
                -20.06532785199994
              ],
              [
                -47.41061329099995,
                -20.07631968299995
              ],
              [
                -47.40785921699995,
                -20.079002447999926
              ],
              [
                -47.403581568999925,
                -20.08168456699991
              ],
              [
                -47.39128232899992,
                -20.084074061999956
              ],
              [
                -47.37886092499991,
                -20.084700012999917
              ],
              [
                -47.375187772999936,
                -20.08663527099992
              ],
              [
                -47.371941475999904,
                -20.089685069999916
              ],
              [
                -47.364180021999914,
                -20.097572357999923
              ],
              [
                -47.35519530699992,
                -20.10259789999992
              ],
              [
                -47.3470090319999,
                -20.10540557199994
              ],
              [
                -47.3360409309999,
                -20.112591858999906
              ],
              [
                -47.32445776499992,
                -20.116350457999943
              ],
              [
                -47.310530445999916,
                -20.12457952199992
              ],
              [
                -47.307904083999915,
                -20.127198396999916
              ],
              [
                -47.29945629899993,
                -20.13901655099994
              ],
              [
                -47.295764026999905,
                -20.145146259999933
              ],
              [
                -47.28869395899994,
                -20.14972130299992
              ],
              [
                -47.284015739999916,
                -20.15187803799995
              ],
              [
                -47.269982075999906,
                -20.155827076999913
              ],
              [
                -47.26373081399993,
                -20.158688921999953
              ],
              [
                -47.25981389399993,
                -20.16152094699993
              ],
              [
                -47.25718982899991,
                -20.165215490999913
              ],
              [
                -47.2556152649999,
                -20.16972014299995
              ],
              [
                -47.255481732999954,
                -20.173589530999948
              ],
              [
                -47.25728707099995,
                -20.17939040199991
              ],
              [
                -47.25780631899994,
                -20.184841651999932
              ],
              [
                -47.255427219999945,
                -20.19183608399993
              ],
              [
                -47.25100095699992,
                -20.19827798299991
              ],
              [
                -47.23723776599991,
                -20.212765132999948
              ],
              [
                -47.232665650999934,
                -20.219409540999948
              ],
              [
                -47.23176962999992,
                -20.221922841999913
              ],
              [
                -47.23197384899993,
                -20.224325737999948
              ],
              [
                -47.234422700999914,
                -20.23034892299995
              ],
              [
                -47.23726048399993,
                -20.23441641499994
              ],
              [
                -47.23995795899992,
                -20.244578531999935
              ],
              [
                -47.243587849999926,
                -20.251623373999905
              ],
              [
                -47.246698764999906,
                -20.255831075999936
              ],
              [
                -47.24794336799994,
                -20.261487909999914
              ],
              [
                -47.254235072999904,
                -20.265009826999915
              ],
              [
                -47.25726539899995,
                -20.269635749999907
              ],
              [
                -47.25873352299993,
                -20.274206060999916
              ],
              [
                -47.26201054099994,
                -20.279553611999916
              ],
              [
                -47.26475591499991,
                -20.282133488999932
              ],
              [
                -47.26935900299992,
                -20.283856251999907
              ],
              [
                -47.27555727999993,
                -20.29082286399995
              ],
              [
                -47.276664971999935,
                -20.29289499899994
              ],
              [
                -47.28114034399994,
                -20.30459305499994
              ],
              [
                -47.28183934899994,
                -20.31244916299994
              ],
              [
                -47.28424676299994,
                -20.315814563999936
              ],
              [
                -47.285146325999904,
                -20.323977493999905
              ],
              [
                -47.284242013999915,
                -20.328375079999944
              ],
              [
                -47.28508977799993,
                -20.33288634099995
              ],
              [
                -47.288960553999914,
                -20.335035555999923
              ],
              [
                -47.292569606999905,
                -20.34025963399995
              ],
              [
                -47.29616208199991,
                -20.34757154899995
              ],
              [
                -47.29525038199995,
                -20.351286427999923
              ],
              [
                -47.294837308999945,
                -20.352786101999925
              ],
              [
                -47.29566291899994,
                -20.35781830199994
              ],
              [
                -47.29388504299993,
                -20.362474009999914
              ],
              [
                -47.294420516999935,
                -20.367167166999934
              ],
              [
                -47.293385421999915,
                -20.37050814199995
              ],
              [
                -47.293761324999934,
                -20.380090627999948
              ],
              [
                -47.29118109299992,
                -20.38310647199995
              ],
              [
                -47.29221119999994,
                -20.385625963999928
              ],
              [
                -47.29194777799995,
                -20.38685946499993
              ],
              [
                -47.288911801999916,
                -20.38793636799994
              ],
              [
                -47.28781400299994,
                -20.389846276999947
              ],
              [
                -47.289612373999944,
                -20.39972963999992
              ],
              [
                -47.28602931699993,
                -20.402789265999957
              ],
              [
                -47.28543232399994,
                -20.404370641999947
              ],
              [
                -47.28731565999993,
                -20.412730219999958
              ],
              [
                -47.28872501199993,
                -20.414947398999914
              ],
              [
                -47.293316733999916,
                -20.417307098999913
              ],
              [
                -47.292402557999935,
                -20.420018668999944
              ],
              [
                -47.289463644999955,
                -20.419972807999955
              ],
              [
                -47.28873505899992,
                -20.420920088999935
              ],
              [
                -47.29317906199992,
                -20.426011649999907
              ],
              [
                -47.29334092399995,
                -20.428595033999954
              ],
              [
                -47.29122671999994,
                -20.43258089199992
              ],
              [
                -47.28574207399993,
                -20.437399007999943
              ],
              [
                -47.285751595999955,
                -20.44041206399993
              ],
              [
                -47.28629531799993,
                -20.442255983999928
              ],
              [
                -47.289681049999956,
                -20.446007418999955
              ],
              [
                -47.289832417999946,
                -20.44813374499995
              ],
              [
                -47.28896953299994,
                -20.450532326999905
              ],
              [
                -47.28502221399992,
                -20.453899031999924
              ],
              [
                -47.279245663999916,
                -20.456337577999932
              ],
              [
                -47.27494674499991,
                -20.460639748999938
              ],
              [
                -47.271811218999915,
                -20.461945921999927
              ],
              [
                -47.26828305899994,
                -20.46562707599992
              ],
              [
                -47.26179753099996,
                -20.46784274299995
              ],
              [
                -47.258002509999926,
                -20.470001535999927
              ],
              [
                -47.25582762499994,
                -20.472424928999942
              ],
              [
                -47.254384358999914,
                -20.475669616999937
              ],
              [
                -47.25179582299995,
                -20.478031011999917
              ],
              [
                -47.246023290999915,
                -20.481026595999936
              ],
              [
                -47.23635350899991,
                -20.483890766999934
              ],
              [
                -47.228025127999956,
                -20.48772429899992
              ],
              [
                -47.21069361199994,
                -20.501734125999917
              ],
              [
                -47.20600857599993,
                -20.503124904999936
              ],
              [
                -47.199461406999944,
                -20.50330898699991
              ],
              [
                -47.19585408599994,
                -20.504347908999932
              ],
              [
                -47.18832449599995,
                -20.51017393399991
              ],
              [
                -47.18423273099995,
                -20.51245141399994
              ],
              [
                -47.15593678899995,
                -20.519120530999942
              ],
              [
                -47.15276837399995,
                -20.52140773499991
              ],
              [
                -47.151313660999904,
                -20.524245041999905
              ],
              [
                -47.150665560999926,
                -20.528650856999946
              ],
              [
                -47.14547187699992,
                -20.53412715299993
              ],
              [
                -47.146215050999956,
                -20.54091037099994
              ],
              [
                -47.1457155679999,
                -20.541898758999935
              ],
              [
                -47.14273805999994,
                -20.54321012999992
              ],
              [
                -47.14146314199991,
                -20.544659752999905
              ],
              [
                -47.13777220499992,
                -20.55787040599995
              ],
              [
                -47.13802491699994,
                -20.56069788499991
              ],
              [
                -47.1418519419999,
                -20.565319967999926
              ],
              [
                -47.14162190099995,
                -20.56779467499996
              ],
              [
                -47.139764261999915,
                -20.571166830999914
              ],
              [
                -47.133728970999925,
                -20.58469800599994
              ],
              [
                -47.12493582999991,
                -20.58974629499994
              ],
              [
                -47.122649199999955,
                -20.59189158199996
              ],
              [
                -47.12250690099995,
                -20.595459082999923
              ],
              [
                -47.12422824899994,
                -20.60189971199992
              ],
              [
                -47.12450771199991,
                -20.60491537999991
              ],
              [
                -47.12302136299991,
                -20.60878198699993
              ],
              [
                -47.113226755999904,
                -20.615672701999927
              ],
              [
                -47.111292163999906,
                -20.617958221999913
              ],
              [
                -47.11070445099995,
                -20.622588616999906
              ],
              [
                -47.11363361399992,
                -20.630879034999907
              ],
              [
                -47.11379701199991,
                -20.633776325999918
              ],
              [
                -47.110305894999954,
                -20.637319173999913
              ],
              [
                -47.10304759499991,
                -20.640643731999944
              ],
              [
                -47.09776571899994,
                -20.644255484999917
              ],
              [
                -47.097500244999935,
                -20.65617634399996
              ],
              [
                -47.09798124799994,
                -20.659048484999914
              ],
              [
                -47.09951592999994,
                -20.66193081399996
              ],
              [
                -47.101699347999954,
                -20.666467318999935
              ],
              [
                -47.09991532799995,
                -20.67784922699991
              ],
              [
                -47.10025574699995,
                -20.680875515999958
              ],
              [
                -47.102357610999945,
                -20.684182859999908
              ],
              [
                -47.112058644999934,
                -20.693854391999935
              ],
              [
                -47.11302308799992,
                -20.701974353999958
              ],
              [
                -47.11460207099992,
                -20.704823547999922
              ],
              [
                -47.11669646099995,
                -20.70583449299994
              ],
              [
                -47.12739052399991,
                -20.708043537999913
              ],
              [
                -47.13599934699994,
                -20.70642481099992
              ],
              [
                -47.14671879999992,
                -20.706126136999956
              ],
              [
                -47.15681999499992,
                -20.70370962699991
              ],
              [
                -47.16329553599991,
                -20.70154207799993
              ],
              [
                -47.16972959299994,
                -20.700493094999956
              ],
              [
                -47.1725022519999,
                -20.70983459799993
              ],
              [
                -47.17058924299994,
                -20.714274566999904
              ],
              [
                -47.17074937299992,
                -20.716126754999948
              ],
              [
                -47.17685210199994,
                -20.72353316099992
              ],
              [
                -47.17999243399993,
                -20.72570909299992
              ],
              [
                -47.18352867099992,
                -20.727758165999944
              ],
              [
                -47.185182880999946,
                -20.73013758299993
              ],
              [
                -47.17487232599996,
                -20.737104116999944
              ],
              [
                -47.180900281999925,
                -20.743181943999957
              ],
              [
                -47.183799421999936,
                -20.753647262999948
              ],
              [
                -47.18586147299993,
                -20.76391235199992
              ],
              [
                -47.188752561999934,
                -20.769655972999942
              ],
              [
                -47.193263499999944,
                -20.77226842199991
              ],
              [
                -47.20667497699992,
                -20.77575275199996
              ],
              [
                -47.209802587999945,
                -20.778969547999907
              ],
              [
                -47.21432977499995,
                -20.79102572799991
              ],
              [
                -47.22489666799993,
                -20.799454700999945
              ],
              [
                -47.22540540299991,
                -20.800984486999937
              ],
              [
                -47.224260271999924,
                -20.804274251999914
              ],
              [
                -47.22237115999991,
                -20.808025965999946
              ],
              [
                -47.21488304899992,
                -20.817753248999907
              ],
              [
                -47.21364943599991,
                -20.820905844999913
              ],
              [
                -47.21358010499995,
                -20.82344545099994
              ],
              [
                -47.22663908399994,
                -20.85554299499995
              ],
              [
                -47.23703301199993,
                -20.88032865799994
              ],
              [
                -47.237272376999954,
                -20.885572699999955
              ],
              [
                -47.228331142999934,
                -20.90204379799991
              ],
              [
                -47.22271138199994,
                -20.910487701999955
              ],
              [
                -47.213883349999946,
                -20.91716388699996
              ],
              [
                -47.20885870399991,
                -20.921996893999903
              ],
              [
                -47.19368367499993,
                -20.925726950999945
              ],
              [
                -47.190637291999906,
                -20.92731264799994
              ],
              [
                -47.188876481999955,
                -20.931055275999938
              ],
              [
                -47.189401898999904,
                -20.937923405999925
              ],
              [
                -47.188549260999935,
                -20.941295
              ],
              [
                -47.1853426909999,
                -20.946395219999943
              ],
              [
                -47.181321735999916,
                -20.94878755499991
              ],
              [
                -47.17331815299991,
                -20.95232016999995
              ],
              [
                -47.16115452299994,
                -20.963150225999925
              ],
              [
                -47.152511260999916,
                -20.968158899999935
              ],
              [
                -47.14840647199992,
                -20.972744947999956
              ],
              [
                -47.14571419299995,
                -20.977949983999906
              ],
              [
                -47.14502280399995,
                -20.98581441899995
              ],
              [
                -47.14968039699994,
                -20.99482821999993
              ],
              [
                -47.15236401499993,
                -21.007502949999946
              ],
              [
                -47.15458397999993,
                -21.011875164999935
              ],
              [
                -47.15670621299995,
                -21.015313319999905
              ],
              [
                -47.15703252199995,
                -21.02023145599992
              ],
              [
                -47.14863817999992,
                -21.035096451999948
              ],
              [
                -47.1473646419999,
                -21.04574311999994
              ],
              [
                -47.14725055699995,
                -21.05159623199995
              ],
              [
                -47.14234213599991,
                -21.06219036099992
              ],
              [
                -47.14048864999995,
                -21.070130021999944
              ],
              [
                -47.14154723999991,
                -21.078707030999908
              ],
              [
                -47.144013721999954,
                -21.083151147999956
              ],
              [
                -47.14444531399994,
                -21.086107185999936
              ],
              [
                -47.14248773399993,
                -21.08806269899992
              ],
              [
                -47.13558049099993,
                -21.088804189999905
              ],
              [
                -47.127209646999916,
                -21.100710826999943
              ],
              [
                -47.11918536399992,
                -21.102389690999928
              ],
              [
                -47.11626017099991,
                -21.104293152999958
              ],
              [
                -47.11415229599993,
                -21.106193728999926
              ],
              [
                -47.11415738699992,
                -21.10743417699996
              ],
              [
                -47.12012624999994,
                -21.11117822199992
              ],
              [
                -47.12356554899992,
                -21.114590364999913
              ],
              [
                -47.12821190299991,
                -21.12524928399995
              ],
              [
                -47.13301788199993,
                -21.130859279999925
              ],
              [
                -47.134707757999934,
                -21.134329374999936
              ],
              [
                -47.12935323999994,
                -21.141987942999947
              ],
              [
                -47.1205400849999,
                -21.148348967999937
              ],
              [
                -47.11892396499991,
                -21.151008256999944
              ],
              [
                -47.11917635799995,
                -21.15335124799992
              ],
              [
                -47.12328286299993,
                -21.161898025999903
              ],
              [
                -47.123901909999915,
                -21.166541627999948
              ],
              [
                -47.120602714999904,
                -21.17363949399993
              ],
              [
                -47.11928304299994,
                -21.18412791199995
              ],
              [
                -47.11609968599993,
                -21.18791107699991
              ],
              [
                -47.109376047999945,
                -21.194112625999935
              ],
              [
                -47.10020272899993,
                -21.20873429799991
              ],
              [
                -47.098117514999956,
                -21.210502125999938
              ],
              [
                -47.095263737999915,
                -21.210695673999908
              ],
              [
                -47.083424633999925,
                -21.20774517199993
              ],
              [
                -47.073365279999905,
                -21.208414486999914
              ],
              [
                -47.06605647899994,
                -21.20757473799995
              ],
              [
                -47.06428360099994,
                -21.208154178999905
              ],
              [
                -47.063601269999936,
                -21.20921050299995
              ],
              [
                -47.06916398199991,
                -21.21594693599991
              ],
              [
                -47.07165956699993,
                -21.222846399999924
              ],
              [
                -47.078978226999936,
                -21.229075104999936
              ],
              [
                -47.07917666499992,
                -21.235077649999937
              ],
              [
                -47.078751576999935,
                -21.238325421999946
              ],
              [
                -47.07699480699995,
                -21.239849271999958
              ],
              [
                -47.064221973999906,
                -21.238386052999942
              ],
              [
                -47.05954742599994,
                -21.239781356999913
              ],
              [
                -47.05700589999992,
                -21.24253294199991
              ],
              [
                -47.05265832199996,
                -21.249580366999908
              ],
              [
                -47.052035400999955,
                -21.25185596999995
              ],
              [
                -47.051128536999954,
                -21.25754771499993
              ],
              [
                -47.046213734999924,
                -21.264196841999933
              ],
              [
                -47.04514195899992,
                -21.266892068999937
              ],
              [
                -47.044091791999904,
                -21.27075206099994
              ],
              [
                -47.044045198999925,
                -21.274406176999946
              ],
              [
                -47.041646245999914,
                -21.278281867999908
              ],
              [
                -47.04334363399994,
                -21.284696658999906
              ],
              [
                -47.042652638999925,
                -21.288391889999957
              ],
              [
                -47.04117327499995,
                -21.29150802299995
              ],
              [
                -47.03596731899995,
                -21.295226981999917
              ],
              [
                -47.03289143599994,
                -21.296849410999926
              ],
              [
                -47.031220840999936,
                -21.299784815999942
              ],
              [
                -47.0317980129999,
                -21.301748862999943
              ],
              [
                -47.03547942299991,
                -21.306501528999945
              ],
              [
                -47.03566090599992,
                -21.308973304999938
              ],
              [
                -47.02692271399991,
                -21.314499964999925
              ],
              [
                -47.022931813999946,
                -21.32010084299992
              ],
              [
                -47.022621201999925,
                -21.322035941999957
              ],
              [
                -47.02334242799992,
                -21.32414411299993
              ],
              [
                -47.02366645899991,
                -21.327162937999958
              ],
              [
                -47.020827406999956,
                -21.334775645999912
              ],
              [
                -47.01629989799994,
                -21.341433021999933
              ],
              [
                -47.00525037099993,
                -21.348837123999942
              ],
              [
                -47.00208899099994,
                -21.34929088599995
              ],
              [
                -47.000099087999956,
                -21.34949989799992
              ],
              [
                -46.99898223899993,
                -21.350405549999948
              ],
              [
                -46.99767332899995,
                -21.35276310599994
              ],
              [
                -46.997611295999945,
                -21.35513238099992
              ],
              [
                -46.99920241299992,
                -21.360471613999948
              ],
              [
                -47.00412570499992,
                -21.36367909899991
              ],
              [
                -47.009089005999954,
                -21.369403940999916
              ],
              [
                -47.00819747399993,
                -21.375685750999935
              ],
              [
                -47.00666766699993,
                -21.378850864999947
              ],
              [
                -47.00639989299992,
                -21.380806238999924
              ],
              [
                -47.00768845899995,
                -21.38435817699991
              ],
              [
                -47.00783661499992,
                -21.387477529999956
              ],
              [
                -47.009498772999905,
                -21.39074292199996
              ],
              [
                -47.01494146899995,
                -21.39330802199993
              ],
              [
                -47.01710182699992,
                -21.39564645699994
              ],
              [
                -47.015590750999934,
                -21.400594448999925
              ],
              [
                -47.011296073999915,
                -21.405727047999903
              ],
              [
                -47.01032565499992,
                -21.40934195199992
              ],
              [
                -47.00920454199991,
                -21.41260579199991
              ],
              [
                -47.01299259199993,
                -21.417604918999928
              ],
              [
                -47.01252637099992,
                -21.420986009999922
              ],
              [
                -46.999667695999904,
                -21.42082970599995
              ],
              [
                -46.996643960999904,
                -21.42179153999996
              ],
              [
                -46.992916942999955,
                -21.42471000699993
              ],
              [
                -46.990985579999915,
                -21.42538568099991
              ],
              [
                -46.989611501999946,
                -21.422609783999917
              ],
              [
                -46.98812523999993,
                -21.42174101799992
              ],
              [
                -46.984567925999954,
                -21.42465457299994
              ],
              [
                -46.98008813699994,
                -21.42443766699995
              ],
              [
                -46.977706198999954,
                -21.421993605999944
              ],
              [
                -46.97559116299993,
                -21.421011216999943
              ],
              [
                -46.97455659299993,
                -21.41730420199991
              ],
              [
                -46.97365640899994,
                -21.416412884999943
              ],
              [
                -46.97237521699992,
                -21.416662662999954
              ],
              [
                -46.97151885499994,
                -21.41909846099992
              ],
              [
                -46.96889960099992,
                -21.420116944999904
              ],
              [
                -46.96322224399995,
                -21.418253647999904
              ],
              [
                -46.96100395099995,
                -21.419483663999927
              ],
              [
                -46.95778860599995,
                -21.422841732999927
              ],
              [
                -46.956046863999916,
                -21.423371542999917
              ],
              [
                -46.953631464999944,
                -21.42268773299992
              ],
              [
                -46.950496356999906,
                -21.42016188699995
              ],
              [
                -46.94469445599992,
                -21.419804676999945
              ],
              [
                -46.94189601399995,
                -21.422340678999944
              ],
              [
                -46.93877416399994,
                -21.422368948999917
              ],
              [
                -46.93474215099991,
                -21.423887170999933
              ],
              [
                -46.93196708599993,
                -21.423533808999935
              ],
              [
                -46.928196906999915,
                -21.421054598999945
              ],
              [
                -46.92591171899994,
                -21.420390622999946
              ],
              [
                -46.92352776999991,
                -21.42104566699993
              ],
              [
                -46.922352722999904,
                -21.423768998999947
              ],
              [
                -46.92124607499994,
                -21.424613697999916
              ],
              [
                -46.917566946999955,
                -21.422459493999952
              ],
              [
                -46.91312569099995,
                -21.419704938999928
              ],
              [
                -46.90413561999992,
                -21.417078387999936
              ],
              [
                -46.90077237199995,
                -21.41383279999991
              ],
              [
                -46.893883580999955,
                -21.413546890999953
              ],
              [
                -46.888327957999934,
                -21.409595039999942
              ],
              [
                -46.88542320599993,
                -21.40704854899991
              ],
              [
                -46.87911496799995,
                -21.403646238999954
              ],
              [
                -46.872147113999915,
                -21.403401954999936
              ],
              [
                -46.86703350899995,
                -21.401262687999917
              ],
              [
                -46.86567789299994,
                -21.39986375299992
              ],
              [
                -46.865015969999945,
                -21.396314325999924
              ],
              [
                -46.86265376599994,
                -21.39354799599994
              ],
              [
                -46.8570442699999,
                -21.39170058299993
              ],
              [
                -46.854869375999954,
                -21.39009165099992
              ],
              [
                -46.84947210999991,
                -21.388674417999937
              ],
              [
                -46.84347574199995,
                -21.388656651999952
              ],
              [
                -46.839188727999954,
                -21.384005171999945
              ],
              [
                -46.836824347999936,
                -21.382783436999944
              ],
              [
                -46.83560014799991,
                -21.380755869999916
              ],
              [
                -46.836469096999906,
                -21.378170948999923
              ],
              [
                -46.83551267099995,
                -21.37211743699993
              ],
              [
                -46.83358189599994,
                -21.368194170999914
              ],
              [
                -46.830177964999905,
                -21.365683034999904
              ],
              [
                -46.82695680499995,
                -21.365001529999915
              ],
              [
                -46.822568546999946,
                -21.36553286599991
              ],
              [
                -46.813434283999925,
                -21.369064298999945
              ],
              [
                -46.80705160699995,
                -21.370512892999955
              ],
              [
                -46.794110228999955,
                -21.371116145999906
              ],
              [
                -46.786817525999936,
                -21.372179263999953
              ],
              [
                -46.782733341999915,
                -21.370376294999915
              ],
              [
                -46.77731349699991,
                -21.36322180499991
              ],
              [
                -46.77469540099992,
                -21.361840103999953
              ],
              [
                -46.76932354599995,
                -21.36085953199995
              ],
              [
                -46.76473020299994,
                -21.360885610999958
              ],
              [
                -46.76083050699992,
                -21.361753951999958
              ],
              [
                -46.758211212999925,
                -21.36382246699992
              ],
              [
                -46.757670394999934,
                -21.36729237299994
              ],
              [
                -46.76107822499995,
                -21.374755446999927
              ],
              [
                -46.75944719799992,
                -21.378241509999953
              ],
              [
                -46.75491345699993,
                -21.381957908999937
              ],
              [
                -46.742725858999904,
                -21.387273459999903
              ],
              [
                -46.73681069399993,
                -21.39292034199991
              ],
              [
                -46.73279817699995,
                -21.393469636999953
              ],
              [
                -46.7261233829999,
                -21.392381948999912
              ],
              [
                -46.72204397899992,
                -21.389531199999908
              ],
              [
                -46.7200513919999,
                -21.389034674999948
              ],
              [
                -46.716149798999936,
                -21.39148397999992
              ],
              [
                -46.71001535999994,
                -21.400075625999932
              ],
              [
                -46.70691501099992,
                -21.40260235599993
              ],
              [
                -46.704954408999924,
                -21.402761957999928
              ],
              [
                -46.70227682399991,
                -21.401577164999935
              ],
              [
                -46.69865401299995,
                -21.39774701199991
              ],
              [
                -46.6914316349999,
                -21.382797136999955
              ],
              [
                -46.68568984199993,
                -21.37676432199993
              ],
              [
                -46.68211259799995,
                -21.37448836799996
              ],
              [
                -46.67928764499993,
                -21.373045817999923
              ],
              [
                -46.67411945799995,
                -21.371995693999907
              ],
              [
                -46.66891474799991,
                -21.364220109999906
              ],
              [
                -46.66724155399993,
                -21.362943233999943
              ],
              [
                -46.66388832599995,
                -21.362612903999946
              ],
              [
                -46.657397913999944,
                -21.364085013999954
              ],
              [
                -46.651064284999904,
                -21.362946609999938
              ],
              [
                -46.64827653499992,
                -21.36398680399992
              ],
              [
                -46.644088826999905,
                -21.370810381999945
              ],
              [
                -46.644380191999915,
                -21.373283987999912
              ],
              [
                -46.64766663599994,
                -21.377590341999905
              ],
              [
                -46.64770216099993,
                -21.38475838499994
              ],
              [
                -46.648719618999905,
                -21.388359865999917
              ],
              [
                -46.64808263799995,
                -21.392104815999915
              ],
              [
                -46.6451398129999,
                -21.399351285999956
              ],
              [
                -46.642581553999946,
                -21.402964589999954
              ],
              [
                -46.640104842999904,
                -21.40514852499996
              ],
              [
                -46.63649461299991,
                -21.410724606999906
              ],
              [
                -46.633809931999906,
                -21.412350355999934
              ],
              [
                -46.62728831699991,
                -21.41307190099991
              ],
              [
                -46.62502425999992,
                -21.414619307999942
              ],
              [
                -46.62365562699995,
                -21.416812377999918
              ],
              [
                -46.61958041199995,
                -21.41856793799991
              ],
              [
                -46.61868437599992,
                -21.420265066999946
              ],
              [
                -46.62143848799991,
                -21.425146705999907
              ],
              [
                -46.620731916999944,
                -21.426170233999926
              ],
              [
                -46.61720713799991,
                -21.42758615699995
              ],
              [
                -46.616707241999904,
                -21.42873769399995
              ],
              [
                -46.619756313999915,
                -21.43422730599991
              ],
              [
                -46.619653281999945,
                -21.436152427999957
              ],
              [
                -46.61529341599993,
                -21.440944936999927
              ],
              [
                -46.61067107999992,
                -21.443278424999903
              ],
              [
                -46.60549345699991,
                -21.44426977699993
              ],
              [
                -46.60282096199995,
                -21.443994132999933
              ],
              [
                -46.595553674999906,
                -21.438744928999938
              ],
              [
                -46.59035274899992,
                -21.436846905999914
              ],
              [
                -46.5851205429999,
                -21.434140577999926
              ],
              [
                -46.578882337999914,
                -21.42838430599994
              ],
              [
                -46.57640773799994,
                -21.427847666999924
              ],
              [
                -46.573473246999924,
                -21.42952904799995
              ],
              [
                -46.57139989199993,
                -21.435598402999915
              ],
              [
                -46.56913295499993,
                -21.437072718999957
              ],
              [
                -46.56297663099991,
                -21.439044762999913
              ],
              [
                -46.557551523999905,
                -21.44151427299994
              ],
              [
                -46.550076550999904,
                -21.440223381999942
              ],
              [
                -46.545207055999924,
                -21.44047925399991
              ],
              [
                -46.53753709499995,
                -21.447404
              ],
              [
                -46.53539918599995,
                -21.44824062799995
              ],
              [
                -46.53284596599991,
                -21.448065571999905
              ],
              [
                -46.52703615999991,
                -21.446261895999953
              ],
              [
                -46.52296538299993,
                -21.447006728999952
              ],
              [
                -46.52043414099995,
                -21.448967722999953
              ],
              [
                -46.51971611999994,
                -21.451013489999923
              ],
              [
                -46.51964493499992,
                -21.463084872999957
              ],
              [
                -46.51805060299995,
                -21.46477372599992
              ],
              [
                -46.51165284299992,
                -21.46668391299994
              ],
              [
                -46.51085088299993,
                -21.47279095899995
              ],
              [
                -46.51125920299995,
                -21.475919604999945
              ],
              [
                -46.51181309899994,
                -21.478994944999954
              ],
              [
                -46.51075249199994,
                -21.48658784199995
              ],
              [
                -46.5112697749999,
                -21.491360507999957
              ],
              [
                -46.5206655689999,
                -21.503099450999912
              ],
              [
                -46.520444255999905,
                -21.506393777999904
              ],
              [
                -46.51733438899993,
                -21.510818816999915
              ],
              [
                -46.517755483999906,
                -21.511902879999923
              ],
              [
                -46.52257802999992,
                -21.516042116999927
              ],
              [
                -46.52386441199991,
                -21.52513061399992
              ],
              [
                -46.52073460799994,
                -21.532857992999936
              ],
              [
                -46.51816220799992,
                -21.534817588999942
              ],
              [
                -46.511094778999905,
                -21.53768723199994
              ],
              [
                -46.50927883599991,
                -21.54287366899996
              ],
              [
                -46.50754845299991,
                -21.544684548999953
              ],
              [
                -46.503606318999914,
                -21.549069182999915
              ],
              [
                -46.502899364999905,
                -21.55732885799995
              ],
              [
                -46.505869514999915,
                -21.563904986999944
              ],
              [
                -46.51200782399991,
                -21.568001317999915
              ],
              [
                -46.52280818999992,
                -21.584285430999955
              ],
              [
                -46.5229482229999,
                -21.58805141399995
              ],
              [
                -46.520663784999954,
                -21.59198712299991
              ],
              [
                -46.52383274899995,
                -21.600948099999925
              ],
              [
                -46.52269833699995,
                -21.60389688899994
              ],
              [
                -46.520187620999934,
                -21.607894863999945
              ],
              [
                -46.520032243999935,
                -21.610340709999946
              ],
              [
                -46.52076185899995,
                -21.61156412999992
              ],
              [
                -46.530714281999906,
                -21.618986812999935
              ],
              [
                -46.53386016799993,
                -21.624864347999903
              ],
              [
                -46.536812691999955,
                -21.628217587999927
              ],
              [
                -46.54758545599992,
                -21.630947093999907
              ],
              [
                -46.54934691699992,
                -21.63228416299995
              ],
              [
                -46.55302331799993,
                -21.638729802999933
              ],
              [
                -46.55058823399992,
                -21.644184845999916
              ],
              [
                -46.55112914499995,
                -21.651078450999933
              ],
              [
                -46.55290074099992,
                -21.65261077699995
              ],
              [
                -46.558411547999924,
                -21.653825231999917
              ],
              [
                -46.563914462999946,
                -21.65540715399993
              ],
              [
                -46.56595413699995,
                -21.657628385999942
              ],
              [
                -46.56666125699991,
                -21.677876046999927
              ],
              [
                -46.56808975699994,
                -21.679718505999915
              ],
              [
                -46.571657486999925,
                -21.68157587999991
              ],
              [
                -46.57657658399995,
                -21.684295155999905
              ],
              [
                -46.57907451099993,
                -21.684589882999944
              ],
              [
                -46.583482733999915,
                -21.68291144999995
              ],
              [
                -46.59175976999995,
                -21.682506092999915
              ],
              [
                -46.597107509999944,
                -21.68039572999993
              ],
              [
                -46.603280000999916,
                -21.67947502399994
              ],
              [
                -46.611232902999916,
                -21.67649235999994
              ],
              [
                -46.61516527099991,
                -21.67643387699991
              ],
              [
                -46.6213490209999,
                -21.67724384999991
              ],
              [
                -46.62455266499995,
                -21.680490878999933
              ],
              [
                -46.625003256999946,
                -21.68964480199992
              ],
              [
                -46.6282216969999,
                -21.695354161999944
              ],
              [
                -46.63037159399994,
                -21.70456678599993
              ],
              [
                -46.62986949899994,
                -21.707552651999947
              ],
              [
                -46.625387900999954,
                -21.711877172999948
              ],
              [
                -46.623888793999924,
                -21.71644435299993
              ],
              [
                -46.627892010999915,
                -21.726347371999907
              ],
              [
                -46.62716631099994,
                -21.731866960999923
              ],
              [
                -46.63054072299991,
                -21.73987861599994
              ],
              [
                -46.63051267399993,
                -21.744653686999925
              ],
              [
                -46.62682384099992,
                -21.75404304099993
              ],
              [
                -46.62714134599992,
                -21.75987392299993
              ],
              [
                -46.62648909699993,
                -21.76372276999996
              ],
              [
                -46.62755464499992,
                -21.766282410999906
              ],
              [
                -46.63047534599991,
                -21.767485742999952
              ],
              [
                -46.635138482999935,
                -21.767803017999938
              ],
              [
                -46.63826214099993,
                -21.768882067999925
              ],
              [
                -46.64113422699995,
                -21.77171559699991
              ],
              [
                -46.64478578799992,
                -21.777126970999916
              ],
              [
                -46.65148555899992,
                -21.779645856999934
              ],
              [
                -46.651952603999916,
                -21.78171140099994
              ],
              [
                -46.65027414499991,
                -21.787558970999953
              ],
              [
                -46.65035204499992,
                -21.79051908999992
              ],
              [
                -46.6514304289999,
                -21.792888064999943
              ],
              [
                -46.66752629799993,
                -21.80820422399995
              ],
              [
                -46.66881168799995,
                -21.814377708999928
              ],
              [
                -46.67073482799992,
                -21.817599239999936
              ],
              [
                -46.68156019699995,
                -21.82622689099992
              ],
              [
                -46.688624543999936,
                -21.834074935999922
              ],
              [
                -46.68979950699992,
                -21.837058271999922
              ],
              [
                -46.68906656099995,
                -21.840817018999928
              ],
              [
                -46.68692901899993,
                -21.84339697899992
              ],
              [
                -46.68102391899993,
                -21.846686896999927
              ],
              [
                -46.67964923799991,
                -21.847452893999957
              ],
              [
                -46.6758454159999,
                -21.850941762999923
              ],
              [
                -46.671957182999904,
                -21.85065803099991
              ],
              [
                -46.66768695499991,
                -21.848578940999914
              ],
              [
                -46.66457697799996,
                -21.849253586999907
              ],
              [
                -46.663007884999956,
                -21.853460768999923
              ],
              [
                -46.66311220599994,
                -21.85892592999994
              ],
              [
                -46.65728892699991,
                -21.870011147999946
              ],
              [
                -46.65842357199995,
                -21.876833592999958
              ],
              [
                -46.655673977999925,
                -21.879417873999955
              ],
              [
                -46.65000491799992,
                -21.88042965199992
              ],
              [
                -46.64834616399992,
                -21.881334876999915
              ],
              [
                -46.64846739899991,
                -21.88650478699992
              ],
              [
                -46.651195307999956,
                -21.892895692999957
              ],
              [
                -46.65470516999994,
                -21.895449888999906
              ],
              [
                -46.66219767599995,
                -21.89806414599991
              ],
              [
                -46.66527412599993,
                -21.90002580999993
              ],
              [
                -46.67205663499993,
                -21.908908685999904
              ],
              [
                -46.67322447299995,
                -21.911643588999937
              ],
              [
                -46.672923613999956,
                -21.91384219999992
              ],
              [
                -46.67063968899993,
                -21.916252237999913
              ],
              [
                -46.666158440999936,
                -21.918072398999925
              ],
              [
                -46.66450646699991,
                -21.92123593699995
              ],
              [
                -46.66417389299994,
                -21.924951293999925
              ],
              [
                -46.66528263299995,
                -21.93498475699994
              ],
              [
                -46.663819152999906,
                -21.936907112999904
              ],
              [
                -46.66039170999994,
                -21.938812370999926
              ],
              [
                -46.656270322999944,
                -21.93993972699991
              ],
              [
                -46.65320856499994,
                -21.943474590999926
              ],
              [
                -46.652502771999934,
                -21.951506597999924
              ],
              [
                -46.65136164199993,
                -21.95466143799996
              ],
              [
                -46.64217579199993,
                -21.974418966999906
              ],
              [
                -46.63673575899992,
                -21.980258153999955
              ],
              [
                -46.6308846309999,
                -21.981961155999954
              ],
              [
                -46.62762473499993,
                -21.988305226999955
              ],
              [
                -46.62418173599991,
                -21.992967317999955
              ],
              [
                -46.62205198399994,
                -21.994633034999936
              ],
              [
                -46.61702548099993,
                -21.995697311999947
              ],
              [
                -46.61143778799993,
                -22.000851722999926
              ],
              [
                -46.60872969299993,
                -22.003989643999944
              ],
              [
                -46.607876639999915,
                -22.01023517199991
              ],
              [
                -46.60824120399991,
                -22.013222232999908
              ],
              [
                -46.61005927299993,
                -22.017361325999957
              ],
              [
                -46.61411348899992,
                -22.019395104999944
              ],
              [
                -46.61758266499993,
                -22.01969153899995
              ],
              [
                -46.62529392199991,
                -22.01822669099994
              ],
              [
                -46.62893525699991,
                -22.016451144999905
              ],
              [
                -46.644010529999946,
                -22.009406450999904
              ],
              [
                -46.646991992999915,
                -22.00905415899996
              ],
              [
                -46.649561296999934,
                -22.00996841299991
              ],
              [
                -46.65174482999993,
                -22.01250283999991
              ],
              [
                -46.65521002899993,
                -22.020204244999945
              ],
              [
                -46.65795987699994,
                -22.022584253999923
              ],
              [
                -46.663108493999914,
                -22.023997728999916
              ],
              [
                -46.674667248999924,
                -22.023238627999945
              ],
              [
                -46.67705766799992,
                -22.024229918999936
              ],
              [
                -46.680316826999956,
                -22.026975853999943
              ],
              [
                -46.68366548999995,
                -22.033577443999945
              ],
              [
                -46.683685460999925,
                -22.040606688999958
              ],
              [
                -46.67701507299995,
                -22.054571971999906
              ],
              [
                -46.673366563999934,
                -22.057163570999933
              ],
              [
                -46.66182471999991,
                -22.061281450999957
              ],
              [
                -46.659494466999945,
                -22.06369897399992
              ],
              [
                -46.659540818999915,
                -22.06540277499994
              ],
              [
                -46.66271496699994,
                -22.06802610199992
              ],
              [
                -46.66864268899991,
                -22.07062838199994
              ],
              [
                -46.679215047999946,
                -22.072948838999935
              ],
              [
                -46.68607766699995,
                -22.07459512899993
              ],
              [
                -46.6941752379999,
                -22.074916800999915
              ],
              [
                -46.703032314999916,
                -22.077014884999926
              ],
              [
                -46.71705742899991,
                -22.077562452999928
              ],
              [
                -46.720145276999915,
                -22.079380383999933
              ],
              [
                -46.72009483699992,
                -22.08173818599994
              ],
              [
                -46.71569847599994,
                -22.088837681999905
              ],
              [
                -46.71166894899994,
                -22.092019577999906
              ],
              [
                -46.70871549199995,
                -22.093389034999916
              ],
              [
                -46.70521818099991,
                -22.094144246999917
              ],
              [
                -46.69991444599992,
                -22.093924960999914
              ],
              [
                -46.69278944599995,
                -22.090442939999946
              ],
              [
                -46.689936222999904,
                -22.09065116599993
              ],
              [
                -46.687139886999944,
                -22.092897576999917
              ],
              [
                -46.67846143699995,
                -22.091390694999916
              ],
              [
                -46.67300046999992,
                -22.09541380199994
              ],
              [
                -46.66950776999994,
                -22.09661105099991
              ],
              [
                -46.66608606299991,
                -22.096091309999906
              ],
              [
                -46.65772274199992,
                -22.092675808999957
              ],
              [
                -46.65337881599993,
                -22.092250934999925
              ],
              [
                -46.64854933999993,
                -22.09225045799991
              ],
              [
                -46.6447622039999,
                -22.09348624499995
              ],
              [
                -46.63443546199994,
                -22.10592929099994
              ],
              [
                -46.63149914899992,
                -22.107603856999962
              ],
              [
                -46.623991393999916,
                -22.109149145999936
              ],
              [
                -46.62190975699991,
                -22.110926588999916
              ],
              [
                -46.6204167649999,
                -22.11334612099995
              ],
              [
                -46.62023425099994,
                -22.118254115999946
              ],
              [
                -46.6170710369999,
                -22.122696189999942
              ],
              [
                -46.616322649999915,
                -22.126767145999906
              ],
              [
                -46.61826443599995,
                -22.142853095999953
              ],
              [
                -46.6171799519999,
                -22.144296984999926
              ],
              [
                -46.61521291299994,
                -22.144870295999908
              ],
              [
                -46.61130530999992,
                -22.14448827399991
              ],
              [
                -46.60864959799994,
                -22.14534617299995
              ],
              [
                -46.60837772699995,
                -22.147154679999915
              ],
              [
                -46.610428673999934,
                -22.149269729999958
              ],
              [
                -46.6140540049999,
                -22.151024632999906
              ],
              [
                -46.622813702999906,
                -22.15356871599994
              ],
              [
                -46.6330458299999,
                -22.15556197399991
              ],
              [
                -46.63909794099993,
                -22.158458612999937
              ],
              [
                -46.64068666499992,
                -22.161965771999917
              ],
              [
                -46.641221522999956,
                -22.171981048999953
              ],
              [
                -46.64307165999992,
                -22.17459664899991
              ],
              [
                -46.64880620099996,
                -22.17927563899991
              ],
              [
                -46.66173538499993,
                -22.180342087999918
              ],
              [
                -46.66495291099994,
                -22.179355992999945
              ],
              [
                -46.67117524199995,
                -22.175617382999917
              ],
              [
                -46.672705392999944,
                -22.175601354999912
              ],
              [
                -46.67335228699994,
                -22.17687554099996
              ],
              [
                -46.67186302399995,
                -22.18331656199996
              ],
              [
                -46.67197899899992,
                -22.18690241999991
              ],
              [
                -46.67664407199993,
                -22.199648122999918
              ],
              [
                -46.67959440299995,
                -22.22048487199993
              ],
              [
                -46.68005905299992,
                -22.223027406999904
              ],
              [
                -46.68285599099994,
                -22.22645201599994
              ],
              [
                -46.69117355599991,
                -22.232860976999916
              ],
              [
                -46.69314099799993,
                -22.235171882999907
              ],
              [
                -46.69383500899994,
                -22.237489246999928
              ],
              [
                -46.69324292099992,
                -22.242881521999948
              ],
              [
                -46.6943847739999,
                -22.246521341999937
              ],
              [
                -46.69644897599994,
                -22.24984982399991
              ],
              [
                -46.70802142699995,
                -22.26041018299992
              ],
              [
                -46.71162358999993,
                -22.26610400599992
              ],
              [
                -46.71131901299992,
                -22.270697148999943
              ],
              [
                -46.71030694499996,
                -22.272094575999915
              ],
              [
                -46.70306370399993,
                -22.276753106999934
              ],
              [
                -46.7023407449999,
                -22.27830732399991
              ],
              [
                -46.70400642299995,
                -22.28194839999992
              ],
              [
                -46.70891559499995,
                -22.28509520399996
              ],
              [
                -46.709210395999946,
                -22.28753996699993
              ],
              [
                -46.708396826999945,
                -22.28964800199992
              ],
              [
                -46.70725691899992,
                -22.292063227999904
              ],
              [
                -46.706822591999924,
                -22.29563205599993
              ],
              [
                -46.70870328099994,
                -22.300020926999935
              ],
              [
                -46.71333914799993,
                -22.30416841999994
              ],
              [
                -46.72029718099992,
                -22.308920677999936
              ],
              [
                -46.721755936999955,
                -22.311111727999958
              ],
              [
                -46.72073818599995,
                -22.314155480999943
              ],
              [
                -46.71839675599995,
                -22.314919296999904
              ],
              [
                -46.71202472099992,
                -22.315107932999922
              ],
              [
                -46.70961754399991,
                -22.318412664999926
              ],
              [
                -46.70477000999995,
                -22.320939273999954
              ],
              [
                -46.69902131199996,
                -22.326148325999952
              ],
              [
                -46.69857878799991,
                -22.329350181999928
              ],
              [
                -46.698321327999906,
                -22.33175895699992
              ],
              [
                -46.69545716099992,
                -22.335878813999955
              ],
              [
                -46.697047152999914,
                -22.339703423999936
              ],
              [
                -46.696998778999955,
                -22.342314229999943
              ],
              [
                -46.69430444799991,
                -22.34477789899995
              ],
              [
                -46.69301176899995,
                -22.347833753999907
              ],
              [
                -46.687718842999914,
                -22.349848851999923
              ],
              [
                -46.68751870999995,
                -22.35492562299993
              ],
              [
                -46.68563749499992,
                -22.35705675199995
              ],
              [
                -46.68253209899996,
                -22.35860116899994
              ],
              [
                -46.68101581399992,
                -22.36275586799991
              ],
              [
                -46.6771064589999,
                -22.365293162999933
              ],
              [
                -46.67433786299995,
                -22.36832130299996
              ],
              [
                -46.67076140899991,
                -22.36790480299993
              ],
              [
                -46.664358285999924,
                -22.36554493299991
              ],
              [
                -46.66224596199993,
                -22.366305134999948
              ],
              [
                -46.661732817999905,
                -22.368012463999946
              ],
              [
                -46.662502881999956,
                -22.371644617999948
              ],
              [
                -46.666717640999934,
                -22.37818942499996
              ],
              [
                -46.66633567899993,
                -22.381445190999955
              ],
              [
                -46.66425689499994,
                -22.38531773099993
              ],
              [
                -46.663658151999925,
                -22.38813368399991
              ],
              [
                -46.663632426999925,
                -22.393471736999913
              ],
              [
                -46.665223598999944,
                -22.397485506999942
              ],
              [
                -46.668863795999926,
                -22.40249392599992
              ],
              [
                -46.66969881199992,
                -22.40587105599991
              ],
              [
                -46.66889104199993,
                -22.41024693199995
              ],
              [
                -46.6663985429999,
                -22.414365981999936
              ],
              [
                -46.66416963699993,
                -22.416836260999958
              ],
              [
                -46.65330800499993,
                -22.424185528999942
              ],
              [
                -46.64612007899996,
                -22.427016058999925
              ],
              [
                -46.63880280099994,
                -22.428377364999903
              ],
              [
                -46.62970552799993,
                -22.43467379899994
              ],
              [
                -46.62460360499995,
                -22.43612072199994
              ],
              [
                -46.6169016849999,
                -22.436692251999943
              ],
              [
                -46.611444838999944,
                -22.438277374999927
              ],
              [
                -46.60462026599993,
                -22.442787369999905
              ],
              [
                -46.59062488699993,
                -22.440600717999928
              ],
              [
                -46.584880168999916,
                -22.440538820999905
              ],
              [
                -46.580167170999914,
                -22.441997099999924
              ],
              [
                -46.576240482999935,
                -22.44450737099993
              ],
              [
                -46.576145907999944,
                -22.449308773999917
              ],
              [
                -46.574403307999944,
                -22.451040891999924
              ],
              [
                -46.56966591399993,
                -22.450860383999952
              ],
              [
                -46.55919203199994,
                -22.44783851199992
              ],
              [
                -46.556546073999925,
                -22.44825568099992
              ],
              [
                -46.55281068499994,
                -22.450597820999917
              ],
              [
                -46.54915721599991,
                -22.45603202299992
              ],
              [
                -46.551163361999954,
                -22.460496513999942
              ],
              [
                -46.55107701199995,
                -22.464578753999945
              ],
              [
                -46.54887482099991,
                -22.467018865999933
              ],
              [
                -46.54621814399991,
                -22.467755606999958
              ],
              [
                -46.53580895899995,
                -22.467119373999935
              ],
              [
                -46.53384011199995,
                -22.468023329999937
              ],
              [
                -46.531589434999944,
                -22.47049785699994
              ],
              [
                -46.53141772099991,
                -22.47528112799995
              ],
              [
                -46.537086135999914,
                -22.48505566999995
              ],
              [
                -46.54036196299995,
                -22.491056470999922
              ],
              [
                -46.54019709699992,
                -22.492681810999954
              ],
              [
                -46.538639778999936,
                -22.49444381099994
              ],
              [
                -46.4938717899999,
                -22.510144321999917
              ],
              [
                -46.4913156689999,
                -22.512661473999913
              ],
              [
                -46.4879624859999,
                -22.52253733099991
              ],
              [
                -46.485090516999946,
                -22.523470077999946
              ],
              [
                -46.474119465999934,
                -22.518937484999924
              ],
              [
                -46.471283359999916,
                -22.518743671999914
              ],
              [
                -46.464380028999926,
                -22.522001658999955
              ],
              [
                -46.45814528599993,
                -22.522626657999922
              ],
              [
                -46.45520399299994,
                -22.523894128999927
              ],
              [
                -46.449994756999956,
                -22.528509394999958
              ],
              [
                -46.44750584299993,
                -22.531997161999925
              ],
              [
                -46.44468150299991,
                -22.533557789999918
              ],
              [
                -46.43962978299993,
                -22.540623439999933
              ],
              [
                -46.43292430799994,
                -22.54274953199996
              ],
              [
                -46.42730251099994,
                -22.546882590999928
              ],
              [
                -46.4222009099999,
                -22.547104231999924
              ],
              [
                -46.41824589799995,
                -22.54364216299996
              ],
              [
                -46.41362476799992,
                -22.536744073999955
              ],
              [
                -46.40949350299991,
                -22.536822452999957
              ],
              [
                -46.40686467199993,
                -22.540480372999923
              ],
              [
                -46.40699475899993,
                -22.543599428999926
              ],
              [
                -46.40812405899993,
                -22.546254364999925
              ],
              [
                -46.41199488399991,
                -22.55284921699996
              ],
              [
                -46.416018883999925,
                -22.557102959999952
              ],
              [
                -46.426754270999936,
                -22.56264302799991
              ],
              [
                -46.43271856799993,
                -22.569868759999906
              ],
              [
                -46.432639122999944,
                -22.57305195099991
              ],
              [
                -46.43014535799995,
                -22.576586367999937
              ],
              [
                -46.4286416459999,
                -22.581645157999958
              ],
              [
                -46.42652224299991,
                -22.58283141299995
              ],
              [
                -46.42268824899992,
                -22.582850719999954
              ],
              [
                -46.41688627399992,
                -22.58387911199992
              ],
              [
                -46.41512498499992,
                -22.585767408999914
              ],
              [
                -46.41451493799991,
                -22.587774495999952
              ],
              [
                -46.41588940799994,
                -22.590076515999954
              ],
              [
                -46.42076944799993,
                -22.593063509999922
              ],
              [
                -46.42446776499992,
                -22.597587483999916
              ],
              [
                -46.41759233199991,
                -22.603323265999904
              ],
              [
                -46.41355498099995,
                -22.607710330999907
              ],
              [
                -46.41086624299993,
                -22.613134910999918
              ],
              [
                -46.408970919999945,
                -22.61536295199994
              ],
              [
                -46.405863266999916,
                -22.61885468999992
              ],
              [
                -46.40552842499994,
                -22.62266703699993
              ],
              [
                -46.407006304999925,
                -22.62341541099994
              ],
              [
                -46.417103478999934,
                -22.62334466799996
              ],
              [
                -46.423214635999955,
                -22.62440206599996
              ],
              [
                -46.424769142999935,
                -22.62667468399991
              ],
              [
                -46.42520936099993,
                -22.63004615199992
              ],
              [
                -46.42304121199993,
                -22.63620046899996
              ],
              [
                -46.42178837699993,
                -22.637702324999907
              ],
              [
                -46.41927356699995,
                -22.638775864999957
              ],
              [
                -46.40835978399991,
                -22.640835770999956
              ],
              [
                -46.397390585999915,
                -22.646599763999916
              ],
              [
                -46.39445291599992,
                -22.651528362999954
              ],
              [
                -46.394247391999954,
                -22.656610066999917
              ],
              [
                -46.39519865199992,
                -22.663157094999917
              ],
              [
                -46.399191850999955,
                -22.66814444399995
              ],
              [
                -46.40380586899994,
                -22.66994926299992
              ],
              [
                -46.40548117599991,
                -22.669389129999956
              ],
              [
                -46.40687606999995,
                -22.662948541999924
              ],
              [
                -46.40809259799994,
                -22.661491509999905
              ],
              [
                -46.413087368999925,
                -22.660885769999936
              ],
              [
                -46.41699425199994,
                -22.661733221999953
              ],
              [
                -46.42390403199994,
                -22.662558721999915
              ],
              [
                -46.42897313099991,
                -22.661274868999953
              ],
              [
                -46.43121531599991,
                -22.661402133999957
              ],
              [
                -46.44693975699994,
                -22.667903615999933
              ],
              [
                -46.45151415799995,
                -22.669794203999913
              ],
              [
                -46.45674408199994,
                -22.670549958999914
              ],
              [
                -46.459678185999906,
                -22.67130814299992
              ],
              [
                -46.46144612299992,
                -22.674638434999906
              ],
              [
                -46.46291314899992,
                -22.67552077399995
              ],
              [
                -46.46432611599994,
                -22.67550879399994
              ],
              [
                -46.46860932499993,
                -22.673308409999947
              ],
              [
                -46.47071664799995,
                -22.673218376999955
              ],
              [
                -46.47431072099994,
                -22.674464384999908
              ],
              [
                -46.480171190999954,
                -22.677945199999954
              ],
              [
                -46.48085190699993,
                -22.67941116299994
              ],
              [
                -46.48059661499991,
                -22.682906544999923
              ],
              [
                -46.47451776299994,
                -22.688377273999947
              ],
              [
                -46.47091975199993,
                -22.690842140999905
              ],
              [
                -46.47039603399992,
                -22.693029389999936
              ],
              [
                -46.471943465999914,
                -22.69489120399993
              ],
              [
                -46.47696873099994,
                -22.697334266999917
              ],
              [
                -46.47783778099995,
                -22.699446833999957
              ],
              [
                -46.47612060799992,
                -22.701004715999943
              ],
              [
                -46.470058680999955,
                -22.701653207999925
              ],
              [
                -46.466149371999904,
                -22.702203932999907
              ],
              [
                -46.46229884299993,
                -22.70511810599993
              ],
              [
                -46.45830986699991,
                -22.70604441899991
              ],
              [
                -46.4571677159999,
                -22.70894302599993
              ],
              [
                -46.45697776499992,
                -22.717949063999924
              ],
              [
                -46.45537494999991,
                -22.722821505999946
              ],
              [
                -46.45373167899993,
                -22.725011669999958
              ],
              [
                -46.44938173999992,
                -22.726066010999944
              ],
              [
                -46.44585467999991,
                -22.72594253999995
              ],
              [
                -46.442906025999946,
                -22.72681666299991
              ],
              [
                -46.439132326999925,
                -22.726378173999933
              ],
              [
                -46.434964694999906,
                -22.731340520999936
              ],
              [
                -46.42911145799991,
                -22.733567765999908
              ],
              [
                -46.42656969199993,
                -22.733724872999915
              ],
              [
                -46.42329782399992,
                -22.73222265599992
              ],
              [
                -46.419913710999936,
                -22.73210588099994
              ],
              [
                -46.417313909999905,
                -22.732626226999912
              ],
              [
                -46.414847479999935,
                -22.734188245999917
              ],
              [
                -46.409457457999906,
                -22.738097764999907
              ],
              [
                -46.40168037099994,
                -22.73872780399995
              ],
              [
                -46.39288846099993,
                -22.742419924999922
              ],
              [
                -46.386495924999906,
                -22.740129847999924
              ],
              [
                -46.38066104599994,
                -22.74356635199996
              ],
              [
                -46.376567586999954,
                -22.744781135999915
              ],
              [
                -46.37374413799995,
                -22.74575684699994
              ],
              [
                -46.37138365499993,
                -22.747794873999908
              ],
              [
                -46.36080868399995,
                -22.759441935999916
              ],
              [
                -46.35255033099992,
                -22.758087167999918
              ],
              [
                -46.342322260999936,
                -22.75967474199996
              ],
              [
                -46.33433236399992,
                -22.75991921499991
              ],
              [
                -46.331987531999914,
                -22.761588228999926
              ],
              [
                -46.33340017599994,
                -22.764651280999942
              ],
              [
                -46.335080373999915,
                -22.766493587999946
              ],
              [
                -46.34225343399993,
                -22.769556009999917
              ],
              [
                -46.343844549999915,
                -22.77432183499991
              ],
              [
                -46.348345974999916,
                -22.77747566699992
              ],
              [
                -46.35087217899991,
                -22.782724621999932
              ],
              [
                -46.353179653999916,
                -22.784360935999928
              ],
              [
                -46.35857170399993,
                -22.786288446999947
              ],
              [
                -46.3637236589999,
                -22.79173192099995
              ],
              [
                -46.370048227999916,
                -22.800931376999927
              ],
              [
                -46.37092693499994,
                -22.80889416699995
              ],
              [
                -46.37299182899994,
                -22.814001107999957
              ],
              [
                -46.37476297199993,
                -22.81736031099996
              ],
              [
                -46.37650805099992,
                -22.825612727999953
              ],
              [
                -46.371807548999925,
                -22.836185514999954
              ],
              [
                -46.37196950799995,
                -22.83814652199993
              ],
              [
                -46.373941214999945,
                -22.84109543799991
              ],
              [
                -46.37462457399994,
                -22.84434090399992
              ],
              [
                -46.37380772599994,
                -22.85247734099994
              ],
              [
                -46.37443354099992,
                -22.860054488999936
              ],
              [
                -46.37562364599995,
                -22.861349549999943
              ],
              [
                -46.3818794149999,
                -22.864075443999923
              ],
              [
                -46.38476744499991,
                -22.868673413999943
              ],
              [
                -46.382215250999934,
                -22.869730534999917
              ],
              [
                -46.37738009599991,
                -22.86972670399996
              ],
              [
                -46.37646986199991,
                -22.869888218999904
              ],
              [
                -46.3760474579999,
                -22.87104822099991
              ],
              [
                -46.377093636999916,
                -22.876147948999915
              ],
              [
                -46.37292955499993,
                -22.87808635999994
              ],
              [
                -46.36357719499995,
                -22.89246911099991
              ],
              [
                -46.358372808999945,
                -22.89598901799991
              ],
              [
                -46.356372937999936,
                -22.897356638999952
              ],
              [
                -46.350274053999954,
                -22.898348091999935
              ],
              [
                -46.34628088499994,
                -22.902087017999918
              ],
              [
                -46.33667559899993,
                -22.895576165999955
              ],
              [
                -46.31625872299992,
                -22.88638272499992
              ],
              [
                -46.31084094699992,
                -22.886924705999945
              ],
              [
                -46.30275483899993,
                -22.89252797499995
              ],
              [
                -46.29852322699992,
                -22.894567469999913
              ],
              [
                -46.29559053199995,
                -22.895009967999954
              ],
              [
                -46.293953736999924,
                -22.89478794599995
              ],
              [
                -46.29162465199994,
                -22.893089105999934
              ],
              [
                -46.28420366599994,
                -22.88360518099995
              ],
              [
                -46.275953530999914,
                -22.87688062099994
              ],
              [
                -46.27050421899992,
                -22.875210755999944
              ],
              [
                -46.26676780199995,
                -22.875021804999903
              ],
              [
                -46.26408940999994,
                -22.876523483999904
              ],
              [
                -46.262743352999905,
                -22.87951182799992
              ],
              [
                -46.26060535399995,
                -22.887094520999938
              ],
              [
                -46.256931720999944,
                -22.889214757999923
              ],
              [
                -46.25283553799994,
                -22.88941985999992
              ],
              [
                -46.24364729999991,
                -22.88816146499994
              ],
              [
                -46.23878268699991,
                -22.890878158999953
              ],
              [
                -46.23714389899993,
                -22.889292088999923
              ],
              [
                -46.23601619599992,
                -22.88489502199991
              ],
              [
                -46.2332962129999,
                -22.881331260999957
              ],
              [
                -46.22629852299991,
                -22.87937614099991
              ],
              [
                -46.219921960999955,
                -22.876188012999933
              ],
              [
                -46.21431661399993,
                -22.87479684999994
              ],
              [
                -46.20373251399991,
                -22.86987782199992
              ],
              [
                -46.20056122199992,
                -22.869137880999915
              ],
              [
                -46.19838514499992,
                -22.868418384999927
              ],
              [
                -46.19532572399993,
                -22.864998200999935
              ],
              [
                -46.1932495179999,
                -22.864083085999937
              ],
              [
                -46.19110428999994,
                -22.864328920999924
              ],
              [
                -46.18631744499993,
                -22.86733881799995
              ],
              [
                -46.1837768769999,
                -22.867724364999958
              ],
              [
                -46.17419612599991,
                -22.866327147999925
              ],
              [
                -46.159221507999916,
                -22.862573425999926
              ],
              [
                -46.149027375999935,
                -22.855693887999905
              ],
              [
                -46.14680871099995,
                -22.855385992999913
              ],
              [
                -46.14529112699995,
                -22.85622225299994
              ],
              [
                -46.14372556099994,
                -22.858906472999934
              ],
              [
                -46.14280339399994,
                -22.86922425499995
              ],
              [
                -46.14448921399992,
                -22.878873481999904
              ],
              [
                -46.143307647999904,
                -22.881037418999938
              ],
              [
                -46.1392802819999,
                -22.884534085999917
              ],
              [
                -46.1387381909999,
                -22.889912221999907
              ],
              [
                -46.14257192499991,
                -22.898907006999934
              ],
              [
                -46.149145820999934,
                -22.906523
              ],
              [
                -46.15512019199991,
                -22.910470654999926
              ],
              [
                -46.15525039699992,
                -22.914075871999955
              ],
              [
                -46.15386386299991,
                -22.91526016699993
              ],
              [
                -46.151949446999936,
                -22.91547541199992
              ],
              [
                -46.14833130499994,
                -22.915271902999905
              ],
              [
                -46.14193302399991,
                -22.918642838999915
              ],
              [
                -46.13761533399992,
                -22.91896106799993
              ],
              [
                -46.12644361799994,
                -22.910264278999932
              ],
              [
                -46.118496775999915,
                -22.906896383999936
              ],
              [
                -46.11241666399991,
                -22.90541970599992
              ],
              [
                -46.10916317899995,
                -22.90461803699992
              ],
              [
                -46.105411731999936,
                -22.902495160999933
              ],
              [
                -46.096140487999946,
                -22.89608593899993
              ],
              [
                -46.082264969999926,
                -22.890247038999917
              ],
              [
                -46.077620091999904,
                -22.890076260999933
              ],
              [
                -46.073401986999954,
                -22.892045052999947
              ],
              [
                -46.071470948999945,
                -22.892495823999923
              ],
              [
                -46.06514291399992,
                -22.891649721999954
              ],
              [
                -46.057904923999956,
                -22.895574849999946
              ],
              [
                -46.05571442999991,
                -22.895911277999915
              ],
              [
                -46.051052575999904,
                -22.895145845999934
              ],
              [
                -46.03045769199991,
                -22.885590743999956
              ],
              [
                -46.02824388512172,
                -22.8854486477073
              ],
              [
                -46.051402,
                -22.89690829999995
              ]
            ],
            [
              [
                -50.28363217099991,
                -22.36858753699994
              ],
              [
                -50.2723654479999,
                -22.370628490999934
              ],
              [
                -50.283631199999945,
                -22.368587547999937
              ],
              [
                -50.28370873499995,
                -22.368573134999906
              ],
              [
                -50.28363217099991,
                -22.36858753699994
              ]
            ],
            [
              [
                -49.99241176999993,
                -20.442113870999947
              ],
              [
                -50.00705476099995,
                -20.439194674999953
              ],
              [
                -49.987543710999944,
                -20.443084407999947
              ],
              [
                -49.99241176999993,
                -20.442113870999947
              ]
            ],
            [
              [
                -46.79578400126397,
                -21.849739780700595
              ],
              [
                -46.780644443999904,
                -21.85443550599996
              ],
              [
                -46.79578384799993,
                -21.84973951799992
              ],
              [
                -46.79578400126397,
                -21.849739780700595
              ]
            ]
          ]
        ]
      }
    },
    {
      "type": "Feature",
      "properties": {
        "rhi_cd": 6.0,
        "rhi_nm": "ATLÂNTICO SUL",
        "rhi_sg": "I",
        "rhi_ar_km2": 187488.966356,
        "descricao": "Região Hidrográfica ATLÂNTICO SUL (Porção SP)"
      },
      "geometry": {
        "type": "MultiPolygon",
        "coordinates": [
          [
            [
              [
                -48.509152489862956,
                -25.072358235992727
              ],
              [
                -48.507237957999905,
                -25.074617718999946
              ],
              [
                -48.507173767999916,
                -25.078483125999924
              ],
              [
                -48.50991434699995,
                -25.08174925599991
              ],
              [
                -48.51596823599254,
                -25.08594928085975
              ],
              [
                -48.509152489862956,
                -25.072358235992727
              ]
            ]
          ],
          [
            [
              [
                -48.47445259999995,
                -25.01458219999995
              ],
              [
                -48.456101089265125,
                -25.00532543529667
              ],
              [
                -48.457332240999904,
                -25.006287004999933
              ],
              [
                -48.4715599349999,
                -25.013322944999913
              ],
              [
                -48.4738615359999,
                -25.017144731999906
              ],
              [
                -48.47400276299993,
                -25.024363430999927
              ],
              [
                -48.475949139999955,
                -25.027840403999903
              ],
              [
                -48.47962882867844,
                -25.032603126354235
              ],
              [
                -48.47445259999995,
                -25.01458219999995
              ]
            ]
          ],
          [
            [
              [
                -48.408236199999976,
                -24.98118169999998
              ],
              [
                -48.401110032661485,
                -24.985090844772888
              ],
              [
                -48.41003238999991,
                -24.985289974999944
              ],
              [
                -48.42206913799993,
                -24.989179889999946
              ],
              [
                -48.424756728182274,
                -24.98951489089457
              ],
              [
                -48.408236199999976,
                -24.98118169999998
              ]
            ]
          ],
          [
            [
              [
                -48.378952,
                -24.99724589999994
              ],
              [
                -48.349003299999936,
                -25.037115299999982
              ],
              [
                -48.34794753293098,
                -25.037266119655545
              ],
              [
                -48.350450820999924,
                -25.038193286999956
              ],
              [
                -48.35522334099994,
                -25.037606539999956
              ],
              [
                -48.35877419299993,
                -25.03456970499991
              ],
              [
                -48.362164299999904,
                -25.02677557699991
              ],
              [
                -48.365331847999926,
                -25.022341437999955
              ],
              [
                -48.36959916099994,
                -25.019189413999925
              ],
              [
                -48.376589544999945,
                -25.011628697999924
              ],
              [
                -48.3787426049999,
                -25.005738891999954
              ],
              [
                -48.380123004999916,
                -25.000025326999946
              ],
              [
                -48.390121550999936,
                -24.99267902899993
              ],
              [
                -48.39343750256729,
                -24.98929970340447
              ],
              [
                -48.378952,
                -24.99724589999994
              ]
            ]
          ],
          [
            [
              [
                -48.302048769166696,
                -25.032911783100605
              ],
              [
                -48.3014551519999,
                -25.036168025999928
              ],
              [
                -48.302249296999946,
                -25.039017611999952
              ],
              [
                -48.30969593599991,
                -25.049996757999907
              ],
              [
                -48.32015288899993,
                -25.06121698399994
              ],
              [
                -48.32562551154158,
                -25.065302505886326
              ],
              [
                -48.302048769166696,
                -25.032911783100605
              ]
            ]
          ],
          [
            [
              [
                -48.281157399999984,
                -25.036497899999972
              ],
              [
                -48.27728209999998,
                -25.00932949999998
              ],
              [
                -48.26614129999996,
                -24.994482199999936
              ],
              [
                -48.25826127373181,
                -24.995737777193362
              ],
              [
                -48.25795402299991,
                -25.001022322999916
              ],
              [
                -48.2605933989999,
                -25.006891460999952
              ],
              [
                -48.26208205599994,
                -25.013487954999903
              ],
              [
                -48.26371958899995,
                -25.017117724999935
              ],
              [
                -48.2705104769999,
                -25.024446192999903
              ],
              [
                -48.27148706499992,
                -25.030286532999924
              ],
              [
                -48.27613244399993,
                -25.03600284199996
              ],
              [
                -48.28047114599991,
                -25.038657008999905
              ],
              [
                -48.28467034499994,
                -25.038812349999944
              ],
              [
                -48.28526147565225,
                -25.038230208200098
              ],
              [
                -48.281157399999984,
                -25.036497899999972
              ]
            ]
          ],
          [
            [
              [
                -48.25493929999993,
                -24.98317339999994
              ],
              [
                -48.24959659999996,
                -24.980296899999928
              ],
              [
                -48.23525719999998,
                -24.996143099999983
              ],
              [
                -48.21067939999995,
                -24.957966099999965
              ],
              [
                -48.19873639999997,
                -24.957041799999956
              ],
              [
                -48.18067419999994,
                -24.970125499999938
              ],
              [
                -48.15976469999998,
                -24.967424799999947
              ],
              [
                -48.13962819999995,
                -24.985206199999936
              ],
              [
                -48.11156659999995,
                -24.976468799999964
              ],
              [
                -48.09515529999993,
                -24.985118499999942
              ],
              [
                -48.097595799999965,
                -24.96232809999998
              ],
              [
                -48.07761379999994,
                -24.95374309999994
              ],
              [
                -48.050033,
                -24.956300099999964
              ],
              [
                -48.03538839999993,
                -24.966983399999947
              ],
              [
                -48.02590639999994,
                -24.948842599999978
              ],
              [
                -48.04581619999993,
                -24.927364199999943
              ],
              [
                -48.03644509999998,
                -24.91350879999993
              ],
              [
                -48.03669069999995,
                -24.893405299999984
              ],
              [
                -48.05600949999996,
                -24.845228899999938
              ],
              [
                -48.04375989999994,
                -24.83287649999994
              ],
              [
                -48.007686099999944,
                -24.850350399999968
              ],
              [
                -47.992958,
                -24.846271599999966
              ],
              [
                -47.98235829999993,
                -24.866328
              ],
              [
                -47.958691699999974,
                -24.87769
              ],
              [
                -47.952818,
                -24.835578299999952
              ],
              [
                -47.916331,
                -24.855768199999943
              ],
              [
                -47.91396609999998,
                -24.83826179999994
              ],
              [
                -47.937800799999934,
                -24.812625199999957
              ],
              [
                -47.92789689999995,
                -24.783592399999975
              ],
              [
                -47.94286679999993,
                -24.767841399999952
              ],
              [
                -47.89189179999994,
                -24.776199899999938
              ],
              [
                -47.88950379999994,
                -24.78620849999993
              ],
              [
                -47.86878969999998,
                -24.797569099999976
              ],
              [
                -47.84749889999995,
                -24.78552549999995
              ],
              [
                -47.85203279999996,
                -24.768674199999964
              ],
              [
                -47.82536649999997,
                -24.757704
              ],
              [
                -47.81332539999994,
                -24.77803369999998
              ],
              [
                -47.798449199999936,
                -24.780213299999957
              ],
              [
                -47.755907399999955,
                -24.809072699999945
              ],
              [
                -47.72685889999997,
                -24.788296599999967
              ],
              [
                -47.70221449999997,
                -24.786766499999942
              ],
              [
                -47.668344299999944,
                -24.76853639999996
              ],
              [
                -47.64249309999997,
                -24.72942519999998
              ],
              [
                -47.604763,
                -24.69380309999997
              ],
              [
                -47.588868787708044,
                -24.688589175930325
              ],
              [
                -47.58837812599995,
                -24.68874426499991
              ],
              [
                -47.58503878899995,
                -24.688179574999936
              ],
              [
                -47.58340900999991,
                -24.68681113799994
              ],
              [
                -47.583407847025555,
                -24.68679777352898
              ],
              [
                -47.56723885023421,
                -24.681493709382618
              ],
              [
                -47.566639462999944,
                -24.68186944799993
              ],
              [
                -47.56622628699995,
                -24.68393136599991
              ],
              [
                -47.567111533999935,
                -24.68493018399994
              ],
              [
                -47.570660636999946,
                -24.686296143999925
              ],
              [
                -47.57156214399993,
                -24.692911043999914
              ],
              [
                -47.57059162999991,
                -24.697323782999945
              ],
              [
                -47.56645171899993,
                -24.70503461699991
              ],
              [
                -47.563846921999925,
                -24.713454485999932
              ],
              [
                -47.56421608699992,
                -24.717697856999905
              ],
              [
                -47.56962054399992,
                -24.72243379999992
              ],
              [
                -47.58423012499992,
                -24.731640254999945
              ],
              [
                -47.594402231999936,
                -24.73592532999993
              ],
              [
                -47.60610013099995,
                -24.741535832999944
              ],
              [
                -47.62825502599992,
                -24.754677314999924
              ],
              [
                -47.63525111799993,
                -24.760575556999925
              ],
              [
                -47.65370596899993,
                -24.77290408199991
              ],
              [
                -47.66605910099992,
                -24.78464260699991
              ],
              [
                -47.67024147810659,
                -24.788238425552173
              ],
              [
                -47.68212470570383,
                -24.79725381705402
              ],
              [
                -47.71749059399991,
                -24.819487834999904
              ],
              [
                -47.721234515999924,
                -24.822418935999906
              ],
              [
                -47.72415233699991,
                -24.827706978999913
              ],
              [
                -47.7255123999999,
                -24.828177290999918
              ],
              [
                -47.730176007999944,
                -24.82592133499992
              ],
              [
                -47.72783225699993,
                -24.823654968999904
              ],
              [
                -47.72786200699994,
                -24.822765240999956
              ],
              [
                -47.73187167599991,
                -24.82421633799993
              ],
              [
                -47.73398703799995,
                -24.824194641999952
              ],
              [
                -47.73557010299993,
                -24.822984551999923
              ],
              [
                -47.737121947999924,
                -24.819922362999932
              ],
              [
                -47.739212187999954,
                -24.816408688999957
              ],
              [
                -47.738663140999904,
                -24.822841
              ],
              [
                -47.73992608599991,
                -24.82334864799992
              ],
              [
                -47.74250447499992,
                -24.822747775999915
              ],
              [
                -47.743304835999936,
                -24.823576356999922
              ],
              [
                -47.74209355799991,
                -24.824804483999912
              ],
              [
                -47.733443182999906,
                -24.826655927999923
              ],
              [
                -47.73318048699991,
                -24.827826143999914
              ],
              [
                -47.73467569899992,
                -24.82995038599995
              ],
              [
                -47.734787987983225,
                -24.830081614751457
              ],
              [
                -47.738338997857376,
                -24.833088395081155
              ],
              [
                -47.74205553099995,
                -24.834332871999948
              ],
              [
                -47.74336477960909,
                -24.837343923014878
              ],
              [
                -47.758656199693846,
                -24.85029177243051
              ],
              [
                -47.775074341999925,
                -24.861123376999956
              ],
              [
                -47.785331062999944,
                -24.870737236999958
              ],
              [
                -47.791279895999935,
                -24.87691060499992
              ],
              [
                -47.79814245999995,
                -24.87537342999991
              ],
              [
                -47.804266663999954,
                -24.878734994999945
              ],
              [
                -47.80597583999992,
                -24.877627696999923
              ],
              [
                -47.80575582999995,
                -24.87400700099994
              ],
              [
                -47.80332676599994,
                -24.87099331299993
              ],
              [
                -47.800777145999916,
                -24.869714505999923
              ],
              [
                -47.79713975899995,
                -24.867989697999917
              ],
              [
                -47.80030072999995,
                -24.867321844999935
              ],
              [
                -47.80268639399992,
                -24.86796011599995
              ],
              [
                -47.807696542999906,
                -24.87404588399994
              ],
              [
                -47.80880871099993,
                -24.877319280999927
              ],
              [
                -47.80769368999995,
                -24.880658183999913
              ],
              [
                -47.80280556799994,
                -24.882982970999933
              ],
              [
                -47.80186537599991,
                -24.884985127999926
              ],
              [
                -47.8036752349999,
                -24.885493677999932
              ],
              [
                -47.80750682699994,
                -24.88512273799995
              ],
              [
                -47.82629450099995,
                -24.885666602999947
              ],
              [
                -47.84037725999991,
                -24.89087227999994
              ],
              [
                -47.85137005999991,
                -24.890894433999904
              ],
              [
                -47.85575752999995,
                -24.892026235999936
              ],
              [
                -47.85884017199993,
                -24.892503968999904
              ],
              [
                -47.86261746699995,
                -24.888724795999906
              ],
              [
                -47.86701542599991,
                -24.887598414999957
              ],
              [
                -47.867332536999925,
                -24.888126667999927
              ],
              [
                -47.86308742499995,
                -24.890418708999903
              ],
              [
                -47.86354376199995,
                -24.892065638999952
              ],
              [
                -47.8691705839999,
                -24.89415937499996
              ],
              [
                -47.872590336999906,
                -24.896655101999954
              ],
              [
                -47.87798204399991,
                -24.898305431999916
              ],
              [
                -47.88037395999993,
                -24.900598552999952
              ],
              [
                -47.880862314999945,
                -24.903529706999905
              ],
              [
                -47.87999080299994,
                -24.905010020999953
              ],
              [
                -47.8779826834464,
                -24.906614272360038
              ],
              [
                -47.87706592179881,
                -24.910661915378984
              ],
              [
                -47.87799279799992,
                -24.910931443999914
              ],
              [
                -47.882318409999925,
                -24.909959615999924
              ],
              [
                -47.886753763999934,
                -24.91009626999994
              ],
              [
                -47.894534180999926,
                -24.911902937999912
              ],
              [
                -47.89813837999992,
                -24.91541309999991
              ],
              [
                -47.89780456273178,
                -24.917219331683274
              ],
              [
                -47.90608195859035,
                -24.930165023475215
              ],
              [
                -47.907810559999916,
                -24.93153210199995
              ],
              [
                -47.917106857999954,
                -24.944190058999936
              ],
              [
                -47.918199598999934,
                -24.944410510999944
              ],
              [
                -47.92099802799993,
                -24.942453162999925
              ],
              [
                -47.925065538999945,
                -24.944412134999936
              ],
              [
                -47.923604808999926,
                -24.946016898999915
              ],
              [
                -47.91878935799991,
                -24.947231702999943
              ],
              [
                -47.91494249816704,
                -24.94617306329537
              ],
              [
                -47.91236720525245,
                -24.9517979451433
              ],
              [
                -47.9192627299999,
                -24.953684620999923
              ],
              [
                -47.9242955709999,
                -24.958711527999924
              ],
              [
                -47.92730821899994,
                -24.960243491999904
              ],
              [
                -47.92950227499995,
                -24.960123891999956
              ],
              [
                -47.9296732439999,
                -24.957585157999915
              ],
              [
                -47.9331843139999,
                -24.957808473999933
              ],
              [
                -47.93496708999993,
                -24.95899223799995
              ],
              [
                -47.942731317999915,
                -24.971903028999918
              ],
              [
                -47.950437596999905,
                -24.983834034999916
              ],
              [
                -47.95231236956236,
                -24.990078739307986
              ],
              [
                -47.953945196471146,
                -24.99296065347647
              ],
              [
                -47.95535656799996,
                -24.993397457999947
              ],
              [
                -47.95879484799991,
                -24.990996803999906
              ],
              [
                -47.9579957169999,
                -24.993769838999924
              ],
              [
                -47.96153289199992,
                -24.995403015999955
              ],
              [
                -47.96247832899991,
                -24.998704236999913
              ],
              [
                -47.96702482799992,
                -25.004603312999905
              ],
              [
                -47.9753417417816,
                -25.01311782986698
              ],
              [
                -47.980877599999985,
                -25.01813679999998
              ],
              [
                -47.98750957398141,
                -25.01761564529622
              ],
              [
                -47.989440015999946,
                -25.010901624999917
              ],
              [
                -47.991630319999956,
                -25.005349037999906
              ],
              [
                -47.99433686799995,
                -25.00231916699994
              ],
              [
                -47.99612439099991,
                -25.001445765999904
              ],
              [
                -47.99668072399993,
                -25.002289367999936
              ],
              [
                -47.99456346099993,
                -25.004767047999906
              ],
              [
                -47.99428993799995,
                -25.006431947999943
              ],
              [
                -47.99547782199994,
                -25.01322396799992
              ],
              [
                -47.99643886599995,
                -25.013357756999937
              ],
              [
                -47.99766838699992,
                -25.012384279999935
              ],
              [
                -47.99869448399994,
                -25.00828804699995
              ],
              [
                -47.999797808999915,
                -25.00795753999995
              ],
              [
                -48.00110990699994,
                -25.010648724999953
              ],
              [
                -47.99949560999994,
                -25.016374610999947
              ],
              [
                -47.99960323531062,
                -25.016665299516067
              ],
              [
                -48.01479286339589,
                -25.015471666044775
              ],
              [
                -48.01522165999995,
                -25.010119784999915
              ],
              [
                -48.01583814299994,
                -25.008288029999903
              ],
              [
                -48.019042303999925,
                -25.006936697999947
              ],
              [
                -48.02058784299993,
                -25.005296228999953
              ],
              [
                -48.022492332999946,
                -25.00576468199995
              ],
              [
                -48.02429252299993,
                -25.007750563999934
              ],
              [
                -48.02457242399993,
                -25.01097095399996
              ],
              [
                -48.01932361599995,
                -25.015622610999912
              ],
              [
                -48.019179767384664,
                -25.016462886404963
              ],
              [
                -48.02259425640324,
                -25.018790857892014
              ],
              [
                -48.028207762999955,
                -25.01779232699994
              ],
              [
                -48.03197142199991,
                -25.014740540999924
              ],
              [
                -48.03579018399995,
                -25.01552558499992
              ],
              [
                -48.03687272099995,
                -25.017808858999956
              ],
              [
                -48.03997486399993,
                -25.019403888999932
              ],
              [
                -48.041192733999935,
                -25.022112505999928
              ],
              [
                -48.04514913499992,
                -25.024761937999926
              ],
              [
                -48.049636376999956,
                -25.02625502999996
              ],
              [
                -48.04864171499992,
                -25.027259304999916
              ],
              [
                -48.045965846999934,
                -25.02693972499992
              ],
              [
                -48.037988765999955,
                -25.02278208599995
              ],
              [
                -48.03303835199995,
                -25.020984168999917
              ],
              [
                -48.028370038872424,
                -25.022728740494795
              ],
              [
                -48.03195846430479,
                -25.02517530044696
              ],
              [
                -48.03250306099994,
                -25.02489337599991
              ],
              [
                -48.032639628279284,
                -25.025639712633375
              ],
              [
                -48.036734699999954,
                -25.028431699999942
              ],
              [
                -48.03647761590765,
                -25.02885457413393
              ],
              [
                -48.03853470899992,
                -25.029433824999956
              ],
              [
                -48.039404808999905,
                -25.032496068999933
              ],
              [
                -48.03904745999995,
                -25.033907210999928
              ],
              [
                -48.03820332299995,
                -25.034291939999946
              ],
              [
                -48.03511355999996,
                -25.034202017999917
              ],
              [
                -48.03133995399992,
                -25.039147774999947
              ],
              [
                -48.02934737461439,
                -25.040583011257315
              ],
              [
                -48.02820890579838,
                -25.04245566316015
              ],
              [
                -48.028406230999906,
                -25.043740322999952
              ],
              [
                -48.02798780102657,
                -25.04404597638075
              ],
              [
                -48.02966131351727,
                -25.04974427528616
              ],
              [
                -48.038352233999944,
                -25.060816863999946
              ],
              [
                -48.04230417699995,
                -25.063046684999904
              ],
              [
                -48.04583827599993,
                -25.061684984999943
              ],
              [
                -48.05350454099994,
                -25.053828838999948
              ],
              [
                -48.05518387099994,
                -25.049469805999934
              ],
              [
                -48.05683721999992,
                -25.047891611999944
              ],
              [
                -48.05613526999991,
                -25.044141488999912
              ],
              [
                -48.05843663799993,
                -25.041237704999958
              ],
              [
                -48.059783953999954,
                -25.040839786999925
              ],
              [
                -48.0606708599999,
                -25.041622667999945
              ],
              [
                -48.05805201699991,
                -25.04378301999992
              ],
              [
                -48.05766461199994,
                -25.04504432199991
              ],
              [
                -48.05839123299995,
                -25.045778055999904
              ],
              [
                -48.06416301699994,
                -25.04633575799994
              ],
              [
                -48.06413302999994,
                -25.047350784999935
              ],
              [
                -48.06226409399994,
                -25.049467161999928
              ],
              [
                -48.06312777499994,
                -25.053193306999958
              ],
              [
                -48.06117030999991,
                -25.05570283199995
              ],
              [
                -48.05547188499992,
                -25.05683254899992
              ],
              [
                -48.0530333879999,
                -25.057953820999955
              ],
              [
                -48.05272061599993,
                -25.05908536599992
              ],
              [
                -48.056843261999916,
                -25.06035885999995
              ],
              [
                -48.05966261399993,
                -25.063390962999904
              ],
              [
                -48.06277833699994,
                -25.063937052999904
              ],
              [
                -48.0664239539999,
                -25.06202751099994
              ],
              [
                -48.07157229699993,
                -25.06229365599995
              ],
              [
                -48.07540516799992,
                -25.06541022999994
              ],
              [
                -48.07491672599991,
                -25.067018671999904
              ],
              [
                -48.072627688999944,
                -25.066277361999937
              ],
              [
                -48.068001512999956,
                -25.064993022999943
              ],
              [
                -48.05822811099995,
                -25.067393333999917
              ],
              [
                -48.05756008299994,
                -25.06810615799992
              ],
              [
                -48.05827288099994,
                -25.069169178999914
              ],
              [
                -48.06530850099995,
                -25.06887303299993
              ],
              [
                -48.06644624199993,
                -25.069349744999954
              ],
              [
                -48.065732374999925,
                -25.070468513999913
              ],
              [
                -48.05937396199994,
                -25.071480211999926
              ],
              [
                -48.056230342999925,
                -25.070933083999932
              ],
              [
                -48.052792566999926,
                -25.06855974499996
              ],
              [
                -48.05327088799993,
                -25.07223881099992
              ],
              [
                -48.052257038999926,
                -25.07265652299992
              ],
              [
                -48.04559985599991,
                -25.068130373999907
              ],
              [
                -48.042525622999904,
                -25.06702013799992
              ],
              [
                -48.0412547869999,
                -25.06726653399994
              ],
              [
                -48.03828654499995,
                -25.06968540899993
              ],
              [
                -48.031162578999954,
                -25.070002702999943
              ],
              [
                -48.02896826663375,
                -25.070827403027007
              ],
              [
                -48.014858279429305,
                -25.082429864119128
              ],
              [
                -48.01465789799207,
                -25.0842915729378
              ],
              [
                -48.01962311416773,
                -25.08903051777229
              ],
              [
                -48.02223883999994,
                -25.090306507999912
              ],
              [
                -48.023065249999945,
                -25.09000303399995
              ],
              [
                -48.02438371799991,
                -25.08668193899996
              ],
              [
                -48.02596040199995,
                -25.087153876999935
              ],
              [
                -48.026510463999955,
                -25.091668677999905
              ],
              [
                -48.03081878499995,
                -25.097363576999953
              ],
              [
                -48.03081341514104,
                -25.09971086221606
              ],
              [
                -48.03227369999996,
                -25.10110459999993
              ],
              [
                -48.03173847878008,
                -25.101990729241752
              ],
              [
                -48.032469299999946,
                -25.102930793999917
              ],
              [
                -48.031945754999924,
                -25.10418616699991
              ],
              [
                -48.03157845599992,
                -25.106685307999953
              ],
              [
                -48.036903742999925,
                -25.11572393399996
              ],
              [
                -48.03702950299993,
                -25.122463246999928
              ],
              [
                -48.03933482799994,
                -25.127110907999906
              ],
              [
                -48.043381954999916,
                -25.12990743799992
              ],
              [
                -48.043704086999924,
                -25.131676736999907
              ],
              [
                -48.04343523199992,
                -25.13678449799994
              ],
              [
                -48.040924537999956,
                -25.139464382999904
              ],
              [
                -48.03995788399993,
                -25.139541980999923
              ],
              [
                -48.04022497299991,
                -25.13147216099992
              ],
              [
                -48.03584600699992,
                -25.124845468999922
              ],
              [
                -48.03424804799994,
                -25.12060125799991
              ],
              [
                -48.03319093199991,
                -25.119929688999946
              ],
              [
                -48.02871939399995,
                -25.121079942999927
              ],
              [
                -48.02408346899995,
                -25.119050046999917
              ],
              [
                -48.02267460699994,
                -25.120075438999947
              ],
              [
                -48.02123670799995,
                -25.124000579999915
              ],
              [
                -48.01924910666299,
                -25.126430688636564
              ],
              [
                -48.02803049999994,
                -25.131105
              ],
              [
                -48.03096469999997,
                -25.138965799999937
              ],
              [
                -48.031867177356816,
                -25.148173858153136
              ],
              [
                -48.03317391299993,
                -25.156148311999914
              ],
              [
                -48.03272289359962,
                -25.156904808427495
              ],
              [
                -48.03277669999994,
                -25.157453799999928
              ],
              [
                -48.03212040219455,
                -25.15791536938178
              ],
              [
                -48.03110005399992,
                -25.159626802999924
              ],
              [
                -48.025822801414044,
                -25.162344425330975
              ],
              [
                -48.02227426023078,
                -25.1648400880423
              ],
              [
                -48.02228214699994,
                -25.166166887999907
              ],
              [
                -48.02548610499991,
                -25.166491034999922
              ],
              [
                -48.03007924299993,
                -25.166453695999905
              ],
              [
                -48.030054143999905,
                -25.170568627999955
              ],
              [
                -48.03300449199992,
                -25.171740884999906
              ],
              [
                -48.034670632999905,
                -25.174764404999905
              ],
              [
                -48.03837276599995,
                -25.17472340799992
              ],
              [
                -48.04105736699995,
                -25.176838478999912
              ],
              [
                -48.04092412499995,
                -25.17871920899995
              ],
              [
                -48.03609241599992,
                -25.180274591999932
              ],
              [
                -48.03384193499994,
                -25.17878139599992
              ],
              [
                -48.031649253999944,
                -25.174620498999957
              ],
              [
                -48.028143531999945,
                -25.171195610999916
              ],
              [
                -48.02730518299995,
                -25.169086534999906
              ],
              [
                -48.02625559099994,
                -25.168719019999912
              ],
              [
                -48.02534079599991,
                -25.169215307999934
              ],
              [
                -48.02517662199995,
                -25.170523947999925
              ],
              [
                -48.027829857999905,
                -25.176171305999958
              ],
              [
                -48.027663412999914,
                -25.178997444999936
              ],
              [
                -48.027620569605304,
                -25.17902773831127
              ],
              [
                -48.02765469999997,
                -25.17940459999994
              ],
              [
                -48.025837699999954,
                -25.181447099999957
              ],
              [
                -48.02253849999994,
                -25.181728199999952
              ],
              [
                -47.993675185366044,
                -25.17601329847255
              ],
              [
                -47.99339236113854,
                -25.17672483133932
              ],
              [
                -47.99455844744082,
                -25.17915983687483
              ],
              [
                -47.9978349669999,
                -25.185018831999912
              ],
              [
                -47.99798475540434,
                -25.18631460650141
              ],
              [
                -47.99966079999996,
                -25.189814499999954
              ],
              [
                -47.99860521492604,
                -25.195647167612886
              ],
              [
                -47.99849804999991,
                -25.19800977299991
              ],
              [
                -47.99775048943638,
                -25.20036997944931
              ],
              [
                -47.996456799999976,
                -25.207518299999947
              ],
              [
                -48.00030144887109,
                -25.210554013296647
              ],
              [
                -48.000403657999925,
                -25.21051263699991
              ],
              [
                -48.001627854999924,
                -25.20849185599991
              ],
              [
                -48.002667937999945,
                -25.197135574999947
              ],
              [
                -48.00484020199991,
                -25.192857611999955
              ],
              [
                -48.01289851799993,
                -25.191775573999905
              ],
              [
                -48.01533994199991,
                -25.193663858999912
              ],
              [
                -48.013993712999934,
                -25.194964459999937
              ],
              [
                -48.01067606399994,
                -25.196022822999907
              ],
              [
                -48.00780920799991,
                -25.200739943999906
              ],
              [
                -48.007543261999956,
                -25.20710135799993
              ],
              [
                -48.00809495899995,
                -25.20810803899991
              ],
              [
                -48.012150876999954,
                -25.208943804999933
              ],
              [
                -48.01161037499992,
                -25.210336971999936
              ],
              [
                -48.009052305999944,
                -25.21130281199993
              ],
              [
                -48.00821557599994,
                -25.212603960999957
              ],
              [
                -48.01073210885179,
                -25.218790004217613
              ],
              [
                -48.017023379905105,
                -25.223757556737997
              ],
              [
                -48.01941794299995,
                -25.225229571999932
              ],
              [
                -48.02333959199996,
                -25.227187848999904
              ],
              [
                -48.026913692999926,
                -25.226727230999927
              ],
              [
                -48.02819830856374,
                -25.225783027244265
              ],
              [
                -48.02648869999996,
                -25.22215149999994
              ],
              [
                -48.03028739999996,
                -25.219193
              ],
              [
                -48.032978837198655,
                -25.21916261705643
              ],
              [
                -48.03304231399994,
                -25.21913494499995
              ],
              [
                -48.03343733167956,
                -25.219157441229942
              ],
              [
                -48.040908599999966,
                -25.219073099999946
              ],
              [
                -48.04448389999993,
                -25.221855499999947
              ],
              [
                -48.04591243008488,
                -25.224541652129467
              ],
              [
                -48.04685890299993,
                -25.225243356999954
              ],
              [
                -48.04896624606674,
                -25.22526868722257
              ],
              [
                -48.0553568929727,
                -25.220611008463866
              ],
              [
                -48.05596854999993,
                -25.22007079599996
              ],
              [
                -48.05611885355516,
                -25.220055670691007
              ],
              [
                -48.05779739999997,
                -25.218832299999974
              ],
              [
                -48.05942769999996,
                -25.22255759999996
              ],
              [
                -48.05982609999995,
                -25.229427199999975
              ],
              [
                -48.05872491502496,
                -25.231436977217847
              ],
              [
                -48.05799106199993,
                -25.234029109999938
              ],
              [
                -48.05817796825347,
                -25.23521221458185
              ],
              [
                -48.05888911766694,
                -25.237590727082868
              ],
              [
                -48.06206556299992,
                -25.23990671799993
              ],
              [
                -48.06682002899993,
                -25.239507013999912
              ],
              [
                -48.07050493499992,
                -25.24013554699991
              ],
              [
                -48.071683904865246,
                -25.240787928664275
              ],
              [
                -48.07446479999993,
                -25.241053799999975
              ],
              [
                -48.07925759999995,
                -25.242821
              ],
              [
                -48.08660818415808,
                -25.24803404266956
              ],
              [
                -48.09773401699994,
                -25.24874948799993
              ],
              [
                -48.11129887599992,
                -25.250930078999943
              ],
              [
                -48.118820917999926,
                -25.24992193199995
              ],
              [
                -48.12340137599995,
                -25.244356312999912
              ],
              [
                -48.14650034199991,
                -25.231817990999957
              ],
              [
                -48.151098874999946,
                -25.22625966599992
              ],
              [
                -48.15654405299995,
                -25.216352687999915
              ],
              [
                -48.160861592999936,
                -25.211354575999906
              ],
              [
                -48.16335889599992,
                -25.210061470999904
              ],
              [
                -48.167791450999914,
                -25.20854489599992
              ],
              [
                -48.175046393999935,
                -25.20776726799994
              ],
              [
                -48.18034144799992,
                -25.203730454999913
              ],
              [
                -48.18725651099993,
                -25.202268672999935
              ],
              [
                -48.19113612399991,
                -25.199917688999903
              ],
              [
                -48.192770598999914,
                -25.198024352999937
              ],
              [
                -48.1946453619999,
                -25.192869122999923
              ],
              [
                -48.193609841999944,
                -25.189050016999943
              ],
              [
                -48.190947311999935,
                -25.187421987999926
              ],
              [
                -48.18137786099993,
                -25.185012009999923
              ],
              [
                -48.17800856899993,
                -25.182149084999935
              ],
              [
                -48.174520223999934,
                -25.176472773999933
              ],
              [
                -48.16743721799992,
                -25.16638813399993
              ],
              [
                -48.16797530699995,
                -25.16119064599991
              ],
              [
                -48.16742695999994,
                -25.159218186999908
              ],
              [
                -48.1593222219999,
                -25.150797378999926
              ],
              [
                -48.156526829999905,
                -25.145315926999956
              ],
              [
                -48.156249344999935,
                -25.143329529999903
              ],
              [
                -48.15754268099994,
                -25.140639053999905
              ],
              [
                -48.161077580999915,
                -25.137704176999932
              ],
              [
                -48.172553972999935,
                -25.12747703599996
              ],
              [
                -48.177606177999905,
                -25.120493670999906
              ],
              [
                -48.189658627999904,
                -25.114170385999955
              ],
              [
                -48.1932246099999,
                -25.110461568999938
              ],
              [
                -48.195730331999926,
                -25.10576181999994
              ],
              [
                -48.1981926279999,
                -25.096877195999923
              ],
              [
                -48.20328492699991,
                -25.091742591999946
              ],
              [
                -48.205631181999934,
                -25.08807633799995
              ],
              [
                -48.20867578199994,
                -25.076999892999936
              ],
              [
                -48.212308210999936,
                -25.070673099999908
              ],
              [
                -48.212546414999906,
                -25.067642702999933
              ],
              [
                -48.2108140709999,
                -25.06329870199994
              ],
              [
                -48.21133188999994,
                -25.05874749299994
              ],
              [
                -48.21355628099991,
                -25.041042603999927
              ],
              [
                -48.21295886099995,
                -25.038773126999956
              ],
              [
                -48.20948862299991,
                -25.03307426899994
              ],
              [
                -48.20906326699992,
                -25.030511808999904
              ],
              [
                -48.21057262399995,
                -25.02863402099996
              ],
              [
                -48.217306049999934,
                -25.028181041999915
              ],
              [
                -48.21949271099993,
                -25.027243658999907
              ],
              [
                -48.2251632249999,
                -25.017043320999903
              ],
              [
                -48.2310709059999,
                -25.011177951999912
              ],
              [
                -48.23242681699992,
                -25.00800661799991
              ],
              [
                -48.23374675699995,
                -25.000402858999905
              ],
              [
                -48.239176339999915,
                -24.99390017399992
              ],
              [
                -48.2429117449999,
                -24.99037152199992
              ],
              [
                -48.246434317999956,
                -24.98832051499994
              ],
              [
                -48.249939480999956,
                -24.988148122999917
              ],
              [
                -48.254892699999914,
                -24.989303391999954
              ],
              [
                -48.25559474422527,
                -24.989825524186656
              ],
              [
                -48.25493929999993,
                -24.98317339999994
              ]
            ]
          ],
          [
            [
              [
                -47.55898309999998,
                -24.678785499999947
              ],
              [
                -47.54556489999993,
                -24.68383019999993
              ],
              [
                -47.52351679999998,
                -24.672609
              ],
              [
                -47.498302699999954,
                -24.683606699999928
              ],
              [
                -47.449345799999946,
                -24.657696099999953
              ],
              [
                -47.41724979999998,
                -24.65612349999998
              ],
              [
                -47.41668129999994,
                -24.67051779999997
              ],
              [
                -47.438548,
                -24.66974019999998
              ],
              [
                -47.4391630727921,
                -24.67037663451636
              ],
              [
                -47.444544282999914,
                -24.67330989699991
              ],
              [
                -47.453512633999935,
                -24.683252016999916
              ],
              [
                -47.46435482499993,
                -24.68570922899994
              ],
              [
                -47.468701955999904,
                -24.689853462999906
              ],
              [
                -47.476841890999935,
                -24.688747347999936
              ],
              [
                -47.481175744999916,
                -24.689299672999937
              ],
              [
                -47.490375086999904,
                -24.693078072999924
              ],
              [
                -47.50505461085556,
                -24.695238689446153
              ],
              [
                -47.511201216200575,
                -24.693467990470108
              ],
              [
                -47.51718891899992,
                -24.689256085999943
              ],
              [
                -47.52298255399995,
                -24.69002365399996
              ],
              [
                -47.52891344841638,
                -24.693900867502165
              ],
              [
                -47.55378100566542,
                -24.708190284080917
              ],
              [
                -47.556017126999905,
                -24.709032905999948
              ],
              [
                -47.55653687764549,
                -24.709773865546783
              ],
              [
                -47.561247,
                -24.712480399999947
              ],
              [
                -47.561574687103956,
                -24.713432384505104
              ],
              [
                -47.56171554499991,
                -24.713317739999923
              ],
              [
                -47.564141408999944,
                -24.708251824999934
              ],
              [
                -47.565692981999916,
                -24.70270971599996
              ],
              [
                -47.56936130699995,
                -24.695768837999935
              ],
              [
                -47.568080420999934,
                -24.68858945799991
              ],
              [
                -47.56394797899992,
                -24.68281266699995
              ],
              [
                -47.56411245348046,
                -24.680468128813654
              ],
              [
                -47.55898309999998,
                -24.678785499999947
              ]
            ]
          ],
          [
            [
              [
                -47.888476906815036,
                -24.914525925415795
              ],
              [
                -47.88837194599995,
                -24.91443938099991
              ],
              [
                -47.88481699599993,
                -24.913895468999954
              ],
              [
                -47.87858322774121,
                -24.91526568654151
              ],
              [
                -47.888476906815036,
                -24.914525925415795
              ]
            ]
          ],
          [
            [
              [
                -47.467671745142866,
                -24.70582933566134
              ],
              [
                -47.47169487699995,
                -24.707791671999928
              ],
              [
                -47.49262440599995,
                -24.71551157899995
              ],
              [
                -47.518331529999955,
                -24.728817342999946
              ],
              [
                -47.56480660999995,
                -24.756184209999958
              ],
              [
                -47.605171123999924,
                -24.78260682599995
              ],
              [
                -47.613084675999914,
                -24.787657985999942
              ],
              [
                -47.647907698999916,
                -24.813430033999907
              ],
              [
                -47.68006433399995,
                -24.83974120499994
              ],
              [
                -47.710087201999954,
                -24.861358556999903
              ],
              [
                -47.726390119999905,
                -24.874360475999936
              ],
              [
                -47.79907697199991,
                -24.933840922999934
              ],
              [
                -47.83456063999995,
                -24.96540114499993
              ],
              [
                -47.85046739799992,
                -24.981028201999948
              ],
              [
                -47.85663111799994,
                -24.98946437099994
              ],
              [
                -47.862347162999924,
                -24.995336696999914
              ],
              [
                -47.87048908599991,
                -25.01119543899995
              ],
              [
                -47.87436946031332,
                -25.017263881233962
              ],
              [
                -47.882725499999935,
                -25.02869979999997
              ],
              [
                -47.88310834236725,
                -25.03430200715643
              ],
              [
                -47.8861917129999,
                -25.04127021599993
              ],
              [
                -47.88630693399995,
                -25.052643495999916
              ],
              [
                -47.88648508791335,
                -25.05306401028584
              ],
              [
                -47.91317065471763,
                -25.052671348054822
              ],
              [
                -47.91363190010227,
                -25.052171337927142
              ],
              [
                -47.913763813344644,
                -25.051328795062155
              ],
              [
                -47.91267278499993,
                -25.04423548199992
              ],
              [
                -47.91220185599991,
                -25.038824361999957
              ],
              [
                -47.91320435299991,
                -25.028886064999938
              ],
              [
                -47.91462281199995,
                -25.02467450599994
              ],
              [
                -47.917061101999934,
                -25.021413095999947
              ],
              [
                -47.91771719999991,
                -25.018277978999947
              ],
              [
                -47.916927390999945,
                -25.01608879799994
              ],
              [
                -47.91070054183831,
                -25.00984495403585
              ],
              [
                -47.91011730533709,
                -25.009455374328176
              ],
              [
                -47.90188245699994,
                -25.004940320999935
              ],
              [
                -47.89845528199993,
                -25.00249325099992
              ],
              [
                -47.897437353177324,
                -25.000985650561983
              ],
              [
                -47.897297,
                -25.000891899999942
              ],
              [
                -47.897296293559684,
                -25.00077673463721
              ],
              [
                -47.89710362199992,
                -25.000491378999925
              ],
              [
                -47.89703920099993,
                -24.997816548999936
              ],
              [
                -47.89550265299994,
                -24.993087936999927
              ],
              [
                -47.89497330899991,
                -24.981394893999948
              ],
              [
                -47.89237103599993,
                -24.979058061999922
              ],
              [
                -47.89341480799993,
                -24.97275429599995
              ],
              [
                -47.896273194999935,
                -24.969987296999932
              ],
              [
                -47.89608384696077,
                -24.969694939511882
              ],
              [
                -47.87413386874562,
                -24.96596396958764
              ],
              [
                -47.873293188999924,
                -24.966202336999913
              ],
              [
                -47.868884857999944,
                -24.966038365999907
              ],
              [
                -47.86645103299992,
                -24.965104047999944
              ],
              [
                -47.8658270020229,
                -24.964552001447927
              ],
              [
                -47.86212,
                -24.963921899999946
              ],
              [
                -47.86072096582798,
                -24.958639620756095
              ],
              [
                -47.858000724999954,
                -24.95425606099991
              ],
              [
                -47.85254033399991,
                -24.94183923299994
              ],
              [
                -47.85187636899991,
                -24.937638610999954
              ],
              [
                -47.85234783599992,
                -24.93651877499991
              ],
              [
                -47.85292407737957,
                -24.936298507554998
              ],
              [
                -47.828179,
                -24.92073309999995
              ],
              [
                -47.82786830743815,
                -24.91774652363534
              ],
              [
                -47.82718778399993,
                -24.917008368999916
              ],
              [
                -47.82625464999995,
                -24.913595167999915
              ],
              [
                -47.82769760699995,
                -24.909532923999905
              ],
              [
                -47.83541642401749,
                -24.906717054846713
              ],
              [
                -47.838655579129316,
                -24.904788036014743
              ],
              [
                -47.8387988214158,
                -24.90452343433146
              ],
              [
                -47.8242379076902,
                -24.90757658320175
              ],
              [
                -47.820376102999944,
                -24.909958502999928
              ],
              [
                -47.816961326999945,
                -24.910744786999942
              ],
              [
                -47.81256285599994,
                -24.91056218299991
              ],
              [
                -47.811825738364675,
                -24.91017918091424
              ],
              [
                -47.807548199999985,
                -24.911076099999946
              ],
              [
                -47.80617426117234,
                -24.906904787758624
              ],
              [
                -47.802737297999954,
                -24.90177884299993
              ],
              [
                -47.80196518584434,
                -24.894125931024227
              ],
              [
                -47.800779584981896,
                -24.890526417500528
              ],
              [
                -47.800634595674026,
                -24.890263530280237
              ],
              [
                -47.77484309999994,
                -24.878909299999975
              ],
              [
                -47.76904344704485,
                -24.86728946940583
              ],
              [
                -47.764131035999924,
                -24.860802116999935
              ],
              [
                -47.760790295999925,
                -24.857578805999935
              ],
              [
                -47.7471395579999,
                -24.849271693999924
              ],
              [
                -47.7360039351177,
                -24.836979891885225
              ],
              [
                -47.73481749999996,
                -24.836035799999934
              ],
              [
                -47.72467087940127,
                -24.83158575603656
              ],
              [
                -47.712435685999935,
                -24.827183649999938
              ],
              [
                -47.70440867499991,
                -24.822766878999914
              ],
              [
                -47.70390037215383,
                -24.822476351630073
              ],
              [
                -47.68661559999998,
                -24.814895699999965
              ],
              [
                -47.628142988803546,
                -24.762739219679418
              ],
              [
                -47.62654555935001,
                -24.761416480573512
              ],
              [
                -47.62397293700593,
                -24.760097690634584
              ],
              [
                -47.61519041799994,
                -24.756208458999936
              ],
              [
                -47.61249241733497,
                -24.754212491872103
              ],
              [
                -47.602062270436974,
                -24.748865740211393
              ],
              [
                -47.59722422699991,
                -24.74767066699991
              ],
              [
                -47.59323324399992,
                -24.74589044399994
              ],
              [
                -47.58641189224701,
                -24.740842968682248
              ],
              [
                -47.556746199999964,
                -24.725635599999976
              ],
              [
                -47.54088848581856,
                -24.70606808544481
              ],
              [
                -47.539360818920976,
                -24.705201850558694
              ],
              [
                -47.509988569933654,
                -24.700868606556085
              ],
              [
                -47.50473891199994,
                -24.701770470999918
              ],
              [
                -47.50017136637325,
                -24.70173831042916
              ],
              [
                -47.478216299999985,
                -24.706031399999972
              ],
              [
                -47.47201959517858,
                -24.70187579133494
              ],
              [
                -47.46321331699994,
                -24.697762677999947
              ],
              [
                -47.4511482769999,
                -24.689094863999912
              ],
              [
                -47.44820255246055,
                -24.685903704242367
              ],
              [
                -47.434426851565554,
                -24.676665500445996
              ],
              [
                -47.43234447499992,
                -24.68322195299993
              ],
              [
                -47.43293122200657,
                -24.686093389706354
              ],
              [
                -47.467671745142866,
                -24.70582933566134
              ]
            ]
          ],
          [
            [
              [
                -47.430299599999955,
                -24.67389769999994
              ],
              [
                -47.42313374228209,
                -24.678399714764453
              ],
              [
                -47.426799444999915,
                -24.67768606599992
              ],
              [
                -47.43042696925378,
                -24.673983115844347
              ],
              [
                -47.430299599999955,
                -24.67389769999994
              ]
            ]
          ],
          [
            [
              [
                -48.07895069999995,
                -25.24320759999995
              ],
              [
                -48.07533843362892,
                -25.242810158093054
              ],
              [
                -48.082268778999946,
                -25.24664505699991
              ],
              [
                -48.08326121819648,
                -25.246988607797018
              ],
              [
                -48.07895069999995,
                -25.24320759999995
              ]
            ]
          ],
          [
            [
              [
                -48.057745899999986,
                -25.219766799999945
              ],
              [
                -48.05755149269768,
                -25.219919873172092
              ],
              [
                -48.05770870375751,
                -25.220418812714104
              ],
              [
                -48.057745899999986,
                -25.219766799999945
              ]
            ]
          ],
          [
            [
              [
                -48.038297599999964,
                -25.219592699999964
              ],
              [
                -48.03771976580588,
                -25.21970169022216
              ],
              [
                -48.03905198854576,
                -25.220271349759994
              ],
              [
                -48.038297599999964,
                -25.219592699999964
              ]
            ]
          ],
          [
            [
              [
                -48.027798099999984,
                -25.221573099999944
              ],
              [
                -48.02921314243063,
                -25.22413338363627
              ],
              [
                -48.02966361299991,
                -25.222236908999946
              ],
              [
                -48.03040114347844,
                -25.221082117828917
              ],
              [
                -48.027798099999984,
                -25.221573099999944
              ]
            ]
          ],
          [
            [
              [
                -47.91805328911365,
                -25.14784580494985
              ],
              [
                -47.91891756199993,
                -25.149821517999953
              ],
              [
                -47.91881178099993,
                -25.152544081999906
              ],
              [
                -47.91738463599995,
                -25.154564540999957
              ],
              [
                -47.91539628101569,
                -25.15545597240742
              ],
              [
                -47.91387697632405,
                -25.159807544813717
              ],
              [
                -47.91542182099994,
                -25.160819933999903
              ],
              [
                -47.91950977599993,
                -25.160654868999927
              ],
              [
                -47.924265362999904,
                -25.162018601999932
              ],
              [
                -47.94314961430703,
                -25.17516519461768
              ],
              [
                -47.94718519999998,
                -25.17720929999996
              ],
              [
                -47.97944314990144,
                -25.2050787951163
              ],
              [
                -47.981304967999904,
                -25.206278248999922
              ],
              [
                -47.996134371999915,
                -25.218571390999955
              ],
              [
                -48.0126078749999,
                -25.23088235399996
              ],
              [
                -48.045610601999954,
                -25.25931505999995
              ],
              [
                -48.063759283777635,
                -25.277924344460555
              ],
              [
                -48.09731539999996,
                -25.30691539999998
              ],
              [
                -48.09238503390672,
                -25.299304956008793
              ],
              [
                -48.09153509799995,
                -25.29838885299995
              ],
              [
                -48.082386931999906,
                -25.29156314499994
              ],
              [
                -48.07812316199994,
                -25.282263240999953
              ],
              [
                -48.07519373999992,
                -25.278581387999907
              ],
              [
                -48.06214843099991,
                -25.270585085999926
              ],
              [
                -48.055122652999955,
                -25.265284291999933
              ],
              [
                -48.045557009999925,
                -25.254269252999904
              ],
              [
                -48.02873195099994,
                -25.241550399999937
              ],
              [
                -48.02138734899995,
                -25.233216745999925
              ],
              [
                -48.01412088099994,
                -25.22658531099995
              ],
              [
                -48.00119233799995,
                -25.21557895099994
              ],
              [
                -47.99692652099992,
                -25.21112364599992
              ],
              [
                -47.99391140786527,
                -25.20645593674519
              ],
              [
                -47.99357189999995,
                -25.206159399999933
              ],
              [
                -47.99362010974201,
                -25.206004976902186
              ],
              [
                -47.993120510999915,
                -25.205231545999936
              ],
              [
                -47.9882081529999,
                -25.201725782999915
              ],
              [
                -47.98712272699993,
                -25.198721723999938
              ],
              [
                -47.99019534699994,
                -25.198817881999958
              ],
              [
                -47.992129435999914,
                -25.19816255799992
              ],
              [
                -47.992258749999905,
                -25.194063394999944
              ],
              [
                -47.99632163199993,
                -25.192876864999903
              ],
              [
                -47.997280134999926,
                -25.190012616999923
              ],
              [
                -47.99659011504422,
                -25.187318806554288
              ],
              [
                -47.99452626348635,
                -25.183020652209102
              ],
              [
                -47.99125593799994,
                -25.17795781299992
              ],
              [
                -47.990463648999935,
                -25.17507370499993
              ],
              [
                -47.99442202599994,
                -25.171443687999954
              ],
              [
                -47.99944805799993,
                -25.171819941999956
              ],
              [
                -48.00263418299994,
                -25.17216252199995
              ],
              [
                -48.00582542899991,
                -25.171097603999954
              ],
              [
                -48.00999076399995,
                -25.17455470899995
              ],
              [
                -48.016806095999925,
                -25.176437929999906
              ],
              [
                -48.022774531999914,
                -25.17984494299992
              ],
              [
                -48.02426095677679,
                -25.17784169280813
              ],
              [
                -48.02331991833842,
                -25.175244790840438
              ],
              [
                -48.02260232099991,
                -25.173816789999933
              ],
              [
                -48.018542649999915,
                -25.167587804999926
              ],
              [
                -48.018031649999955,
                -25.163228593999918
              ],
              [
                -48.01918163499994,
                -25.162097868999922
              ],
              [
                -48.023431796999944,
                -25.16144439699991
              ],
              [
                -48.028209053999944,
                -25.15771394299992
              ],
              [
                -48.02902441999993,
                -25.156417976999933
              ],
              [
                -48.02884871099991,
                -25.153910185999905
              ],
              [
                -48.02628572899994,
                -25.148930634999942
              ],
              [
                -48.02645167999992,
                -25.14824090499991
              ],
              [
                -48.02975914299992,
                -25.147750556999938
              ],
              [
                -48.02714312099994,
                -25.137227477999943
              ],
              [
                -48.025381860999914,
                -25.133805607999932
              ],
              [
                -48.02327762099992,
                -25.132975771999952
              ],
              [
                -48.022620798999924,
                -25.13374077499992
              ],
              [
                -48.02294604899993,
                -25.137659259999907
              ],
              [
                -48.021778096999924,
                -25.138893742999926
              ],
              [
                -48.02049473799991,
                -25.13855437299992
              ],
              [
                -48.01974323999991,
                -25.133828034999908
              ],
              [
                -48.01825150199994,
                -25.132450453999923
              ],
              [
                -48.01578712599991,
                -25.131740366999907
              ],
              [
                -48.01218101499995,
                -25.13269150499991
              ],
              [
                -48.00961088699995,
                -25.131906123999954
              ],
              [
                -48.00973574999995,
                -25.131084548999922
              ],
              [
                -48.01351899799994,
                -25.130479548999915
              ],
              [
                -48.010557122999955,
                -25.128120401999922
              ],
              [
                -48.01087909699993,
                -25.12705219299994
              ],
              [
                -48.01567524099994,
                -25.12808322399991
              ],
              [
                -48.01216739499995,
                -25.12542113899991
              ],
              [
                -48.011319672999946,
                -25.123862235999923
              ],
              [
                -48.013134658999945,
                -25.123207169999944
              ],
              [
                -48.0162697639999,
                -25.12421070499994
              ],
              [
                -48.01648659551602,
                -25.124055651304637
              ],
              [
                -48.018476739236725,
                -25.11883526812089
              ],
              [
                -48.016564632999916,
                -25.11568073299992
              ],
              [
                -48.01987637099995,
                -25.110949046999906
              ],
              [
                -48.02011768199992,
                -25.10911634899992
              ],
              [
                -48.01600889499991,
                -25.107527143999903
              ],
              [
                -48.01881600599995,
                -25.102817415999937
              ],
              [
                -48.01635933199992,
                -25.099527739999928
              ],
              [
                -48.01485248499995,
                -25.098612905999914
              ],
              [
                -48.013097685999924,
                -25.09860140199993
              ],
              [
                -48.01265793099992,
                -25.101873547999958
              ],
              [
                -48.01104312199993,
                -25.102879297999948
              ],
              [
                -48.009365733999914,
                -25.102268876999915
              ],
              [
                -48.00783501399991,
                -25.100011325999958
              ],
              [
                -48.008218736999936,
                -25.098843126999952
              ],
              [
                -48.01003169699993,
                -25.097836186999928
              ],
              [
                -48.00961721899995,
                -25.09571460199993
              ],
              [
                -48.00668160799995,
                -25.097277584999915
              ],
              [
                -48.00371294599995,
                -25.101912656999957
              ],
              [
                -47.99931938099991,
                -25.098383174999924
              ],
              [
                -47.99425071499991,
                -25.100079275999917
              ],
              [
                -47.99256764799992,
                -25.097563057999935
              ],
              [
                -47.9931233019999,
                -25.09575751199992
              ],
              [
                -47.991906694999955,
                -25.09411882799992
              ],
              [
                -47.992743327999904,
                -25.08922834099991
              ],
              [
                -47.9954725259999,
                -25.08935674299994
              ],
              [
                -47.998730062999925,
                -25.094272408999927
              ],
              [
                -48.001518061999946,
                -25.09514977999993
              ],
              [
                -48.00406683299991,
                -25.094248893999918
              ],
              [
                -48.00549471599993,
                -25.092588488999922
              ],
              [
                -48.004583056999934,
                -25.087161222999953
              ],
              [
                -48.00141497899995,
                -25.083238428999948
              ],
              [
                -47.99457123957657,
                -25.08165913875346
              ],
              [
                -47.97223781015526,
                -25.08325256626497
              ],
              [
                -47.96594234199995,
                -25.08483775299993
              ],
              [
                -47.96067326699995,
                -25.08436940699994
              ],
              [
                -47.95976575739666,
                -25.08414241222708
              ],
              [
                -47.95763409999995,
                -25.08429449999994
              ],
              [
                -47.952042254047186,
                -25.082210537476517
              ],
              [
                -47.94995104599991,
                -25.08168746499996
              ],
              [
                -47.936266334999914,
                -25.077956143999927
              ],
              [
                -47.93107074499994,
                -25.07587198899995
              ],
              [
                -47.926707689999944,
                -25.073270846999947
              ],
              [
                -47.926035965211256,
                -25.072518544570197
              ],
              [
                -47.908377384578344,
                -25.06593756566507
              ],
              [
                -47.90701706999994,
                -25.066801871999928
              ],
              [
                -47.904416441999956,
                -25.070245580999938
              ],
              [
                -47.90301613305324,
                -25.07705303772587
              ],
              [
                -47.90326139999996,
                -25.099490299999957
              ],
              [
                -47.895434737225855,
                -25.105068392241176
              ],
              [
                -47.89513686099991,
                -25.106191259999946
              ],
              [
                -47.89541383898402,
                -25.108999637910046
              ],
              [
                -47.89970346076334,
                -25.112883733591975
              ],
              [
                -47.9037201079999,
                -25.11598062799993
              ],
              [
                -47.904782705998606,
                -25.11748280444266
              ],
              [
                -47.907920099999956,
                -25.12032359999995
              ],
              [
                -47.91831119999995,
                -25.14710709999997
              ],
              [
                -47.91805328911365,
                -25.14784580494985
              ]
            ]
          ],
          [
            [
              [
                -47.99656678686661,
                -25.20877522748013
              ],
              [
                -47.99692202299991,
                -25.20965668699995
              ],
              [
                -47.99906983299991,
                -25.211052595999945
              ],
              [
                -47.99914112576498,
                -25.21102373526474
              ],
              [
                -47.99656678686661,
                -25.20877522748013
              ]
            ]
          ],
          [
            [
              [
                -48.01184975824792,
                -25.17783698095053
              ],
              [
                -48.00903904499995,
                -25.176741533999916
              ],
              [
                -48.00364231599991,
                -25.176008083999932
              ],
              [
                -47.99803662599993,
                -25.174151468999924
              ],
              [
                -47.9956075851397,
                -25.174288957734564
              ],
              [
                -48.01184975824792,
                -25.17783698095053
              ]
            ]
          ],
          [
            [
              [
                -48.025326,
                -25.18078079999998
              ],
              [
                -48.02528831596697,
                -25.18067680665014
              ],
              [
                -48.02518484776997,
                -25.18074996598622
              ],
              [
                -48.025326,
                -25.18078079999998
              ]
            ]
          ],
          [
            [
              [
                -47.92749738133086,
                -25.03698751928656
              ],
              [
                -47.933865675999925,
                -25.037901550999948
              ],
              [
                -47.9368273259999,
                -25.04071976499995
              ],
              [
                -47.93936144199995,
                -25.04227771999996
              ],
              [
                -47.94093860999993,
                -25.044368359999908
              ],
              [
                -47.9498493129999,
                -25.048953340999958
              ],
              [
                -47.95217278648013,
                -25.054843897887043
              ],
              [
                -47.952198203672936,
                -25.054862291060928
              ],
              [
                -47.958070850999945,
                -25.05487006699991
              ],
              [
                -47.95614115116554,
                -25.057715608475736
              ],
              [
                -47.96970925580824,
                -25.067534179312783
              ],
              [
                -47.9761674099999,
                -25.065686955999922
              ],
              [
                -47.98108581995104,
                -25.065391453744745
              ],
              [
                -48.000088317377816,
                -25.061344096073658
              ],
              [
                -48.00157511599991,
                -25.060573202999933
              ],
              [
                -48.00601535699991,
                -25.054726109999933
              ],
              [
                -48.009021651932166,
                -25.053175606395218
              ],
              [
                -48.01217415996497,
                -25.048881396645104
              ],
              [
                -48.01325166599992,
                -25.044929605999926
              ],
              [
                -48.012578721999944,
                -25.038114175999908
              ],
              [
                -48.01120376199992,
                -25.035692759999904
              ],
              [
                -48.00432761899992,
                -25.031514230999903
              ],
              [
                -47.98415638499995,
                -25.02732577799992
              ],
              [
                -47.97173193499992,
                -25.021806408999907
              ],
              [
                -47.967431261999934,
                -25.018437622999954
              ],
              [
                -47.96123415374675,
                -25.01564732835857
              ],
              [
                -47.96069139999997,
                -25.01546639999998
              ],
              [
                -47.96064509773456,
                -25.0153821014548
              ],
              [
                -47.95995400999993,
                -25.015070933999937
              ],
              [
                -47.95881558399992,
                -25.01297735499992
              ],
              [
                -47.95859025708786,
                -25.011641030136847
              ],
              [
                -47.95512494095905,
                -25.005332027636825
              ],
              [
                -47.95000215999994,
                -25.00049111699991
              ],
              [
                -47.9497472619999,
                -24.996668773999943
              ],
              [
                -47.94759641599995,
                -24.99355652899993
              ],
              [
                -47.94147353999995,
                -24.989206278999916
              ],
              [
                -47.940849862999926,
                -24.988463313999944
              ],
              [
                -47.94134077199993,
                -24.988262853999913
              ],
              [
                -47.94346705499993,
                -24.988117571999908
              ],
              [
                -47.94147813299992,
                -24.984214391999956
              ],
              [
                -47.941036964835305,
                -24.979683263344914
              ],
              [
                -47.93901469999997,
                -24.97600149999994
              ],
              [
                -47.90982739999998,
                -24.958677799999975
              ],
              [
                -47.90973636100868,
                -24.956928028289134
              ],
              [
                -47.90823006499994,
                -24.955528530999914
              ],
              [
                -47.90745676499995,
                -24.952619126999934
              ],
              [
                -47.90793804799995,
                -24.947545772999945
              ],
              [
                -47.90687366199995,
                -24.94307594199995
              ],
              [
                -47.90786989982508,
                -24.9390267189523
              ],
              [
                -47.90688347543271,
                -24.937677765411006
              ],
              [
                -47.9056727759999,
                -24.93633062099991
              ],
              [
                -47.89872825099991,
                -24.932241776999945
              ],
              [
                -47.893334704999916,
                -24.920181876999948
              ],
              [
                -47.891112790999955,
                -24.916699317999928
              ],
              [
                -47.890467580969144,
                -24.91616731636488
              ],
              [
                -47.87265389999993,
                -24.91833259999993
              ],
              [
                -47.865946713318245,
                -24.910860373327345
              ],
              [
                -47.86514971399993,
                -24.910113404999947
              ],
              [
                -47.86483494504122,
                -24.909621793730924
              ],
              [
                -47.85183289999998,
                -24.895136699999966
              ],
              [
                -47.83513767610449,
                -24.892516473140894
              ],
              [
                -47.82891666899991,
                -24.89181941399994
              ],
              [
                -47.81948679099992,
                -24.89104689599992
              ],
              [
                -47.818745083507146,
                -24.891312218453628
              ],
              [
                -47.81174624917416,
                -24.9045492157621
              ],
              [
                -47.812511731999905,
                -24.90440465699993
              ],
              [
                -47.81545143599993,
                -24.90144701899993
              ],
              [
                -47.817827215999955,
                -24.900632079999923
              ],
              [
                -47.83375441699991,
                -24.897561521999933
              ],
              [
                -47.837810549999915,
                -24.898070668999935
              ],
              [
                -47.84204211399992,
                -24.90262966499995
              ],
              [
                -47.84428496599992,
                -24.907419743999924
              ],
              [
                -47.8436807360216,
                -24.912468408934483
              ],
              [
                -47.84441471781297,
                -24.916406953468506
              ],
              [
                -47.84749535599991,
                -24.916636422999943
              ],
              [
                -47.85279491499995,
                -24.918205964999913
              ],
              [
                -47.8553574149999,
                -24.91956607499992
              ],
              [
                -47.857601744999954,
                -24.922097144999952
              ],
              [
                -47.858375906562244,
                -24.923061528337186
              ],
              [
                -47.85848809999993,
                -24.923074799999938
              ],
              [
                -47.85852924868853,
                -24.923252548659928
              ],
              [
                -47.86252800299991,
                -24.928233849999913
              ],
              [
                -47.86051532999994,
                -24.930925148999904
              ],
              [
                -47.86408797599995,
                -24.93709257599994
              ],
              [
                -47.86286097599992,
                -24.940222786999925
              ],
              [
                -47.86375671499991,
                -24.94531131599996
              ],
              [
                -47.86555818399995,
                -24.94763294899991
              ],
              [
                -47.87064473999993,
                -24.95040935599991
              ],
              [
                -47.89755936799992,
                -24.95894589699992
              ],
              [
                -47.901540180999916,
                -24.962653032999924
              ],
              [
                -47.901889066418605,
                -24.963487368715285
              ],
              [
                -47.90298219999994,
                -24.963935599999957
              ],
              [
                -47.90297504372974,
                -24.96608440948633
              ],
              [
                -47.90487792899995,
                -24.970635029999926
              ],
              [
                -47.90503367699995,
                -24.974420179999925
              ],
              [
                -47.90323258099994,
                -24.981060550999928
              ],
              [
                -47.90355555299993,
                -24.985312798999928
              ],
              [
                -47.902902245381966,
                -24.987943531060882
              ],
              [
                -47.90290037358237,
                -24.98850557534003
              ],
              [
                -47.90346687899995,
                -24.991102070999943
              ],
              [
                -47.90481004199995,
                -24.992555239999945
              ],
              [
                -47.91155353399995,
                -24.99442125999991
              ],
              [
                -47.91804956699991,
                -25.000491117999957
              ],
              [
                -47.91903494799993,
                -25.00463732299994
              ],
              [
                -47.92052419859102,
                -25.006240782322088
              ],
              [
                -47.92494409999995,
                -25.009694
              ],
              [
                -47.92483520777701,
                -25.01088239731188
              ],
              [
                -47.92484675399993,
                -25.010894828999938
              ],
              [
                -47.9251696419999,
                -25.013933262999956
              ],
              [
                -47.92430278204838,
                -25.016693035460122
              ],
              [
                -47.9229202891897,
                -25.031780897132542
              ],
              [
                -47.923253416999955,
                -25.033858305999956
              ],
              [
                -47.92349935349613,
                -25.034094342933823
              ],
              [
                -47.92749738133086,
                -25.03698751928656
              ]
            ]
          ]
        ]
      }
    },
    {
      "type": "Feature",
      "properties": {
        "rhi_cd": 5.0,
        "rhi_nm": "ATLÂNTICO SUDESTE",
        "rhi_sg": "H",
        "rhi_ar_km2": 213594.958603,
        "descricao": "Região Hidrográfica ATLÂNTICO SUDESTE (Porção SP)"
      },
      "geometry": {
        "type": "MultiPolygon",
        "coordinates": [
          [
            [
              [
                -46.316430048561315,
                -23.934833759422574
              ],
              [
                -46.31638226399991,
                -23.93485841799992
              ],
              [
                -46.313868069999955,
                -23.938181697999937
              ],
              [
                -46.31300134899993,
                -23.946715642999948
              ],
              [
                -46.310502035999946,
                -23.95217227699993
              ],
              [
                -46.30515445599991,
                -23.960157224999932
              ],
              [
                -46.303731355592255,
                -23.96178848094891
              ],
              [
                -46.29322979999995,
                -23.986681
              ],
              [
                -46.300446558883394,
                -23.989550535635804
              ],
              [
                -46.30249078199995,
                -23.989893045999906
              ],
              [
                -46.30675074499993,
                -23.98923336899992
              ],
              [
                -46.3091394999999,
                -23.987621822999927
              ],
              [
                -46.31358561199994,
                -23.98031655899996
              ],
              [
                -46.316661891999956,
                -23.976740786999926
              ],
              [
                -46.325626832999944,
                -23.971455458999912
              ],
              [
                -46.330236904999936,
                -23.969679055999904
              ],
              [
                -46.33522717499994,
                -23.968779097999914
              ],
              [
                -46.34398940099993,
                -23.968823055999906
              ],
              [
                -46.353569458999914,
                -23.969867150999903
              ],
              [
                -46.36238094999993,
                -23.970223249999947
              ],
              [
                -46.36684520099993,
                -23.972428505999915
              ],
              [
                -46.36862858499995,
                -23.975060981999945
              ],
              [
                -46.367592471810724,
                -23.97932604481032
              ],
              [
                -46.36773649574047,
                -23.980140264763946
              ],
              [
                -46.36870504399991,
                -23.98065593499996
              ],
              [
                -46.36943436508106,
                -23.980500765265937
              ],
              [
                -46.3724678245054,
                -23.976302993834086
              ],
              [
                -46.372512936999954,
                -23.97455001299994
              ],
              [
                -46.374056451999934,
                -23.970453711999937
              ],
              [
                -46.376346043999945,
                -23.96927157899995
              ],
              [
                -46.379174049999904,
                -23.96943666699991
              ],
              [
                -46.38256566299992,
                -23.97091405099991
              ],
              [
                -46.3844901457879,
                -23.97289908428696
              ],
              [
                -46.38684353409248,
                -23.97384719057926
              ],
              [
                -46.392110105999905,
                -23.972576759999924
              ],
              [
                -46.39391059999991,
                -23.973609740999905
              ],
              [
                -46.39591351599995,
                -23.976189656999907
              ],
              [
                -46.39767157099993,
                -23.97666030399995
              ],
              [
                -46.404467834999934,
                -23.975780624999913
              ],
              [
                -46.40851772599996,
                -23.973747359999948
              ],
              [
                -46.41339365899995,
                -23.968825546999938
              ],
              [
                -46.414064638999946,
                -23.95899365999992
              ],
              [
                -46.416803511999944,
                -23.954390228999955
              ],
              [
                -46.41907538799995,
                -23.948100041999908
              ],
              [
                -46.42274354447201,
                -23.944867178111256
              ],
              [
                -46.424993410034915,
                -23.93809991656509
              ],
              [
                -46.424629085999925,
                -23.937507555999957
              ],
              [
                -46.42455473351097,
                -23.937485681070708
              ],
              [
                -46.41981377994004,
                -23.937323696072767
              ],
              [
                -46.41639518799991,
                -23.940148869999916
              ],
              [
                -46.41351548699993,
                -23.941356528999904
              ],
              [
                -46.39743067399991,
                -23.939567361999934
              ],
              [
                -46.3904634779999,
                -23.93786605699995
              ],
              [
                -46.38271245099992,
                -23.93628521699992
              ],
              [
                -46.37584088299991,
                -23.932294141999932
              ],
              [
                -46.36758490799991,
                -23.931498948999945
              ],
              [
                -46.36836634899993,
                -23.930654800999946
              ],
              [
                -46.37416153499993,
                -23.929314417999933
              ],
              [
                -46.37982227099991,
                -23.93171833799994
              ],
              [
                -46.383305262999954,
                -23.93115582899992
              ],
              [
                -46.386062238999955,
                -23.927835542999958
              ],
              [
                -46.38978369979726,
                -23.927297577315088
              ],
              [
                -46.40085730210028,
                -23.920910285387468
              ],
              [
                -46.40066369137978,
                -23.920634704586366
              ],
              [
                -46.316430048561315,
                -23.934833759422574
              ]
            ]
          ],
          [
            [
              [
                -46.126426431727225,
                -23.86054530175684
              ],
              [
                -46.132152505999954,
                -23.863046505999932
              ],
              [
                -46.13613613599995,
                -23.865720087999932
              ],
              [
                -46.1373798219999,
                -23.870564852999905
              ],
              [
                -46.13948400699991,
                -23.874721192999914
              ],
              [
                -46.1375423394004,
                -23.877299378662272
              ],
              [
                -46.13756917506484,
                -23.877499291702097
              ],
              [
                -46.14000168599995,
                -23.88021651999992
              ],
              [
                -46.140087131999906,
                -23.881820928999957
              ],
              [
                -46.13858315704333,
                -23.885052979074455
              ],
              [
                -46.13878327966921,
                -23.88654379822523
              ],
              [
                -46.13925849299994,
                -23.88844286299991
              ],
              [
                -46.14368297099992,
                -23.892441257999906
              ],
              [
                -46.1503101909999,
                -23.89499552099994
              ],
              [
                -46.15219928599993,
                -23.897581500999934
              ],
              [
                -46.152715256999954,
                -23.901080649999926
              ],
              [
                -46.15221436799993,
                -23.902570904999948
              ],
              [
                -46.150720193999916,
                -23.903893286999903
              ],
              [
                -46.147106427999915,
                -23.905189552999957
              ],
              [
                -46.14879085994047,
                -23.906399859116025
              ],
              [
                -46.156230117616175,
                -23.906973425925255
              ],
              [
                -46.159743851999906,
                -23.905079965999903
              ],
              [
                -46.163088830999925,
                -23.905836104999935
              ],
              [
                -46.17378985799991,
                -23.91933286199992
              ],
              [
                -46.17837840099992,
                -23.922401392999916
              ],
              [
                -46.180526294999936,
                -23.925075577999905
              ],
              [
                -46.180926281999916,
                -23.928450993999945
              ],
              [
                -46.18007941999991,
                -23.932174424999914
              ],
              [
                -46.17868700953642,
                -23.93523112087737
              ],
              [
                -46.17797639999992,
                -23.940355299999908
              ],
              [
                -46.17425136830085,
                -23.939562021357553
              ],
              [
                -46.17311888499995,
                -23.93966349799996
              ],
              [
                -46.1725582536418,
                -23.93920145752707
              ],
              [
                -46.168183899999974,
                -23.93826989999991
              ],
              [
                -46.16189682647352,
                -23.945452568307463
              ],
              [
                -46.16213395799991,
                -23.945619674999932
              ],
              [
                -46.16723036299993,
                -23.946997816999954
              ],
              [
                -46.16944881099994,
                -23.949693891999914
              ],
              [
                -46.171803418339266,
                -23.954573732075676
              ],
              [
                -46.17547813819659,
                -23.957552751937268
              ],
              [
                -46.180174493999914,
                -23.959869307999952
              ],
              [
                -46.18319776499993,
                -23.962539600999946
              ],
              [
                -46.183642263767666,
                -23.96417124073998
              ],
              [
                -46.184916699999974,
                -23.965204399999948
              ],
              [
                -46.18467997161569,
                -23.967980397224295
              ],
              [
                -46.18495366099995,
                -23.96898503999995
              ],
              [
                -46.18678789799992,
                -23.972184746999915
              ],
              [
                -46.18598663999995,
                -23.976111972999945
              ],
              [
                -46.184403483999915,
                -23.978488219999917
              ],
              [
                -46.18358353199994,
                -23.984803051999904
              ],
              [
                -46.183195196133816,
                -23.9853916283654
              ],
              [
                -46.18277120876967,
                -23.990363519461457
              ],
              [
                -46.184231791999935,
                -23.99067000599996
              ],
              [
                -46.18938086499992,
                -23.989551879999908
              ],
              [
                -46.191554642999904,
                -23.98982202499991
              ],
              [
                -46.19580538699995,
                -23.99338454699995
              ],
              [
                -46.198939938999956,
                -23.99487114799996
              ],
              [
                -46.20127081314632,
                -23.99867458554506
              ],
              [
                -46.20347925873356,
                -23.99947035225809
              ],
              [
                -46.20390160699992,
                -23.999562457999957
              ],
              [
                -46.20524058109869,
                -23.99791546565919
              ],
              [
                -46.20269539999998,
                -23.99256749999995
              ],
              [
                -46.20424161876413,
                -23.991880002528582
              ],
              [
                -46.20382818599995,
                -23.99030072699992
              ],
              [
                -46.20489243199995,
                -23.987376023999957
              ],
              [
                -46.20674158199995,
                -23.985892022999906
              ],
              [
                -46.209988454999916,
                -23.985352462999913
              ],
              [
                -46.22717783999991,
                -23.987353381999924
              ],
              [
                -46.24212827899993,
                -23.991400468999927
              ],
              [
                -46.24663915428007,
                -23.994340801839098
              ],
              [
                -46.253178899999966,
                -23.996128499999884
              ],
              [
                -46.260202731569976,
                -24.001123619521692
              ],
              [
                -46.262521344999925,
                -24.002412723999953
              ],
              [
                -46.26444192168366,
                -24.004138393022806
              ],
              [
                -46.268200399999955,
                -24.00681129999998
              ],
              [
                -46.26791378764378,
                -24.007257920396842
              ],
              [
                -46.26800558299993,
                -24.00734039999992
              ],
              [
                -46.26879975899993,
                -24.00862376899994
              ],
              [
                -46.26853712499991,
                -24.009722877999934
              ],
              [
                -46.266384576468425,
                -24.009640849420332
              ],
              [
                -46.26404875261902,
                -24.013280701478852
              ],
              [
                -46.26505439999994,
                -24.013321024999925
              ],
              [
                -46.270072323999955,
                -24.013387963999946
              ],
              [
                -46.27808185766468,
                -24.02018937819056
              ],
              [
                -46.27960919999998,
                -24.020793099999878
              ],
              [
                -46.27866181846763,
                -24.036628233035113
              ],
              [
                -46.28087070899994,
                -24.03785242999993
              ],
              [
                -46.281352481981315,
                -24.039076856569448
              ],
              [
                -46.2869019640727,
                -24.044006651800366
              ],
              [
                -46.28746931599994,
                -24.043749963999915
              ],
              [
                -46.28829449126123,
                -24.042470505420283
              ],
              [
                -46.28563628449412,
                -24.031141249730886
              ],
              [
                -46.28441860499993,
                -24.02918576199994
              ],
              [
                -46.2845638127818,
                -24.026570383988304
              ],
              [
                -46.284553,
                -24.02652429999995
              ],
              [
                -46.2845672705226,
                -24.026508105650702
              ],
              [
                -46.2846596519999,
                -24.024844196999936
              ],
              [
                -46.28639639836702,
                -24.02443239083899
              ],
              [
                -46.290827699999966,
                -24.01940369999994
              ],
              [
                -46.29212572610243,
                -24.018919241389913
              ],
              [
                -46.29239496999992,
                -24.01760599399995
              ],
              [
                -46.29550324499991,
                -24.015494153999953
              ],
              [
                -46.29818503799993,
                -24.015266702999952
              ],
              [
                -46.30115295899992,
                -24.01651242999992
              ],
              [
                -46.308069796999916,
                -24.02464055899992
              ],
              [
                -46.309101649601956,
                -24.02616618872858
              ],
              [
                -46.31017036675309,
                -24.0273063269517
              ],
              [
                -46.31159202899994,
                -24.027834308999957
              ],
              [
                -46.31196724481237,
                -24.027527111654205
              ],
              [
                -46.31248922790163,
                -24.025943553790835
              ],
              [
                -46.312484911999945,
                -24.022390642999937
              ],
              [
                -46.31369844199992,
                -24.02089151699994
              ],
              [
                -46.31413011477279,
                -24.020965539442898
              ],
              [
                -46.3142155999999,
                -24.02070619999995
              ],
              [
                -46.321741811185774,
                -24.02213056738178
              ],
              [
                -46.32315136199992,
                -24.019749198999932
              ],
              [
                -46.32217117199991,
                -24.014531492999936
              ],
              [
                -46.32274013999995,
                -24.00840245899991
              ],
              [
                -46.32100837299993,
                -24.004091326999912
              ],
              [
                -46.32062341599993,
                -24.00052970899992
              ],
              [
                -46.31952422799992,
                -23.99880178999996
              ],
              [
                -46.31950148813079,
                -23.998790783494236
              ],
              [
                -46.296367299999986,
                -23.99449829999992
              ],
              [
                -46.292919144294366,
                -23.990356241535785
              ],
              [
                -46.29211501399993,
                -23.989915328999928
              ],
              [
                -46.28720544399994,
                -23.98420598599995
              ],
              [
                -46.28691126691344,
                -23.983139346046812
              ],
              [
                -46.286099399999955,
                -23.982164099999977
              ],
              [
                -46.2864721192271,
                -23.981547065447515
              ],
              [
                -46.28624512499994,
                -23.98072401999991
              ],
              [
                -46.28640231599991,
                -23.975721001999943
              ],
              [
                -46.289427821999936,
                -23.967942746999938
              ],
              [
                -46.29453214299991,
                -23.959208142999955
              ],
              [
                -46.29877430099992,
                -23.953831324999953
              ],
              [
                -46.30523796099993,
                -23.948887137999918
              ],
              [
                -46.30717335199995,
                -23.938870207999912
              ],
              [
                -46.305795228999955,
                -23.930583287999923
              ],
              [
                -46.307159791999936,
                -23.924801601999945
              ],
              [
                -46.30661415147844,
                -23.924162552809474
              ],
              [
                -46.30131079999995,
                -23.91891079999988
              ],
              [
                -46.28980699999988,
                -23.92421209999992
              ],
              [
                -46.24788,
                -23.921344299999873
              ],
              [
                -46.24683429999993,
                -23.926558599999908
              ],
              [
                -46.239894,
                -23.928122799999926
              ],
              [
                -46.229245799999944,
                -23.914652399999966
              ],
              [
                -46.20576289999997,
                -23.91812879999992
              ],
              [
                -46.19226259999988,
                -23.908742399999937
              ],
              [
                -46.18970570774314,
                -23.89601571033688
              ],
              [
                -46.189687672186004,
                -23.895962080981107
              ],
              [
                -46.171631799999886,
                -23.88840289999996
              ],
              [
                -46.16353729946484,
                -23.878185816427628
              ],
              [
                -46.159901333999926,
                -23.875367343999926
              ],
              [
                -46.157288385740046,
                -23.87029827926753
              ],
              [
                -46.15225178159736,
                -23.86394094996428
              ],
              [
                -46.151579744729474,
                -23.863413556948032
              ],
              [
                -46.12532417396761,
                -23.859550062130726
              ],
              [
                -46.125397962523145,
                -23.859740263742417
              ],
              [
                -46.126426431727225,
                -23.86054530175684
              ]
            ]
          ],
          [
            [
              [
                -45.263376699999924,
                -23.742278299999953
              ],
              [
                -45.25824279999995,
                -23.762292799999955
              ],
              [
                -45.24436229999998,
                -23.762901899999974
              ],
              [
                -45.23154005522378,
                -23.776083207535955
              ],
              [
                -45.231541303999904,
                -23.776482509999937
              ],
              [
                -45.233009152999955,
                -23.77824642999991
              ],
              [
                -45.234803808999914,
                -23.780221953999956
              ],
              [
                -45.234056375999955,
                -23.784172630999933
              ],
              [
                -45.23700916699994,
                -23.79250108599996
              ],
              [
                -45.23758160288433,
                -23.795511117430085
              ],
              [
                -45.24071608413875,
                -23.803607865840437
              ],
              [
                -45.241452129999914,
                -23.80475086599995
              ],
              [
                -45.241540164970594,
                -23.80573656740975
              ],
              [
                -45.24284119999987,
                -23.809097299999962
              ],
              [
                -45.2401589762232,
                -23.816396047719728
              ],
              [
                -45.24241847299993,
                -23.81880977299994
              ],
              [
                -45.24696293399995,
                -23.82083472499994
              ],
              [
                -45.24785851099995,
                -23.821912228999906
              ],
              [
                -45.246361716246334,
                -23.823507725819148
              ],
              [
                -45.248735799999906,
                -23.82492689999998
              ],
              [
                -45.24427663399407,
                -23.82788332590003
              ],
              [
                -45.24424648099995,
                -23.82795729199995
              ],
              [
                -45.24415545819202,
                -23.827963665425216
              ],
              [
                -45.23973378144321,
                -23.830895235957623
              ],
              [
                -45.2429430869999,
                -23.833077423999953
              ],
              [
                -45.243080741999904,
                -23.835560693999923
              ],
              [
                -45.240230210035755,
                -23.83599470466521
              ],
              [
                -45.24160539999997,
                -23.839102399999945
              ],
              [
                -45.232941264178145,
                -23.838273695937065
              ],
              [
                -45.234166597999945,
                -23.83926357899992
              ],
              [
                -45.23866971199993,
                -23.840735971999948
              ],
              [
                -45.24288291599993,
                -23.840020927999944
              ],
              [
                -45.25102753999994,
                -23.835960752999938
              ],
              [
                -45.26649878699993,
                -23.834636650999926
              ],
              [
                -45.27220989999995,
                -23.83648802299996
              ],
              [
                -45.278941914999905,
                -23.840881448999937
              ],
              [
                -45.28161490999992,
                -23.84567581199991
              ],
              [
                -45.28459561099993,
                -23.847353464999912
              ],
              [
                -45.28681839399991,
                -23.849780292999924
              ],
              [
                -45.288277714999936,
                -23.852983313999914
              ],
              [
                -45.288553973582694,
                -23.85695555897275
              ],
              [
                -45.29113829999994,
                -23.867013899999904
              ],
              [
                -45.28918309999989,
                -23.87409029999992
              ],
              [
                -45.270971381624804,
                -23.87540670221889
              ],
              [
                -45.27100177299991,
                -23.875857169999904
              ],
              [
                -45.27595446999993,
                -23.879967777999923
              ],
              [
                -45.27673473199991,
                -23.881423078999944
              ],
              [
                -45.27627792436303,
                -23.882249379173462
              ],
              [
                -45.27820839999998,
                -23.884488199999964
              ],
              [
                -45.27307459999997,
                -23.892920199999878
              ],
              [
                -45.24883109999996,
                -23.903350899999964
              ],
              [
                -45.24208089999996,
                -23.892833399999972
              ],
              [
                -45.225922189134145,
                -23.90257918811775
              ],
              [
                -45.22593411199995,
                -23.902611201999946
              ],
              [
                -45.22794997099993,
                -23.90390097799991
              ],
              [
                -45.236278857999935,
                -23.90405642299993
              ],
              [
                -45.23882491599994,
                -23.905117317999952
              ],
              [
                -45.239517709999916,
                -23.906729103999908
              ],
              [
                -45.23934313299992,
                -23.90941106799994
              ],
              [
                -45.238376886342465,
                -23.911039640408397
              ],
              [
                -45.23637669999988,
                -23.944282899999962
              ],
              [
                -45.2345448260866,
                -23.944058514316545
              ],
              [
                -45.2398223960861,
                -23.955913710426405
              ],
              [
                -45.24043920830516,
                -23.95653503706842
              ],
              [
                -45.24787153999995,
                -23.960710243999927
              ],
              [
                -45.25188196499994,
                -23.961867855999913
              ],
              [
                -45.26661319599992,
                -23.96084854499992
              ],
              [
                -45.26976865699993,
                -23.95681580799993
              ],
              [
                -45.27487254499994,
                -23.953469234999943
              ],
              [
                -45.277219077999916,
                -23.94946367999995
              ],
              [
                -45.281396523999945,
                -23.945579186999908
              ],
              [
                -45.2828204569999,
                -23.94205480499994
              ],
              [
                -45.28630085570287,
                -23.93949918084671
              ],
              [
                -45.280317599999876,
                -23.928891899999883
              ],
              [
                -45.28273490389856,
                -23.92505444511727
              ],
              [
                -45.28266831299993,
                -23.92376791299995
              ],
              [
                -45.28443173499994,
                -23.920043336999925
              ],
              [
                -45.287977622297234,
                -23.916731662314422
              ],
              [
                -45.288725792493814,
                -23.91554394678744
              ],
              [
                -45.289494841999954,
                -23.91340122799994
              ],
              [
                -45.291424529999915,
                -23.908684429999937
              ],
              [
                -45.29290017799991,
                -23.90725561799991
              ],
              [
                -45.294489161999934,
                -23.907666287999916
              ],
              [
                -45.29928080771513,
                -23.911094693490043
              ],
              [
                -45.30127627892017,
                -23.911190777471653
              ],
              [
                -45.30234338899993,
                -23.91083767999993
              ],
              [
                -45.303049191999946,
                -23.90743987399992
              ],
              [
                -45.3040712369999,
                -23.906372396999927
              ],
              [
                -45.30629718199992,
                -23.906517245999908
              ],
              [
                -45.308796428999926,
                -23.908137951999947
              ],
              [
                -45.31653780091839,
                -23.91192563538155
              ],
              [
                -45.31785772522589,
                -23.911989191088377
              ],
              [
                -45.321351285999924,
                -23.909998610999935
              ],
              [
                -45.32448142499993,
                -23.91000730399992
              ],
              [
                -45.32943428099992,
                -23.913165916999958
              ],
              [
                -45.33489084699994,
                -23.915025328999945
              ],
              [
                -45.33754073999995,
                -23.91699535899994
              ],
              [
                -45.338278413999944,
                -23.918545236999933
              ],
              [
                -45.33919478799993,
                -23.92138482599995
              ],
              [
                -45.34120307299992,
                -23.922076858999958
              ],
              [
                -45.34414220399992,
                -23.92022887099995
              ],
              [
                -45.34556595299995,
                -23.915901822999956
              ],
              [
                -45.34753160799994,
                -23.91553613499991
              ],
              [
                -45.35031509599992,
                -23.917344145999948
              ],
              [
                -45.35631994265667,
                -23.923670218453562
              ],
              [
                -45.35710953490847,
                -23.924331150686427
              ],
              [
                -45.36385986399995,
                -23.925753010999927
              ],
              [
                -45.37007641799994,
                -23.927463261999947
              ],
              [
                -45.380814597999915,
                -23.92768828499993
              ],
              [
                -45.38815387999995,
                -23.929474438999932
              ],
              [
                -45.39914166999995,
                -23.930490655999904
              ],
              [
                -45.40365044799995,
                -23.932179722999933
              ],
              [
                -45.40915407999995,
                -23.935081641999943
              ],
              [
                -45.41774700499991,
                -23.935510070999953
              ],
              [
                -45.425827315999925,
                -23.937155877999942
              ],
              [
                -45.42829824799992,
                -23.935289433999912
              ],
              [
                -45.43374917299991,
                -23.933529672999953
              ],
              [
                -45.43796106805949,
                -23.933812780695835
              ],
              [
                -45.443775083583745,
                -23.929166724214138
              ],
              [
                -45.45020362699995,
                -23.920831928999917
              ],
              [
                -45.45852015799994,
                -23.91181317099995
              ],
              [
                -45.45829173199991,
                -23.897122847999924
              ],
              [
                -45.45912883699992,
                -23.894407023999918
              ],
              [
                -45.46022767099993,
                -23.88886886499995
              ],
              [
                -45.4594458941276,
                -23.88586443191308
              ],
              [
                -45.45248359136323,
                -23.879888824206606
              ],
              [
                -45.450812080999924,
                -23.879631180999922
              ],
              [
                -45.44411702299993,
                -23.87426573999994
              ],
              [
                -45.438801128999955,
                -23.86847611199994
              ],
              [
                -45.43224703499993,
                -23.86414613599993
              ],
              [
                -45.43175185983581,
                -23.862095186257136
              ],
              [
                -45.42992519999996,
                -23.860527399999967
              ],
              [
                -45.417755899999975,
                -23.859484099999975
              ],
              [
                -45.41623855567397,
                -23.854992293764774
              ],
              [
                -45.41479159399995,
                -23.854285613999934
              ],
              [
                -45.412975482207976,
                -23.847852769082053
              ],
              [
                -45.40200037286564,
                -23.839051657729527
              ],
              [
                -45.40141353799993,
                -23.838735078999946
              ],
              [
                -45.40087946597893,
                -23.83815278501509
              ],
              [
                -45.37147438279954,
                -23.814572390203544
              ],
              [
                -45.37071082299991,
                -23.814112337999916
              ],
              [
                -45.37039173731006,
                -23.813704199900286
              ],
              [
                -45.36681579999993,
                -23.81083659999996
              ],
              [
                -45.36649917703762,
                -23.808356027741475
              ],
              [
                -45.363793176999934,
                -23.79456592699995
              ],
              [
                -45.36344928799991,
                -23.78806981699995
              ],
              [
                -45.36248379171032,
                -23.785061142225956
              ],
              [
                -45.360202311852966,
                -23.78162813985102
              ],
              [
                -45.35850109599994,
                -23.77992115199993
              ],
              [
                -45.35814572785303,
                -23.77853354415108
              ],
              [
                -45.349607599999956,
                -23.765686
              ],
              [
                -45.34962996811688,
                -23.763890454530088
              ],
              [
                -45.348836229999904,
                -23.762546424999925
              ],
              [
                -45.34821895399995,
                -23.756065638999928
              ],
              [
                -45.34893794099992,
                -23.750590857999953
              ],
              [
                -45.346744852999905,
                -23.738656673999913
              ],
              [
                -45.341361976711326,
                -23.728179629980417
              ],
              [
                -45.327835799999946,
                -23.72295689999993
              ],
              [
                -45.263376699999924,
                -23.742278299999953
              ]
            ]
          ],
          [
            [
              [
                -44.726169655179966,
                -23.369573141335167
              ],
              [
                -44.731004899973726,
                -23.369534798773554
              ],
              [
                -44.736387976468905,
                -23.368826181106726
              ],
              [
                -44.742184290999944,
                -23.36612436899992
              ],
              [
                -44.75022585743437,
                -23.36700458950713
              ],
              [
                -44.751423,
                -23.366847
              ],
              [
                -44.75417306610328,
                -23.367806565767083
              ],
              [
                -44.756278814999924,
                -23.36823594799995
              ],
              [
                -44.76486729167883,
                -23.37153804435066
              ],
              [
                -44.764946060609766,
                -23.371565528769867
              ],
              [
                -44.774576262999915,
                -23.373663277999924
              ],
              [
                -44.782770557999925,
                -23.37767258799994
              ],
              [
                -44.784529113840875,
                -23.37722393045268
              ],
              [
                -44.78485349999994,
                -23.371192899999926
              ],
              [
                -44.78545248743265,
                -23.371124701743685
              ],
              [
                -44.78615777899995,
                -23.369971327999906
              ],
              [
                -44.79433264499994,
                -23.36981864699993
              ],
              [
                -44.79490533750125,
                -23.370048438944224
              ],
              [
                -44.79731749999996,
                -23.369773799999905
              ],
              [
                -44.81683969330449,
                -23.381452728404636
              ],
              [
                -44.81906230799996,
                -23.38189983099994
              ],
              [
                -44.82533836999994,
                -23.384046304999913
              ],
              [
                -44.827784050999924,
                -23.387011196999936
              ],
              [
                -44.83342002099994,
                -23.385884595999926
              ],
              [
                -44.84311786399991,
                -23.387506841999937
              ],
              [
                -44.84387705112478,
                -23.387265421229724
              ],
              [
                -44.8415696830747,
                -23.378220128522386
              ],
              [
                -44.84147035899991,
                -23.378119590999916
              ],
              [
                -44.841416660147345,
                -23.377620251459483
              ],
              [
                -44.8405170498862,
                -23.374093619401688
              ],
              [
                -44.83896713199994,
                -23.37181762499995
              ],
              [
                -44.83944462978195,
                -23.369889542055677
              ],
              [
                -44.83934719999996,
                -23.369507599999906
              ],
              [
                -44.84333351763592,
                -23.367151528452045
              ],
              [
                -44.84512235699992,
                -23.364761382999916
              ],
              [
                -44.84695732499995,
                -23.36361906499991
              ],
              [
                -44.85325064990742,
                -23.361290110643658
              ],
              [
                -44.853453699999875,
                -23.361170099999924
              ],
              [
                -44.85364149672218,
                -23.36114547098096
              ],
              [
                -44.858891688999904,
                -23.35920254599995
              ],
              [
                -44.86458796699992,
                -23.358333752999954
              ],
              [
                -44.86967712799992,
                -23.35855532799991
              ],
              [
                -44.87365269599991,
                -23.361195985999927
              ],
              [
                -44.8750536241048,
                -23.362918562710792
              ],
              [
                -44.87660719949292,
                -23.363892370938732
              ],
              [
                -44.88427973499995,
                -23.364697037999917
              ],
              [
                -44.886095764999936,
                -23.36931769499995
              ],
              [
                -44.889444548999904,
                -23.371696392999922
              ],
              [
                -44.890584585004305,
                -23.371607807035815
              ],
              [
                -44.88501166730345,
                -23.351816784971952
              ],
              [
                -44.883738971999946,
                -23.351291400999912
              ],
              [
                -44.88292280499991,
                -23.350206977999903
              ],
              [
                -44.88316901799993,
                -23.347492724999938
              ],
              [
                -44.88496722499991,
                -23.34418058999995
              ],
              [
                -44.88807597299996,
                -23.33632465799991
              ],
              [
                -44.89118765499995,
                -23.33726140199991
              ],
              [
                -44.89755874799994,
                -23.334598441999958
              ],
              [
                -44.90653634699993,
                -23.332346343999916
              ],
              [
                -44.911996340999906,
                -23.33641501099993
              ],
              [
                -44.91429526591742,
                -23.342008671611204
              ],
              [
                -44.918696597030866,
                -23.347293155024367
              ],
              [
                -44.92275155999994,
                -23.35023605899994
              ],
              [
                -44.93858191499993,
                -23.35595449999994
              ],
              [
                -44.94004379880505,
                -23.35703802276281
              ],
              [
                -44.94244059999994,
                -23.357799299999897
              ],
              [
                -44.94295365962424,
                -23.35919476081773
              ],
              [
                -44.94747376899994,
                -23.36254498699992
              ],
              [
                -44.95007016399995,
                -23.371957264999935
              ],
              [
                -44.94931975499992,
                -23.376135119999958
              ],
              [
                -44.95006978299995,
                -23.37802912299992
              ],
              [
                -44.959377597999946,
                -23.37919764199995
              ],
              [
                -44.96021440571689,
                -23.380663075992512
              ],
              [
                -44.9608950999999,
                -23.380771
              ],
              [
                -44.965208465578286,
                -23.385994835247818
              ],
              [
                -44.971172349999904,
                -23.387623736999956
              ],
              [
                -44.972276965999924,
                -23.38979097899994
              ],
              [
                -44.97046411499991,
                -23.391590237999935
              ],
              [
                -44.97047153350201,
                -23.392368836994713
              ],
              [
                -44.971433674029264,
                -23.393534067140024
              ],
              [
                -44.97308423699991,
                -23.39448075599995
              ],
              [
                -44.97831752399992,
                -23.399664258999906
              ],
              [
                -44.98020441199992,
                -23.399492894999923
              ],
              [
                -44.98357100399994,
                -23.396916758999907
              ],
              [
                -44.98856055099992,
                -23.397727835999945
              ],
              [
                -44.99137788699994,
                -23.397189773999912
              ],
              [
                -44.99413186399994,
                -23.39710296599992
              ],
              [
                -45.00026064899993,
                -23.400128476999953
              ],
              [
                -45.00482098099991,
                -23.404098476999934
              ],
              [
                -45.0097170059999,
                -23.40649438199995
              ],
              [
                -45.00971910399994,
                -23.41133193199994
              ],
              [
                -45.01259323399995,
                -23.413476396999954
              ],
              [
                -45.01354008099992,
                -23.417040391999933
              ],
              [
                -45.01441531961221,
                -23.41803573956269
              ],
              [
                -45.024336134354755,
                -23.41593415361778
              ],
              [
                -45.024830692999956,
                -23.414471844999923
              ],
              [
                -45.031368647999955,
                -23.413775143999942
              ],
              [
                -45.03213234894783,
                -23.414282634520053
              ],
              [
                -45.03243179999998,
                -23.414219199999934
              ],
              [
                -45.03348491453344,
                -23.415181434258916
              ],
              [
                -45.036965590999955,
                -23.41749439499995
              ],
              [
                -45.03953081599991,
                -23.420696119999945
              ],
              [
                -45.04308935499995,
                -23.42216162299991
              ],
              [
                -45.044882085999916,
                -23.424157752999918
              ],
              [
                -45.04569380820072,
                -23.424018141870487
              ],
              [
                -45.04608149999996,
                -23.419452499999977
              ],
              [
                -45.04711369978551,
                -23.41928534926882
              ],
              [
                -45.04869170699993,
                -23.41761876499993
              ],
              [
                -45.054714980999904,
                -23.41577173199994
              ],
              [
                -45.057075794999946,
                -23.416308863999916
              ],
              [
                -45.06465804499993,
                -23.424793768999905
              ],
              [
                -45.06460925501155,
                -23.424901987778203
              ],
              [
                -45.065001,
                -23.425297399999977
              ],
              [
                -45.06241492242355,
                -23.428784122045577
              ],
              [
                -45.06672614999991,
                -23.430220707999922
              ],
              [
                -45.06727414649806,
                -23.433014458568966
              ],
              [
                -45.06918419999994,
                -23.433410199999912
              ],
              [
                -45.06803657291207,
                -23.43690139805706
              ],
              [
                -45.06848514199993,
                -23.43918825599991
              ],
              [
                -45.0682251529999,
                -23.442794088999904
              ],
              [
                -45.06391716099995,
                -23.452369535999935
              ],
              [
                -45.06244644439664,
                -23.453907136261268
              ],
              [
                -45.06195879999996,
                -23.455390599999873
              ],
              [
                -45.05954474647931,
                -23.456940794456163
              ],
              [
                -45.0581937739999,
                -23.458353204999923
              ],
              [
                -45.05745639383705,
                -23.45828183874583
              ],
              [
                -45.05530369999997,
                -23.459664199999963
              ],
              [
                -45.03837579923062,
                -23.448315897019327
              ],
              [
                -45.03787040041567,
                -23.44862401463811
              ],
              [
                -45.03617910413377,
                -23.45590031218881
              ],
              [
                -45.03613201499991,
                -23.457018099999914
              ],
              [
                -45.03589184185003,
                -23.457136172442258
              ],
              [
                -45.0352433999999,
                -23.459925899999973
              ],
              [
                -45.02026010192311,
                -23.461175403617784
              ],
              [
                -45.024254901906524,
                -23.462095512927515
              ],
              [
                -45.03542720206778,
                -23.46360130760129
              ],
              [
                -45.037768144999916,
                -23.46312550199991
              ],
              [
                -45.04084196499991,
                -23.46197223899992
              ],
              [
                -45.04648797899995,
                -23.461585654999908
              ],
              [
                -45.04990171399993,
                -23.46371737499993
              ],
              [
                -45.05144667832441,
                -23.465760401223527
              ],
              [
                -45.05474159378807,
                -23.46620448758749
              ],
              [
                -45.05598954399994,
                -23.464977003999934
              ],
              [
                -45.057925681710685,
                -23.466633636694255
              ],
              [
                -45.06186369999989,
                -23.467164399999888
              ],
              [
                -45.06205141285397,
                -23.467671951110546
              ],
              [
                -45.06273430299996,
                -23.467785368999955
              ],
              [
                -45.065411413999925,
                -23.470605871999908
              ],
              [
                -45.070116481999946,
                -23.476802208999914
              ],
              [
                -45.0710282199999,
                -23.48083119599994
              ],
              [
                -45.074228338999944,
                -23.487657825999918
              ],
              [
                -45.07397863299991,
                -23.491325247999953
              ],
              [
                -45.071024112923105,
                -23.49193296353901
              ],
              [
                -45.0738955455551,
                -23.499696943415238
              ],
              [
                -45.075892359999955,
                -23.50176660199992
              ],
              [
                -45.07762352399993,
                -23.506029622999904
              ],
              [
                -45.08160449999991,
                -23.511112495999953
              ],
              [
                -45.081322032999935,
                -23.516385586999945
              ],
              [
                -45.08221180699991,
                -23.51990079099994
              ],
              [
                -45.082238634589466,
                -23.519890886176338
              ],
              [
                -45.085269401752555,
                -23.500246362126315
              ],
              [
                -45.084639469999956,
                -23.497738867999942
              ],
              [
                -45.085519157999954,
                -23.49425455699992
              ],
              [
                -45.08873214599993,
                -23.492475399999933
              ],
              [
                -45.09666632099993,
                -23.491979735999905
              ],
              [
                -45.100145676999944,
                -23.493019399999923
              ],
              [
                -45.10423173499993,
                -23.49643700899992
              ],
              [
                -45.1039915529999,
                -23.49067045299995
              ],
              [
                -45.10513816799994,
                -23.48905642199992
              ],
              [
                -45.10628595599991,
                -23.48898737199994
              ],
              [
                -45.107009268188555,
                -23.489705114432518
              ],
              [
                -45.10708029999995,
                -23.48938869999995
              ],
              [
                -45.123147599999925,
                -23.501333699999975
              ],
              [
                -45.1230827200764,
                -23.50136608867869
              ],
              [
                -45.123276895999936,
                -23.501464752999937
              ],
              [
                -45.12248474699993,
                -23.50289022299995
              ],
              [
                -45.120337681999956,
                -23.50335599199991
              ],
              [
                -45.118152408608566,
                -23.50382734734554
              ],
              [
                -45.108041579516,
                -23.508874769987184
              ],
              [
                -45.109563633999926,
                -23.510841565999954
              ],
              [
                -45.10747092699995,
                -23.513353775999917
              ],
              [
                -45.107882427999925,
                -23.51562558699993
              ],
              [
                -45.10679220199995,
                -23.522789042999932
              ],
              [
                -45.1076715449999,
                -23.524085837999905
              ],
              [
                -45.11335519999989,
                -23.525117096755952
              ],
              [
                -45.11335519999989,
                -23.52016459999993
              ],
              [
                -45.11606340789059,
                -23.519283119592295
              ],
              [
                -45.116111804999946,
                -23.518684873999916
              ],
              [
                -45.117569273222095,
                -23.51879298336944
              ],
              [
                -45.12267062970044,
                -23.517132569557244
              ],
              [
                -45.123596584999916,
                -23.515108494999936
              ],
              [
                -45.12946063599992,
                -23.513412586999948
              ],
              [
                -45.133009116999915,
                -23.510686369999917
              ],
              [
                -45.13508995199993,
                -23.509283060999906
              ],
              [
                -45.13831787599992,
                -23.510900314999958
              ],
              [
                -45.13832833942349,
                -23.510900307714774
              ],
              [
                -45.138518859650034,
                -23.507464163200552
              ],
              [
                -45.136070494999956,
                -23.506032803999915
              ],
              [
                -45.13668198999994,
                -23.502970040999912
              ],
              [
                -45.139206782999906,
                -23.500667880999913
              ],
              [
                -45.141551070507056,
                -23.501108650095638
              ],
              [
                -45.145752300230306,
                -23.500086440439333
              ],
              [
                -45.14642794699995,
                -23.497553899999957
              ],
              [
                -45.14902900099992,
                -23.497062831999926
              ],
              [
                -45.15250291038691,
                -23.498443935900756
              ],
              [
                -45.16573580528018,
                -23.49522421362137
              ],
              [
                -45.166220309999915,
                -23.492963663999944
              ],
              [
                -45.16813325499993,
                -23.49187541099991
              ],
              [
                -45.171182235999936,
                -23.492787251999914
              ],
              [
                -45.17301313899992,
                -23.494207117999906
              ],
              [
                -45.17382366399994,
                -23.496589032999907
              ],
              [
                -45.173387704999925,
                -23.498826135999934
              ],
              [
                -45.172430680372884,
                -23.505634607671723
              ],
              [
                -45.17366919999989,
                -23.511371599999904
              ],
              [
                -45.16398382367484,
                -23.516650816278457
              ],
              [
                -45.167146328999934,
                -23.520499738999945
              ],
              [
                -45.16733359299991,
                -23.524552014999927
              ],
              [
                -45.16571608853387,
                -23.528705473274453
              ],
              [
                -45.166111299999955,
                -23.530206499999906
              ],
              [
                -45.164388070017694,
                -23.53016884670925
              ],
              [
                -45.163474600999905,
                -23.530854810999926
              ],
              [
                -45.16062736161019,
                -23.53008667366897
              ],
              [
                -45.15918609368891,
                -23.530055181366425
              ],
              [
                -45.15943157899994,
                -23.53162994899992
              ],
              [
                -45.158792912417354,
                -23.532499792109217
              ],
              [
                -45.160710405171415,
                -23.537735388264142
              ],
              [
                -45.164123960999916,
                -23.540068103999943
              ],
              [
                -45.170248375999904,
                -23.539421380999954
              ],
              [
                -45.173851387999946,
                -23.541134116999956
              ],
              [
                -45.17604377407108,
                -23.541765075761393
              ],
              [
                -45.17620502199077,
                -23.541762700601947
              ],
              [
                -45.179962649999936,
                -23.538793679999912
              ],
              [
                -45.181938197999955,
                -23.53813931199994
              ],
              [
                -45.186505639753,
                -23.53933995401503
              ],
              [
                -45.18922032739584,
                -23.528522552226956
              ],
              [
                -45.18888241399992,
                -23.52724986499993
              ],
              [
                -45.18919762199994,
                -23.525587600999927
              ],
              [
                -45.190182637332164,
                -23.524687969911966
              ],
              [
                -45.190877299999954,
                -23.521919899999943
              ],
              [
                -45.19403465646307,
                -23.521169855981952
              ],
              [
                -45.19576487199993,
                -23.51958962099991
              ],
              [
                -45.198303455999906,
                -23.518647469999905
              ],
              [
                -45.20181953899993,
                -23.51878219699995
              ],
              [
                -45.20785082499992,
                -23.52080010399993
              ],
              [
                -45.21693116999995,
                -23.527728340999943
              ],
              [
                -45.22212619599992,
                -23.52962578699993
              ],
              [
                -45.228900203999956,
                -23.536181472999942
              ],
              [
                -45.230815596999946,
                -23.541363404999913
              ],
              [
                -45.23104924799992,
                -23.548046402999944
              ],
              [
                -45.230891490424675,
                -23.548413109265933
              ],
              [
                -45.231188199999906,
                -23.549550599999975
              ],
              [
                -45.21607281470733,
                -23.556114106522234
              ],
              [
                -45.217698353999936,
                -23.557226183999944
              ],
              [
                -45.21839656599991,
                -23.55873278799993
              ],
              [
                -45.217339790999915,
                -23.560680934999937
              ],
              [
                -45.215145030999906,
                -23.562138973999936
              ],
              [
                -45.21411951675701,
                -23.562224341167337
              ],
              [
                -45.2135733619196,
                -23.56600390843207
              ],
              [
                -45.21459245099993,
                -23.566782330999956
              ],
              [
                -45.21339727510805,
                -23.567222485844724
              ],
              [
                -45.21143115627554,
                -23.580828660996872
              ],
              [
                -45.2127002279999,
                -23.58165800699993
              ],
              [
                -45.21658130499992,
                -23.58081592499991
              ],
              [
                -45.22095559199994,
                -23.581325311999933
              ],
              [
                -45.22326239499995,
                -23.580731339999943
              ],
              [
                -45.22890750899995,
                -23.582750492999935
              ],
              [
                -45.23171103999994,
                -23.581876403999956
              ],
              [
                -45.23641474199991,
                -23.582635025999934
              ],
              [
                -45.23941510599991,
                -23.584379292999927
              ],
              [
                -45.24346869599992,
                -23.589180148999958
              ],
              [
                -45.245944857999916,
                -23.59250290299991
              ],
              [
                -45.248581204848584,
                -23.592571379439566
              ],
              [
                -45.25543284279128,
                -23.590305309348306
              ],
              [
                -45.25544287699995,
                -23.590289819999953
              ],
              [
                -45.255499499171066,
                -23.59028326381264
              ],
              [
                -45.25666769999992,
                -23.58989689999993
              ],
              [
                -45.256875578577095,
                -23.59012392985977
              ],
              [
                -45.25944244199991,
                -23.589826716999937
              ],
              [
                -45.261279577999915,
                -23.59115707099994
              ],
              [
                -45.263058077999915,
                -23.594319281999958
              ],
              [
                -45.26343748228976,
                -23.592787434002638
              ],
              [
                -45.26332279999997,
                -23.589635499999872
              ],
              [
                -45.26521934945886,
                -23.589297801413423
              ],
              [
                -45.267984433999914,
                -23.58802656699993
              ],
              [
                -45.271492623999904,
                -23.588072858999908
              ],
              [
                -45.27458636999995,
                -23.586475643999904
              ],
              [
                -45.278715822999914,
                -23.586864771999956
              ],
              [
                -45.27990448495694,
                -23.586329047309906
              ],
              [
                -45.278059,
                -23.574997099999962
              ],
              [
                -45.279344163474256,
                -23.574849172217892
              ],
              [
                -45.28028344899991,
                -23.573331793999955
              ],
              [
                -45.28507307299992,
                -23.571704754999928
              ],
              [
                -45.287754037999946,
                -23.57169095899991
              ],
              [
                -45.29239208600588,
                -23.57334730083778
              ],
              [
                -45.29613493728093,
                -23.572916482736556
              ],
              [
                -45.297980329999916,
                -23.57073383699992
              ],
              [
                -45.3043887579999,
                -23.573550490999935
              ],
              [
                -45.30811089699995,
                -23.57433108099991
              ],
              [
                -45.31278815399992,
                -23.574499743999922
              ],
              [
                -45.31632516299993,
                -23.575745388999906
              ],
              [
                -45.321873514999936,
                -23.578905837999912
              ],
              [
                -45.33210279299993,
                -23.58640896199995
              ],
              [
                -45.34073589099995,
                -23.59508550599992
              ],
              [
                -45.35331140399995,
                -23.613114142999905
              ],
              [
                -45.357966769999905,
                -23.62230694099992
              ],
              [
                -45.365214891999926,
                -23.62465939899994
              ],
              [
                -45.369230789999904,
                -23.627950227999918
              ],
              [
                -45.37188260399995,
                -23.627582136999933
              ],
              [
                -45.37775825999995,
                -23.62232267199994
              ],
              [
                -45.38076758199992,
                -23.62413217099993
              ],
              [
                -45.385767210999916,
                -23.63111647799991
              ],
              [
                -45.38808811899992,
                -23.632203466999954
              ],
              [
                -45.38942998899995,
                -23.631616665999957
              ],
              [
                -45.39055265799993,
                -23.629227002999926
              ],
              [
                -45.39653593999992,
                -23.626562578999938
              ],
              [
                -45.400115280999955,
                -23.621479766999926
              ],
              [
                -45.40269701099993,
                -23.62051178999991
              ],
              [
                -45.40531032599995,
                -23.621193069999947
              ],
              [
                -45.41205213199993,
                -23.627316280999935
              ],
              [
                -45.414044662399135,
                -23.630019714430592
              ],
              [
                -45.41677009999995,
                -23.631798099999912
              ],
              [
                -45.41861053469702,
                -23.636214617060492
              ],
              [
                -45.42052484299995,
                -23.63881191999991
              ],
              [
                -45.428582880999954,
                -23.65604286799993
              ],
              [
                -45.43108167399993,
                -23.667588227999943
              ],
              [
                -45.431360157999904,
                -23.672922468999957
              ],
              [
                -45.429994446999956,
                -23.68932438199994
              ],
              [
                -45.42868873571962,
                -23.695278389768106
              ],
              [
                -45.42798879999992,
                -23.70903279999993
              ],
              [
                -45.419717599999956,
                -23.72644129999992
              ],
              [
                -45.397565699999916,
                -23.724091399999907
              ],
              [
                -45.39908696791615,
                -23.727058134318018
              ],
              [
                -45.39925138499996,
                -23.72731684999991
              ],
              [
                -45.39923849764761,
                -23.72735364337973
              ],
              [
                -45.41287239999997,
                -23.75394209999996
              ],
              [
                -45.39747079999995,
                -23.780654
              ],
              [
                -45.397246227775994,
                -23.789593362402222
              ],
              [
                -45.397954796999954,
                -23.791231938999942
              ],
              [
                -45.39712908404142,
                -23.79425640700344
              ],
              [
                -45.39702225524945,
                -23.79850885314084
              ],
              [
                -45.39784193499992,
                -23.804044236999914
              ],
              [
                -45.39740701799991,
                -23.807835275999935
              ],
              [
                -45.39866231499991,
                -23.80772281199995
              ],
              [
                -45.40144275299991,
                -23.805453379999904
              ],
              [
                -45.404832893999924,
                -23.806105070999934
              ],
              [
                -45.40652928599991,
                -23.807683806999933
              ],
              [
                -45.407140383999945,
                -23.809981704999927
              ],
              [
                -45.40702727399113,
                -23.810407012941678
              ],
              [
                -45.4070731999999,
                -23.810404699999935
              ],
              [
                -45.405611365121636,
                -23.817473713189255
              ],
              [
                -45.40976285499994,
                -23.818903823999904
              ],
              [
                -45.41164596999994,
                -23.82035325399994
              ],
              [
                -45.41530175899993,
                -23.82047319399993
              ],
              [
                -45.41925455299992,
                -23.821888591999937
              ],
              [
                -45.42065367799995,
                -23.824218498999926
              ],
              [
                -45.423085612999955,
                -23.824976309999954
              ],
              [
                -45.428967979999925,
                -23.82890569199992
              ],
              [
                -45.43049539599991,
                -23.828883025999914
              ],
              [
                -45.43248750299995,
                -23.82598487699994
              ],
              [
                -45.43700803699994,
                -23.823963549999917
              ],
              [
                -45.43873371399991,
                -23.824427804999914
              ],
              [
                -45.43983969399994,
                -23.826002283999912
              ],
              [
                -45.44427162599993,
                -23.82876475899991
              ],
              [
                -45.445979940999905,
                -23.829041625999935
              ],
              [
                -45.44686677099992,
                -23.828149553999936
              ],
              [
                -45.44766301099992,
                -23.823724788999925
              ],
              [
                -45.46117708399993,
                -23.81739633199993
              ],
              [
                -45.465540656999906,
                -23.816405561999943
              ],
              [
                -45.46827500499995,
                -23.81716743599992
              ],
              [
                -45.46932300599991,
                -23.819827301999908
              ],
              [
                -45.47515230499994,
                -23.822063950999905
              ],
              [
                -45.47778470299994,
                -23.824436143999947
              ],
              [
                -45.48066605999992,
                -23.825579011999935
              ],
              [
                -45.48749286599991,
                -23.826628721999953
              ],
              [
                -45.48961768599992,
                -23.82766347599994
              ],
              [
                -45.490619987999935,
                -23.829291681999905
              ],
              [
                -45.491351498999904,
                -23.83473036199996
              ],
              [
                -45.49834254399991,
                -23.835207243999946
              ],
              [
                -45.50449997699991,
                -23.83992475699995
              ],
              [
                -45.50986858999994,
                -23.83829732399994
              ],
              [
                -45.51354035299994,
                -23.838836268999955
              ],
              [
                -45.51430823199734,
                -23.8388385565366
              ],
              [
                -45.51355449999994,
                -23.831886899999972
              ],
              [
                -45.5144346848706,
                -23.831788777962718
              ],
              [
                -45.51488985499992,
                -23.830355703999942
              ],
              [
                -45.52206779499994,
                -23.829039266999928
              ],
              [
                -45.52449282895909,
                -23.830667507168503
              ],
              [
                -45.52453621399611,
                -23.830662670652494
              ],
              [
                -45.52657182699994,
                -23.828132540999945
              ],
              [
                -45.528860649999956,
                -23.827633283999944
              ],
              [
                -45.53578391099995,
                -23.82873781899991
              ],
              [
                -45.539613076999956,
                -23.828296274999957
              ],
              [
                -45.53966055543226,
                -23.828276183647414
              ],
              [
                -45.53428029999998,
                -23.819884899999977
              ],
              [
                -45.53622511365151,
                -23.818028982340746
              ],
              [
                -45.53621876199992,
                -23.817887321999933
              ],
              [
                -45.53801620899992,
                -23.814934680999954
              ],
              [
                -45.541126462999955,
                -23.812246174999927
              ],
              [
                -45.54417135101965,
                -23.810445961600262
              ],
              [
                -45.545308699999964,
                -23.809360599999877
              ],
              [
                -45.54586633575558,
                -23.8094438445391
              ],
              [
                -45.54824440999994,
                -23.80803786799993
              ],
              [
                -45.55472221499991,
                -23.808309737999934
              ],
              [
                -45.55574821312531,
                -23.80796971169952
              ],
              [
                -45.55657237182315,
                -23.8049380912405
              ],
              [
                -45.55541744899995,
                -23.801186300999916
              ],
              [
                -45.55817420721583,
                -23.799045831702145
              ],
              [
                -45.558328447491,
                -23.798478467704108
              ],
              [
                -45.55867496099995,
                -23.79690399099991
              ],
              [
                -45.5589749092608,
                -23.796100495194167
              ],
              [
                -45.55993979999994,
                -23.792551199999934
              ],
              [
                -45.56139641088054,
                -23.792547654957332
              ],
              [
                -45.562888691999945,
                -23.791595568999924
              ],
              [
                -45.57986868599994,
                -23.790559887999905
              ],
              [
                -45.58727766399994,
                -23.791045917999952
              ],
              [
                -45.59246964399995,
                -23.793647257999908
              ],
              [
                -45.59615345099991,
                -23.794270395999945
              ],
              [
                -45.59927140199994,
                -23.796033250999926
              ],
              [
                -45.600992392999956,
                -23.796214781999936
              ],
              [
                -45.60537831499994,
                -23.796459092999953
              ],
              [
                -45.60983687399994,
                -23.79778039599995
              ],
              [
                -45.616622925999934,
                -23.797001146999946
              ],
              [
                -45.618676353999945,
                -23.79813954599996
              ],
              [
                -45.62029313799991,
                -23.801569960999927
              ],
              [
                -45.624292789614955,
                -23.801262279409592
              ],
              [
                -45.62697589999988,
                -23.78639529999998
              ],
              [
                -45.62889717848922,
                -23.785520978684303
              ],
              [
                -45.629235398999924,
                -23.78387085299994
              ],
              [
                -45.631988409999906,
                -23.78247324499995
              ],
              [
                -45.635786449999955,
                -23.781844633999924
              ],
              [
                -45.636821812857384,
                -23.78191469423076
              ],
              [
                -45.643404467759346,
                -23.778919107944613
              ],
              [
                -45.64312659899991,
                -23.778440034999903
              ],
              [
                -45.643462848999945,
                -23.777040411999906
              ],
              [
                -45.64488898299993,
                -23.77609531199994
              ],
              [
                -45.64738584399993,
                -23.775913299999957
              ],
              [
                -45.65082501099994,
                -23.77748479899992
              ],
              [
                -45.660490807999906,
                -23.777695387999927
              ],
              [
                -45.66275577099992,
                -23.779193733999932
              ],
              [
                -45.665316385999915,
                -23.78335558799995
              ],
              [
                -45.66676252599996,
                -23.783771909999928
              ],
              [
                -45.66749722569577,
                -23.78308586193946
              ],
              [
                -45.668251475438915,
                -23.781541756309036
              ],
              [
                -45.667693018999955,
                -23.77838010599993
              ],
              [
                -45.66815498199992,
                -23.77663033999994
              ],
              [
                -45.67361990299992,
                -23.773724656999946
              ],
              [
                -45.67819758499991,
                -23.77296227399995
              ],
              [
                -45.68405981799992,
                -23.773408937999932
              ],
              [
                -45.68630688199994,
                -23.774687145999906
              ],
              [
                -45.68828742599993,
                -23.77724338999991
              ],
              [
                -45.69110129699993,
                -23.77869662799992
              ],
              [
                -45.69219217199992,
                -23.78045971599994
              ],
              [
                -45.69477866299991,
                -23.780889147999915
              ],
              [
                -45.697566217999906,
                -23.77949374499991
              ],
              [
                -45.69807045899995,
                -23.77371685499992
              ],
              [
                -45.699776061999955,
                -23.77228108999992
              ],
              [
                -45.70167844999992,
                -23.771834184999932
              ],
              [
                -45.70539013299992,
                -23.772430947999908
              ],
              [
                -45.70940381899993,
                -23.76989477199993
              ],
              [
                -45.712645842999905,
                -23.76935148499996
              ],
              [
                -45.71573442288823,
                -23.77102743833734
              ],
              [
                -45.72238133634493,
                -23.770965595612676
              ],
              [
                -45.729037459999915,
                -23.768131224999934
              ],
              [
                -45.74509835199996,
                -23.766059138999935
              ],
              [
                -45.75344836699992,
                -23.76749388099995
              ],
              [
                -45.758314758999916,
                -23.769400633999908
              ],
              [
                -45.75876606527745,
                -23.769200797077936
              ],
              [
                -45.76305223235187,
                -23.766390056633174
              ],
              [
                -45.76267505099992,
                -23.76413474499992
              ],
              [
                -45.76393288499992,
                -23.762769361999915
              ],
              [
                -45.766807799999924,
                -23.76215920699991
              ],
              [
                -45.77299681599993,
                -23.762545834999912
              ],
              [
                -45.779344085999924,
                -23.764959141999952
              ],
              [
                -45.78657425699993,
                -23.76496250899993
              ],
              [
                -45.791834226999924,
                -23.76603747599995
              ],
              [
                -45.795745042999954,
                -23.76804912999995
              ],
              [
                -45.79908380599994,
                -23.76720584499992
              ],
              [
                -45.803252553999926,
                -23.76873292299996
              ],
              [
                -45.80466301662574,
                -23.768137592566852
              ],
              [
                -45.80537635386025,
                -23.76427762508192
              ],
              [
                -45.804645542999936,
                -23.76234721399993
              ],
              [
                -45.805961586999956,
                -23.760491992999903
              ],
              [
                -45.80609085007307,
                -23.7604113862033
              ],
              [
                -45.80626289999998,
                -23.759480399999973
              ],
              [
                -45.807707155239775,
                -23.759403479005407
              ],
              [
                -45.80900667199995,
                -23.75859311699992
              ],
              [
                -45.81350734199992,
                -23.75718252699994
              ],
              [
                -45.82268704699993,
                -23.75632855899994
              ],
              [
                -45.84803318099995,
                -23.75702479499995
              ],
              [
                -45.867942710999955,
                -23.75890099399993
              ],
              [
                -45.878383425999914,
                -23.761903226999948
              ],
              [
                -45.88481631499991,
                -23.76186227599993
              ],
              [
                -45.89238015099994,
                -23.764393672999915
              ],
              [
                -45.89612627999992,
                -23.764131225999904
              ],
              [
                -45.89826154699995,
                -23.763315417999934
              ],
              [
                -45.901948846999915,
                -23.763776322999945
              ],
              [
                -45.939504332999945,
                -23.77339649599992
              ],
              [
                -45.963789897832065,
                -23.781777507623634
              ],
              [
                -45.967335599999956,
                -23.78247949999991
              ],
              [
                -45.96893067955677,
                -23.783551604775074
              ],
              [
                -45.97871005299993,
                -23.786926491999907
              ],
              [
                -45.98909306699994,
                -23.791343231999917
              ],
              [
                -45.99235411799992,
                -23.794406783999932
              ],
              [
                -45.99364936499995,
                -23.799828177999927
              ],
              [
                -45.99634996499992,
                -23.80176929299995
              ],
              [
                -46.001532412221565,
                -23.802232654292485
              ],
              [
                -46.00486491125103,
                -23.801298723421006
              ],
              [
                -46.007732483999916,
                -23.79959834199991
              ],
              [
                -46.01073385099994,
                -23.799573842999905
              ],
              [
                -46.03434355099995,
                -23.80977783499992
              ],
              [
                -46.03982849699992,
                -23.814831386999913
              ],
              [
                -46.039533960999904,
                -23.81730450899994
              ],
              [
                -46.03633315299993,
                -23.820773267999925
              ],
              [
                -46.039983729825494,
                -23.825573988731566
              ],
              [
                -46.0447648674285,
                -23.829562529902866
              ],
              [
                -46.04745778451084,
                -23.83072354265655
              ],
              [
                -46.04539029999995,
                -23.82344949999998
              ],
              [
                -46.046470673528574,
                -23.822509601545324
              ],
              [
                -46.046449932999906,
                -23.820813237999914
              ],
              [
                -46.05114269399991,
                -23.815914345999943
              ],
              [
                -46.05679355299992,
                -23.81354611599994
              ],
              [
                -46.06538107999995,
                -23.81298206799994
              ],
              [
                -46.07996457699994,
                -23.81786122899996
              ],
              [
                -46.107881608999946,
                -23.829606844999944
              ],
              [
                -46.11986659699994,
                -23.836285779999912
              ],
              [
                -46.12850773899993,
                -23.842706453999938
              ],
              [
                -46.13254658599993,
                -23.84709887699995
              ],
              [
                -46.136784951999914,
                -23.853613010999936
              ],
              [
                -46.13841654299995,
                -23.854445968999926
              ],
              [
                -46.14101588099993,
                -23.854566761999934
              ],
              [
                -46.1441656799999,
                -23.855001668999932
              ],
              [
                -46.147786881999934,
                -23.857045615999937
              ],
              [
                -46.14904830599994,
                -23.85724809599992
              ],
              [
                -46.15214610899994,
                -23.857224170999928
              ],
              [
                -46.15374941099992,
                -23.856036996999933
              ],
              [
                -46.153958874999944,
                -23.853657358999953
              ],
              [
                -46.152911644999904,
                -23.850857671999904
              ],
              [
                -46.15108652099991,
                -23.848415255999953
              ],
              [
                -46.14642929999991,
                -23.844717964999916
              ],
              [
                -46.14490252399992,
                -23.842755775999933
              ],
              [
                -46.14477579499993,
                -23.84092222599992
              ],
              [
                -46.14589880199992,
                -23.839735394999934
              ],
              [
                -46.147706344999904,
                -23.83899921999995
              ],
              [
                -46.14926821599994,
                -23.837755483999956
              ],
              [
                -46.150132493999934,
                -23.835385284999916
              ],
              [
                -46.150515173999906,
                -23.83217806899995
              ],
              [
                -46.15124537799994,
                -23.82931818399993
              ],
              [
                -46.15257023099991,
                -23.827398090999907
              ],
              [
                -46.15427551899995,
                -23.82637043299991
              ],
              [
                -46.155804006999915,
                -23.825691562999907
              ],
              [
                -46.15614461699994,
                -23.826965492999932
              ],
              [
                -46.15528787699992,
                -23.82855636399995
              ],
              [
                -46.15408975899993,
                -23.829839728999957
              ],
              [
                -46.152639550999936,
                -23.831683055999918
              ],
              [
                -46.15179259799993,
                -23.83378978299993
              ],
              [
                -46.151406391999956,
                -23.836456824999914
              ],
              [
                -46.15109923499995,
                -23.838403335999942
              ],
              [
                -46.150282819999916,
                -23.83952237299991
              ],
              [
                -46.14665770599993,
                -23.841351381999914
              ],
              [
                -46.146526911999956,
                -23.842339411999944
              ],
              [
                -46.14820612199992,
                -23.843944309999927
              ],
              [
                -46.15100115899992,
                -23.846281544999954
              ],
              [
                -46.15394065499993,
                -23.84948247099993
              ],
              [
                -46.15608407099995,
                -23.85290219099994
              ],
              [
                -46.15735786099992,
                -23.856012204999956
              ],
              [
                -46.15778140499992,
                -23.858362116999956
              ],
              [
                -46.157150120999916,
                -23.859563323999907
              ],
              [
                -46.15722611599995,
                -23.861330179999925
              ],
              [
                -46.15788770650907,
                -23.863346202144474
              ],
              [
                -46.18045544025822,
                -23.886043961732042
              ],
              [
                -46.18582363999991,
                -23.887832560999925
              ],
              [
                -46.19509578399993,
                -23.89442909899992
              ],
              [
                -46.19568158699991,
                -23.89599267099993
              ],
              [
                -46.1943778399999,
                -23.899581516999945
              ],
              [
                -46.194448502402345,
                -23.900117646044855
              ],
              [
                -46.20057507011912,
                -23.906279512481163
              ],
              [
                -46.20325929699993,
                -23.90811472799993
              ],
              [
                -46.206378394999945,
                -23.911065110999914
              ],
              [
                -46.21016702499992,
                -23.91169195099991
              ],
              [
                -46.21248086899993,
                -23.910852009999928
              ],
              [
                -46.214756715999954,
                -23.90792065699992
              ],
              [
                -46.22237536699993,
                -23.90417627699992
              ],
              [
                -46.226115454999956,
                -23.904166235999924
              ],
              [
                -46.22823972099991,
                -23.905215573999953
              ],
              [
                -46.23074347399995,
                -23.906726275999915
              ],
              [
                -46.23245963499994,
                -23.904704497999944
              ],
              [
                -46.23453783499991,
                -23.90545235499991
              ],
              [
                -46.23738614599995,
                -23.90835772899993
              ],
              [
                -46.239128982999944,
                -23.911464460999923
              ],
              [
                -46.238857879247746,
                -23.916707218900264
              ],
              [
                -46.239652507578086,
                -23.917487827437803
              ],
              [
                -46.24523358199991,
                -23.920411890999958
              ],
              [
                -46.24551353299995,
                -23.921674778999943
              ],
              [
                -46.24494533351361,
                -23.922687270945218
              ],
              [
                -46.24606969999991,
                -23.92379179999989
              ],
              [
                -46.24684929999995,
                -23.919604099999958
              ],
              [
                -46.27765279999994,
                -23.91647539999991
              ],
              [
                -46.2917235999999,
                -23.922644299999888
              ],
              [
                -46.30056529999996,
                -23.916040799999905
              ],
              [
                -46.30612684647923,
                -23.918014907571266
              ],
              [
                -46.31053987899992,
                -23.91632848899991
              ],
              [
                -46.31056896378824,
                -23.91959166638202
              ],
              [
                -46.318075257475805,
                -23.922256074790134
              ],
              [
                -46.32163962299995,
                -23.921731939999916
              ],
              [
                -46.32754022499995,
                -23.924611456999912
              ],
              [
                -46.32973574899995,
                -23.923826989999952
              ],
              [
                -46.33068287399993,
                -23.922332242999914
              ],
              [
                -46.33040020499993,
                -23.92013290199992
              ],
              [
                -46.328730625999924,
                -23.917539356999953
              ],
              [
                -46.32706616874362,
                -23.91507681382993
              ],
              [
                -46.32633,
                -23.914737
              ],
              [
                -46.3265580345649,
                -23.9143250358275
              ],
              [
                -46.32589759299992,
                -23.91334792099991
              ],
              [
                -46.325605854999935,
                -23.91067156899993
              ],
              [
                -46.327209326999935,
                -23.908669888999952
              ],
              [
                -46.33025791307976,
                -23.907640885153125
              ],
              [
                -46.330323,
                -23.90752329999998
              ],
              [
                -46.33046679568663,
                -23.90757038000734
              ],
              [
                -46.3316419219999,
                -23.90717373399991
              ],
              [
                -46.332205373999955,
                -23.90632864999992
              ],
              [
                -46.32795244399995,
                -23.903912900999956
              ],
              [
                -46.32793362199993,
                -23.902678021999918
              ],
              [
                -46.32949111799991,
                -23.902524481999933
              ],
              [
                -46.33189723999993,
                -23.903251978999947
              ],
              [
                -46.33459824199991,
                -23.901223286999937
              ],
              [
                -46.343676212999924,
                -23.90272200299995
              ],
              [
                -46.35075528099992,
                -23.907049636999943
              ],
              [
                -46.35456422999994,
                -23.90457733799991
              ],
              [
                -46.36222820699993,
                -23.90397548699991
              ],
              [
                -46.367246776999934,
                -23.89987681799994
              ],
              [
                -46.36969780299995,
                -23.89929927199995
              ],
              [
                -46.37180001899992,
                -23.89917051799995
              ],
              [
                -46.37302216599994,
                -23.897954571999946
              ],
              [
                -46.3742184969999,
                -23.89421122199991
              ],
              [
                -46.37373832199995,
                -23.890703369999926
              ],
              [
                -46.370496689999925,
                -23.887665185999936
              ],
              [
                -46.36694927699995,
                -23.886177282999938
              ],
              [
                -46.36631841199994,
                -23.88524416699994
              ],
              [
                -46.36641801099995,
                -23.88464847599994
              ],
              [
                -46.36700318699991,
                -23.88428313399993
              ],
              [
                -46.37312579899992,
                -23.882921780999936
              ],
              [
                -46.375215272999924,
                -23.884047323999937
              ],
              [
                -46.38079827799993,
                -23.889338615999918
              ],
              [
                -46.38208735799992,
                -23.893017735999933
              ],
              [
                -46.38182254299994,
                -23.896246720999955
              ],
              [
                -46.378874965999955,
                -23.900176847999944
              ],
              [
                -46.380469253999934,
                -23.90630298399992
              ],
              [
                -46.38035525702562,
                -23.910923084342702
              ],
              [
                -46.38109179999992,
                -23.913520199999937
              ],
              [
                -46.38800689241168,
                -23.915387215412846
              ],
              [
                -46.38754310599995,
                -23.91105611699993
              ],
              [
                -46.38854502599992,
                -23.90978482299994
              ],
              [
                -46.391470643999924,
                -23.914784675999954
              ],
              [
                -46.39132148833688,
                -23.916282127774302
              ],
              [
                -46.399444316051834,
                -23.91847522132059
              ],
              [
                -46.400698373999944,
                -23.918734180999934
              ],
              [
                -46.40082853389909,
                -23.918848948221367
              ],
              [
                -46.403624,
                -23.919603699999925
              ],
              [
                -46.402781429188586,
                -23.92057089459353
              ],
              [
                -46.40317335799995,
                -23.92091647399991
              ],
              [
                -46.40285248899994,
                -23.92391983099992
              ],
              [
                -46.39939272999993,
                -23.926775248999945
              ],
              [
                -46.39664283128614,
                -23.92761744619861
              ],
              [
                -46.39220981048269,
                -23.93270615055004
              ],
              [
                -46.394694214731665,
                -23.933701402104628
              ],
              [
                -46.399222171386356,
                -23.93372774833364
              ],
              [
                -46.40110569299992,
                -23.932866479999916
              ],
              [
                -46.40451508599995,
                -23.93139039299996
              ],
              [
                -46.40963618199993,
                -23.93261855599991
              ],
              [
                -46.420997048999936,
                -23.93375925299995
              ],
              [
                -46.430003159999956,
                -23.93716502399991
              ],
              [
                -46.438136537999924,
                -23.93726729699995
              ],
              [
                -46.44094776399993,
                -23.939038697999933
              ],
              [
                -46.44144932699993,
                -23.940388906999942
              ],
              [
                -46.440869094999925,
                -23.941537587999903
              ],
              [
                -46.43427198199993,
                -23.94171776099995
              ],
              [
                -46.4313130349999,
                -23.942976204999923
              ],
              [
                -46.43006595999992,
                -23.944746764999934
              ],
              [
                -46.42997228199994,
                -23.94783790999992
              ],
              [
                -46.42704086296043,
                -23.950074094193635
              ],
              [
                -46.42026179999988,
                -23.96226809999996
              ],
              [
                -46.42018414004705,
                -23.96503575694498
              ],
              [
                -46.422235515999944,
                -23.97003676399993
              ],
              [
                -46.42069779099995,
                -23.975861248999934
              ],
              [
                -46.41989711699995,
                -23.97817656299992
              ],
              [
                -46.419811939127385,
                -23.9783003086564
              ],
              [
                -46.41969139999998,
                -23.982596099999967
              ],
              [
                -46.41490035725418,
                -23.98479782456506
              ],
              [
                -46.41055597099995,
                -23.98812407999992
              ],
              [
                -46.4050616799999,
                -23.98822240699991
              ],
              [
                -46.40182577799993,
                -23.98706180399995
              ],
              [
                -46.3987655869999,
                -23.98495512799991
              ],
              [
                -46.39495724599993,
                -23.98408412799995
              ],
              [
                -46.39280847099991,
                -23.983191160999922
              ],
              [
                -46.391170279999926,
                -23.98034771199991
              ],
              [
                -46.38826381899992,
                -23.977467034999904
              ],
              [
                -46.38695672495388,
                -23.977768208017974
              ],
              [
                -46.37874003882685,
                -23.98327049826043
              ],
              [
                -46.37888485199994,
                -23.98513099899992
              ],
              [
                -46.376744688999906,
                -23.985404762999906
              ],
              [
                -46.375419540230425,
                -23.98559365253371
              ],
              [
                -46.391702099999975,
                -23.997874799999977
              ],
              [
                -46.391309099999944,
                -24.01413699999989
              ],
              [
                -46.38419139999996,
                -24.018110299999933
              ],
              [
                -46.38483243488436,
                -24.01877037718277
              ],
              [
                -46.388270173999956,
                -24.018087298999944
              ],
              [
                -46.390355031999945,
                -24.018758212999956
              ],
              [
                -46.39079768799991,
                -24.01983321399996
              ],
              [
                -46.389860022999926,
                -24.022760664999907
              ],
              [
                -46.390418216813856,
                -24.024522087877024
              ],
              [
                -46.399117899999965,
                -24.03348019999987
              ],
              [
                -46.39954928445111,
                -24.02735780550148
              ],
              [
                -46.39875082599991,
                -24.02387888499993
              ],
              [
                -46.40013092075896,
                -24.01910297174055
              ],
              [
                -46.40016969999988,
                -24.018552599999964
              ],
              [
                -46.40068346553268,
                -24.018474851029872
              ],
              [
                -46.403277019999905,
                -24.015855346999956
              ],
              [
                -46.408723541999905,
                -24.01483348499994
              ],
              [
                -46.41636860694334,
                -24.016101193179015
              ],
              [
                -46.42203029999996,
                -24.015244399999972
              ],
              [
                -46.42796884455139,
                -24.01732235350614
              ],
              [
                -46.430236178999905,
                -24.01749232599991
              ],
              [
                -46.45156698999995,
                -24.024093450999942
              ],
              [
                -46.45830152299993,
                -24.02518581299995
              ],
              [
                -46.47051223799991,
                -24.02877729799991
              ],
              [
                -46.48401196899994,
                -24.034426580999934
              ],
              [
                -46.490752537999924,
                -24.033744002999924
              ],
              [
                -46.50104794799995,
                -24.034591261999935
              ],
              [
                -46.51308274999991,
                -24.040892915999905
              ],
              [
                -46.52485717199994,
                -24.046639613999957
              ],
              [
                -46.564925573999915,
                -24.06898885399994
              ],
              [
                -46.58004240199995,
                -24.075886323999953
              ],
              [
                -46.605275493999955,
                -24.08897772499995
              ],
              [
                -46.61179172699991,
                -24.09317029099992
              ],
              [
                -46.626760643999944,
                -24.098363843999948
              ],
              [
                -46.64806692299993,
                -24.111600954999915
              ],
              [
                -46.67267499399992,
                -24.122942396999917
              ],
              [
                -46.68134172199996,
                -24.127140780999923
              ],
              [
                -46.69963678999994,
                -24.13804085299995
              ],
              [
                -46.70846200099993,
                -24.14244537199994
              ],
              [
                -46.731461692999915,
                -24.15469544599995
              ],
              [
                -46.76142506799994,
                -24.172367597999937
              ],
              [
                -46.778083318999904,
                -24.18046792599995
              ],
              [
                -46.787407368999936,
                -24.186411032999956
              ],
              [
                -46.790395745999945,
                -24.18713133999995
              ],
              [
                -46.793148963999954,
                -24.186341161999906
              ],
              [
                -46.79395324099994,
                -24.186652972999923
              ],
              [
                -46.794448047999936,
                -24.186995857999932
              ],
              [
                -46.79471322099994,
                -24.187282163999953
              ],
              [
                -46.79462581699994,
                -24.187899788999914
              ],
              [
                -46.794024313999955,
                -24.188300742999957
              ],
              [
                -46.79270494699995,
                -24.189276604999918
              ],
              [
                -46.79438983599994,
                -24.19160312899993
              ],
              [
                -46.799857921999944,
                -24.19352572999992
              ],
              [
                -46.80948419899994,
                -24.200095506999958
              ],
              [
                -46.814193951999926,
                -24.199440814999946
              ],
              [
                -46.81643645299994,
                -24.199846821999927
              ],
              [
                -46.81986070999994,
                -24.201345818999926
              ],
              [
                -46.85398092499992,
                -24.222445278999942
              ],
              [
                -46.89054394472599,
                -24.247994875111218
              ],
              [
                -46.910551399999974,
                -24.25950819999997
              ],
              [
                -46.913634697908,
                -24.26201577168936
              ],
              [
                -46.919364688999906,
                -24.26542647699995
              ],
              [
                -46.93495298399995,
                -24.276205767999954
              ],
              [
                -46.97868313399994,
                -24.309618229999955
              ],
              [
                -46.99371303799995,
                -24.32411971299996
              ],
              [
                -46.99765047099993,
                -24.326001456999904
              ],
              [
                -47.00127089299991,
                -24.329130679999935
              ],
              [
                -47.004542055999934,
                -24.330055407999907
              ],
              [
                -47.001889898999934,
                -24.332991636999907
              ],
              [
                -47.001539701999945,
                -24.337085664999904
              ],
              [
                -47.000460321999924,
                -24.34252548799992
              ],
              [
                -47.00199059599993,
                -24.348041595999916
              ],
              [
                -47.00030953999993,
                -24.355863926999916
              ],
              [
                -47.001024102295496,
                -24.35734666572825
              ],
              [
                -47.009263784221524,
                -24.368704860087217
              ],
              [
                -47.01128301299991,
                -24.369993738999938
              ],
              [
                -47.016184403999944,
                -24.374480331999905
              ],
              [
                -47.01948243599992,
                -24.373938740999904
              ],
              [
                -47.021657440999945,
                -24.37781448699991
              ],
              [
                -47.02180556399992,
                -24.37842976099995
              ],
              [
                -47.02131108799995,
                -24.37885413899994
              ],
              [
                -47.0203483599999,
                -24.379190312999924
              ],
              [
                -47.01929573599995,
                -24.379178973999956
              ],
              [
                -47.01749689099995,
                -24.378988416999903
              ],
              [
                -47.01763534780325,
                -24.38024484999256
              ],
              [
                -47.018136299999924,
                -24.380935399999885
              ],
              [
                -47.01775773681366,
                -24.381355475017426
              ],
              [
                -47.01809294499992,
                -24.38439733799993
              ],
              [
                -47.01732488399995,
                -24.386599622999938
              ],
              [
                -47.01515757899995,
                -24.388200544999904
              ],
              [
                -47.011026409539376,
                -24.38882493460926
              ],
              [
                -47.00916830653749,
                -24.390886790276735
              ],
              [
                -47.01054165599993,
                -24.393417574999944
              ],
              [
                -47.01056098399994,
                -24.39499590799994
              ],
              [
                -47.004256375999944,
                -24.399081441999954
              ],
              [
                -47.002596156999914,
                -24.401159909999933
              ],
              [
                -47.00695911199995,
                -24.405010662999928
              ],
              [
                -47.00608282272896,
                -24.408038220793355
              ],
              [
                -47.00699635785449,
                -24.409818074094925
              ],
              [
                -47.009315586999946,
                -24.410525869999958
              ],
              [
                -47.00891730372141,
                -24.41356067987746
              ],
              [
                -47.009118646627975,
                -24.413952959087073
              ],
              [
                -47.00954499699992,
                -24.41436315699991
              ],
              [
                -47.01122234499991,
                -24.414252948999945
              ],
              [
                -47.016132376999906,
                -24.41316906199995
              ],
              [
                -47.01776870799995,
                -24.413476420999928
              ],
              [
                -47.01818612380859,
                -24.413819251492555
              ],
              [
                -47.018937,
                -24.41369409999993
              ],
              [
                -47.01936725077319,
                -24.41478933056178
              ],
              [
                -47.02171116499994,
                -24.416714425999942
              ],
              [
                -47.02103619193127,
                -24.41903772586092
              ],
              [
                -47.02191326600233,
                -24.421270373394613
              ],
              [
                -47.02242326299995,
                -24.42209082799991
              ],
              [
                -47.02486105499992,
                -24.423983475999933
              ],
              [
                -47.025086338128666,
                -24.4240830628752
              ],
              [
                -47.03246930031056,
                -24.42658978621884
              ],
              [
                -47.0373077939999,
                -24.427219942999955
              ],
              [
                -47.046397294999906,
                -24.429731374999903
              ],
              [
                -47.05083080999992,
                -24.432705762999944
              ],
              [
                -47.05554577399994,
                -24.433601540999916
              ],
              [
                -47.058539707999955,
                -24.435840740999936
              ],
              [
                -47.07030858799993,
                -24.441653395999936
              ],
              [
                -47.07478269499995,
                -24.444224807999944
              ],
              [
                -47.07735809999991,
                -24.444463003999942
              ],
              [
                -47.07750484299993,
                -24.443342100999928
              ],
              [
                -47.07233549599994,
                -24.43773940099993
              ],
              [
                -47.073582985999906,
                -24.43745236299992
              ],
              [
                -47.073204465999936,
                -24.436585076999904
              ],
              [
                -47.07329778499991,
                -24.43500959399995
              ],
              [
                -47.07499152799994,
                -24.43391030199996
              ],
              [
                -47.07682380499995,
                -24.43352180399995
              ],
              [
                -47.08019888599995,
                -24.431937830999914
              ],
              [
                -47.08257031599993,
                -24.431568393999953
              ],
              [
                -47.08496216799995,
                -24.43170286499992
              ],
              [
                -47.087855891999936,
                -24.432703816999947
              ],
              [
                -47.089208706510696,
                -24.43373984247138
              ],
              [
                -47.08852163899991,
                -24.43355278599995
              ],
              [
                -47.085339725999916,
                -24.434675460999927
              ],
              [
                -47.082480698999916,
                -24.435465931999943
              ],
              [
                -47.08055653699995,
                -24.438441130999934
              ],
              [
                -47.08210657299992,
                -24.441126872999916
              ],
              [
                -47.08763215499994,
                -24.445898137999905
              ],
              [
                -47.08759281999994,
                -24.447131018999926
              ],
              [
                -47.08653533899991,
                -24.447635572999957
              ],
              [
                -47.082957379999925,
                -24.44363048999992
              ],
              [
                -47.081352770999956,
                -24.44344955899993
              ],
              [
                -47.080335652999906,
                -24.444246930999952
              ],
              [
                -47.08427829099992,
                -24.450940140999933
              ],
              [
                -47.086819875999936,
                -24.453419527999927
              ],
              [
                -47.102936503999956,
                -24.46237915499995
              ],
              [
                -47.121018517999914,
                -24.47551189299992
              ],
              [
                -47.13988426699996,
                -24.487654144999908
              ],
              [
                -47.155616719999955,
                -24.498720263999928
              ],
              [
                -47.16258383199994,
                -24.505594983999913
              ],
              [
                -47.17184236974746,
                -24.514167548255365
              ],
              [
                -47.18517919999988,
                -24.52416669999991
              ],
              [
                -47.18521186646899,
                -24.524254034035767
              ],
              [
                -47.18569375699991,
                -24.52457654099993
              ],
              [
                -47.18715817399993,
                -24.527347968999948
              ],
              [
                -47.18700588983906,
                -24.529050368185352
              ],
              [
                -47.18953675550193,
                -24.535816655408446
              ],
              [
                -47.193283633999954,
                -24.536390039999958
              ],
              [
                -47.20087292899996,
                -24.53935274199995
              ],
              [
                -47.211096563999945,
                -24.546296106999932
              ],
              [
                -47.21992197110107,
                -24.55353529538518
              ],
              [
                -47.22244769999992,
                -24.554955299999904
              ],
              [
                -47.22270020236564,
                -24.55581418623651
              ],
              [
                -47.224316819999956,
                -24.557140243999925
              ],
              [
                -47.22595697999992,
                -24.557587225999953
              ],
              [
                -47.22809336599994,
                -24.556466419999936
              ],
              [
                -47.22954858499992,
                -24.556847835999918
              ],
              [
                -47.23034134299991,
                -24.557889401999944
              ],
              [
                -47.230161067999916,
                -24.559235755999907
              ],
              [
                -47.22684705499995,
                -24.56386981199995
              ],
              [
                -47.225823553540295,
                -24.56643825832537
              ],
              [
                -47.226645148828574,
                -24.56923291287505
              ],
              [
                -47.227777088999915,
                -24.570641036999916
              ],
              [
                -47.23011450899992,
                -24.571491481999942
              ],
              [
                -47.23627247399992,
                -24.571971534999932
              ],
              [
                -47.24032252399991,
                -24.573364931999947
              ],
              [
                -47.247344426999916,
                -24.573941482999942
              ],
              [
                -47.27201916799993,
                -24.588679008999918
              ],
              [
                -47.2894786839999,
                -24.598199691999923
              ],
              [
                -47.30717440299992,
                -24.609330520999947
              ],
              [
                -47.32348904499992,
                -24.618341674999954
              ],
              [
                -47.33757656799992,
                -24.627527597999915
              ],
              [
                -47.37561129799991,
                -24.64943512499991
              ],
              [
                -47.39052966599991,
                -24.656740827999954
              ],
              [
                -47.39642562899991,
                -24.66048597799994
              ],
              [
                -47.40023205999995,
                -24.661377203999905
              ],
              [
                -47.4019809749999,
                -24.660436656999934
              ],
              [
                -47.4017309969999,
                -24.65860172899994
              ],
              [
                -47.39541278299993,
                -24.655034444999956
              ],
              [
                -47.390670016999934,
                -24.65343992499993
              ],
              [
                -47.389085578999925,
                -24.65139824499994
              ],
              [
                -47.38914266499995,
                -24.64923319299993
              ],
              [
                -47.38858333499991,
                -24.647084715999938
              ],
              [
                -47.3856156999999,
                -24.645728636999934
              ],
              [
                -47.384572944999945,
                -24.64389097199995
              ],
              [
                -47.38904572699994,
                -24.64450809199991
              ],
              [
                -47.390109527999925,
                -24.64424631499992
              ],
              [
                -47.39069871999993,
                -24.643078670999955
              ],
              [
                -47.39122987299993,
                -24.63493494499994
              ],
              [
                -47.39467107899992,
                -24.631801623999934
              ],
              [
                -47.39980949099993,
                -24.63040461199995
              ],
              [
                -47.40387011799993,
                -24.63040385799991
              ],
              [
                -47.4059953979999,
                -24.631000281999945
              ],
              [
                -47.40860754899995,
                -24.63295751499993
              ],
              [
                -47.415017751999926,
                -24.63392984099994
              ],
              [
                -47.42260613199994,
                -24.632022984999935
              ],
              [
                -47.42622792599991,
                -24.632704805999936
              ],
              [
                -47.4294480879999,
                -24.634868783999934
              ],
              [
                -47.43479530399992,
                -24.633764502999952
              ],
              [
                -47.434934118999934,
                -24.634580499999913
              ],
              [
                -47.43048050699991,
                -24.637086120999925
              ],
              [
                -47.430693757999904,
                -24.63797842899993
              ],
              [
                -47.43253490199993,
                -24.63894814899993
              ],
              [
                -47.439555077999955,
                -24.640404591999925
              ],
              [
                -47.44579097899992,
                -24.64010274599991
              ],
              [
                -47.46490397499991,
                -24.63350894699994
              ],
              [
                -47.468417228999954,
                -24.631198661999917
              ],
              [
                -47.4746910959999,
                -24.622865030999947
              ],
              [
                -47.47886676499991,
                -24.61906023499995
              ],
              [
                -47.481975631999944,
                -24.617404251999915
              ],
              [
                -47.485498514999904,
                -24.617029846999912
              ],
              [
                -47.48953581699993,
                -24.618259862999935
              ],
              [
                -47.49319865599995,
                -24.620873056999926
              ],
              [
                -47.50072097799995,
                -24.632763762999957
              ],
              [
                -47.50680388699993,
                -24.63741690799992
              ],
              [
                -47.51019510899994,
                -24.64001449099993
              ],
              [
                -47.5138965509999,
                -24.639599035999936
              ],
              [
                -47.51250117199993,
                -24.64205484699994
              ],
              [
                -47.51243120399994,
                -24.644086272999914
              ],
              [
                -47.51527928699994,
                -24.64753796699995
              ],
              [
                -47.51833859899995,
                -24.648412032999943
              ],
              [
                -47.524336724999955,
                -24.647684238999943
              ],
              [
                -47.528497847999915,
                -24.64820361799991
              ],
              [
                -47.530926406999924,
                -24.650018765999903
              ],
              [
                -47.533283472999926,
                -24.653434726999933
              ],
              [
                -47.53529883999994,
                -24.654480124999907
              ],
              [
                -47.5442926689999,
                -24.655458043999943
              ],
              [
                -47.5491850329999,
                -24.657107641999914
              ],
              [
                -47.55056885999994,
                -24.65908972099993
              ],
              [
                -47.55133181399992,
                -24.66472292599991
              ],
              [
                -47.55212951599992,
                -24.66535035399994
              ],
              [
                -47.55372881499994,
                -24.664760256999955
              ],
              [
                -47.55644384699991,
                -24.660218554999915
              ],
              [
                -47.558255448999944,
                -24.658907530999954
              ],
              [
                -47.56409508999991,
                -24.657270231999917
              ],
              [
                -47.56897522999992,
                -24.656841310999937
              ],
              [
                -47.57102544899993,
                -24.657455907999918
              ],
              [
                -47.572311777999914,
                -24.65929733999991
              ],
              [
                -47.57269903799994,
                -24.66176280399992
              ],
              [
                -47.567381789999956,
                -24.669924833999914
              ],
              [
                -47.56673381399992,
                -24.675135574999956
              ],
              [
                -47.566444952999916,
                -24.677802062999945
              ],
              [
                -47.567865156999915,
                -24.678717277999908
              ],
              [
                -47.57277024799993,
                -24.67632158899994
              ],
              [
                -47.58161635099992,
                -24.675130317999958
              ],
              [
                -47.58468288899991,
                -24.674045383999953
              ],
              [
                -47.58526972399994,
                -24.673147848999918
              ],
              [
                -47.5846059399999,
                -24.67048773399995
              ],
              [
                -47.58503560299994,
                -24.669457535999925
              ],
              [
                -47.592550289999906,
                -24.66697650699996
              ],
              [
                -47.594720353999946,
                -24.66519229399995
              ],
              [
                -47.59693951599991,
                -24.658056647999956
              ],
              [
                -47.59877800299995,
                -24.65634906999992
              ],
              [
                -47.60734882599991,
                -24.653820795999934
              ],
              [
                -47.61001506799994,
                -24.653738722999947
              ],
              [
                -47.61142755599991,
                -24.654479326999933
              ],
              [
                -47.61058916499991,
                -24.655369283999903
              ],
              [
                -47.603519854999945,
                -24.656954576999908
              ],
              [
                -47.59926007099995,
                -24.658737368999937
              ],
              [
                -47.597399406999955,
                -24.66140702699994
              ],
              [
                -47.59717371399995,
                -24.66402610399996
              ],
              [
                -47.59654725599995,
                -24.66630448199993
              ],
              [
                -47.594525321999924,
                -24.668094952999922
              ],
              [
                -47.58687145199991,
                -24.670262084999933
              ],
              [
                -47.586764916999925,
                -24.673199516999944
              ],
              [
                -47.58769386899991,
                -24.674026073999926
              ],
              [
                -47.59442870499993,
                -24.67493085399991
              ],
              [
                -47.601405014999955,
                -24.68089402599992
              ],
              [
                -47.60395742199995,
                -24.681833181999934
              ],
              [
                -47.604817478999905,
                -24.681739498999946
              ],
              [
                -47.6055657469999,
                -24.682123584999943
              ],
              [
                -47.60619558099995,
                -24.68294478699994
              ],
              [
                -47.60450479499991,
                -24.68393113299993
              ],
              [
                -47.60180039799991,
                -24.68326464599994
              ],
              [
                -47.594607148999955,
                -24.67856576899993
              ],
              [
                -47.5884729469999,
                -24.67733308299995
              ],
              [
                -47.58466337999994,
                -24.68316077599991
              ],
              [
                -47.586869485999955,
                -24.686686042999952
              ],
              [
                -47.59053987099992,
                -24.687082844999907
              ],
              [
                -47.589854216999925,
                -24.688277699999958
              ],
              [
                -47.588982846479695,
                -24.68855312406713
              ],
              [
                -47.604095199999904,
                -24.693508599999973
              ],
              [
                -47.64249309999997,
                -24.72942519999998
              ],
              [
                -47.66834429999989,
                -24.76853639999996
              ],
              [
                -47.70221449999997,
                -24.786766499999942
              ],
              [
                -47.72685889999997,
                -24.788296599999967
              ],
              [
                -47.755907399999955,
                -24.809072699999945
              ],
              [
                -47.798449199999936,
                -24.780213299999957
              ],
              [
                -47.81332539999994,
                -24.778033699999924
              ],
              [
                -47.82536649999997,
                -24.757704
              ],
              [
                -47.852032799999904,
                -24.768674199999907
              ],
              [
                -47.84749889999995,
                -24.78552549999995
              ],
              [
                -47.86878969999998,
                -24.797569099999976
              ],
              [
                -47.88950379999994,
                -24.786208499999873
              ],
              [
                -47.89189179999988,
                -24.77619989999988
              ],
              [
                -47.94286679999988,
                -24.767841399999952
              ],
              [
                -47.92789689999995,
                -24.783592399999975
              ],
              [
                -47.937815199999875,
                -24.81261749999993
              ],
              [
                -47.91396609999998,
                -24.83826179999994
              ],
              [
                -47.916331,
                -24.855768199999943
              ],
              [
                -47.95273359999993,
                -24.83553
              ],
              [
                -47.958691699999974,
                -24.87769
              ],
              [
                -47.98235829999993,
                -24.866327999999896
              ],
              [
                -47.99290389999993,
                -24.84626439999994
              ],
              [
                -48.00768609999989,
                -24.850350399999968
              ],
              [
                -48.0436997999999,
                -24.832841299999927
              ],
              [
                -48.05592279999996,
                -24.84503189999998
              ],
              [
                -48.03669069999995,
                -24.893405299999927
              ],
              [
                -48.03645739999996,
                -24.913554399999953
              ],
              [
                -48.045874,
                -24.927177
              ],
              [
                -48.02590639999994,
                -24.94884259999992
              ],
              [
                -48.03538839999993,
                -24.96698339999989
              ],
              [
                -48.050170599999944,
                -24.956240899999955
              ],
              [
                -48.07736549999993,
                -24.953690199999926
              ],
              [
                -48.09756989999994,
                -24.962268499999936
              ],
              [
                -48.095155299999874,
                -24.985118499999885
              ],
              [
                -48.11141639999994,
                -24.976464199999896
              ],
              [
                -48.13962819999995,
                -24.98520619999988
              ],
              [
                -48.15959749999996,
                -24.967477199999962
              ],
              [
                -48.18070469999992,
                -24.970119799999964
              ],
              [
                -48.19869929999987,
                -24.95700759999994
              ],
              [
                -48.21036619999995,
                -24.95784059999994
              ],
              [
                -48.23525719999998,
                -24.996143099999927
              ],
              [
                -48.24963779999996,
                -24.98026269999997
              ],
              [
                -48.2549848999999,
                -24.98319239999995
              ],
              [
                -48.25561755285682,
                -24.989842487677322
              ],
              [
                -48.25714906899992,
                -24.99098152399995
              ],
              [
                -48.25841052699991,
                -24.99317070199993
              ],
              [
                -48.258260854431455,
                -24.995744988931865
              ],
              [
                -48.266199,
                -24.99450779999995
              ],
              [
                -48.27726189999993,
                -25.0092474999999
              ],
              [
                -48.28120549999994,
                -25.036554
              ],
              [
                -48.28525208841118,
                -25.03823945269688
              ],
              [
                -48.28601545399994,
                -25.037487694999925
              ],
              [
                -48.2905895479999,
                -25.02696705099993
              ],
              [
                -48.2933503669999,
                -25.02322677099994
              ],
              [
                -48.297618591999935,
                -25.02193633199994
              ],
              [
                -48.29981176299992,
                -25.02286571499991
              ],
              [
                -48.30180818699995,
                -25.02495342599991
              ],
              [
                -48.3029875819999,
                -25.027761994999935
              ],
              [
                -48.30207298847644,
                -25.03277892987501
              ],
              [
                -48.32641785484558,
                -25.06589402044546
              ],
              [
                -48.32949937899991,
                -25.068194495999933
              ],
              [
                -48.32996164203175,
                -25.068193733331775
              ],
              [
                -48.33429771032665,
                -25.061799094879795
              ],
              [
                -48.334293044999924,
                -25.061741645999916
              ],
              [
                -48.33324182699994,
                -25.05946587899996
              ],
              [
                -48.32495512599991,
                -25.052870429999928
              ],
              [
                -48.32399130899995,
                -25.04905082299996
              ],
              [
                -48.32575495099991,
                -25.045530972999927
              ],
              [
                -48.338929794999956,
                -25.034278953999944
              ],
              [
                -48.34277165499992,
                -25.03420326999992
              ],
              [
                -48.34690952099993,
                -25.03688166099994
              ],
              [
                -48.347987243759526,
                -25.03728082774444
              ],
              [
                -48.34900329999988,
                -25.037115299999982
              ],
              [
                -48.37902379999991,
                -24.997168599999952
              ],
              [
                -48.39346707217485,
                -24.989269568666476
              ],
              [
                -48.395944895999946,
                -24.98674438899991
              ],
              [
                -48.4004449329999,
                -24.985076000999925
              ],
              [
                -48.40110789946368,
                -24.985090797163927
              ],
              [
                -48.408305,
                -24.981154699999934
              ],
              [
                -48.42495422353447,
                -24.98953950815955
              ],
              [
                -48.432741489999955,
                -24.990510169999936
              ],
              [
                -48.44286578099991,
                -24.998356375999947
              ],
              [
                -48.45091557199993,
                -25.001275376999956
              ],
              [
                -48.455741051327095,
                -25.005044233911452
              ],
              [
                -48.47453249999995,
                -25.014507899999955
              ],
              [
                -48.479711323379526,
                -25.032709901516835
              ],
              [
                -48.480490070999906,
                -25.033717855999953
              ],
              [
                -48.48471921099991,
                -25.04133479199993
              ],
              [
                -48.48587080199991,
                -25.044300808999935
              ],
              [
                -48.486245752999935,
                -25.04867615899991
              ],
              [
                -48.48761934399994,
                -25.051347106999913
              ],
              [
                -48.50319075199991,
                -25.06554528299995
              ],
              [
                -48.50470150599995,
                -25.066796732999933
              ],
              [
                -48.51012143499992,
                -25.068768904999956
              ],
              [
                -48.5101632219999,
                -25.071165394999923
              ],
              [
                -48.509155951886626,
                -25.072354150198287
              ],
              [
                -48.51598613785169,
                -25.085961700686667
              ],
              [
                -48.517498201999956,
                -25.087010729999918
              ],
              [
                -48.52266471899992,
                -25.09038912999995
              ],
              [
                -48.529652675999955,
                -25.098450732999936
              ],
              [
                -48.533544330999916,
                -25.10054054199992
              ],
              [
                -48.54952743599995,
                -25.09278327699991
              ],
              [
                -48.554634062999924,
                -25.087603488999946
              ],
              [
                -48.55901664299995,
                -25.08147547799996
              ],
              [
                -48.55997796999992,
                -25.077666579999914
              ],
              [
                -48.558564186999945,
                -25.070684263999908
              ],
              [
                -48.558710334999944,
                -25.064997040999913
              ],
              [
                -48.557110629999954,
                -25.060638593999954
              ],
              [
                -48.56418316299994,
                -25.05578519699992
              ],
              [
                -48.57033474699995,
                -25.05044552499993
              ],
              [
                -48.573114920999956,
                -25.050044586999945
              ],
              [
                -48.57809258499992,
                -25.050599020999925
              ],
              [
                -48.58022345299992,
                -25.04935460999991
              ],
              [
                -48.581314612999904,
                -25.04704956799992
              ],
              [
                -48.58170106199992,
                -25.042352826999945
              ],
              [
                -48.58300299799993,
                -25.038247525999907
              ],
              [
                -48.583247273999916,
                -25.03279196099993
              ],
              [
                -48.58483424199994,
                -25.030189742999937
              ],
              [
                -48.58696009399995,
                -25.027886791999947
              ],
              [
                -48.58759731299995,
                -25.02237591799991
              ],
              [
                -48.588864404999924,
                -25.020071577999943
              ],
              [
                -48.59061379299993,
                -25.019364092999922
              ],
              [
                -48.59544358499994,
                -25.019546334999916
              ],
              [
                -48.596797687999924,
                -25.01867117899991
              ],
              [
                -48.596693073999916,
                -25.013589270999944
              ],
              [
                -48.59904184499993,
                -25.00935227599996
              ],
              [
                -48.59947941799993,
                -25.006494284999917
              ],
              [
                -48.5990706689999,
                -24.999960622999936
              ],
              [
                -48.59665597299994,
                -24.996176690999903
              ],
              [
                -48.59206150299991,
                -24.994285287999958
              ],
              [
                -48.590610125999945,
                -24.99298760399995
              ],
              [
                -48.58958849399994,
                -24.99020709599995
              ],
              [
                -48.59012351599995,
                -24.986284239999918
              ],
              [
                -48.58845269299991,
                -24.985356616999923
              ],
              [
                -48.58422808499995,
                -24.98683600699991
              ],
              [
                -48.58109932799994,
                -24.986543412999936
              ],
              [
                -48.579296583999906,
                -24.98509419599992
              ],
              [
                -48.57520349999993,
                -24.979280374999917
              ],
              [
                -48.570404777999954,
                -24.97510182399992
              ],
              [
                -48.56778909499991,
                -24.96877638099994
              ],
              [
                -48.56762609499992,
                -24.957481342999927
              ],
              [
                -48.572503325999946,
                -24.954255933999946
              ],
              [
                -48.571383779999906,
                -24.952254023999956
              ],
              [
                -48.567215217999944,
                -24.951270373999932
              ],
              [
                -48.564274232999935,
                -24.948557158999904
              ],
              [
                -48.564645456999926,
                -24.946587087999944
              ],
              [
                -48.5677693099999,
                -24.944900152999935
              ],
              [
                -48.568751153999926,
                -24.942953275999912
              ],
              [
                -48.56830119099993,
                -24.941713568999944
              ],
              [
                -48.565045666999936,
                -24.93900949899995
              ],
              [
                -48.56505701899994,
                -24.93583394299992
              ],
              [
                -48.56744403199991,
                -24.92959916299992
              ],
              [
                -48.57070195099993,
                -24.925809476999916
              ],
              [
                -48.57138585899992,
                -24.92218689799995
              ],
              [
                -48.570828537999944,
                -24.919931103999943
              ],
              [
                -48.56800326299992,
                -24.917854034999948
              ],
              [
                -48.56689496699994,
                -24.915854731999957
              ],
              [
                -48.56763512799995,
                -24.909832572999903
              ],
              [
                -48.5678162129999,
                -24.90586453599991
              ],
              [
                -48.571585472999914,
                -24.902789265999957
              ],
              [
                -48.572670659999915,
                -24.900486689999923
              ],
              [
                -48.57216222599993,
                -24.896997209999938
              ],
              [
                -48.570182607999925,
                -24.89543144299995
              ],
              [
                -48.56742214399992,
                -24.895327918999953
              ],
              [
                -48.56306962699995,
                -24.89709571399993
              ],
              [
                -48.56028360999994,
                -24.89968222999994
              ],
              [
                -48.55896158299993,
                -24.899326249999945
              ],
              [
                -48.55717480099992,
                -24.89252162699995
              ],
              [
                -48.56001894199994,
                -24.88957053999991
              ],
              [
                -48.55976401099991,
                -24.885787601999937
              ],
              [
                -48.554352270999914,
                -24.880490332999955
              ],
              [
                -48.54956133899992,
                -24.880997220999916
              ],
              [
                -48.5471254009999,
                -24.880114443999958
              ],
              [
                -48.54705954699995,
                -24.878486448999922
              ],
              [
                -48.54916888899993,
                -24.876334391999933
              ],
              [
                -48.549377774999925,
                -24.871291430999918
              ],
              [
                -48.55183092999994,
                -24.86839559999993
              ],
              [
                -48.5664141659999,
                -24.86324542999995
              ],
              [
                -48.56695514799992,
                -24.861047717999952
              ],
              [
                -48.56571061699992,
                -24.85449813899993
              ],
              [
                -48.56686711799995,
                -24.848941172999957
              ],
              [
                -48.5673997049999,
                -24.845894209999926
              ],
              [
                -48.56688927599993,
                -24.841682569999932
              ],
              [
                -48.563600642999916,
                -24.834909873999948
              ],
              [
                -48.56231305199992,
                -24.828477462999956
              ],
              [
                -48.55894956499992,
                -24.82342387099993
              ],
              [
                -48.559077412999955,
                -24.814938582999957
              ],
              [
                -48.55804937399995,
                -24.81105369599993
              ],
              [
                -48.55410173899992,
                -24.80253632399996
              ],
              [
                -48.548292389999915,
                -24.79523413599992
              ],
              [
                -48.54169844199993,
                -24.790325372999916
              ],
              [
                -48.52654923099993,
                -24.783330406999937
              ],
              [
                -48.52068545499992,
                -24.780110153999942
              ],
              [
                -48.51800110599993,
                -24.777019326999948
              ],
              [
                -48.517198107999945,
                -24.774599740999918
              ],
              [
                -48.51757703599992,
                -24.76945167699995
              ],
              [
                -48.516394626999954,
                -24.767926521999925
              ],
              [
                -48.512585834999925,
                -24.76565789299991
              ],
              [
                -48.51026471299991,
                -24.762626440999952
              ],
              [
                -48.50624511099994,
                -24.74892968499995
              ],
              [
                -48.505569831999935,
                -24.742925055999933
              ],
              [
                -48.504131755999936,
                -24.73922192899994
              ],
              [
                -48.50529286299991,
                -24.736579216999928
              ],
              [
                -48.50705291899993,
                -24.736409469999955
              ],
              [
                -48.512454806999926,
                -24.738007571999958
              ],
              [
                -48.52417130099991,
                -24.73651253199995
              ],
              [
                -48.52968491999991,
                -24.737440352999954
              ],
              [
                -48.531266728999924,
                -24.735773038999923
              ],
              [
                -48.53116731599994,
                -24.73319084399992
              ],
              [
                -48.531126437999944,
                -24.731610471999943
              ],
              [
                -48.53220030099993,
                -24.73025010799995
              ],
              [
                -48.539413958999944,
                -24.726138265999907
              ],
              [
                -48.54382653999994,
                -24.724310355999933
              ],
              [
                -48.54673123999993,
                -24.720019657999956
              ],
              [
                -48.55157378899992,
                -24.716726537999932
              ],
              [
                -48.55378482499992,
                -24.710853693999923
              ],
              [
                -48.56035325599993,
                -24.71042809799991
              ],
              [
                -48.56380840299994,
                -24.708127025999943
              ],
              [
                -48.56927682399993,
                -24.703481041999908
              ],
              [
                -48.57180735899993,
                -24.694556117999923
              ],
              [
                -48.577951123999924,
                -24.687199017999944
              ],
              [
                -48.582199800999945,
                -24.675313368999923
              ],
              [
                -48.58406813399995,
                -24.672747228999924
              ],
              [
                -48.58525142199994,
                -24.672623862999956
              ],
              [
                -48.58822667499993,
                -24.678822242999956
              ],
              [
                -48.5899814199999,
                -24.679372774999933
              ],
              [
                -48.595019039999954,
                -24.673221423999905
              ],
              [
                -48.60168773499993,
                -24.669425584999942
              ],
              [
                -48.605554070999915,
                -24.668460059999916
              ],
              [
                -48.610661860999926,
                -24.669825035999907
              ],
              [
                -48.61353409399993,
                -24.669604638999942
              ],
              [
                -48.61569022999993,
                -24.668262762999916
              ],
              [
                -48.61790021999991,
                -24.668714293999926
              ],
              [
                -48.622529165999936,
                -24.674588642999936
              ],
              [
                -48.62744570099994,
                -24.678052676999926
              ],
              [
                -48.631908274999944,
                -24.678652981999903
              ],
              [
                -48.6349170119999,
                -24.67746451699992
              ],
              [
                -48.637406307999925,
                -24.67745793499995
              ],
              [
                -48.64659619699995,
                -24.68226351499993
              ],
              [
                -48.64636643999995,
                -24.68357248299992
              ],
              [
                -48.64383969499994,
                -24.686586673999955
              ],
              [
                -48.64423757499992,
                -24.68917134499992
              ],
              [
                -48.65837458499993,
                -24.690976100999933
              ],
              [
                -48.661078722999946,
                -24.69367129899996
              ],
              [
                -48.663409233999914,
                -24.70108642799994
              ],
              [
                -48.66305292699991,
                -24.70552747599993
              ],
              [
                -48.664763629999925,
                -24.706710848999933
              ],
              [
                -48.6703041639999,
                -24.70326635799995
              ],
              [
                -48.677675775999944,
                -24.70030618599992
              ],
              [
                -48.677297832999955,
                -24.699133237999945
              ],
              [
                -48.674350287999914,
                -24.698033444999908
              ],
              [
                -48.67699346199993,
                -24.692970714999944
              ],
              [
                -48.675053102999925,
                -24.688291069999934
              ],
              [
                -48.67379939099993,
                -24.678909035999936
              ],
              [
                -48.677207353999904,
                -24.67582300899994
              ],
              [
                -48.678731255999935,
                -24.671826439999904
              ],
              [
                -48.69172832699991,
                -24.668222083999922
              ],
              [
                -48.6941780489999,
                -24.669681417999925
              ],
              [
                -48.693051287999936,
                -24.67267668599993
              ],
              [
                -48.689209020999954,
                -24.678542653999955
              ],
              [
                -48.68955243599993,
                -24.688980758999946
              ],
              [
                -48.6906327129999,
                -24.69146523799992
              ],
              [
                -48.69203240899992,
                -24.692035843999918
              ],
              [
                -48.69411552299994,
                -24.691045053999915
              ],
              [
                -48.699752917999945,
                -24.68383920599996
              ],
              [
                -48.70078470699991,
                -24.68145960599992
              ],
              [
                -48.70200305399993,
                -24.67967728499991
              ],
              [
                -48.703810208999926,
                -24.679286026999932
              ],
              [
                -48.70809060699992,
                -24.68196225899993
              ],
              [
                -48.72246833399993,
                -24.68289830899994
              ],
              [
                -48.73077612599991,
                -24.68518120999994
              ],
              [
                -48.73492528999992,
                -24.68465812599993
              ],
              [
                -48.73816524199992,
                -24.68507225099995
              ],
              [
                -48.741292777999945,
                -24.687270000999945
              ],
              [
                -48.74597491299994,
                -24.692503475999956
              ],
              [
                -48.748747102999914,
                -24.693081459999917
              ],
              [
                -48.75201438999994,
                -24.692651346999924
              ],
              [
                -48.7540650869999,
                -24.691456761999916
              ],
              [
                -48.75489949699994,
                -24.689661116999957
              ],
              [
                -48.75316679999992,
                -24.68224087799996
              ],
              [
                -48.7560674529999,
                -24.67977047499994
              ],
              [
                -48.75831272999994,
                -24.679208240999913
              ],
              [
                -48.76080055299991,
                -24.68048598799993
              ],
              [
                -48.76481546699995,
                -24.686776048999945
              ],
              [
                -48.77015254799994,
                -24.692537596999955
              ],
              [
                -48.77603790099994,
                -24.693646092999927
              ],
              [
                -48.77802113799993,
                -24.693380988999934
              ],
              [
                -48.77974708799991,
                -24.69194564199995
              ],
              [
                -48.785922323999955,
                -24.68236208299993
              ],
              [
                -48.78951408699993,
                -24.67952522899992
              ],
              [
                -48.79780767799991,
                -24.67486467899994
              ],
              [
                -48.80122694999994,
                -24.67419050099994
              ],
              [
                -48.80876859299991,
                -24.674984286999916
              ],
              [
                -48.810417764999954,
                -24.674347543999943
              ],
              [
                -48.81145185699995,
                -24.67298806599996
              ],
              [
                -48.813740467999935,
                -24.669071809999934
              ],
              [
                -48.819243661999906,
                -24.66246581699994
              ],
              [
                -48.82181445999993,
                -24.655656885999917
              ],
              [
                -48.82678160499995,
                -24.654081913999903
              ],
              [
                -48.830447490999916,
                -24.65437603299995
              ],
              [
                -48.831722434999904,
                -24.655142484999942
              ],
              [
                -48.835940733999905,
                -24.661176887999943
              ],
              [
                -48.838216847999945,
                -24.663354717999937
              ],
              [
                -48.8400358909999,
                -24.664014369999904
              ],
              [
                -48.84374318899995,
                -24.66298307099993
              ],
              [
                -48.849357563999945,
                -24.658032997999953
              ],
              [
                -48.8528157369999,
                -24.65623569899992
              ],
              [
                -48.85583564399991,
                -24.65533015999995
              ],
              [
                -48.85867778599993,
                -24.655574887999933
              ],
              [
                -48.859773021999956,
                -24.656670066999936
              ],
              [
                -48.85935881899991,
                -24.65916128999993
              ],
              [
                -48.85574512799991,
                -24.66343943699991
              ],
              [
                -48.84865791099992,
                -24.669510275999926
              ],
              [
                -48.84894426499994,
                -24.671795062999934
              ],
              [
                -48.851045137999904,
                -24.67328167599993
              ],
              [
                -48.854077728999926,
                -24.67292854899995
              ],
              [
                -48.862960752999925,
                -24.668031425999914
              ],
              [
                -48.87113847099994,
                -24.66734426799991
              ],
              [
                -48.877032813999904,
                -24.667866052999955
              ],
              [
                -48.88315648999992,
                -24.66772818499993
              ],
              [
                -48.89082228199993,
                -24.669060374999958
              ],
              [
                -48.89968259199992,
                -24.66875467299991
              ],
              [
                -48.909923987999946,
                -24.669518241999924
              ],
              [
                -48.91141667399995,
                -24.669904425999903
              ],
              [
                -48.9122844659999,
                -24.671063898999932
              ],
              [
                -48.91269848099995,
                -24.673728248999907
              ],
              [
                -48.9116353629999,
                -24.678567969999904
              ],
              [
                -48.912336411999945,
                -24.680103334999956
              ],
              [
                -48.91373076699995,
                -24.680925697999953
              ],
              [
                -48.91609806999992,
                -24.680090212999914
              ],
              [
                -48.91970806499995,
                -24.676365897999915
              ],
              [
                -48.92224439499995,
                -24.674963954999953
              ],
              [
                -48.93179756099994,
                -24.674374021999938
              ],
              [
                -48.93882216299994,
                -24.67202212099994
              ],
              [
                -48.944538123999905,
                -24.67222152799991
              ],
              [
                -48.95138545299994,
                -24.675515361999942
              ],
              [
                -48.9551741059999,
                -24.68187092599993
              ],
              [
                -48.95785451599994,
                -24.68404413299993
              ],
              [
                -48.96084713699992,
                -24.681806323999922
              ],
              [
                -48.96091772199992,
                -24.67519727699994
              ],
              [
                -48.96247544199991,
                -24.672845211999913
              ],
              [
                -48.96409388799992,
                -24.671812565999915
              ],
              [
                -48.96953651599995,
                -24.671510026999954
              ],
              [
                -48.97592873699995,
                -24.669607836999944
              ],
              [
                -48.97868565199991,
                -24.665673451999908
              ],
              [
                -48.9804625939999,
                -24.664549010999906
              ],
              [
                -48.9861721499999,
                -24.665238907999935
              ],
              [
                -48.98802765499994,
                -24.664836240999932
              ],
              [
                -48.99000191199991,
                -24.662017804999948
              ],
              [
                -48.990308728999935,
                -24.657783620999908
              ],
              [
                -48.99218092099994,
                -24.654913095999916
              ],
              [
                -48.99480590699994,
                -24.654034158999934
              ],
              [
                -49.005213011999956,
                -24.658631916999923
              ],
              [
                -49.0069876149999,
                -24.65882500899994
              ],
              [
                -49.00851439699994,
                -24.657978133999904
              ],
              [
                -49.00955792299993,
                -24.65493938599991
              ],
              [
                -49.006705309999916,
                -24.649539728999912
              ],
              [
                -49.006062777999944,
                -24.642175386999952
              ],
              [
                -49.005012251999915,
                -24.63983450199993
              ],
              [
                -49.001530852999906,
                -24.63733408199994
              ],
              [
                -49.00059538499994,
                -24.635639995999952
              ],
              [
                -49.00115969299992,
                -24.633332039999914
              ],
              [
                -49.0039057809999,
                -24.63221517699992
              ],
              [
                -49.00816775099992,
                -24.632994520999944
              ],
              [
                -49.01356541899992,
                -24.639828662999946
              ],
              [
                -49.01577917499992,
                -24.641049281999926
              ],
              [
                -49.019677621999904,
                -24.640672295999934
              ],
              [
                -49.02400994399994,
                -24.638584245999937
              ],
              [
                -49.03029439799991,
                -24.634182634999945
              ],
              [
                -49.035809886999914,
                -24.633234064999954
              ],
              [
                -49.04102670899994,
                -24.63693756999993
              ],
              [
                -49.041397623999956,
                -24.639831986999923
              ],
              [
                -49.039701571999956,
                -24.64147676199991
              ],
              [
                -49.03617964499995,
                -24.640651592999916
              ],
              [
                -49.03364469899992,
                -24.641187910999918
              ],
              [
                -49.03299477599995,
                -24.64293480999993
              ],
              [
                -49.034432645999914,
                -24.648992161999956
              ],
              [
                -49.03569548099995,
                -24.65042140299994
              ],
              [
                -49.04005999599991,
                -24.65271868499991
              ],
              [
                -49.03865113799992,
                -24.655608099999938
              ],
              [
                -49.03865279699994,
                -24.65778521099992
              ],
              [
                -49.0451346239999,
                -24.663649723999924
              ],
              [
                -49.04490486099991,
                -24.667711341999905
              ],
              [
                -49.05133556699991,
                -24.677373900999953
              ],
              [
                -49.0586187049999,
                -24.682188982999946
              ],
              [
                -49.06432864199991,
                -24.68365238499996
              ],
              [
                -49.067386237999926,
                -24.683209478999913
              ],
              [
                -49.070397089999915,
                -24.680564329999925
              ],
              [
                -49.07114840499992,
                -24.677857511999946
              ],
              [
                -49.07360213399994,
                -24.67337381899995
              ],
              [
                -49.082336606999945,
                -24.67067940299995
              ],
              [
                -49.08432512999991,
                -24.671865570999955
              ],
              [
                -49.08376507399993,
                -24.675572771999953
              ],
              [
                -49.08592941899991,
                -24.67742892499996
              ],
              [
                -49.08999561999991,
                -24.679104005999932
              ],
              [
                -49.09356869699991,
                -24.679574893999927
              ],
              [
                -49.09698201899994,
                -24.67942439299992
              ],
              [
                -49.09898840599993,
                -24.67809024099995
              ],
              [
                -49.10319308499993,
                -24.674165624999944
              ],
              [
                -49.107524235999904,
                -24.673861686999942
              ],
              [
                -49.109233210999946,
                -24.675432194999928
              ],
              [
                -49.1089556739999,
                -24.682540333999953
              ],
              [
                -49.10970382599993,
                -24.684610825999926
              ],
              [
                -49.112553316999936,
                -24.685814192999942
              ],
              [
                -49.117169996999905,
                -24.68412615299991
              ],
              [
                -49.12324734899994,
                -24.68194682999996
              ],
              [
                -49.12961931199993,
                -24.681576767999957
              ],
              [
                -49.13211151399992,
                -24.679618448999918
              ],
              [
                -49.13432723199992,
                -24.67578193299994
              ],
              [
                -49.13667228299994,
                -24.674079542999948
              ],
              [
                -49.14487303599992,
                -24.673663854999916
              ],
              [
                -49.14918525899992,
                -24.672307349999926
              ],
              [
                -49.152328997999916,
                -24.67098156299994
              ],
              [
                -49.15698179099991,
                -24.670230949999905
              ],
              [
                -49.1646325129999,
                -24.67071999099994
              ],
              [
                -49.16964140899995,
                -24.673114075999933
              ],
              [
                -49.17671637099994,
                -24.670791465999912
              ],
              [
                -49.18073648899991,
                -24.670563597999944
              ],
              [
                -49.18866827799991,
                -24.673491911999918
              ],
              [
                -49.19604016599993,
                -24.682020181999917
              ],
              [
                -49.203845610999906,
                -24.68439136899991
              ],
              [
                -49.206013037999924,
                -24.686117746999912
              ],
              [
                -49.20666989499995,
                -24.68762947999994
              ],
              [
                -49.206368279999936,
                -24.69216092599993
              ],
              [
                -49.20740167699995,
                -24.696747971999912
              ],
              [
                -49.21140695299994,
                -24.69903675599994
              ],
              [
                -49.214667612999904,
                -24.699852048999958
              ],
              [
                -49.217765942999904,
                -24.69947385799992
              ],
              [
                -49.22455576899995,
                -24.696932956999945
              ],
              [
                -49.23779713499994,
                -24.69649206799994
              ],
              [
                -49.24783365899992,
                -24.694280333999927
              ],
              [
                -49.25423809499995,
                -24.695451429999935
              ],
              [
                -49.26137179299991,
                -24.692191647999948
              ],
              [
                -49.27435699599994,
                -24.69319495399992
              ],
              [
                -49.27663577299995,
                -24.69277438799992
              ],
              [
                -49.2834734999999,
                -24.686770220999904
              ],
              [
                -49.28837941599994,
                -24.67923158499991
              ],
              [
                -49.29151806199991,
                -24.677228902999957
              ],
              [
                -49.29529716999991,
                -24.676152738999917
              ],
              [
                -49.300665549999906,
                -24.67422207599992
              ],
              [
                -49.30268685999994,
                -24.672245388999954
              ],
              [
                -49.304022937999946,
                -24.668983100999924
              ],
              [
                -49.30932900399995,
                -24.66526977399991
              ],
              [
                -49.31029956599991,
                -24.663536456999907
              ],
              [
                -49.31014723599992,
                -24.66149818799994
              ],
              [
                -49.3090738489999,
                -24.660039437999956
              ],
              [
                -49.30137098799992,
                -24.655869268999936
              ],
              [
                -49.30074934599992,
                -24.651077548999922
              ],
              [
                -49.30211658999991,
                -24.64861028699994
              ],
              [
                -49.30821883899995,
                -24.645553759999927
              ],
              [
                -49.30664821899995,
                -24.64281749299994
              ],
              [
                -49.307669835999945,
                -24.64072014599992
              ],
              [
                -49.309179327999914,
                -24.640135006999913
              ],
              [
                -49.314420053999925,
                -24.640255255999932
              ],
              [
                -49.31595053399991,
                -24.639055251999935
              ],
              [
                -49.31412686099992,
                -24.63612533299994
              ],
              [
                -49.31255663399992,
                -24.631128881999928
              ],
              [
                -49.30876074199995,
                -24.623452607999923
              ],
              [
                -49.308486787999925,
                -24.62053839999993
              ],
              [
                -49.308967942999914,
                -24.61908275299993
              ],
              [
                -49.31293544999994,
                -24.616106008999907
              ],
              [
                -49.31376729899995,
                -24.614690123999935
              ],
              [
                -49.31333024499992,
                -24.606775978999906
              ],
              [
                -49.31307701599991,
                -24.601378407999903
              ],
              [
                -49.309669227999905,
                -24.60159839599993
              ],
              [
                -49.30462959199991,
                -24.59747729599991
              ],
              [
                -49.30399016599995,
                -24.59568232199996
              ],
              [
                -49.305876258999945,
                -24.593077872999913
              ],
              [
                -49.31294087099991,
                -24.591256555999905
              ],
              [
                -49.314312731999905,
                -24.58870690799995
              ],
              [
                -49.314960956999926,
                -24.586325133999935
              ],
              [
                -49.31237315699991,
                -24.583427766999932
              ],
              [
                -49.311764826999934,
                -24.575230834999957
              ],
              [
                -49.31320026199995,
                -24.57077798699993
              ],
              [
                -49.31737891999995,
                -24.56555858999991
              ],
              [
                -49.31499456599994,
                -24.560966752999946
              ],
              [
                -49.31543904499995,
                -24.554228623999904
              ],
              [
                -49.311581496999914,
                -24.55113529399995
              ],
              [
                -49.306769811999914,
                -24.545197642999938
              ],
              [
                -49.304878121999934,
                -24.54505620699996
              ],
              [
                -49.30098287599992,
                -24.549097760999928
              ],
              [
                -49.29439843299991,
                -24.55100205599996
              ],
              [
                -49.29296565599992,
                -24.550530573999936
              ],
              [
                -49.29084979899994,
                -24.543541260999916
              ],
              [
                -49.28597202799995,
                -24.54015614599996
              ],
              [
                -49.280977711999924,
                -24.535153779999916
              ],
              [
                -49.28091774299992,
                -24.533289968999952
              ],
              [
                -49.28235740799994,
                -24.531551690999947
              ],
              [
                -49.28756097599995,
                -24.526110441999947
              ],
              [
                -49.28766966799992,
                -24.522877287999904
              ],
              [
                -49.286274319999904,
                -24.518558166999924
              ],
              [
                -49.2865370479999,
                -24.514482013999952
              ],
              [
                -49.29085507499991,
                -24.512333475999924
              ],
              [
                -49.29162130799995,
                -24.508511234999958
              ],
              [
                -49.29365607299991,
                -24.50738289599991
              ],
              [
                -49.2958045819999,
                -24.50155525999992
              ],
              [
                -49.29485968299991,
                -24.499214551999955
              ],
              [
                -49.28563451699995,
                -24.49491966699992
              ],
              [
                -49.27979742999992,
                -24.494594626999913
              ],
              [
                -49.273910179999916,
                -24.492370256999948
              ],
              [
                -49.272344870999916,
                -24.490666964999946
              ],
              [
                -49.27151275499995,
                -24.487598865999928
              ],
              [
                -49.27147111499994,
                -24.482482313999924
              ],
              [
                -49.265584937999904,
                -24.47909668899996
              ],
              [
                -49.263729862999924,
                -24.474027400999944
              ],
              [
                -49.26157639099995,
                -24.473274618999938
              ],
              [
                -49.25685441699994,
                -24.474295883999957
              ],
              [
                -49.25396927399993,
                -24.471424017999936
              ],
              [
                -49.24982182699995,
                -24.46892530899993
              ],
              [
                -49.24903857499993,
                -24.46565821999991
              ],
              [
                -49.246106821999945,
                -24.464487205999944
              ],
              [
                -49.245568104999904,
                -24.462456654999926
              ],
              [
                -49.2467014959999,
                -24.45922773299992
              ],
              [
                -49.25048211399991,
                -24.458201140999904
              ],
              [
                -49.25170901599995,
                -24.45712392899992
              ],
              [
                -49.25189118499992,
                -24.451680333999946
              ],
              [
                -49.253276455999924,
                -24.448926842999924
              ],
              [
                -49.252370399999904,
                -24.445199875999947
              ],
              [
                -49.252484523999954,
                -24.443175340999915
              ],
              [
                -49.25382789799994,
                -24.439456053999947
              ],
              [
                -49.25376643599992,
                -24.43240566499992
              ],
              [
                -49.25143672699994,
                -24.428874789999952
              ],
              [
                -49.244608574999916,
                -24.422553157999914
              ],
              [
                -49.24179207099991,
                -24.416993972999933
              ],
              [
                -49.23819745199995,
                -24.412997350999945
              ],
              [
                -49.23701356799995,
                -24.410286196999948
              ],
              [
                -49.237535426999955,
                -24.408146031999934
              ],
              [
                -49.24251424399995,
                -24.401790387999938
              ],
              [
                -49.24559212499992,
                -24.403435716999923
              ],
              [
                -49.24921667299992,
                -24.410028496999928
              ],
              [
                -49.24980730107633,
                -24.410506805148533
              ],
              [
                -49.244638399999985,
                -24.396910399999967
              ],
              [
                -49.186812299999985,
                -24.37601449999994
              ],
              [
                -49.15146369999991,
                -24.350266499999975
              ],
              [
                -49.151861699999984,
                -24.339562399999977
              ],
              [
                -49.13659239999993,
                -24.333107899999902
              ],
              [
                -49.130934199999956,
                -24.34017709999995
              ],
              [
                -49.120133599999974,
                -24.33050139999989
              ],
              [
                -49.101602499999956,
                -24.336214799999937
              ],
              [
                -49.04591829999998,
                -24.385838099999887
              ],
              [
                -49.01991979999991,
                -24.373393799999917
              ],
              [
                -48.99816539999995,
                -24.34436939999989
              ],
              [
                -48.97101049999998,
                -24.345832
              ],
              [
                -48.94376619999997,
                -24.388563699999906
              ],
              [
                -48.917236799999955,
                -24.390795
              ],
              [
                -48.89914879999998,
                -24.42786119999988
              ],
              [
                -48.891766899999936,
                -24.426243399999976
              ],
              [
                -48.886705699999936,
                -24.43583699999988
              ],
              [
                -48.87272979999989,
                -24.432094699999936
              ],
              [
                -48.858216299999924,
                -24.45950249999987
              ],
              [
                -48.863594399999954,
                -24.466095
              ],
              [
                -48.85085779999997,
                -24.480049699999938
              ],
              [
                -48.83344939999995,
                -24.474193799999966
              ],
              [
                -48.817369499999984,
                -24.48699659999994
              ],
              [
                -48.80786489999991,
                -24.51284169999991
              ],
              [
                -48.79622069999988,
                -24.505508599999928
              ],
              [
                -48.78892,
                -24.51394739999995
              ],
              [
                -48.77576309999995,
                -24.503435599999875
              ],
              [
                -48.76068209999994,
                -24.515597199999945
              ],
              [
                -48.74960209999995,
                -24.49071689999994
              ],
              [
                -48.73430209999992,
                -24.488276
              ],
              [
                -48.73086189999992,
                -24.480141299999957
              ],
              [
                -48.7209643999999,
                -24.48424239999997
              ],
              [
                -48.70323349999995,
                -24.462168199999894
              ],
              [
                -48.70954789999996,
                -24.45554539999995
              ],
              [
                -48.69369889999996,
                -24.45367529999993
              ],
              [
                -48.696313299999986,
                -24.414542899999958
              ],
              [
                -48.67470569999989,
                -24.41663559999995
              ],
              [
                -48.653099899999916,
                -24.40094759999988
              ],
              [
                -48.627936499999976,
                -24.349889299999916
              ],
              [
                -48.60857809999993,
                -24.34045619999995
              ],
              [
                -48.55830409999993,
                -24.286749599999894
              ],
              [
                -48.535511,
                -24.32141789999997
              ],
              [
                -48.52398009999996,
                -24.3195371999999
              ],
              [
                -48.52377409999997,
                -24.30979109999987
              ],
              [
                -48.502959899999894,
                -24.302440299999887
              ],
              [
                -48.494877,
                -24.279162199999973
              ],
              [
                -48.47617739999998,
                -24.289023199999974
              ],
              [
                -48.46472,
                -24.285885099999973
              ],
              [
                -48.45558439999991,
                -24.295375599999943
              ],
              [
                -48.45243469999997,
                -24.28368
              ],
              [
                -48.464692199999945,
                -24.273819999999887
              ],
              [
                -48.457082199999945,
                -24.252809
              ],
              [
                -48.4526593999999,
                -24.263424099999952
              ],
              [
                -48.4058705999999,
                -24.271272599999975
              ],
              [
                -48.40668569999991,
                -24.28394129999998
              ],
              [
                -48.393873499999984,
                -24.291402199999936
              ],
              [
                -48.38794489999998,
                -24.306303499999956
              ],
              [
                -48.359605,
                -24.28064109999991
              ],
              [
                -48.32992469999988,
                -24.29215679999993
              ],
              [
                -48.333369,
                -24.30897479999993
              ],
              [
                -48.31673629999989,
                -24.31295309999996
              ],
              [
                -48.292047699999955,
                -24.29381209999991
              ],
              [
                -48.274944199999936,
                -24.295863099999963
              ],
              [
                -48.28358389999988,
                -24.283572899999967
              ],
              [
                -48.2633588999999,
                -24.272992399999907
              ],
              [
                -48.25304879999993,
                -24.25745509999996
              ],
              [
                -48.207813299999884,
                -24.26478919999994
              ],
              [
                -48.14579209999988,
                -24.2317943999999
              ],
              [
                -48.14091509999997,
                -24.19431889999987
              ],
              [
                -48.12966559999995,
                -24.19048429999998
              ],
              [
                -48.13017699999989,
                -24.19620709999998
              ],
              [
                -48.09857529999988,
                -24.203081
              ],
              [
                -48.09372089999994,
                -24.193999899999937
              ],
              [
                -48.05990969999988,
                -24.18222849999995
              ],
              [
                -48.06017259999987,
                -24.159077199999956
              ],
              [
                -48.05045349999989,
                -24.155680499999903
              ],
              [
                -48.05738699999989,
                -24.147019499999885
              ],
              [
                -48.049418,
                -24.13687509999994
              ],
              [
                -48.02429859999995,
                -24.13425769999992
              ],
              [
                -48.018975699999885,
                -24.126769
              ],
              [
                -48.00734089999992,
                -24.13463409999997
              ],
              [
                -47.984592199999895,
                -24.112396299999887
              ],
              [
                -47.950945,
                -24.12012489999995
              ],
              [
                -47.93820869999996,
                -24.099208699999963
              ],
              [
                -47.900591199999894,
                -24.093178499999908
              ],
              [
                -47.892451699999924,
                -24.076730399999917
              ],
              [
                -47.905921399999954,
                -24.06534929999998
              ],
              [
                -47.88410529999993,
                -24.06377349999991
              ],
              [
                -47.888416399999926,
                -24.04800439999991
              ],
              [
                -47.871929899999884,
                -24.049324699999886
              ],
              [
                -47.86944179999989,
                -24.03079049999991
              ],
              [
                -47.852154199999916,
                -24.020393599999977
              ],
              [
                -47.863085999999896,
                -24.003899799999942
              ],
              [
                -47.84674669999998,
                -23.954765599999917
              ],
              [
                -47.823971599999936,
                -23.95005169999996
              ],
              [
                -47.812451099999976,
                -23.96000379999998
              ],
              [
                -47.80079109999997,
                -23.953129799999942
              ],
              [
                -47.80388069999998,
                -23.96561449999996
              ],
              [
                -47.78342779999997,
                -23.987957599999902
              ],
              [
                -47.74134259999994,
                -23.987129799999877
              ],
              [
                -47.728298,
                -24.003749699999958
              ],
              [
                -47.71445579999994,
                -24.00608959999994
              ],
              [
                -47.703288599999894,
                -23.988040799999965
              ],
              [
                -47.687661599999956,
                -23.993557699999883
              ],
              [
                -47.67138289999997,
                -23.982957099999965
              ],
              [
                -47.665998,
                -23.96040649999992
              ],
              [
                -47.65725409999993,
                -23.965276899999935
              ],
              [
                -47.607269299999984,
                -23.94780769999994
              ],
              [
                -47.58035789999991,
                -23.950889199999892
              ],
              [
                -47.57111639999988,
                -23.942264899999884
              ],
              [
                -47.5463304999999,
                -23.941272599999934
              ],
              [
                -47.53805279999989,
                -23.93154279999993
              ],
              [
                -47.526797699999975,
                -23.93799
              ],
              [
                -47.51250959999993,
                -23.920441099999948
              ],
              [
                -47.50362399999989,
                -23.924299699999892
              ],
              [
                -47.503718299999946,
                -23.915264199999967
              ],
              [
                -47.49207929999989,
                -23.916788
              ],
              [
                -47.49000369999993,
                -23.910396999999875
              ],
              [
                -47.44869389999991,
                -23.922114899999883
              ],
              [
                -47.4197,
                -23.8920015999999
              ],
              [
                -47.409913099999926,
                -23.89358179999988
              ],
              [
                -47.40307949999993,
                -23.882231499999932
              ],
              [
                -47.40750559999992,
                -23.8721976999999
              ],
              [
                -47.39044659999996,
                -23.86926719999991
              ],
              [
                -47.38293949999991,
                -23.86141619999995
              ],
              [
                -47.385843799999975,
                -23.849860399999955
              ],
              [
                -47.350635399999874,
                -23.829084199999954
              ],
              [
                -47.318111199999976,
                -23.791105
              ],
              [
                -47.30105469999995,
                -23.8079555999999
              ],
              [
                -47.2811352999999,
                -23.804407899999887
              ],
              [
                -47.27492239999992,
                -23.817666499999916
              ],
              [
                -47.26376839999995,
                -23.82102539999994
              ],
              [
                -47.25052249999993,
                -23.823553399999923
              ],
              [
                -47.234830599999896,
                -23.815311299999905
              ],
              [
                -47.22798809999995,
                -23.829326699999967
              ],
              [
                -47.21863489999993,
                -23.828852499999982
              ],
              [
                -47.21308479999993,
                -23.845249499999966
              ],
              [
                -47.18874269999998,
                -23.828046599999936
              ],
              [
                -47.18006509999998,
                -23.830698199999915
              ],
              [
                -47.17585339999994,
                -23.82272669999992
              ],
              [
                -47.1821905999999,
                -23.812571099999957
              ],
              [
                -47.15977789999988,
                -23.80082669999996
              ],
              [
                -47.13030089999995,
                -23.803297099999895
              ],
              [
                -47.11180319999988,
                -23.81655929999988
              ],
              [
                -47.08755549999995,
                -23.81209259999997
              ],
              [
                -47.07180429999988,
                -23.78580429999994
              ],
              [
                -47.05463109999988,
                -23.79461669999995
              ],
              [
                -47.02161209999991,
                -23.78832369999992
              ],
              [
                -46.99345909999994,
                -23.804124199999876
              ],
              [
                -46.96813649999996,
                -23.77552579999991
              ],
              [
                -46.95909259999996,
                -23.792385399999887
              ],
              [
                -46.9515,
                -23.793028499999934
              ],
              [
                -46.936966199999915,
                -23.774408699999924
              ],
              [
                -46.91000819999988,
                -23.79188
              ],
              [
                -46.909466,
                -23.783019899999942
              ],
              [
                -46.89794129999996,
                -23.786586199999874
              ],
              [
                -46.89224369999988,
                -23.77496439999993
              ],
              [
                -46.883219199999985,
                -23.774148899999943
              ],
              [
                -46.8714068999999,
                -23.786364799999944
              ],
              [
                -46.88221249999992,
                -23.80264049999994
              ],
              [
                -46.88308219999993,
                -23.827707199999907
              ],
              [
                -46.89584029999992,
                -23.83742469999993
              ],
              [
                -46.88504429999995,
                -23.859552299999905
              ],
              [
                -46.89716559999994,
                -23.87086279999994
              ],
              [
                -46.901410699999985,
                -23.88968689999996
              ],
              [
                -46.929129799999885,
                -23.915090099999873
              ],
              [
                -46.92914519999994,
                -23.930123599999945
              ],
              [
                -46.903730899999914,
                -23.94218369999993
              ],
              [
                -46.877799599999946,
                -23.92857589999994
              ],
              [
                -46.85323969999996,
                -23.947671199999945
              ],
              [
                -46.835369499999956,
                -23.94138789999988
              ],
              [
                -46.82656169999996,
                -23.94603749999993
              ],
              [
                -46.81714469999997,
                -23.937749699999983
              ],
              [
                -46.78613229999996,
                -23.942465099999936
              ],
              [
                -46.75502249999994,
                -23.973532
              ],
              [
                -46.774140599999896,
                -24.00202319999994
              ],
              [
                -46.77003919999993,
                -24.008563
              ],
              [
                -46.73557639999996,
                -23.98382069999991
              ],
              [
                -46.74843629999998,
                -23.93451179999994
              ],
              [
                -46.763594599999976,
                -23.926188799999977
              ],
              [
                -46.76079239999996,
                -23.892989999999884
              ],
              [
                -46.6851448999999,
                -23.885240799999963
              ],
              [
                -46.671801899999934,
                -23.894884699999977
              ],
              [
                -46.6486311999999,
                -23.880798599999935
              ],
              [
                -46.631758,
                -23.88613549999991
              ],
              [
                -46.61245489999993,
                -23.909100699999897
              ],
              [
                -46.59275409999992,
                -23.874837199999888
              ],
              [
                -46.57527669999996,
                -23.86246289999997
              ],
              [
                -46.565752799999984,
                -23.881280599999968
              ],
              [
                -46.55613059999996,
                -23.876909999999896
              ],
              [
                -46.549434,
                -23.895149199999935
              ],
              [
                -46.533504,
                -23.899090399999977
              ],
              [
                -46.52699439999992,
                -23.89452149999994
              ],
              [
                -46.53141169999992,
                -23.883902899999953
              ],
              [
                -46.52453189999994,
                -23.855386099999976
              ],
              [
                -46.530577799999946,
                -23.841368799999884
              ],
              [
                -46.5187072999999,
                -23.828479599999923
              ],
              [
                -46.53002219999996,
                -23.8202576999999
              ],
              [
                -46.520019,
                -23.811632099999883
              ],
              [
                -46.48448129999991,
                -23.81856419999997
              ],
              [
                -46.456109399999946,
                -23.80135219999994
              ],
              [
                -46.41327849999993,
                -23.81632229999991
              ],
              [
                -46.384247699999946,
                -23.806577899999922
              ],
              [
                -46.389170899999954,
                -23.795713099999887
              ],
              [
                -46.37459149999995,
                -23.782224099999894
              ],
              [
                -46.329482199999916,
                -23.778574799999944
              ],
              [
                -46.29461139999995,
                -23.785204599999872
              ],
              [
                -46.275295,
                -23.76857699999988
              ],
              [
                -46.259226499999954,
                -23.76763939999995
              ],
              [
                -46.23795149999995,
                -23.73499939999988
              ],
              [
                -46.208498299999974,
                -23.74352959999993
              ],
              [
                -46.19174529999998,
                -23.722619299999963
              ],
              [
                -46.19354,
                -23.71420189999992
              ],
              [
                -46.177909499999885,
                -23.710038799999893
              ],
              [
                -46.159523299999876,
                -23.716828799999973
              ],
              [
                -46.14537309999997,
                -23.705730899999935
              ],
              [
                -46.14303609999996,
                -23.691182099999878
              ],
              [
                -46.12426609999994,
                -23.685174499999903
              ],
              [
                -46.11834909999993,
                -23.668021599999975
              ],
              [
                -46.10897959999994,
                -23.671419899999876
              ],
              [
                -46.10413009999991,
                -23.692898
              ],
              [
                -46.09584909999995,
                -23.696632799999975
              ],
              [
                -46.10438519999997,
                -23.715900699999906
              ],
              [
                -46.09933529999995,
                -23.719089199999928
              ],
              [
                -46.079412,
                -23.69261969999991
              ],
              [
                -46.04564529999993,
                -23.670182299999965
              ],
              [
                -46.038971,
                -23.651212399999906
              ],
              [
                -46.045799799999884,
                -23.65068749999989
              ],
              [
                -46.04557079999995,
                -23.63829949999996
              ],
              [
                -46.03223729999996,
                -23.613854999999887
              ],
              [
                -46.01424069999996,
                -23.603305399999897
              ],
              [
                -45.979002299999934,
                -23.600249099999928
              ],
              [
                -45.958461099999965,
                -23.608594499999924
              ],
              [
                -45.97418079999994,
                -23.64112229999995
              ],
              [
                -45.953625699999975,
                -23.639966399999935
              ],
              [
                -45.948905,
                -23.648621799999944
              ],
              [
                -45.959395799999925,
                -23.654254599999888
              ],
              [
                -45.96076749999992,
                -23.664544899999953
              ],
              [
                -45.946203099999934,
                -23.673824599999875
              ],
              [
                -45.920159299999966,
                -23.66992319999997
              ],
              [
                -45.895312899999965,
                -23.655519299999924
              ],
              [
                -45.860352099999886,
                -23.654604399999982
              ],
              [
                -45.849845699999946,
                -23.644198899999935
              ],
              [
                -45.831402699999956,
                -23.651633399999923
              ],
              [
                -45.83855519999992,
                -23.669314499999928
              ],
              [
                -45.818624899999975,
                -23.675800199999912
              ],
              [
                -45.82021559999998,
                -23.684348299999954
              ],
              [
                -45.798382199999935,
                -23.675798399999962
              ],
              [
                -45.79430769999993,
                -23.68354019999998
              ],
              [
                -45.77856129999998,
                -23.683269099999904
              ],
              [
                -45.707906399999956,
                -23.64522539999996
              ],
              [
                -45.69526269999989,
                -23.63055019999996
              ],
              [
                -45.713577099999895,
                -23.593925299999967
              ],
              [
                -45.699198099999876,
                -23.574636899999916
              ],
              [
                -45.69384859999997,
                -23.580776099999923
              ],
              [
                -45.66339059999996,
                -23.568749099999934
              ],
              [
                -45.65644959999997,
                -23.558489099999917
              ],
              [
                -45.666867,
                -23.54480979999994
              ],
              [
                -45.639183,
                -23.53732489999993
              ],
              [
                -45.63375189999988,
                -23.520342599999935
              ],
              [
                -45.64414809999988,
                -23.518664799999897
              ],
              [
                -45.65150239999997,
                -23.505750099999943
              ],
              [
                -45.65862329999993,
                -23.50996669999995
              ],
              [
                -45.66728769999992,
                -23.49749029999998
              ],
              [
                -45.684456799999964,
                -23.509688899999958
              ],
              [
                -45.721474199999875,
                -23.51635479999993
              ],
              [
                -45.76625689999992,
                -23.50957509999995
              ],
              [
                -45.79121979999991,
                -23.51856929999991
              ],
              [
                -45.81132769999988,
                -23.51378429999994
              ],
              [
                -45.81636169999996,
                -23.490998499999876
              ],
              [
                -45.82961719999997,
                -23.488243199999943
              ],
              [
                -45.84027019999991,
                -23.472744199999966
              ],
              [
                -45.91084719999998,
                -23.506632699999955
              ],
              [
                -45.93885129999995,
                -23.494146699999874
              ],
              [
                -45.963747799999965,
                -23.497783
              ],
              [
                -45.98378939999998,
                -23.517887499999915
              ],
              [
                -46.02168139999998,
                -23.531632499999944
              ],
              [
                -46.03298389999998,
                -23.52607749999987
              ],
              [
                -46.041116199999976,
                -23.538268899999878
              ],
              [
                -46.0585223999999,
                -23.54213119999997
              ],
              [
                -46.07579349999992,
                -23.53456659999989
              ],
              [
                -46.07172479999991,
                -23.522989799999948
              ],
              [
                -46.08770959999998,
                -23.507966399999873
              ],
              [
                -46.108348599999886,
                -23.51191
              ],
              [
                -46.119929799999966,
                -23.49872259999995
              ],
              [
                -46.12961469999988,
                -23.507679199999927
              ],
              [
                -46.14655879999992,
                -23.503863799999976
              ],
              [
                -46.12974779999996,
                -23.487978299999952
              ],
              [
                -46.127515299999914,
                -23.47357649999998
              ],
              [
                -46.11203359999996,
                -23.478512199999898
              ],
              [
                -46.10043219999994,
                -23.46162169999991
              ],
              [
                -46.10292069999991,
                -23.453882599999872
              ],
              [
                -46.18792709999991,
                -23.475008099999968
              ],
              [
                -46.24057169999992,
                -23.5038540999999
              ],
              [
                -46.249006,
                -23.49059969999996
              ],
              [
                -46.299370499999895,
                -23.465742099999886
              ],
              [
                -46.31362919999998,
                -23.41512949999992
              ],
              [
                -46.302832399999886,
                -23.403023099999928
              ],
              [
                -46.31341429999998,
                -23.385845199999892
              ],
              [
                -46.362236399999915,
                -23.395371199999886
              ],
              [
                -46.371871099999964,
                -23.40795659999992
              ],
              [
                -46.38748169999997,
                -23.391840099999968
              ],
              [
                -46.4006035999999,
                -23.349657599999944
              ],
              [
                -46.43386289999995,
                -23.331444399999953
              ],
              [
                -46.3975165999999,
                -23.286908599999947
              ],
              [
                -46.35620469999998,
                -23.272955499999966
              ],
              [
                -46.34890499999989,
                -23.253297499999974
              ],
              [
                -46.330106599999965,
                -23.246833299999935
              ],
              [
                -46.311494599999946,
                -23.227941
              ],
              [
                -46.30741119999993,
                -23.198106099999904
              ],
              [
                -46.29093669999992,
                -23.194339699999944
              ],
              [
                -46.283626599999934,
                -23.184130799999934
              ],
              [
                -46.2629121999999,
                -23.18807149999992
              ],
              [
                -46.257237499999974,
                -23.15968639999994
              ],
              [
                -46.23557059999996,
                -23.135519699999918
              ],
              [
                -46.226488899999936,
                -23.13681239999994
              ],
              [
                -46.20612579999994,
                -23.08551959999994
              ],
              [
                -46.18043179999995,
                -23.080201399999908
              ],
              [
                -46.16121939999988,
                -23.066552799999954
              ],
              [
                -46.15897649999994,
                -23.05045949999993
              ],
              [
                -46.14039479999991,
                -23.039389
              ],
              [
                -46.14218469999997,
                -23.030360799999983
              ],
              [
                -46.12640279999988,
                -23.00940849999995
              ],
              [
                -46.093704699999876,
                -22.997952899999973
              ],
              [
                -46.088069099999984,
                -22.985797399999967
              ],
              [
                -46.051251699999966,
                -22.968363099999976
              ],
              [
                -46.0533213999999,
                -22.950767599999892
              ],
              [
                -46.04106989999997,
                -22.914465899999925
              ],
              [
                -46.05140199999988,
                -22.896908299999893
              ],
              [
                -46.02824388512172,
                -22.8854486477073
              ],
              [
                -46.027209977685736,
                -22.88538228491159
              ],
              [
                -46.02048320369759,
                -22.88690073383905
              ],
              [
                -46.01647135799993,
                -22.888380673999905
              ],
              [
                -46.012543972999936,
                -22.888991595999926
              ],
              [
                -46.011951218622016,
                -22.888826676885433
              ],
              [
                -46.00760569999994,
                -22.889807599999926
              ],
              [
                -45.99164,
                -22.87728919999995
              ],
              [
                -45.99270695811166,
                -22.87195592909663
              ],
              [
                -45.992459415065454,
                -22.87055792769636
              ],
              [
                -45.97563579999991,
                -22.868492599999968
              ],
              [
                -45.96294237263084,
                -22.85631624868896
              ],
              [
                -45.96260799299995,
                -22.85632800199994
              ],
              [
                -45.96048638299993,
                -22.85569106899993
              ],
              [
                -45.959016204999955,
                -22.854461674999925
              ],
              [
                -45.95745322459447,
                -22.851050705117014
              ],
              [
                -45.95522619999991,
                -22.848914399999956
              ],
              [
                -45.942398633803265,
                -22.844859885265574
              ],
              [
                -45.94211962899993,
                -22.844852875999948
              ],
              [
                -45.941654050549744,
                -22.844624538690386
              ],
              [
                -45.932152799999926,
                -22.84162139999995
              ],
              [
                -45.91424547273941,
                -22.81720164967253
              ],
              [
                -45.913528511999914,
                -22.81687433499991
              ],
              [
                -45.91243959751441,
                -22.81672773053693
              ],
              [
                -45.905274548789585,
                -22.818997791313887
              ],
              [
                -45.905034250999904,
                -22.81935573499993
              ],
              [
                -45.90522082399991,
                -22.82100235799993
              ],
              [
                -45.908759078999935,
                -22.825442473999942
              ],
              [
                -45.909989278999944,
                -22.828730477999954
              ],
              [
                -45.91000675899994,
                -22.83040509999995
              ],
              [
                -45.90887239299991,
                -22.83252839699992
              ],
              [
                -45.90491156899992,
                -22.836234545999957
              ],
              [
                -45.89925464309776,
                -22.838697568481027
              ],
              [
                -45.892239052247454,
                -22.844262756998468
              ],
              [
                -45.8922861769999,
                -22.84562631999995
              ],
              [
                -45.89455737199995,
                -22.848189393999917
              ],
              [
                -45.895942936999916,
                -22.85243869699991
              ],
              [
                -45.89230132999995,
                -22.86084649199995
              ],
              [
                -45.890658586999905,
                -22.872965866999948
              ],
              [
                -45.887984711313536,
                -22.874417184023105
              ],
              [
                -45.88789869999994,
                -22.875267299999905
              ],
              [
                -45.8858209942751,
                -22.87464717190022
              ],
              [
                -45.882914317999905,
                -22.874667615999954
              ],
              [
                -45.87796817767001,
                -22.872303359597904
              ],
              [
                -45.86397349999993,
                -22.86812639999988
              ],
              [
                -45.853368483900674,
                -22.847077868364916
              ],
              [
                -45.85332008599994,
                -22.847029111999916
              ],
              [
                -45.853275152697094,
                -22.846892627270265
              ],
              [
                -45.848896699999955,
                -22.838202399999943
              ],
              [
                -45.83543985636117,
                -22.83343850098099
              ],
              [
                -45.83493042099991,
                -22.833452043999955
              ],
              [
                -45.825276801999905,
                -22.830355755999904
              ],
              [
                -45.819007951999936,
                -22.83291739799995
              ],
              [
                -45.81727970599991,
                -22.832809179999913
              ],
              [
                -45.81445879515602,
                -22.831250562187844
              ],
              [
                -45.80429743739573,
                -22.833734048488868
              ],
              [
                -45.80287141799994,
                -22.840640977999954
              ],
              [
                -45.802973050999924,
                -22.846646146999944
              ],
              [
                -45.802121245999956,
                -22.848586389999923
              ],
              [
                -45.79721118099991,
                -22.852950868999926
              ],
              [
                -45.79572653999992,
                -22.85723885899995
              ],
              [
                -45.79258620699994,
                -22.85792899899991
              ],
              [
                -45.79200457103081,
                -22.857704528943962
              ],
              [
                -45.79144869999993,
                -22.858894299999918
              ],
              [
                -45.768122,
                -22.8450906999999
              ],
              [
                -45.7686220397249,
                -22.83746797248496
              ],
              [
                -45.768615548126355,
                -22.836811963122717
              ],
              [
                -45.75916089999998,
                -22.83630679999993
              ],
              [
                -45.75774119999994,
                -22.86696589999997
              ],
              [
                -45.73638969999996,
                -22.890963099999965
              ],
              [
                -45.668599,
                -22.876163899999938
              ],
              [
                -45.63314049999997,
                -22.842002899999954
              ],
              [
                -45.627931499999875,
                -22.824976399999912
              ],
              [
                -45.63301749999988,
                -22.82101869999991
              ],
              [
                -45.61700529999996,
                -22.80862369999994
              ],
              [
                -45.6120992999999,
                -22.793606
              ],
              [
                -45.579526199999975,
                -22.789888299999916
              ],
              [
                -45.57988029999996,
                -22.776856799999905
              ],
              [
                -45.537505599999974,
                -22.76737
              ],
              [
                -45.52377709999996,
                -22.75106569999997
              ],
              [
                -45.49646639999992,
                -22.743686599999876
              ],
              [
                -45.469066199999986,
                -22.715484099999912
              ],
              [
                -45.44672909999997,
                -22.715730599999972
              ],
              [
                -45.44694839999988,
                -22.70542479999989
              ],
              [
                -45.42829849999998,
                -22.69667039999996
              ],
              [
                -45.424685199999885,
                -22.679598899999917
              ],
              [
                -45.40802489999987,
                -22.671699899999965
              ],
              [
                -45.396921353546304,
                -22.65335056067946
              ],
              [
                -45.39669691599994,
                -22.65334797999992
              ],
              [
                -45.38544639899993,
                -22.648883801999943
              ],
              [
                -45.380320266744356,
                -22.645339760498665
              ],
              [
                -45.3643797818977,
                -22.63940228590649
              ],
              [
                -45.36204347799992,
                -22.639031807999913
              ],
              [
                -45.35904137599994,
                -22.638502537999955
              ],
              [
                -45.356678624999915,
                -22.637081993999914
              ],
              [
                -45.35589959744484,
                -22.63597158133
              ],
              [
                -45.346396320417526,
                -22.627919482321772
              ],
              [
                -45.338428360999956,
                -22.62517155799992
              ],
              [
                -45.33514048699993,
                -22.623358415999917
              ],
              [
                -45.33385751399993,
                -22.621393008999917
              ],
              [
                -45.33227052099994,
                -22.619656575999954
              ],
              [
                -45.32806440199994,
                -22.61773938899995
              ],
              [
                -45.32523017787323,
                -22.617310866595126
              ],
              [
                -45.27591079999996,
                -22.617298699999935
              ],
              [
                -45.27554708505719,
                -22.617030310349804
              ],
              [
                -45.275499003999926,
                -22.61703186199992
              ],
              [
                -45.27329550399992,
                -22.616014493999955
              ],
              [
                -45.27159531089818,
                -22.61411424845844
              ],
              [
                -45.26906944915936,
                -22.612250384567677
              ],
              [
                -45.266464310999936,
                -22.611704347999932
              ],
              [
                -45.264719907999904,
                -22.611125322999953
              ],
              [
                -45.26204187399992,
                -22.609552438999913
              ],
              [
                -45.26126096099995,
                -22.60814505499991
              ],
              [
                -45.26100823423619,
                -22.606152655009573
              ],
              [
                -45.2575547442741,
                -22.59458710755975
              ],
              [
                -45.25645649799992,
                -22.592260807999935
              ],
              [
                -45.256535345091734,
                -22.591173195909974
              ],
              [
                -45.256118199999946,
                -22.589776199999903
              ],
              [
                -45.258627807199396,
                -22.58622849256508
              ],
              [
                -45.25630001199994,
                -22.583787257999916
              ],
              [
                -45.25217111199993,
                -22.582819383999947
              ],
              [
                -45.231515635999926,
                -22.573184923999918
              ],
              [
                -45.226802872798814,
                -22.569192292483056
              ],
              [
                -45.209890343388544,
                -22.562749218142375
              ],
              [
                -45.2096797879999,
                -22.562685907999935
              ],
              [
                -45.20954633349613,
                -22.56261816256476
              ],
              [
                -45.19601502587046,
                -22.557463213896593
              ],
              [
                -45.19485552799995,
                -22.557335303999935
              ],
              [
                -45.19071287999992,
                -22.555768189999924
              ],
              [
                -45.18912276598901,
                -22.554837507137176
              ],
              [
                -45.18254026390214,
                -22.552329807119953
              ],
              [
                -45.1789178059999,
                -22.55204802499992
              ],
              [
                -45.17642781326485,
                -22.549553974162794
              ],
              [
                -45.172472999057305,
                -22.546037965371934
              ],
              [
                -45.16726471299995,
                -22.542998876999945
              ],
              [
                -45.16377772699991,
                -22.541099390999932
              ],
              [
                -45.16434682152484,
                -22.53808115283086
              ],
              [
                -45.16265812501971,
                -22.529321943340886
              ],
              [
                -45.16118560199993,
                -22.527462758999945
              ],
              [
                -45.158065001999944,
                -22.519445289999908
              ],
              [
                -45.154127487999915,
                -22.51572245199992
              ],
              [
                -45.14411084799991,
                -22.50857799499994
              ],
              [
                -45.13500300541837,
                -22.50172953725447
              ],
              [
                -45.12194539999996,
                -22.501346499999897
              ],
              [
                -45.097285455011914,
                -22.484364419796293
              ],
              [
                -45.097092288831526,
                -22.484249912917868
              ],
              [
                -45.081679799999904,
                -22.485472699999946
              ],
              [
                -45.0393739371057,
                -22.467190210735275
              ],
              [
                -45.031442618999904,
                -22.464783541999907
              ],
              [
                -45.025018978999924,
                -22.466932437999958
              ],
              [
                -45.01060899839336,
                -22.46599370170965
              ],
              [
                -44.966752699999915,
                -22.475347299999896
              ],
              [
                -44.948426729493384,
                -22.460285039998446
              ],
              [
                -44.93406057570068,
                -22.45338800213575
              ],
              [
                -44.896680499999945,
                -22.45257369999996
              ],
              [
                -44.889663180369794,
                -22.43485373867362
              ],
              [
                -44.88519481399993,
                -22.431991978999918
              ],
              [
                -44.874257531999945,
                -22.428056823999952
              ],
              [
                -44.87047246711505,
                -22.424722771606433
              ],
              [
                -44.83118339999993,
                -22.43095289999991
              ],
              [
                -44.824883319266654,
                -22.420147454714602
              ],
              [
                -44.82411709579138,
                -22.419695580375624
              ],
              [
                -44.80888609999988,
                -22.415288
              ],
              [
                -44.80841208666054,
                -22.41341058742732
              ],
              [
                -44.80726150299995,
                -22.41260847199993
              ],
              [
                -44.80741426463841,
                -22.409458539132153
              ],
              [
                -44.80591609827717,
                -22.403524789743503
              ],
              [
                -44.80181689799991,
                -22.40449762399993
              ],
              [
                -44.794370546999914,
                -22.40785655499991
              ],
              [
                -44.788883067999905,
                -22.408604994999905
              ],
              [
                -44.77975714799993,
                -22.408049081999934
              ],
              [
                -44.76561670299992,
                -22.41513633699992
              ],
              [
                -44.75228473199991,
                -22.415648037999915
              ],
              [
                -44.75006115799994,
                -22.416999842999928
              ],
              [
                -44.74673509899992,
                -22.42080592499991
              ],
              [
                -44.744274995999945,
                -22.42241604499992
              ],
              [
                -44.739871903999926,
                -22.42365358299992
              ],
              [
                -44.73704770499995,
                -22.425960953999947
              ],
              [
                -44.735567947999925,
                -22.430242877999945
              ],
              [
                -44.73148726799991,
                -22.437224113999946
              ],
              [
                -44.72430955999994,
                -22.454914910999946
              ],
              [
                -44.7246210319999,
                -22.457984264999936
              ],
              [
                -44.72365246299995,
                -22.460315932999947
              ],
              [
                -44.71870379199993,
                -22.464795586999912
              ],
              [
                -44.71786751299993,
                -22.467370736999953
              ],
              [
                -44.71818831999991,
                -22.46952025999991
              ],
              [
                -44.721819474999904,
                -22.475891368999953
              ],
              [
                -44.72238765599991,
                -22.481253333999916
              ],
              [
                -44.72129491699991,
                -22.484317758999907
              ],
              [
                -44.71981425699994,
                -22.490846337999926
              ],
              [
                -44.717742776999955,
                -22.492485984999917
              ],
              [
                -44.71286095599993,
                -22.49385438899992
              ],
              [
                -44.710857683999905,
                -22.496484300999953
              ],
              [
                -44.71280166999992,
                -22.504139032999944
              ],
              [
                -44.71631475399994,
                -22.50965427099993
              ],
              [
                -44.71548176199991,
                -22.51324081899992
              ],
              [
                -44.714082850999944,
                -22.51478053799991
              ],
              [
                -44.712215630999935,
                -22.51526264799992
              ],
              [
                -44.70195105699992,
                -22.513728537999953
              ],
              [
                -44.698361468999906,
                -22.513910479999936
              ],
              [
                -44.69545538299991,
                -22.515491288999954
              ],
              [
                -44.69137196699995,
                -22.520950399999947
              ],
              [
                -44.683063958999924,
                -22.52691129799996
              ],
              [
                -44.675885287999904,
                -22.533489670999927
              ],
              [
                -44.673443827999904,
                -22.53594514699995
              ],
              [
                -44.67200897099991,
                -22.538941475999934
              ],
              [
                -44.67195026799993,
                -22.540543407999905
              ],
              [
                -44.67572361799995,
                -22.54502634599993
              ],
              [
                -44.67787122199991,
                -22.555139196999903
              ],
              [
                -44.677644279999924,
                -22.55769515199995
              ],
              [
                -44.675920651999945,
                -22.559475389999932
              ],
              [
                -44.67089491099995,
                -22.555439919999912
              ],
              [
                -44.66644013399991,
                -22.553327579999916
              ],
              [
                -44.65700487099991,
                -22.55440699499991
              ],
              [
                -44.650566167999955,
                -22.55764071899995
              ],
              [
                -44.646659266999905,
                -22.556026251999924
              ],
              [
                -44.6444051979999,
                -22.557340676999956
              ],
              [
                -44.64343427499995,
                -22.55926240599996
              ],
              [
                -44.64343233299991,
                -22.56596127699993
              ],
              [
                -44.64206040499994,
                -22.57303676799995
              ],
              [
                -44.64666810099993,
                -22.580911477999905
              ],
              [
                -44.64685730499991,
                -22.584934252999915
              ],
              [
                -44.64557951899991,
                -22.58868515599994
              ],
              [
                -44.64311302999994,
                -22.59493369899991
              ],
              [
                -44.647329219999904,
                -22.60143968099993
              ],
              [
                -44.64524029799992,
                -22.606880247999925
              ],
              [
                -44.641311457999905,
                -22.60912795899992
              ],
              [
                -44.63597329899994,
                -22.60989212499993
              ],
              [
                -44.62381101799991,
                -22.606789335999906
              ],
              [
                -44.6210117949999,
                -22.606777129999955
              ],
              [
                -44.613260417999925,
                -22.61401596399992
              ],
              [
                -44.611434163999945,
                -22.614920901999938
              ],
              [
                -44.60826537199995,
                -22.614855276999947
              ],
              [
                -44.605814273999954,
                -22.612002460999918
              ],
              [
                -44.604188078999925,
                -22.609625054999924
              ],
              [
                -44.60239539799994,
                -22.608569469999907
              ],
              [
                -44.59989109299994,
                -22.608452861999922
              ],
              [
                -44.59772058599992,
                -22.60934479699995
              ],
              [
                -44.595263391999936,
                -22.612470264999956
              ],
              [
                -44.59096771499992,
                -22.620697329999928
              ],
              [
                -44.58895049999995,
                -22.62305159099992
              ],
              [
                -44.58733352699994,
                -22.62370556399992
              ],
              [
                -44.583294106999915,
                -22.622848287999943
              ],
              [
                -44.581680828999936,
                -22.620367029999954
              ],
              [
                -44.58079350799994,
                -22.61703485599992
              ],
              [
                -44.57746115899994,
                -22.60858825999992
              ],
              [
                -44.574024935999944,
                -22.605348540999955
              ],
              [
                -44.57089282699991,
                -22.605576803999952
              ],
              [
                -44.56261943599992,
                -22.610189464999905
              ],
              [
                -44.5601207979999,
                -22.609529193999947
              ],
              [
                -44.55594189199991,
                -22.60582083299994
              ],
              [
                -44.55182610599991,
                -22.60462647299994
              ],
              [
                -44.547803459999955,
                -22.605567263999944
              ],
              [
                -44.54152998099994,
                -22.610922907999907
              ],
              [
                -44.5386376699999,
                -22.614683981999917
              ],
              [
                -44.53192495999991,
                -22.620120656999916
              ],
              [
                -44.530154386999925,
                -22.622870720999913
              ],
              [
                -44.53488760499994,
                -22.627448375999904
              ],
              [
                -44.536425049999934,
                -22.630275312999913
              ],
              [
                -44.53626898999994,
                -22.631445512999903
              ],
              [
                -44.535121544999924,
                -22.63238526899994
              ],
              [
                -44.533416720999924,
                -22.632283682999912
              ],
              [
                -44.529687349999904,
                -22.63049273699994
              ],
              [
                -44.52361704899994,
                -22.630454296999915
              ],
              [
                -44.518498877999946,
                -22.631844560999923
              ],
              [
                -44.51378461999991,
                -22.635136313999908
              ],
              [
                -44.51113974899994,
                -22.63637327999993
              ],
              [
                -44.50966963499991,
                -22.636268212999937
              ],
              [
                -44.504038746999925,
                -22.630150976999914
              ],
              [
                -44.497330279999915,
                -22.627458418999936
              ],
              [
                -44.49501054199993,
                -22.625589574999935
              ],
              [
                -44.48932748599992,
                -22.615819098999907
              ],
              [
                -44.487192028999914,
                -22.60602918999996
              ],
              [
                -44.484114217999945,
                -22.603394746999925
              ],
              [
                -44.48017502499994,
                -22.603520700999923
              ],
              [
                -44.477589104999936,
                -22.605219530999932
              ],
              [
                -44.475322424999945,
                -22.610782866999955
              ],
              [
                -44.473098157999914,
                -22.613902413999938
              ],
              [
                -44.46931025999993,
                -22.615111042999956
              ],
              [
                -44.465157114999954,
                -22.61508306299993
              ],
              [
                -44.45585061299994,
                -22.61032534499992
              ],
              [
                -44.452527319999945,
                -22.610854720999953
              ],
              [
                -44.44903245799992,
                -22.61422945499993
              ],
              [
                -44.445312937999915,
                -22.614321221999944
              ],
              [
                -44.443084308999914,
                -22.611129800999947
              ],
              [
                -44.44147440899991,
                -22.60462244599995
              ],
              [
                -44.44021430499993,
                -22.602939432999904
              ],
              [
                -44.43505815599991,
                -22.599874771999907
              ],
              [
                -44.431230770999946,
                -22.598942164999926
              ],
              [
                -44.42530308399995,
                -22.59873186199991
              ],
              [
                -44.419068860999914,
                -22.600143175999904
              ],
              [
                -44.4132487679999,
                -22.602892470999905
              ],
              [
                -44.406602851999935,
                -22.607165228999918
              ],
              [
                -44.4032503169999,
                -22.606568490999905
              ],
              [
                -44.4024740399999,
                -22.603876143999912
              ],
              [
                -44.405608156999904,
                -22.598536443999933
              ],
              [
                -44.40886545899991,
                -22.58963240399993
              ],
              [
                -44.40907554699993,
                -22.586298093999915
              ],
              [
                -44.40819723499993,
                -22.58522012499992
              ],
              [
                -44.39984125099994,
                -22.581430396999906
              ],
              [
                -44.39554828699994,
                -22.573316787999943
              ],
              [
                -44.39327345899994,
                -22.57184794999995
              ],
              [
                -44.38970904599995,
                -22.57179864899996
              ],
              [
                -44.38101184599992,
                -22.574180524999917
              ],
              [
                -44.37080624899994,
                -22.578414119999934
              ],
              [
                -44.36106037399992,
                -22.577909226999907
              ],
              [
                -44.35817801699994,
                -22.578645010999935
              ],
              [
                -44.356230954999944,
                -22.580457766999928
              ],
              [
                -44.35891058999994,
                -22.583260751999944
              ],
              [
                -44.363922661999936,
                -22.58595725999993
              ],
              [
                -44.36543430799992,
                -22.58791760099996
              ],
              [
                -44.36514391299994,
                -22.591821947999904
              ],
              [
                -44.360079019999944,
                -22.595791721999944
              ],
              [
                -44.36064358199991,
                -22.600203376999957
              ],
              [
                -44.36049786099994,
                -22.603330514999925
              ],
              [
                -44.357521851999934,
                -22.61342670399995
              ],
              [
                -44.35594054199993,
                -22.614057605999903
              ],
              [
                -44.35233019099991,
                -22.612216735999937
              ],
              [
                -44.34934076999991,
                -22.608200875999955
              ],
              [
                -44.350001920999944,
                -22.601187868999943
              ],
              [
                -44.34930831999992,
                -22.599478027999908
              ],
              [
                -44.34668622599992,
                -22.596797489999915
              ],
              [
                -44.346304379999935,
                -22.593517566999935
              ],
              [
                -44.3456824079999,
                -22.590684273999955
              ],
              [
                -44.34327344099995,
                -22.588858772999913
              ],
              [
                -44.33563272899994,
                -22.59044841599996
              ],
              [
                -44.328969953999945,
                -22.589512373999924
              ],
              [
                -44.32554995599992,
                -22.590699146999953
              ],
              [
                -44.32076173799993,
                -22.594008749999944
              ],
              [
                -44.31439283399993,
                -22.594559318999927
              ],
              [
                -44.31018068599991,
                -22.59531123799991
              ],
              [
                -44.30229418199991,
                -22.598212540999953
              ],
              [
                -44.295481167999924,
                -22.599115051999945
              ],
              [
                -44.2927390399999,
                -22.601783051999917
              ],
              [
                -44.28900132599995,
                -22.608004226999924
              ],
              [
                -44.28624606499994,
                -22.61000383699991
              ],
              [
                -44.28348265799991,
                -22.609382034999953
              ],
              [
                -44.27859477699991,
                -22.602843110999913
              ],
              [
                -44.27254149299995,
                -22.598886485999913
              ],
              [
                -44.269705890999944,
                -22.598342987999956
              ],
              [
                -44.26481063199992,
                -22.603322087999913
              ],
              [
                -44.25943990499991,
                -22.605495637999923
              ],
              [
                -44.25538315499995,
                -22.609360378999952
              ],
              [
                -44.25067439599991,
                -22.610662590999937
              ],
              [
                -44.24576159599991,
                -22.609564072999945
              ],
              [
                -44.23568050999995,
                -22.608942472999956
              ],
              [
                -44.22690404499991,
                -22.60480538799993
              ],
              [
                -44.22573045099995,
                -22.60665881099993
              ],
              [
                -44.22578025099995,
                -22.611211045999937
              ],
              [
                -44.22403222499992,
                -22.613696383999923
              ],
              [
                -44.22087658899994,
                -22.615479104999906
              ],
              [
                -44.21635643099995,
                -22.61535091299993
              ],
              [
                -44.21329168099993,
                -22.615035340999952
              ],
              [
                -44.20953941499994,
                -22.61352820499991
              ],
              [
                -44.207214076999946,
                -22.614458730999957
              ],
              [
                -44.205543485999954,
                -22.616631396999935
              ],
              [
                -44.205003433999934,
                -22.62367704099995
              ],
              [
                -44.20364171199992,
                -22.627065469999934
              ],
              [
                -44.20173224999991,
                -22.628077504999908
              ],
              [
                -44.19452549399995,
                -22.629548291999924
              ],
              [
                -44.19111429399993,
                -22.632922545999918
              ],
              [
                -44.18958699399991,
                -22.635325750999925
              ],
              [
                -44.189062245999935,
                -22.638053121999917
              ],
              [
                -44.190776797999945,
                -22.645372295999948
              ],
              [
                -44.19026306299992,
                -22.647681475999946
              ],
              [
                -44.172182784999904,
                -22.658931969999912
              ],
              [
                -44.17031694499991,
                -22.661522048999927
              ],
              [
                -44.17013632699991,
                -22.66684724499993
              ],
              [
                -44.16544286099992,
                -22.668817196999953
              ],
              [
                -44.163043037999955,
                -22.670253075999938
              ],
              [
                -44.162198118999925,
                -22.673325157999955
              ],
              [
                -44.16792644199995,
                -22.68302295199993
              ],
              [
                -44.169888639999954,
                -22.68788053499992
              ],
              [
                -44.175147841999944,
                -22.693160048999914
              ],
              [
                -44.17503590599995,
                -22.695534176999956
              ],
              [
                -44.17177726999995,
                -22.69844664799996
              ],
              [
                -44.17129578599992,
                -22.69979854199994
              ],
              [
                -44.17731905099993,
                -22.706711834999908
              ],
              [
                -44.18092320799991,
                -22.711108889999934
              ],
              [
                -44.184039012999904,
                -22.712763172999928
              ],
              [
                -44.188995210999906,
                -22.714011048999907
              ],
              [
                -44.199391059999925,
                -22.715029692999906
              ],
              [
                -44.202423627999906,
                -22.71610925899995
              ],
              [
                -44.20295516199991,
                -22.71760210599996
              ],
              [
                -44.19877373199995,
                -22.722880284999917
              ],
              [
                -44.19887674899991,
                -22.725373116999947
              ],
              [
                -44.20129588899994,
                -22.729247286999907
              ],
              [
                -44.204300334999914,
                -22.731435069999918
              ],
              [
                -44.20775366799995,
                -22.731996978999916
              ],
              [
                -44.218533082999954,
                -22.73117801099994
              ],
              [
                -44.224540102999924,
                -22.733612269999924
              ],
              [
                -44.228711914999906,
                -22.736668369999904
              ],
              [
                -44.2390863679999,
                -22.749430032999953
              ],
              [
                -44.24200654799995,
                -22.755731795999907
              ],
              [
                -44.254462943999954,
                -22.758920623999927
              ],
              [
                -44.26044747399993,
                -22.76495734699995
              ],
              [
                -44.26189664299994,
                -22.767735805999905
              ],
              [
                -44.26146150999995,
                -22.770431328999905
              ],
              [
                -44.25498126699995,
                -22.77785221399995
              ],
              [
                -44.239077256999906,
                -22.789439510999955
              ],
              [
                -44.2385774359999,
                -22.791558434999956
              ],
              [
                -44.23997226899991,
                -22.79391084899993
              ],
              [
                -44.24111343799996,
                -22.801575543999945
              ],
              [
                -44.24308123299994,
                -22.80375052499994
              ],
              [
                -44.261120278999954,
                -22.806397107999942
              ],
              [
                -44.26263285899995,
                -22.80870991799992
              ],
              [
                -44.262211350999905,
                -22.81481768099991
              ],
              [
                -44.26424539199991,
                -22.818096775999948
              ],
              [
                -44.26740188799994,
                -22.82153090199995
              ],
              [
                -44.26765616799992,
                -22.82601143699992
              ],
              [
                -44.26881894599995,
                -22.828646697999943
              ],
              [
                -44.274779946999956,
                -22.832341222999958
              ],
              [
                -44.28381908699993,
                -22.834064284999954
              ],
              [
                -44.28744721399994,
                -22.82905970799993
              ],
              [
                -44.29286319499994,
                -22.827657228999954
              ],
              [
                -44.295522596999945,
                -22.828059107999934
              ],
              [
                -44.30615659199992,
                -22.833564192999916
              ],
              [
                -44.31271621999991,
                -22.83904428099993
              ],
              [
                -44.3159283519999,
                -22.845311348999928
              ],
              [
                -44.31749107999991,
                -22.847136836999937
              ],
              [
                -44.319228316999954,
                -22.84773585499994
              ],
              [
                -44.32015831399991,
                -22.847552056999916
              ],
              [
                -44.32050298999991,
                -22.846339947999923
              ],
              [
                -44.3198219329999,
                -22.83936396899992
              ],
              [
                -44.32144064699992,
                -22.837841390999927
              ],
              [
                -44.32498657399992,
                -22.83844105399993
              ],
              [
                -44.330571912999915,
                -22.84194569999994
              ],
              [
                -44.33834985699991,
                -22.84157605999991
              ],
              [
                -44.3432447319999,
                -22.844284288999916
              ],
              [
                -44.349156156999925,
                -22.843432244999917
              ],
              [
                -44.35942411199994,
                -22.851081656999952
              ],
              [
                -44.364950095999916,
                -22.852598825999905
              ],
              [
                -44.37182223199994,
                -22.853386518999912
              ],
              [
                -44.376605516999916,
                -22.856537319999916
              ],
              [
                -44.380957646999946,
                -22.85733436299995
              ],
              [
                -44.387049299999944,
                -22.856498175999945
              ],
              [
                -44.400248898999905,
                -22.85250379699994
              ],
              [
                -44.40285108099994,
                -22.85084
              ],
              [
                -44.40427627999992,
                -22.848050022999928
              ],
              [
                -44.40652177299995,
                -22.846605777999912
              ],
              [
                -44.40888150699993,
                -22.846212786999956
              ],
              [
                -44.41344559299995,
                -22.846793805999937
              ],
              [
                -44.41848106999993,
                -22.844910248999952
              ],
              [
                -44.421861003999936,
                -22.84570150099995
              ],
              [
                -44.42611826099994,
                -22.854472598999905
              ],
              [
                -44.437368174999904,
                -22.865822752999918
              ],
              [
                -44.44018382099995,
                -22.87271795199996
              ],
              [
                -44.442757667999956,
                -22.875752425999906
              ],
              [
                -44.44578849399994,
                -22.876938364999944
              ],
              [
                -44.45677789599995,
                -22.878639086999954
              ],
              [
                -44.462477270999955,
                -22.87876087299992
              ],
              [
                -44.469919245999904,
                -22.877116607999938
              ],
              [
                -44.47294672699991,
                -22.875033926999947
              ],
              [
                -44.47510702199992,
                -22.869390428999907
              ],
              [
                -44.478152795999904,
                -22.86633203899993
              ],
              [
                -44.47920471999993,
                -22.863923480999915
              ],
              [
                -44.475889783999946,
                -22.855556057999934
              ],
              [
                -44.47659153299992,
                -22.852409441999953
              ],
              [
                -44.47925466599992,
                -22.848946546999912
              ],
              [
                -44.48138432799993,
                -22.84706368199994
              ],
              [
                -44.48426080799993,
                -22.846193512999946
              ],
              [
                -44.49411550399992,
                -22.847406226999908
              ],
              [
                -44.4986579909999,
                -22.84830784199994
              ],
              [
                -44.502307723999934,
                -22.850175949999937
              ],
              [
                -44.51067430499995,
                -22.856896296999935
              ],
              [
                -44.519461072999945,
                -22.865790142999913
              ],
              [
                -44.52243298099995,
                -22.867003911999916
              ],
              [
                -44.5292189779999,
                -22.86802224099995
              ],
              [
                -44.53384862599995,
                -22.870169457999907
              ],
              [
                -44.53805795299991,
                -22.873788387999923
              ],
              [
                -44.54233296599995,
                -22.881401598999958
              ],
              [
                -44.54696588199994,
                -22.886707112999943
              ],
              [
                -44.550362814999914,
                -22.888295860999904
              ],
              [
                -44.554987206999954,
                -22.887233993999928
              ],
              [
                -44.56137100099994,
                -22.883876
              ],
              [
                -44.57055915099994,
                -22.882495630999927
              ],
              [
                -44.57234487199992,
                -22.878954792999934
              ],
              [
                -44.57336430499993,
                -22.878431002999946
              ],
              [
                -44.57727012599992,
                -22.879858940999952
              ],
              [
                -44.58110244599993,
                -22.883338313999957
              ],
              [
                -44.58483540299994,
                -22.883883425999954
              ],
              [
                -44.59307216099995,
                -22.88448141999993
              ],
              [
                -44.600861299999906,
                -22.887923113999932
              ],
              [
                -44.6067554089999,
                -22.88741007099992
              ],
              [
                -44.61004546899994,
                -22.890919941999925
              ],
              [
                -44.61263447099992,
                -22.892546643999935
              ],
              [
                -44.61739574399991,
                -22.89717262399995
              ],
              [
                -44.62825324499994,
                -22.90392746999993
              ],
              [
                -44.63513390899993,
                -22.905837340999938
              ],
              [
                -44.63778341699992,
                -22.90765846699992
              ],
              [
                -44.64043915299993,
                -22.911466099999927
              ],
              [
                -44.63865058099992,
                -22.91498225899994
              ],
              [
                -44.63990179299992,
                -22.917031093999924
              ],
              [
                -44.64698841699993,
                -22.919106218999957
              ],
              [
                -44.65241789799995,
                -22.92236793199993
              ],
              [
                -44.654930419999914,
                -22.924715077999906
              ],
              [
                -44.65815443999992,
                -22.92716224399993
              ],
              [
                -44.66067182599994,
                -22.92726184499992
              ],
              [
                -44.66545931799993,
                -22.92476105599991
              ],
              [
                -44.66998167999992,
                -22.91927877899991
              ],
              [
                -44.6728233419999,
                -22.918652959999918
              ],
              [
                -44.67750355499993,
                -22.92614537499992
              ],
              [
                -44.68186433999995,
                -22.930871019999927
              ],
              [
                -44.68366000399993,
                -22.935109415999932
              ],
              [
                -44.68498084399994,
                -22.93653775699994
              ],
              [
                -44.68696297999992,
                -22.936983081999927
              ],
              [
                -44.69506975699994,
                -22.93380420999995
              ],
              [
                -44.70091617599991,
                -22.933519736999926
              ],
              [
                -44.71015371199991,
                -22.931001109999954
              ],
              [
                -44.712127359999954,
                -22.93168541299991
              ],
              [
                -44.71459921099995,
                -22.934706624999933
              ],
              [
                -44.716742446999945,
                -22.93557919999995
              ],
              [
                -44.72017463699996,
                -22.93659486599995
              ],
              [
                -44.724981192999905,
                -22.941390267999907
              ],
              [
                -44.736687857999925,
                -22.946904840999935
              ],
              [
                -44.74406331799992,
                -22.95243451099992
              ],
              [
                -44.75110546199994,
                -22.96121665599992
              ],
              [
                -44.75173702799992,
                -22.963772517999928
              ],
              [
                -44.75091849599994,
                -22.96538652399994
              ],
              [
                -44.75002606499993,
                -22.96738649899993
              ],
              [
                -44.75028690999994,
                -22.969973523999954
              ],
              [
                -44.75362827799995,
                -22.97576058699991
              ],
              [
                -44.762431559999925,
                -22.981628764999925
              ],
              [
                -44.77031727099995,
                -22.981651856999918
              ],
              [
                -44.77587994399994,
                -22.97840932799994
              ],
              [
                -44.77870029199994,
                -22.978093826999952
              ],
              [
                -44.78063314199994,
                -22.978407614999924
              ],
              [
                -44.78488746499994,
                -22.981177674999913
              ],
              [
                -44.78946563499994,
                -22.982649214999924
              ],
              [
                -44.79423606899991,
                -22.99036591999993
              ],
              [
                -44.79863492699991,
                -22.99476464399993
              ],
              [
                -44.79993150699994,
                -22.99833587699993
              ],
              [
                -44.79859051299991,
                -23.00475840599995
              ],
              [
                -44.79289548799994,
                -23.00683562699993
              ],
              [
                -44.79166276199993,
                -23.00803094799994
              ],
              [
                -44.79518630899992,
                -23.01487942299991
              ],
              [
                -44.79862532599992,
                -23.031335601999956
              ],
              [
                -44.800940673999946,
                -23.03676998599991
              ],
              [
                -44.802415340999914,
                -23.04835449299992
              ],
              [
                -44.80393778599995,
                -23.049997832999907
              ],
              [
                -44.80873318999994,
                -23.051288453999916
              ],
              [
                -44.80953269699995,
                -23.05258087699991
              ],
              [
                -44.8091250569999,
                -23.059852451999916
              ],
              [
                -44.81096437399992,
                -23.06562909799993
              ],
              [
                -44.81344908799991,
                -23.078645223999956
              ],
              [
                -44.81716592099991,
                -23.08523806799991
              ],
              [
                -44.815571521999914,
                -23.089435416999947
              ],
              [
                -44.8127311529999,
                -23.09280551799992
              ],
              [
                -44.81039471299994,
                -23.099400475999914
              ],
              [
                -44.81395035799994,
                -23.108797326999934
              ],
              [
                -44.813443090999954,
                -23.11163138099994
              ],
              [
                -44.81146009999992,
                -23.114373963999924
              ],
              [
                -44.8112674379999,
                -23.11603139199991
              ],
              [
                -44.81401633999991,
                -23.12613271099991
              ],
              [
                -44.817685138999934,
                -23.131017328999917
              ],
              [
                -44.81578102299994,
                -23.136699506999946
              ],
              [
                -44.821124038999926,
                -23.140333528999918
              ],
              [
                -44.82287725099991,
                -23.14164932099993
              ],
              [
                -44.82409625799994,
                -23.14479458699992
              ],
              [
                -44.82159235499995,
                -23.154111186999955
              ],
              [
                -44.821746101999906,
                -23.157739186999947
              ],
              [
                -44.82354801999992,
                -23.15954764499992
              ],
              [
                -44.82861444799994,
                -23.16082833699994
              ],
              [
                -44.83207148999992,
                -23.16365286799993
              ],
              [
                -44.83444684199992,
                -23.164593143999923
              ],
              [
                -44.84373857199995,
                -23.16668465999993
              ],
              [
                -44.84884658999994,
                -23.172294950999913
              ],
              [
                -44.85092829899992,
                -23.17200122099996
              ],
              [
                -44.855395631999954,
                -23.16967018999992
              ],
              [
                -44.858247055999925,
                -23.169910572999925
              ],
              [
                -44.85938790699993,
                -23.171459756999923
              ],
              [
                -44.859401835999904,
                -23.175388151999925
              ],
              [
                -44.86057216699993,
                -23.178122644999917
              ],
              [
                -44.871349170999906,
                -23.18150738399993
              ],
              [
                -44.873126595999906,
                -23.18286921899994
              ],
              [
                -44.87542046699991,
                -23.186569429999906
              ],
              [
                -44.87483473899994,
                -23.19269643599995
              ],
              [
                -44.87546597799991,
                -23.195130467999945
              ],
              [
                -44.882520722999914,
                -23.20376690599994
              ],
              [
                -44.88324247899993,
                -23.206073699999934
              ],
              [
                -44.88253633699992,
                -23.215207938999924
              ],
              [
                -44.88726625499993,
                -23.220710813999915
              ],
              [
                -44.888579095999944,
                -23.223901833999946
              ],
              [
                -44.885256634999905,
                -23.23038068799991
              ],
              [
                -44.88074991499991,
                -23.234049891999916
              ],
              [
                -44.87821118499994,
                -23.23697685399992
              ],
              [
                -44.8776092839999,
                -23.242187147999914
              ],
              [
                -44.8745094059999,
                -23.247300873999905
              ],
              [
                -44.8697106539999,
                -23.249024093999935
              ],
              [
                -44.85744699399993,
                -23.248273465999944
              ],
              [
                -44.85347655999993,
                -23.24924405799993
              ],
              [
                -44.840859881999904,
                -23.256219115999954
              ],
              [
                -44.83681586699993,
                -23.26135688699992
              ],
              [
                -44.83408443299993,
                -23.267956476999927
              ],
              [
                -44.82774216899992,
                -23.274278119999906
              ],
              [
                -44.825351249999926,
                -23.278749150999943
              ],
              [
                -44.82489936799993,
                -23.284084607999944
              ],
              [
                -44.825735256999906,
                -23.288260127999934
              ],
              [
                -44.824383292999926,
                -23.28977280999993
              ],
              [
                -44.81962902499993,
                -23.28945073199992
              ],
              [
                -44.81670859299993,
                -23.286863319999952
              ],
              [
                -44.81335540099991,
                -23.282167838999953
              ],
              [
                -44.81053850699993,
                -23.28065885199993
              ],
              [
                -44.80735916899994,
                -23.28276139299993
              ],
              [
                -44.80373959099995,
                -23.28815559499992
              ],
              [
                -44.79520826299995,
                -23.29259260899994
              ],
              [
                -44.788952072999905,
                -23.297201481999934
              ],
              [
                -44.78726258699993,
                -23.300663330999953
              ],
              [
                -44.786588293999955,
                -23.306936934999953
              ],
              [
                -44.78585373599992,
                -23.309406803999934
              ],
              [
                -44.78127508599994,
                -23.317153153999925
              ],
              [
                -44.779365012999904,
                -23.32305045299995
              ],
              [
                -44.77744416599995,
                -23.330722128999923
              ],
              [
                -44.778485305999936,
                -23.33566338299994
              ],
              [
                -44.77806416599992,
                -23.33807533399994
              ],
              [
                -44.77586401199994,
                -23.339905165999937
              ],
              [
                -44.77146275699994,
                -23.339277185999947
              ],
              [
                -44.767729441999904,
                -23.338846992999947
              ],
              [
                -44.763441350999926,
                -23.340080086999933
              ],
              [
                -44.75942321399992,
                -23.343303584999944
              ],
              [
                -44.749812945999906,
                -23.35709890499993
              ],
              [
                -44.73996563399993,
                -23.359140606999915
              ],
              [
                -44.726735114245564,
                -23.368534950508415
              ],
              [
                -44.726169655179966,
                -23.369573141335167
              ]
            ]
          ],
          [
            [
              [
                -46.18936614373137,
                -23.895006004949927
              ],
              [
                -46.189216390999945,
                -23.89456070999995
              ],
              [
                -46.18688026023597,
                -23.89250579883404
              ],
              [
                -46.18936614373137,
                -23.895006004949927
              ]
            ]
          ],
          [
            [
              [
                -46.39889604339154,
                -23.925030963807966
              ],
              [
                -46.40079793299992,
                -23.923413785999912
              ],
              [
                -46.40124661890869,
                -23.92233271708349
              ],
              [
                -46.39889604339154,
                -23.925030963807966
              ]
            ]
          ],
          [
            [
              [
                -47.415207099999975,
                -24.667079399999977
              ],
              [
                -47.41724979999998,
                -24.65612349999998
              ],
              [
                -47.442624,
                -24.656295599999908
              ],
              [
                -47.49744069999997,
                -24.683430899999962
              ],
              [
                -47.523516799999925,
                -24.672609
              ],
              [
                -47.545564899999874,
                -24.683830199999875
              ],
              [
                -47.55936509999998,
                -24.67884119999991
              ],
              [
                -47.56411726942393,
                -24.680399478872733
              ],
              [
                -47.56476999299991,
                -24.671095084999934
              ],
              [
                -47.5696670879999,
                -24.663307155999917
              ],
              [
                -47.5709058729999,
                -24.65950148999991
              ],
              [
                -47.570131534999916,
                -24.658480735999944
              ],
              [
                -47.568585809999945,
                -24.658186723999904
              ],
              [
                -47.56040357699993,
                -24.659357641999918
              ],
              [
                -47.55826411899994,
                -24.66008731699992
              ],
              [
                -47.55689223599995,
                -24.66208596599995
              ],
              [
                -47.55497383099993,
                -24.66540921099994
              ],
              [
                -47.55158060799994,
                -24.66673451099996
              ],
              [
                -47.5495818359999,
                -24.664678481999943
              ],
              [
                -47.54943013999991,
                -24.660069689999943
              ],
              [
                -47.54757889199993,
                -24.657981083999914
              ],
              [
                -47.542467151999915,
                -24.65634550199991
              ],
              [
                -47.53524200299995,
                -24.656097307999914
              ],
              [
                -47.53273363499994,
                -24.654511030999913
              ],
              [
                -47.52973038499994,
                -24.651409868999906
              ],
              [
                -47.527038112999946,
                -24.650150968999924
              ],
              [
                -47.517609646999915,
                -24.65007393199994
              ],
              [
                -47.513976200999934,
                -24.648965322999913
              ],
              [
                -47.50841641399995,
                -24.642206182999928
              ],
              [
                -47.49554129299992,
                -24.63063250999994
              ],
              [
                -47.49251713299992,
                -24.623850343999948
              ],
              [
                -47.49073521799994,
                -24.621648621999952
              ],
              [
                -47.48650162799993,
                -24.619175364999933
              ],
              [
                -47.48366329699991,
                -24.618841842999927
              ],
              [
                -47.48140187699994,
                -24.619536379999943
              ],
              [
                -47.47736711099992,
                -24.622332043999904
              ],
              [
                -47.469149244999926,
                -24.634308392999912
              ],
              [
                -47.465177627999935,
                -24.637020178999933
              ],
              [
                -47.45986255199995,
                -24.639239519999933
              ],
              [
                -47.44495258099994,
                -24.64304177899993
              ],
              [
                -47.431633037999916,
                -24.64289676699991
              ],
              [
                -47.422367082999926,
                -24.644445480999934
              ],
              [
                -47.41854246899993,
                -24.644896868999922
              ],
              [
                -47.41518229199994,
                -24.643942214999925
              ],
              [
                -47.41291269199991,
                -24.64196481299996
              ],
              [
                -47.40853574199991,
                -24.63502682099994
              ],
              [
                -47.40596324299992,
                -24.633292809999944
              ],
              [
                -47.4026358509999,
                -24.632359769999937
              ],
              [
                -47.39910502099991,
                -24.632538267999905
              ],
              [
                -47.394540795999944,
                -24.634604388999946
              ],
              [
                -47.393213390999904,
                -24.636333030999936
              ],
              [
                -47.39354341099994,
                -24.639608272999908
              ],
              [
                -47.39477979299994,
                -24.647073388999956
              ],
              [
                -47.398939485999904,
                -24.65151442499996
              ],
              [
                -47.406652366999936,
                -24.65778436799991
              ],
              [
                -47.4085395809999,
                -24.660543671999903
              ],
              [
                -47.408045512999934,
                -24.66279696299995
              ],
              [
                -47.40532185799992,
                -24.66223720499994
              ],
              [
                -47.403589379999914,
                -24.663222125999937
              ],
              [
                -47.403481436999925,
                -24.66695378299994
              ],
              [
                -47.40908910116883,
                -24.670255614913405
              ],
              [
                -47.415207099999975,
                -24.667079399999977
              ]
            ]
          ],
          [
            [
              [
                -47.58340133112792,
                -24.68672289524423
              ],
              [
                -47.58313750499991,
                -24.683691102999944
              ],
              [
                -47.584314424999945,
                -24.678326237999954
              ],
              [
                -47.58323513799991,
                -24.677083619999905
              ],
              [
                -47.57372503699992,
                -24.678429181999945
              ],
              [
                -47.57001557099994,
                -24.679753062999907
              ],
              [
                -47.56731283190439,
                -24.68144733240148
              ],
              [
                -47.58340133112792,
                -24.68672289524423
              ]
            ]
          ]
        ]
      }
    }
  ]
}